version,2.1.0
info,balls_per_over,6
info,team,Australia
info,team,Pakistan
info,gender,male
info,season,2016/17
info,date,2016/12/26
info,date,2016/12/27
info,date,2016/12/28
info,date,2016/12/29
info,date,2016/12/30
info,event,Pakistan in Australia Test Series
info,match_number,2
info,venue,Melbourne Cricket Ground
info,city,
info,toss_winner,Pakistan
info,toss_decision,bat
info,player_of_match,SPD Smith
info,umpire,IJ Gould
info,umpire,S Ravi
info,reserve_umpire,SJ Nogajski
info,tv_umpire,RK Illingworth
info,match_referee,RS Madugalle
info,winner,Australia
info,winner_innings,1
info,winner_runs,18
info,player,Australia,MT Renshaw
info,player,Australia,DA Warner
info,player,Australia,UT Khawaja
info,player,Australia,SPD Smith
info,player,Australia,PSP Handscomb
info,player,Australia,NJ Maddinson
info,player,Australia,MS Wade
info,player,Australia,MA Starc
info,player,Australia,NM Lyon
info,player,Australia,JR Hazlewood
info,player,Australia,JM Bird
info,player,Pakistan,Sami Aslam
info,player,Pakistan,Azhar Ali
info,player,Pakistan,Babar Azam
info,player,Pakistan,Younis Khan
info,player,Pakistan,Misbah-ul-Haq
info,player,Pakistan,Asad Shafiq
info,player,Pakistan,Sarfraz Ahmed
info,player,Pakistan,Mohammad Amir
info,player,Pakistan,Sohail Khan
info,player,Pakistan,Wahab Riaz
info,player,Pakistan,Yasir Shah
info,registry,people,Asad Shafiq,50250426
info,registry,people,Azhar Ali,211de69f
info,registry,people,Babar Azam,8a75e999
info,registry,people,DA Warner,dcce6f09
info,registry,people,IJ Gould,a9dfdf6c
info,registry,people,JM Bird,bc773eeb
info,registry,people,JR Hazlewood,03806cf8
info,registry,people,MA Starc,3fb19989
info,registry,people,MS Wade,afa7e784
info,registry,people,MT Renshaw,218d4d78
info,registry,people,Misbah-ul-Haq,7eae4418
info,registry,people,Mohammad Amir,e174dadd
info,registry,people,NJ Maddinson,44afbf2d
info,registry,people,NM Lyon,96a6a7ad
info,registry,people,PSP Handscomb,ada15e88
info,registry,people,RK Illingworth,20672246
info,registry,people,RS Madugalle,766b5798
info,registry,people,S Ravi,9b9ee0df
info,registry,people,SJ Nogajski,9b3f9323
info,registry,people,SPD Smith,30a45b23
info,registry,people,Sami Aslam,96a2336e
info,registry,people,Sarfraz Ahmed,2254ab79
info,registry,people,Sohail Khan,5af743d0
info,registry,people,UT Khawaja,331ea488
info,registry,people,Wahab Riaz,b3118300
info,registry,people,Yasir Shah,f2800ef3
info,registry,people,Younis Khan,33cb3411
