match_id,season,start_date,venue,innings,ball,batting_team,bowling_team,striker,non_striker,bowler,runs_off_bat,extras,wides,noballs,byes,legbyes,penalty,wicket_type,player_dismissed,other_wicket_type,other_player_dismissed
1001349,2016/17,2017-02-17,Melbourne Cricket Ground,1,0.1,Australia,Sri Lanka,AJ Finch,M Klinger,SL Malinga,0,0,,,,,,,,,
1001349,2016/17,2017-02-17,Melbourne Cricket Ground,1,0.2,Australia,Sri Lanka,AJ Finch,M Klinger,SL Malinga,0,0,,,,,,,,,
1001349,2016/17,2017-02-17,Melbourne Cricket Ground,1,0.3,Australia,Sri Lanka,AJ Finch,M Klinger,SL Malinga,1,0,,,,,,,,,
1001349,2016/17,2017-02-17,Melbourne Cricket Ground,1,0.4,Australia,Sri Lanka,M Klinger,AJ Finch,SL Malinga,2,0,,,,,,,,,
1001349,2016/17,2017-02-17,Melbourne Cricket Ground,1,0.5,Australia,Sri Lanka,M Klinger,AJ Finch,SL Malinga,0,0,,,,,,,,,
1001349,2016/17,2017-02-17,Melbourne Cricket Ground,1,0.6,Australia,Sri Lanka,M Klinger,AJ Finch,SL Malinga,3,0,,,,,,,,,
1001349,2016/17,2017-02-17,Melbourne Cricket Ground,1,1.1,Australia,Sri Lanka,M Klinger,AJ Finch,KMDN Kulasekara,0,0,,,,,,,,,
1001349,2016/17,2017-02-17,Melbourne Cricket Ground,1,1.2,Australia,Sri Lanka,M Klinger,AJ Finch,KMDN Kulasekara,1,0,,,,,,,,,
1001349,2016/17,2017-02-17,Melbourne Cricket Ground,1,1.3,Australia,Sri Lanka,AJ Finch,M Klinger,KMDN Kulasekara,0,0,,,,,,,,,
1001349,2016/17,2017-02-17,Melbourne Cricket Ground,1,1.4,Australia,Sri Lanka,AJ Finch,M Klinger,KMDN Kulasekara,0,0,,,,,,,,,
1001349,2016/17,2017-02-17,Melbourne Cricket Ground,1,1.5,Australia,Sri Lanka,AJ Finch,M Klinger,KMDN Kulasekara,4,0,,,,,,,,,
1001349,2016/17,2017-02-17,Melbourne Cricket Ground,1,1.6,Australia,Sri Lanka,AJ Finch,M Klinger,KMDN Kulasekara,2,0,,,,,,,,,
1001349,2016/17,2017-02-17,Melbourne Cricket Ground,1,2.1,Australia,Sri Lanka,M Klinger,AJ Finch,JRMVB Sanjaya,1,0,,,,,,,,,
1001349,2016/17,2017-02-17,Melbourne Cricket Ground,1,2.2,Australia,Sri Lanka,AJ Finch,M Klinger,JRMVB Sanjaya,1,0,,,,,,,,,
1001349,2016/17,2017-02-17,Melbourne Cricket Ground,1,2.3,Australia,Sri Lanka,M Klinger,AJ Finch,JRMVB Sanjaya,0,0,,,,,,,,,
1001349,2016/17,2017-02-17,Melbourne Cricket Ground,1,2.4,Australia,Sri Lanka,M Klinger,AJ Finch,JRMVB Sanjaya,0,0,,,,,,,,,
1001349,2016/17,2017-02-17,Melbourne Cricket Ground,1,2.5,Australia,Sri Lanka,M Klinger,AJ Finch,JRMVB Sanjaya,4,0,,,,,,,,,
1001349,2016/17,2017-02-17,Melbourne Cricket Ground,1,2.6,Australia,Sri Lanka,M Klinger,AJ Finch,JRMVB Sanjaya,0,0,,,,,,,,,
1001349,2016/17,2017-02-17,Melbourne Cricket Ground,1,3.1,Australia,Sri Lanka,AJ Finch,M Klinger,KMDN Kulasekara,0,0,,,,,,,,,
1001349,2016/17,2017-02-17,Melbourne Cricket Ground,1,3.2,Australia,Sri Lanka,AJ Finch,M Klinger,KMDN Kulasekara,1,0,,,,,,,,,
1001349,2016/17,2017-02-17,Melbourne Cricket Ground,1,3.3,Australia,Sri Lanka,M Klinger,AJ Finch,KMDN Kulasekara,1,0,,,,,,,,,
1001349,2016/17,2017-02-17,Melbourne Cricket Ground,1,3.4,Australia,Sri Lanka,AJ Finch,M Klinger,KMDN Kulasekara,1,0,,,,,,,,,
1001349,2016/17,2017-02-17,Melbourne Cricket Ground,1,3.5,Australia,Sri Lanka,M Klinger,AJ Finch,KMDN Kulasekara,4,0,,,,,,,,,
1001349,2016/17,2017-02-17,Melbourne Cricket Ground,1,3.6,Australia,Sri Lanka,M Klinger,AJ Finch,KMDN Kulasekara,1,0,,,,,,,,,
1001349,2016/17,2017-02-17,Melbourne Cricket Ground,1,4.1,Australia,Sri Lanka,M Klinger,AJ Finch,JRMVB Sanjaya,3,0,,,,,,,,,
1001349,2016/17,2017-02-17,Melbourne Cricket Ground,1,4.2,Australia,Sri Lanka,AJ Finch,M Klinger,JRMVB Sanjaya,3,0,,,,,,,,,
1001349,2016/17,2017-02-17,Melbourne Cricket Ground,1,4.3,Australia,Sri Lanka,M Klinger,AJ Finch,JRMVB Sanjaya,4,0,,,,,,,,,
1001349,2016/17,2017-02-17,Melbourne Cricket Ground,1,4.4,Australia,Sri Lanka,M Klinger,AJ Finch,JRMVB Sanjaya,4,0,,,,,,,,,
1001349,2016/17,2017-02-17,Melbourne Cricket Ground,1,4.5,Australia,Sri Lanka,M Klinger,AJ Finch,JRMVB Sanjaya,1,0,,,,,,,,,
1001349,2016/17,2017-02-17,Melbourne Cricket Ground,1,4.6,Australia,Sri Lanka,AJ Finch,M Klinger,JRMVB Sanjaya,1,0,,,,,,,,,
1001349,2016/17,2017-02-17,Melbourne Cricket Ground,1,5.1,Australia,Sri Lanka,AJ Finch,M Klinger,S Prasanna,1,0,,,,,,,,,
1001349,2016/17,2017-02-17,Melbourne Cricket Ground,1,5.2,Australia,Sri Lanka,M Klinger,AJ Finch,S Prasanna,0,1,1,,,,,,,,
1001349,2016/17,2017-02-17,Melbourne Cricket Ground,1,5.3,Australia,Sri Lanka,M Klinger,AJ Finch,S Prasanna,0,0,,,,,,,,,
1001349,2016/17,2017-02-17,Melbourne Cricket Ground,1,5.4,Australia,Sri Lanka,M Klinger,AJ Finch,S Prasanna,0,0,,,,,,,,,
1001349,2016/17,2017-02-17,Melbourne Cricket Ground,1,5.5,Australia,Sri Lanka,M Klinger,AJ Finch,S Prasanna,1,0,,,,,,,,,
1001349,2016/17,2017-02-17,Melbourne Cricket Ground,1,5.6,Australia,Sri Lanka,AJ Finch,M Klinger,S Prasanna,1,0,,,,,,,,,
1001349,2016/17,2017-02-17,Melbourne Cricket Ground,1,5.7,Australia,Sri Lanka,M Klinger,AJ Finch,S Prasanna,0,0,,,,,,,,,
1001349,2016/17,2017-02-17,Melbourne Cricket Ground,1,6.1,Australia,Sri Lanka,AJ Finch,M Klinger,PADLR Sandakan,1,0,,,,,,,,,
1001349,2016/17,2017-02-17,Melbourne Cricket Ground,1,6.2,Australia,Sri Lanka,M Klinger,AJ Finch,PADLR Sandakan,1,0,,,,,,,,,
1001349,2016/17,2017-02-17,Melbourne Cricket Ground,1,6.3,Australia,Sri Lanka,AJ Finch,M Klinger,PADLR Sandakan,0,0,,,,,,,,,
1001349,2016/17,2017-02-17,Melbourne Cricket Ground,1,6.4,Australia,Sri Lanka,AJ Finch,M Klinger,PADLR Sandakan,1,0,,,,,,,,,
1001349,2016/17,2017-02-17,Melbourne Cricket Ground,1,6.5,Australia,Sri Lanka,M Klinger,AJ Finch,PADLR Sandakan,1,0,,,,,,,,,
1001349,2016/17,2017-02-17,Melbourne Cricket Ground,1,6.6,Australia,Sri Lanka,AJ Finch,M Klinger,PADLR Sandakan,2,0,,,,,,,,,
1001349,2016/17,2017-02-17,Melbourne Cricket Ground,1,7.1,Australia,Sri Lanka,M Klinger,AJ Finch,S Prasanna,0,0,,,,,,,,,
1001349,2016/17,2017-02-17,Melbourne Cricket Ground,1,7.2,Australia,Sri Lanka,M Klinger,AJ Finch,S Prasanna,1,0,,,,,,,,,
1001349,2016/17,2017-02-17,Melbourne Cricket Ground,1,7.3,Australia,Sri Lanka,AJ Finch,M Klinger,S Prasanna,1,0,,,,,,,,,
1001349,2016/17,2017-02-17,Melbourne Cricket Ground,1,7.4,Australia,Sri Lanka,M Klinger,AJ Finch,S Prasanna,0,1,,,1,,,,,,
1001349,2016/17,2017-02-17,Melbourne Cricket Ground,1,7.5,Australia,Sri Lanka,AJ Finch,M Klinger,S Prasanna,4,0,,,,,,,,,
1001349,2016/17,2017-02-17,Melbourne Cricket Ground,1,7.6,Australia,Sri Lanka,AJ Finch,M Klinger,S Prasanna,1,0,,,,,,,,,
1001349,2016/17,2017-02-17,Melbourne Cricket Ground,1,8.1,Australia,Sri Lanka,AJ Finch,M Klinger,PADLR Sandakan,1,0,,,,,,,,,
1001349,2016/17,2017-02-17,Melbourne Cricket Ground,1,8.2,Australia,Sri Lanka,M Klinger,AJ Finch,PADLR Sandakan,3,0,,,,,,,,,
1001349,2016/17,2017-02-17,Melbourne Cricket Ground,1,8.3,Australia,Sri Lanka,AJ Finch,M Klinger,PADLR Sandakan,1,0,,,,,,,,,
1001349,2016/17,2017-02-17,Melbourne Cricket Ground,1,8.4,Australia,Sri Lanka,M Klinger,AJ Finch,PADLR Sandakan,0,0,,,,,,,,,
1001349,2016/17,2017-02-17,Melbourne Cricket Ground,1,8.5,Australia,Sri Lanka,M Klinger,AJ Finch,PADLR Sandakan,0,0,,,,,,,,,
1001349,2016/17,2017-02-17,Melbourne Cricket Ground,1,8.6,Australia,Sri Lanka,M Klinger,AJ Finch,PADLR Sandakan,1,0,,,,,,,,,
1001349,2016/17,2017-02-17,Melbourne Cricket Ground,1,9.1,Australia,Sri Lanka,M Klinger,AJ Finch,S Prasanna,1,0,,,,,,,,,
1001349,2016/17,2017-02-17,Melbourne Cricket Ground,1,9.2,Australia,Sri Lanka,AJ Finch,M Klinger,S Prasanna,0,0,,,,,,,,,
1001349,2016/17,2017-02-17,Melbourne Cricket Ground,1,9.3,Australia,Sri Lanka,AJ Finch,M Klinger,S Prasanna,0,0,,,,,,,,,
1001349,2016/17,2017-02-17,Melbourne Cricket Ground,1,9.4,Australia,Sri Lanka,AJ Finch,M Klinger,S Prasanna,0,0,,,,,,,,,
1001349,2016/17,2017-02-17,Melbourne Cricket Ground,1,9.5,Australia,Sri Lanka,AJ Finch,M Klinger,S Prasanna,6,0,,,,,,,,,
1001349,2016/17,2017-02-17,Melbourne Cricket Ground,1,9.6,Australia,Sri Lanka,AJ Finch,M Klinger,S Prasanna,1,0,,,,,,,,,
1001349,2016/17,2017-02-17,Melbourne Cricket Ground,1,10.1,Australia,Sri Lanka,AJ Finch,M Klinger,PADLR Sandakan,0,0,,,,,,,,,
1001349,2016/17,2017-02-17,Melbourne Cricket Ground,1,10.2,Australia,Sri Lanka,AJ Finch,M Klinger,PADLR Sandakan,0,1,,,,1,,,,,
1001349,2016/17,2017-02-17,Melbourne Cricket Ground,1,10.3,Australia,Sri Lanka,M Klinger,AJ Finch,PADLR Sandakan,0,0,,,,,,caught,M Klinger,,
1001349,2016/17,2017-02-17,Melbourne Cricket Ground,1,10.4,Australia,Sri Lanka,TM Head,AJ Finch,PADLR Sandakan,2,0,,,,,,,,,
1001349,2016/17,2017-02-17,Melbourne Cricket Ground,1,10.5,Australia,Sri Lanka,TM Head,AJ Finch,PADLR Sandakan,0,0,,,,,,,,,
1001349,2016/17,2017-02-17,Melbourne Cricket Ground,1,10.6,Australia,Sri Lanka,TM Head,AJ Finch,PADLR Sandakan,0,0,,,,,,,,,
1001349,2016/17,2017-02-17,Melbourne Cricket Ground,1,11.1,Australia,Sri Lanka,AJ Finch,TM Head,DAS Gunaratne,6,0,,,,,,,,,
1001349,2016/17,2017-02-17,Melbourne Cricket Ground,1,11.2,Australia,Sri Lanka,AJ Finch,TM Head,DAS Gunaratne,2,0,,,,,,,,,
1001349,2016/17,2017-02-17,Melbourne Cricket Ground,1,11.3,Australia,Sri Lanka,AJ Finch,TM Head,DAS Gunaratne,0,0,,,,,,caught,AJ Finch,,
1001349,2016/17,2017-02-17,Melbourne Cricket Ground,1,11.4,Australia,Sri Lanka,TM Head,MC Henriques,DAS Gunaratne,1,0,,,,,,,,,
1001349,2016/17,2017-02-17,Melbourne Cricket Ground,1,11.5,Australia,Sri Lanka,MC Henriques,TM Head,DAS Gunaratne,1,0,,,,,,,,,
1001349,2016/17,2017-02-17,Melbourne Cricket Ground,1,11.6,Australia,Sri Lanka,TM Head,MC Henriques,DAS Gunaratne,1,0,,,,,,,,,
1001349,2016/17,2017-02-17,Melbourne Cricket Ground,1,12.1,Australia,Sri Lanka,TM Head,MC Henriques,S Prasanna,0,0,,,,,,,,,
1001349,2016/17,2017-02-17,Melbourne Cricket Ground,1,12.2,Australia,Sri Lanka,TM Head,MC Henriques,S Prasanna,1,0,,,,,,,,,
1001349,2016/17,2017-02-17,Melbourne Cricket Ground,1,12.3,Australia,Sri Lanka,MC Henriques,TM Head,S Prasanna,1,0,,,,,,,,,
1001349,2016/17,2017-02-17,Melbourne Cricket Ground,1,12.4,Australia,Sri Lanka,TM Head,MC Henriques,S Prasanna,0,0,,,,,,,,,
1001349,2016/17,2017-02-17,Melbourne Cricket Ground,1,12.5,Australia,Sri Lanka,TM Head,MC Henriques,S Prasanna,1,0,,,,,,,,,
1001349,2016/17,2017-02-17,Melbourne Cricket Ground,1,12.6,Australia,Sri Lanka,MC Henriques,TM Head,S Prasanna,1,0,,,,,,,,,
1001349,2016/17,2017-02-17,Melbourne Cricket Ground,1,13.1,Australia,Sri Lanka,MC Henriques,TM Head,SL Malinga,0,0,,,,,,,,,
1001349,2016/17,2017-02-17,Melbourne Cricket Ground,1,13.2,Australia,Sri Lanka,MC Henriques,TM Head,SL Malinga,0,1,1,,,,,,,,
1001349,2016/17,2017-02-17,Melbourne Cricket Ground,1,13.3,Australia,Sri Lanka,MC Henriques,TM Head,SL Malinga,1,0,,,,,,,,,
1001349,2016/17,2017-02-17,Melbourne Cricket Ground,1,13.4,Australia,Sri Lanka,TM Head,MC Henriques,SL Malinga,2,0,,,,,,,,,
1001349,2016/17,2017-02-17,Melbourne Cricket Ground,1,13.5,Australia,Sri Lanka,TM Head,MC Henriques,SL Malinga,1,0,,,,,,,,,
1001349,2016/17,2017-02-17,Melbourne Cricket Ground,1,13.6,Australia,Sri Lanka,MC Henriques,TM Head,SL Malinga,1,0,,,,,,,,,
1001349,2016/17,2017-02-17,Melbourne Cricket Ground,1,13.7,Australia,Sri Lanka,TM Head,MC Henriques,SL Malinga,1,0,,,,,,,,,
1001349,2016/17,2017-02-17,Melbourne Cricket Ground,1,14.1,Australia,Sri Lanka,TM Head,MC Henriques,PADLR Sandakan,1,0,,,,,,,,,
1001349,2016/17,2017-02-17,Melbourne Cricket Ground,1,14.2,Australia,Sri Lanka,MC Henriques,TM Head,PADLR Sandakan,3,0,,,,,,,,,
1001349,2016/17,2017-02-17,Melbourne Cricket Ground,1,14.3,Australia,Sri Lanka,TM Head,MC Henriques,PADLR Sandakan,1,0,,,,,,,,,
1001349,2016/17,2017-02-17,Melbourne Cricket Ground,1,14.4,Australia,Sri Lanka,MC Henriques,TM Head,PADLR Sandakan,6,0,,,,,,,,,
1001349,2016/17,2017-02-17,Melbourne Cricket Ground,1,14.5,Australia,Sri Lanka,MC Henriques,TM Head,PADLR Sandakan,3,0,,,,,,,,,
1001349,2016/17,2017-02-17,Melbourne Cricket Ground,1,14.6,Australia,Sri Lanka,TM Head,MC Henriques,PADLR Sandakan,2,0,,,,,,,,,
1001349,2016/17,2017-02-17,Melbourne Cricket Ground,1,15.1,Australia,Sri Lanka,MC Henriques,TM Head,JRMVB Sanjaya,0,0,,,,,,caught,MC Henriques,,
1001349,2016/17,2017-02-17,Melbourne Cricket Ground,1,15.2,Australia,Sri Lanka,TM Head,AJ Turner,JRMVB Sanjaya,1,0,,,,,,,,,
1001349,2016/17,2017-02-17,Melbourne Cricket Ground,1,15.3,Australia,Sri Lanka,AJ Turner,TM Head,JRMVB Sanjaya,2,0,,,,,,,,,
1001349,2016/17,2017-02-17,Melbourne Cricket Ground,1,15.4,Australia,Sri Lanka,AJ Turner,TM Head,JRMVB Sanjaya,1,0,,,,,,,,,
1001349,2016/17,2017-02-17,Melbourne Cricket Ground,1,15.5,Australia,Sri Lanka,TM Head,AJ Turner,JRMVB Sanjaya,2,0,,,,,,,,,
1001349,2016/17,2017-02-17,Melbourne Cricket Ground,1,15.6,Australia,Sri Lanka,TM Head,AJ Turner,JRMVB Sanjaya,0,1,1,,,,,,,,
1001349,2016/17,2017-02-17,Melbourne Cricket Ground,1,15.7,Australia,Sri Lanka,TM Head,AJ Turner,JRMVB Sanjaya,6,0,,,,,,,,,
1001349,2016/17,2017-02-17,Melbourne Cricket Ground,1,16.1,Australia,Sri Lanka,AJ Turner,TM Head,SL Malinga,2,0,,,,,,,,,
1001349,2016/17,2017-02-17,Melbourne Cricket Ground,1,16.2,Australia,Sri Lanka,AJ Turner,TM Head,SL Malinga,4,0,,,,,,,,,
1001349,2016/17,2017-02-17,Melbourne Cricket Ground,1,16.3,Australia,Sri Lanka,AJ Turner,TM Head,SL Malinga,1,0,,,,,,,,,
1001349,2016/17,2017-02-17,Melbourne Cricket Ground,1,16.4,Australia,Sri Lanka,TM Head,AJ Turner,SL Malinga,1,0,,,,,,,,,
1001349,2016/17,2017-02-17,Melbourne Cricket Ground,1,16.5,Australia,Sri Lanka,AJ Turner,TM Head,SL Malinga,1,0,,,,,,,,,
1001349,2016/17,2017-02-17,Melbourne Cricket Ground,1,16.6,Australia,Sri Lanka,TM Head,AJ Turner,SL Malinga,1,0,,,,,,,,,
1001349,2016/17,2017-02-17,Melbourne Cricket Ground,1,17.1,Australia,Sri Lanka,TM Head,AJ Turner,KMDN Kulasekara,1,0,,,,,,,,,
1001349,2016/17,2017-02-17,Melbourne Cricket Ground,1,17.2,Australia,Sri Lanka,AJ Turner,TM Head,KMDN Kulasekara,2,0,,,,,,,,,
1001349,2016/17,2017-02-17,Melbourne Cricket Ground,1,17.3,Australia,Sri Lanka,AJ Turner,TM Head,KMDN Kulasekara,0,1,,1,,,,,,,
1001349,2016/17,2017-02-17,Melbourne Cricket Ground,1,17.4,Australia,Sri Lanka,AJ Turner,TM Head,KMDN Kulasekara,1,0,,,,,,,,,
1001349,2016/17,2017-02-17,Melbourne Cricket Ground,1,17.5,Australia,Sri Lanka,TM Head,AJ Turner,KMDN Kulasekara,1,0,,,,,,,,,
1001349,2016/17,2017-02-17,Melbourne Cricket Ground,1,17.6,Australia,Sri Lanka,AJ Turner,TM Head,KMDN Kulasekara,1,0,,,,,,,,,
1001349,2016/17,2017-02-17,Melbourne Cricket Ground,1,17.7,Australia,Sri Lanka,TM Head,AJ Turner,KMDN Kulasekara,2,0,,,,,,,,,
1001349,2016/17,2017-02-17,Melbourne Cricket Ground,1,18.1,Australia,Sri Lanka,AJ Turner,TM Head,SL Malinga,2,0,,,,,,,,,
1001349,2016/17,2017-02-17,Melbourne Cricket Ground,1,18.2,Australia,Sri Lanka,AJ Turner,TM Head,SL Malinga,1,0,,,,,,,,,
1001349,2016/17,2017-02-17,Melbourne Cricket Ground,1,18.3,Australia,Sri Lanka,TM Head,AJ Turner,SL Malinga,2,0,,,,,,,,,
1001349,2016/17,2017-02-17,Melbourne Cricket Ground,1,18.4,Australia,Sri Lanka,TM Head,AJ Turner,SL Malinga,0,0,,,,,,caught,TM Head,,
1001349,2016/17,2017-02-17,Melbourne Cricket Ground,1,18.5,Australia,Sri Lanka,AJ Turner,JP Faulkner,SL Malinga,0,0,,,,,,caught,AJ Turner,,
1001349,2016/17,2017-02-17,Melbourne Cricket Ground,1,18.6,Australia,Sri Lanka,JP Faulkner,TD Paine,SL Malinga,1,0,,,,,,,,,
1001349,2016/17,2017-02-17,Melbourne Cricket Ground,1,19.1,Australia,Sri Lanka,JP Faulkner,TD Paine,KMDN Kulasekara,4,0,,,,,,,,,
1001349,2016/17,2017-02-17,Melbourne Cricket Ground,1,19.2,Australia,Sri Lanka,JP Faulkner,TD Paine,KMDN Kulasekara,0,0,,,,,,,,,
1001349,2016/17,2017-02-17,Melbourne Cricket Ground,1,19.3,Australia,Sri Lanka,JP Faulkner,TD Paine,KMDN Kulasekara,2,0,,,,,,,,,
1001349,2016/17,2017-02-17,Melbourne Cricket Ground,1,19.4,Australia,Sri Lanka,JP Faulkner,TD Paine,KMDN Kulasekara,0,1,1,,,,,,,,
1001349,2016/17,2017-02-17,Melbourne Cricket Ground,1,19.5,Australia,Sri Lanka,JP Faulkner,TD Paine,KMDN Kulasekara,1,0,,,,,,run out,TD Paine,,
1001349,2016/17,2017-02-17,Melbourne Cricket Ground,1,19.6,Australia,Sri Lanka,JP Faulkner,PJ Cummins,KMDN Kulasekara,2,0,,,,,,,,,
1001349,2016/17,2017-02-17,Melbourne Cricket Ground,1,19.7,Australia,Sri Lanka,JP Faulkner,PJ Cummins,KMDN Kulasekara,4,0,,,,,,,,,
1001349,2016/17,2017-02-17,Melbourne Cricket Ground,2,0.1,Sri Lanka,Australia,N Dickwella,WU Tharanga,PJ Cummins,1,0,,,,,,,,,
1001349,2016/17,2017-02-17,Melbourne Cricket Ground,2,0.2,Sri Lanka,Australia,WU Tharanga,N Dickwella,PJ Cummins,0,1,,,,1,,,,,
1001349,2016/17,2017-02-17,Melbourne Cricket Ground,2,0.3,Sri Lanka,Australia,N Dickwella,WU Tharanga,PJ Cummins,0,0,,,,,,,,,
1001349,2016/17,2017-02-17,Melbourne Cricket Ground,2,0.4,Sri Lanka,Australia,N Dickwella,WU Tharanga,PJ Cummins,0,0,,,,,,,,,
1001349,2016/17,2017-02-17,Melbourne Cricket Ground,2,0.5,Sri Lanka,Australia,N Dickwella,WU Tharanga,PJ Cummins,3,0,,,,,,,,,
1001349,2016/17,2017-02-17,Melbourne Cricket Ground,2,0.6,Sri Lanka,Australia,WU Tharanga,N Dickwella,PJ Cummins,0,0,,,,,,caught,WU Tharanga,,
1001349,2016/17,2017-02-17,Melbourne Cricket Ground,2,1.1,Sri Lanka,Australia,N Dickwella,EMDY Munaweera,B Stanlake,0,1,1,,,,,,,,
1001349,2016/17,2017-02-17,Melbourne Cricket Ground,2,1.2,Sri Lanka,Australia,N Dickwella,EMDY Munaweera,B Stanlake,0,1,1,,,,,,,,
1001349,2016/17,2017-02-17,Melbourne Cricket Ground,2,1.3,Sri Lanka,Australia,N Dickwella,EMDY Munaweera,B Stanlake,0,0,,,,,,,,,
1001349,2016/17,2017-02-17,Melbourne Cricket Ground,2,1.4,Sri Lanka,Australia,N Dickwella,EMDY Munaweera,B Stanlake,0,0,,,,,,,,,
1001349,2016/17,2017-02-17,Melbourne Cricket Ground,2,1.5,Sri Lanka,Australia,N Dickwella,EMDY Munaweera,B Stanlake,4,0,,,,,,,,,
1001349,2016/17,2017-02-17,Melbourne Cricket Ground,2,1.6,Sri Lanka,Australia,N Dickwella,EMDY Munaweera,B Stanlake,0,0,,,,,,,,,
1001349,2016/17,2017-02-17,Melbourne Cricket Ground,2,1.7,Sri Lanka,Australia,N Dickwella,EMDY Munaweera,B Stanlake,4,0,,,,,,,,,
1001349,2016/17,2017-02-17,Melbourne Cricket Ground,2,1.8,Sri Lanka,Australia,N Dickwella,EMDY Munaweera,B Stanlake,0,0,,,,,,,,,
1001349,2016/17,2017-02-17,Melbourne Cricket Ground,2,2.1,Sri Lanka,Australia,EMDY Munaweera,N Dickwella,PJ Cummins,0,0,,,,,,,,,
1001349,2016/17,2017-02-17,Melbourne Cricket Ground,2,2.2,Sri Lanka,Australia,EMDY Munaweera,N Dickwella,PJ Cummins,3,0,,,,,,,,,
1001349,2016/17,2017-02-17,Melbourne Cricket Ground,2,2.3,Sri Lanka,Australia,N Dickwella,EMDY Munaweera,PJ Cummins,0,0,,,,,,,,,
1001349,2016/17,2017-02-17,Melbourne Cricket Ground,2,2.4,Sri Lanka,Australia,N Dickwella,EMDY Munaweera,PJ Cummins,0,0,,,,,,,,,
1001349,2016/17,2017-02-17,Melbourne Cricket Ground,2,2.5,Sri Lanka,Australia,N Dickwella,EMDY Munaweera,PJ Cummins,0,0,,,,,,,,,
1001349,2016/17,2017-02-17,Melbourne Cricket Ground,2,2.6,Sri Lanka,Australia,N Dickwella,EMDY Munaweera,PJ Cummins,4,0,,,,,,,,,
1001349,2016/17,2017-02-17,Melbourne Cricket Ground,2,3.1,Sri Lanka,Australia,EMDY Munaweera,N Dickwella,B Stanlake,4,0,,,,,,,,,
1001349,2016/17,2017-02-17,Melbourne Cricket Ground,2,3.2,Sri Lanka,Australia,EMDY Munaweera,N Dickwella,B Stanlake,4,0,,,,,,,,,
1001349,2016/17,2017-02-17,Melbourne Cricket Ground,2,3.3,Sri Lanka,Australia,EMDY Munaweera,N Dickwella,B Stanlake,4,0,,,,,,,,,
1001349,2016/17,2017-02-17,Melbourne Cricket Ground,2,3.4,Sri Lanka,Australia,EMDY Munaweera,N Dickwella,B Stanlake,1,0,,,,,,,,,
1001349,2016/17,2017-02-17,Melbourne Cricket Ground,2,3.5,Sri Lanka,Australia,N Dickwella,EMDY Munaweera,B Stanlake,0,0,,,,,,,,,
1001349,2016/17,2017-02-17,Melbourne Cricket Ground,2,3.6,Sri Lanka,Australia,N Dickwella,EMDY Munaweera,B Stanlake,0,5,5,,,,,,,,
1001349,2016/17,2017-02-17,Melbourne Cricket Ground,2,3.7,Sri Lanka,Australia,N Dickwella,EMDY Munaweera,B Stanlake,6,0,,,,,,,,,
1001349,2016/17,2017-02-17,Melbourne Cricket Ground,2,4.1,Sri Lanka,Australia,EMDY Munaweera,N Dickwella,JP Faulkner,0,0,,,,,,,,,
1001349,2016/17,2017-02-17,Melbourne Cricket Ground,2,4.2,Sri Lanka,Australia,EMDY Munaweera,N Dickwella,JP Faulkner,4,0,,,,,,,,,
1001349,2016/17,2017-02-17,Melbourne Cricket Ground,2,4.3,Sri Lanka,Australia,EMDY Munaweera,N Dickwella,JP Faulkner,0,0,,,,,,,,,
1001349,2016/17,2017-02-17,Melbourne Cricket Ground,2,4.4,Sri Lanka,Australia,EMDY Munaweera,N Dickwella,JP Faulkner,0,0,,,,,,,,,
1001349,2016/17,2017-02-17,Melbourne Cricket Ground,2,4.5,Sri Lanka,Australia,EMDY Munaweera,N Dickwella,JP Faulkner,1,0,,,,,,,,,
1001349,2016/17,2017-02-17,Melbourne Cricket Ground,2,4.6,Sri Lanka,Australia,N Dickwella,EMDY Munaweera,JP Faulkner,0,0,,,,,,,,,
1001349,2016/17,2017-02-17,Melbourne Cricket Ground,2,5.1,Sri Lanka,Australia,EMDY Munaweera,N Dickwella,AJ Tye,4,0,,,,,,,,,
1001349,2016/17,2017-02-17,Melbourne Cricket Ground,2,5.2,Sri Lanka,Australia,EMDY Munaweera,N Dickwella,AJ Tye,0,0,,,,,,,,,
1001349,2016/17,2017-02-17,Melbourne Cricket Ground,2,5.3,Sri Lanka,Australia,EMDY Munaweera,N Dickwella,AJ Tye,2,0,,,,,,,,,
1001349,2016/17,2017-02-17,Melbourne Cricket Ground,2,5.4,Sri Lanka,Australia,EMDY Munaweera,N Dickwella,AJ Tye,4,0,,,,,,,,,
1001349,2016/17,2017-02-17,Melbourne Cricket Ground,2,5.5,Sri Lanka,Australia,EMDY Munaweera,N Dickwella,AJ Tye,0,0,,,,,,,,,
1001349,2016/17,2017-02-17,Melbourne Cricket Ground,2,5.6,Sri Lanka,Australia,EMDY Munaweera,N Dickwella,AJ Tye,1,0,,,,,,,,,
1001349,2016/17,2017-02-17,Melbourne Cricket Ground,2,6.1,Sri Lanka,Australia,EMDY Munaweera,N Dickwella,A Zampa,1,0,,,,,,,,,
1001349,2016/17,2017-02-17,Melbourne Cricket Ground,2,6.2,Sri Lanka,Australia,N Dickwella,EMDY Munaweera,A Zampa,0,0,,,,,,,,,
1001349,2016/17,2017-02-17,Melbourne Cricket Ground,2,6.3,Sri Lanka,Australia,N Dickwella,EMDY Munaweera,A Zampa,1,0,,,,,,,,,
1001349,2016/17,2017-02-17,Melbourne Cricket Ground,2,6.4,Sri Lanka,Australia,EMDY Munaweera,N Dickwella,A Zampa,2,0,,,,,,,,,
1001349,2016/17,2017-02-17,Melbourne Cricket Ground,2,6.5,Sri Lanka,Australia,EMDY Munaweera,N Dickwella,A Zampa,0,0,,,,,,,,,
1001349,2016/17,2017-02-17,Melbourne Cricket Ground,2,6.6,Sri Lanka,Australia,EMDY Munaweera,N Dickwella,A Zampa,1,0,,,,,,,,,
1001349,2016/17,2017-02-17,Melbourne Cricket Ground,2,7.1,Sri Lanka,Australia,EMDY Munaweera,N Dickwella,AJ Turner,2,0,,,,,,,,,
1001349,2016/17,2017-02-17,Melbourne Cricket Ground,2,7.2,Sri Lanka,Australia,EMDY Munaweera,N Dickwella,AJ Turner,1,0,,,,,,,,,
1001349,2016/17,2017-02-17,Melbourne Cricket Ground,2,7.3,Sri Lanka,Australia,N Dickwella,EMDY Munaweera,AJ Turner,0,0,,,,,,,,,
1001349,2016/17,2017-02-17,Melbourne Cricket Ground,2,7.4,Sri Lanka,Australia,N Dickwella,EMDY Munaweera,AJ Turner,1,0,,,,,,,,,
1001349,2016/17,2017-02-17,Melbourne Cricket Ground,2,7.5,Sri Lanka,Australia,EMDY Munaweera,N Dickwella,AJ Turner,1,0,,,,,,,,,
1001349,2016/17,2017-02-17,Melbourne Cricket Ground,2,7.6,Sri Lanka,Australia,N Dickwella,EMDY Munaweera,AJ Turner,1,0,,,,,,,,,
1001349,2016/17,2017-02-17,Melbourne Cricket Ground,2,8.1,Sri Lanka,Australia,N Dickwella,EMDY Munaweera,A Zampa,1,0,,,,,,,,,
1001349,2016/17,2017-02-17,Melbourne Cricket Ground,2,8.2,Sri Lanka,Australia,EMDY Munaweera,N Dickwella,A Zampa,0,0,,,,,,,,,
1001349,2016/17,2017-02-17,Melbourne Cricket Ground,2,8.3,Sri Lanka,Australia,EMDY Munaweera,N Dickwella,A Zampa,1,0,,,,,,,,,
1001349,2016/17,2017-02-17,Melbourne Cricket Ground,2,8.4,Sri Lanka,Australia,N Dickwella,EMDY Munaweera,A Zampa,4,0,,,,,,,,,
1001349,2016/17,2017-02-17,Melbourne Cricket Ground,2,8.5,Sri Lanka,Australia,N Dickwella,EMDY Munaweera,A Zampa,0,0,,,,,,caught,N Dickwella,,
1001349,2016/17,2017-02-17,Melbourne Cricket Ground,2,8.6,Sri Lanka,Australia,DAS Gunaratne,EMDY Munaweera,A Zampa,1,0,,,,,,,,,
1001349,2016/17,2017-02-17,Melbourne Cricket Ground,2,9.1,Sri Lanka,Australia,DAS Gunaratne,EMDY Munaweera,B Stanlake,2,0,,,,,,,,,
1001349,2016/17,2017-02-17,Melbourne Cricket Ground,2,9.2,Sri Lanka,Australia,DAS Gunaratne,EMDY Munaweera,B Stanlake,0,0,,,,,,,,,
1001349,2016/17,2017-02-17,Melbourne Cricket Ground,2,9.3,Sri Lanka,Australia,DAS Gunaratne,EMDY Munaweera,B Stanlake,1,0,,,,,,,,,
1001349,2016/17,2017-02-17,Melbourne Cricket Ground,2,9.4,Sri Lanka,Australia,EMDY Munaweera,DAS Gunaratne,B Stanlake,1,0,,,,,,,,,
1001349,2016/17,2017-02-17,Melbourne Cricket Ground,2,9.5,Sri Lanka,Australia,DAS Gunaratne,EMDY Munaweera,B Stanlake,2,0,,,,,,,,,
1001349,2016/17,2017-02-17,Melbourne Cricket Ground,2,9.6,Sri Lanka,Australia,DAS Gunaratne,EMDY Munaweera,B Stanlake,0,1,1,,,,,,,,
1001349,2016/17,2017-02-17,Melbourne Cricket Ground,2,9.7,Sri Lanka,Australia,DAS Gunaratne,EMDY Munaweera,B Stanlake,1,0,,,,,,,,,
1001349,2016/17,2017-02-17,Melbourne Cricket Ground,2,10.1,Sri Lanka,Australia,DAS Gunaratne,EMDY Munaweera,A Zampa,0,0,,,,,,,,,
1001349,2016/17,2017-02-17,Melbourne Cricket Ground,2,10.2,Sri Lanka,Australia,DAS Gunaratne,EMDY Munaweera,A Zampa,1,0,,,,,,,,,
1001349,2016/17,2017-02-17,Melbourne Cricket Ground,2,10.3,Sri Lanka,Australia,EMDY Munaweera,DAS Gunaratne,A Zampa,2,0,,,,,,,,,
1001349,2016/17,2017-02-17,Melbourne Cricket Ground,2,10.4,Sri Lanka,Australia,EMDY Munaweera,DAS Gunaratne,A Zampa,0,0,,,,,,caught,EMDY Munaweera,,
1001349,2016/17,2017-02-17,Melbourne Cricket Ground,2,10.5,Sri Lanka,Australia,TAM Siriwardana,DAS Gunaratne,A Zampa,1,0,,,,,,,,,
1001349,2016/17,2017-02-17,Melbourne Cricket Ground,2,10.6,Sri Lanka,Australia,DAS Gunaratne,TAM Siriwardana,A Zampa,1,0,,,,,,,,,
1001349,2016/17,2017-02-17,Melbourne Cricket Ground,2,11.1,Sri Lanka,Australia,DAS Gunaratne,TAM Siriwardana,JP Faulkner,0,0,,,,,,,,,
1001349,2016/17,2017-02-17,Melbourne Cricket Ground,2,11.2,Sri Lanka,Australia,DAS Gunaratne,TAM Siriwardana,JP Faulkner,0,1,,,,1,,,,,
1001349,2016/17,2017-02-17,Melbourne Cricket Ground,2,11.3,Sri Lanka,Australia,TAM Siriwardana,DAS Gunaratne,JP Faulkner,1,0,,,,,,,,,
1001349,2016/17,2017-02-17,Melbourne Cricket Ground,2,11.4,Sri Lanka,Australia,DAS Gunaratne,TAM Siriwardana,JP Faulkner,1,0,,,,,,,,,
1001349,2016/17,2017-02-17,Melbourne Cricket Ground,2,11.5,Sri Lanka,Australia,TAM Siriwardana,DAS Gunaratne,JP Faulkner,1,0,,,,,,,,,
1001349,2016/17,2017-02-17,Melbourne Cricket Ground,2,11.6,Sri Lanka,Australia,DAS Gunaratne,TAM Siriwardana,JP Faulkner,1,0,,,,,,,,,
1001349,2016/17,2017-02-17,Melbourne Cricket Ground,2,12.1,Sri Lanka,Australia,DAS Gunaratne,TAM Siriwardana,A Zampa,1,0,,,,,,,,,
1001349,2016/17,2017-02-17,Melbourne Cricket Ground,2,12.2,Sri Lanka,Australia,TAM Siriwardana,DAS Gunaratne,A Zampa,2,0,,,,,,,,,
1001349,2016/17,2017-02-17,Melbourne Cricket Ground,2,12.3,Sri Lanka,Australia,TAM Siriwardana,DAS Gunaratne,A Zampa,1,0,,,,,,,,,
1001349,2016/17,2017-02-17,Melbourne Cricket Ground,2,12.4,Sri Lanka,Australia,DAS Gunaratne,TAM Siriwardana,A Zampa,1,0,,,,,,,,,
1001349,2016/17,2017-02-17,Melbourne Cricket Ground,2,12.5,Sri Lanka,Australia,TAM Siriwardana,DAS Gunaratne,A Zampa,3,0,,,,,,,,,
1001349,2016/17,2017-02-17,Melbourne Cricket Ground,2,12.6,Sri Lanka,Australia,DAS Gunaratne,TAM Siriwardana,A Zampa,1,0,,,,,,,,,
1001349,2016/17,2017-02-17,Melbourne Cricket Ground,2,13.1,Sri Lanka,Australia,DAS Gunaratne,TAM Siriwardana,AJ Tye,4,0,,,,,,,,,
1001349,2016/17,2017-02-17,Melbourne Cricket Ground,2,13.2,Sri Lanka,Australia,DAS Gunaratne,TAM Siriwardana,AJ Tye,0,0,,,,,,,,,
1001349,2016/17,2017-02-17,Melbourne Cricket Ground,2,13.3,Sri Lanka,Australia,DAS Gunaratne,TAM Siriwardana,AJ Tye,4,0,,,,,,,,,
1001349,2016/17,2017-02-17,Melbourne Cricket Ground,2,13.4,Sri Lanka,Australia,DAS Gunaratne,TAM Siriwardana,AJ Tye,1,0,,,,,,,,,
1001349,2016/17,2017-02-17,Melbourne Cricket Ground,2,13.5,Sri Lanka,Australia,TAM Siriwardana,DAS Gunaratne,AJ Tye,4,0,,,,,,,,,
1001349,2016/17,2017-02-17,Melbourne Cricket Ground,2,13.6,Sri Lanka,Australia,TAM Siriwardana,DAS Gunaratne,AJ Tye,0,0,,,,,,,,,
1001349,2016/17,2017-02-17,Melbourne Cricket Ground,2,14.1,Sri Lanka,Australia,DAS Gunaratne,TAM Siriwardana,PJ Cummins,1,0,,,,,,,,,
1001349,2016/17,2017-02-17,Melbourne Cricket Ground,2,14.2,Sri Lanka,Australia,TAM Siriwardana,DAS Gunaratne,PJ Cummins,1,0,,,,,,,,,
1001349,2016/17,2017-02-17,Melbourne Cricket Ground,2,14.3,Sri Lanka,Australia,DAS Gunaratne,TAM Siriwardana,PJ Cummins,0,0,,,,,,,,,
1001349,2016/17,2017-02-17,Melbourne Cricket Ground,2,14.4,Sri Lanka,Australia,DAS Gunaratne,TAM Siriwardana,PJ Cummins,4,0,,,,,,,,,
1001349,2016/17,2017-02-17,Melbourne Cricket Ground,2,14.5,Sri Lanka,Australia,DAS Gunaratne,TAM Siriwardana,PJ Cummins,0,0,,,,,,,,,
1001349,2016/17,2017-02-17,Melbourne Cricket Ground,2,14.6,Sri Lanka,Australia,DAS Gunaratne,TAM Siriwardana,PJ Cummins,1,0,,,,,,,,,
1001349,2016/17,2017-02-17,Melbourne Cricket Ground,2,15.1,Sri Lanka,Australia,DAS Gunaratne,TAM Siriwardana,JP Faulkner,0,0,,,,,,,,,
1001349,2016/17,2017-02-17,Melbourne Cricket Ground,2,15.2,Sri Lanka,Australia,DAS Gunaratne,TAM Siriwardana,JP Faulkner,2,0,,,,,,,,,
1001349,2016/17,2017-02-17,Melbourne Cricket Ground,2,15.3,Sri Lanka,Australia,DAS Gunaratne,TAM Siriwardana,JP Faulkner,2,0,,,,,,,,,
1001349,2016/17,2017-02-17,Melbourne Cricket Ground,2,15.4,Sri Lanka,Australia,DAS Gunaratne,TAM Siriwardana,JP Faulkner,4,0,,,,,,,,,
1001349,2016/17,2017-02-17,Melbourne Cricket Ground,2,15.5,Sri Lanka,Australia,DAS Gunaratne,TAM Siriwardana,JP Faulkner,4,0,,,,,,,,,
1001349,2016/17,2017-02-17,Melbourne Cricket Ground,2,15.6,Sri Lanka,Australia,DAS Gunaratne,TAM Siriwardana,JP Faulkner,1,0,,,,,,,,,
1001349,2016/17,2017-02-17,Melbourne Cricket Ground,2,16.1,Sri Lanka,Australia,DAS Gunaratne,TAM Siriwardana,PJ Cummins,4,0,,,,,,,,,
1001349,2016/17,2017-02-17,Melbourne Cricket Ground,2,16.2,Sri Lanka,Australia,DAS Gunaratne,TAM Siriwardana,PJ Cummins,0,0,,,,,,,,,
1001349,2016/17,2017-02-17,Melbourne Cricket Ground,2,16.3,Sri Lanka,Australia,DAS Gunaratne,TAM Siriwardana,PJ Cummins,4,0,,,,,,,,,
1001349,2016/17,2017-02-17,Melbourne Cricket Ground,2,16.4,Sri Lanka,Australia,DAS Gunaratne,TAM Siriwardana,PJ Cummins,1,0,,,,,,,,,
1001349,2016/17,2017-02-17,Melbourne Cricket Ground,2,16.5,Sri Lanka,Australia,TAM Siriwardana,DAS Gunaratne,PJ Cummins,1,0,,,,,,,,,
1001349,2016/17,2017-02-17,Melbourne Cricket Ground,2,16.6,Sri Lanka,Australia,DAS Gunaratne,TAM Siriwardana,PJ Cummins,1,0,,,,,,,,,
1001349,2016/17,2017-02-17,Melbourne Cricket Ground,2,17.1,Sri Lanka,Australia,DAS Gunaratne,TAM Siriwardana,AJ Turner,0,0,,,,,,stumped,DAS Gunaratne,,
1001349,2016/17,2017-02-17,Melbourne Cricket Ground,2,17.2,Sri Lanka,Australia,CK Kapugedera,TAM Siriwardana,AJ Turner,1,0,,,,,,,,,
1001349,2016/17,2017-02-17,Melbourne Cricket Ground,2,17.3,Sri Lanka,Australia,TAM Siriwardana,CK Kapugedera,AJ Turner,0,0,,,,,,lbw,TAM Siriwardana,,
1001349,2016/17,2017-02-17,Melbourne Cricket Ground,2,17.4,Sri Lanka,Australia,S Prasanna,CK Kapugedera,AJ Turner,0,0,,,,,,,,,
1001349,2016/17,2017-02-17,Melbourne Cricket Ground,2,17.5,Sri Lanka,Australia,S Prasanna,CK Kapugedera,AJ Turner,4,0,,,,,,,,,
1001349,2016/17,2017-02-17,Melbourne Cricket Ground,2,17.6,Sri Lanka,Australia,S Prasanna,CK Kapugedera,AJ Turner,1,0,,,,,,,,,
1001349,2016/17,2017-02-17,Melbourne Cricket Ground,2,18.1,Sri Lanka,Australia,S Prasanna,CK Kapugedera,JP Faulkner,1,0,,,,,,,,,
1001349,2016/17,2017-02-17,Melbourne Cricket Ground,2,18.2,Sri Lanka,Australia,CK Kapugedera,S Prasanna,JP Faulkner,1,0,,,,,,,,,
1001349,2016/17,2017-02-17,Melbourne Cricket Ground,2,18.3,Sri Lanka,Australia,S Prasanna,CK Kapugedera,JP Faulkner,0,1,1,,,,,,,,
1001349,2016/17,2017-02-17,Melbourne Cricket Ground,2,18.4,Sri Lanka,Australia,S Prasanna,CK Kapugedera,JP Faulkner,1,0,,,,,,,,,
1001349,2016/17,2017-02-17,Melbourne Cricket Ground,2,18.5,Sri Lanka,Australia,CK Kapugedera,S Prasanna,JP Faulkner,0,0,,,,,,,,,
1001349,2016/17,2017-02-17,Melbourne Cricket Ground,2,18.6,Sri Lanka,Australia,CK Kapugedera,S Prasanna,JP Faulkner,1,0,,,,,,,,,
1001349,2016/17,2017-02-17,Melbourne Cricket Ground,2,18.7,Sri Lanka,Australia,S Prasanna,CK Kapugedera,JP Faulkner,0,1,,,,1,,,,,
1001349,2016/17,2017-02-17,Melbourne Cricket Ground,2,19.1,Sri Lanka,Australia,S Prasanna,CK Kapugedera,AJ Tye,0,0,,,,,,,,,
1001349,2016/17,2017-02-17,Melbourne Cricket Ground,2,19.2,Sri Lanka,Australia,S Prasanna,CK Kapugedera,AJ Tye,0,1,,,1,,,,,,
1001349,2016/17,2017-02-17,Melbourne Cricket Ground,2,19.3,Sri Lanka,Australia,CK Kapugedera,S Prasanna,AJ Tye,1,0,,,,,,,,,
1001349,2016/17,2017-02-17,Melbourne Cricket Ground,2,19.4,Sri Lanka,Australia,S Prasanna,CK Kapugedera,AJ Tye,1,0,,,,,,,,,
1001349,2016/17,2017-02-17,Melbourne Cricket Ground,2,19.5,Sri Lanka,Australia,CK Kapugedera,S Prasanna,AJ Tye,2,0,,,,,,,,,
1001349,2016/17,2017-02-17,Melbourne Cricket Ground,2,19.6,Sri Lanka,Australia,CK Kapugedera,S Prasanna,AJ Tye,4,0,,,,,,,,,
