version,2.1.0
info,balls_per_over,6
info,team,Scotland
info,team,Afghanistan
info,gender,male
info,season,2016
info,date,2016/07/04
info,event,Afghanistan in Scotland ODI Series
info,match_number,1
info,venue,"Grange Cricket Club Ground, Raeburn Place"
info,city,Edinburgh
info,toss_winner,Scotland
info,toss_decision,field
info,umpire,M Hawthorne
info,umpire,IN Ramage
info,reserve_umpire,AJT Dowdalls
info,match_referee,DT Jukes
info,outcome,no result
info,player,Afghanistan,Mohammad Shahzad
info,player,Afghanistan,Noor Ali Zadran
info,player,Afghanistan,Javed Ahmadi
info,player,Afghanistan,Rahmat Shah
info,player,Afghanistan,Asghar Stanikzai
info,player,Afghanistan,Najibullah Zadran
info,player,Afghanistan,Mirwais Ashraf
info,player,Afghanistan,Mohammad Nabi
info,player,Afghanistan,Dawlat Zadran
info,player,Afghanistan,Rashid Khan
info,player,Afghanistan,Hamid Hassan
info,player,Scotland,KJ Coetzer
info,player,Scotland,CD Wallace
info,player,Scotland,MH Cross
info,player,Scotland,PL Mommsen
info,player,Scotland,RD Berrington
info,player,Scotland,CD de Lange
info,player,Scotland,MA Leask
info,player,Scotland,SM Sharif
info,player,Scotland,RAJ Smith
info,player,Scotland,AC Evans
info,player,Scotland,BTJ Wheal
info,registry,people,AC Evans,e9a870ed
info,registry,people,AJT Dowdalls,f06852e3
info,registry,people,Asghar Stanikzai,88679525
info,registry,people,BTJ Wheal,3f61a062
info,registry,people,CD Wallace,7b5c6c0b
info,registry,people,CD de Lange,e6d298e8
info,registry,people,DT Jukes,7c215d14
info,registry,people,Dawlat Zadran,1fba2ae3
info,registry,people,Hamid Hassan,093ae70b
info,registry,people,IN Ramage,33cb7803
info,registry,people,Javed Ahmadi,0087a35d
info,registry,people,KJ Coetzer,85d8110a
info,registry,people,M Hawthorne,ea123ee4
info,registry,people,MA Leask,28131839
info,registry,people,MH Cross,8b261d84
info,registry,people,Mirwais Ashraf,bdd985f2
info,registry,people,Mohammad Nabi,62af8546
info,registry,people,Mohammad Shahzad,d6dcb0c9
info,registry,people,Najibullah Zadran,1212cbec
info,registry,people,Noor Ali Zadran,72e46d30
info,registry,people,PL Mommsen,a56f4b65
info,registry,people,RAJ Smith,6daf5e8c
info,registry,people,RD Berrington,e21bc7f3
info,registry,people,Rahmat Shah,f9c29fcd
info,registry,people,Rashid Khan,5f547c8b
info,registry,people,SM Sharif,f43dd8c2
