match_id,season,start_date,venue,innings,ball,batting_team,bowling_team,striker,non_striker,bowler,runs_off_bat,extras,wides,noballs,byes,legbyes,penalty,wicket_type,player_dismissed,other_wicket_type,other_player_dismissed
1003273,2016,2016-07-06,"Grange Cricket Club Ground, Raeburn Place",1,0.1,Afghanistan,Scotland,Mohammad Shahzad,Noor Ali Zadran,BTJ Wheal,0,0,,,,,,,,,
1003273,2016,2016-07-06,"Grange Cricket Club Ground, Raeburn Place",1,0.2,Afghanistan,Scotland,Mohammad Shahzad,Noor Ali Zadran,BTJ Wheal,1,0,,,,,,,,,
1003273,2016,2016-07-06,"Grange Cricket Club Ground, Raeburn Place",1,0.3,Afghanistan,Scotland,Noor Ali Zadran,Mohammad Shahzad,BTJ Wheal,1,0,,,,,,,,,
1003273,2016,2016-07-06,"Grange Cricket Club Ground, Raeburn Place",1,0.4,Afghanistan,Scotland,Mohammad Shahzad,Noor Ali Zadran,BTJ Wheal,2,0,,,,,,,,,
1003273,2016,2016-07-06,"Grange Cricket Club Ground, Raeburn Place",1,0.5,Afghanistan,Scotland,Mohammad Shahzad,Noor Ali Zadran,BTJ Wheal,0,2,,,,2,,,,,
1003273,2016,2016-07-06,"Grange Cricket Club Ground, Raeburn Place",1,0.6,Afghanistan,Scotland,Mohammad Shahzad,Noor Ali Zadran,BTJ Wheal,0,0,,,,,,,,,
1003273,2016,2016-07-06,"Grange Cricket Club Ground, Raeburn Place",1,1.1,Afghanistan,Scotland,Noor Ali Zadran,Mohammad Shahzad,SM Sharif,0,0,,,,,,,,,
1003273,2016,2016-07-06,"Grange Cricket Club Ground, Raeburn Place",1,1.2,Afghanistan,Scotland,Noor Ali Zadran,Mohammad Shahzad,SM Sharif,0,0,,,,,,,,,
1003273,2016,2016-07-06,"Grange Cricket Club Ground, Raeburn Place",1,1.3,Afghanistan,Scotland,Noor Ali Zadran,Mohammad Shahzad,SM Sharif,0,0,,,,,,,,,
1003273,2016,2016-07-06,"Grange Cricket Club Ground, Raeburn Place",1,1.4,Afghanistan,Scotland,Noor Ali Zadran,Mohammad Shahzad,SM Sharif,1,0,,,,,,,,,
1003273,2016,2016-07-06,"Grange Cricket Club Ground, Raeburn Place",1,1.5,Afghanistan,Scotland,Mohammad Shahzad,Noor Ali Zadran,SM Sharif,4,0,,,,,,,,,
1003273,2016,2016-07-06,"Grange Cricket Club Ground, Raeburn Place",1,1.6,Afghanistan,Scotland,Mohammad Shahzad,Noor Ali Zadran,SM Sharif,1,0,,,,,,,,,
1003273,2016,2016-07-06,"Grange Cricket Club Ground, Raeburn Place",1,2.1,Afghanistan,Scotland,Mohammad Shahzad,Noor Ali Zadran,BTJ Wheal,0,0,,,,,,,,,
1003273,2016,2016-07-06,"Grange Cricket Club Ground, Raeburn Place",1,2.2,Afghanistan,Scotland,Mohammad Shahzad,Noor Ali Zadran,BTJ Wheal,0,0,,,,,,,,,
1003273,2016,2016-07-06,"Grange Cricket Club Ground, Raeburn Place",1,2.3,Afghanistan,Scotland,Mohammad Shahzad,Noor Ali Zadran,BTJ Wheal,0,0,,,,,,,,,
1003273,2016,2016-07-06,"Grange Cricket Club Ground, Raeburn Place",1,2.4,Afghanistan,Scotland,Mohammad Shahzad,Noor Ali Zadran,BTJ Wheal,2,0,,,,,,,,,
1003273,2016,2016-07-06,"Grange Cricket Club Ground, Raeburn Place",1,2.5,Afghanistan,Scotland,Mohammad Shahzad,Noor Ali Zadran,BTJ Wheal,0,0,,,,,,,,,
1003273,2016,2016-07-06,"Grange Cricket Club Ground, Raeburn Place",1,2.6,Afghanistan,Scotland,Mohammad Shahzad,Noor Ali Zadran,BTJ Wheal,0,0,,,,,,,,,
1003273,2016,2016-07-06,"Grange Cricket Club Ground, Raeburn Place",1,3.1,Afghanistan,Scotland,Noor Ali Zadran,Mohammad Shahzad,SM Sharif,0,0,,,,,,,,,
1003273,2016,2016-07-06,"Grange Cricket Club Ground, Raeburn Place",1,3.2,Afghanistan,Scotland,Noor Ali Zadran,Mohammad Shahzad,SM Sharif,0,0,,,,,,,,,
1003273,2016,2016-07-06,"Grange Cricket Club Ground, Raeburn Place",1,3.3,Afghanistan,Scotland,Noor Ali Zadran,Mohammad Shahzad,SM Sharif,0,0,,,,,,,,,
1003273,2016,2016-07-06,"Grange Cricket Club Ground, Raeburn Place",1,3.4,Afghanistan,Scotland,Noor Ali Zadran,Mohammad Shahzad,SM Sharif,0,0,,,,,,,,,
1003273,2016,2016-07-06,"Grange Cricket Club Ground, Raeburn Place",1,3.5,Afghanistan,Scotland,Noor Ali Zadran,Mohammad Shahzad,SM Sharif,0,0,,,,,,,,,
1003273,2016,2016-07-06,"Grange Cricket Club Ground, Raeburn Place",1,3.6,Afghanistan,Scotland,Noor Ali Zadran,Mohammad Shahzad,SM Sharif,0,0,,,,,,,,,
1003273,2016,2016-07-06,"Grange Cricket Club Ground, Raeburn Place",1,4.1,Afghanistan,Scotland,Mohammad Shahzad,Noor Ali Zadran,BTJ Wheal,4,0,,,,,,,,,
1003273,2016,2016-07-06,"Grange Cricket Club Ground, Raeburn Place",1,4.2,Afghanistan,Scotland,Mohammad Shahzad,Noor Ali Zadran,BTJ Wheal,0,0,,,,,,,,,
1003273,2016,2016-07-06,"Grange Cricket Club Ground, Raeburn Place",1,4.3,Afghanistan,Scotland,Mohammad Shahzad,Noor Ali Zadran,BTJ Wheal,1,0,,,,,,,,,
1003273,2016,2016-07-06,"Grange Cricket Club Ground, Raeburn Place",1,4.4,Afghanistan,Scotland,Noor Ali Zadran,Mohammad Shahzad,BTJ Wheal,0,0,,,,,,,,,
1003273,2016,2016-07-06,"Grange Cricket Club Ground, Raeburn Place",1,4.5,Afghanistan,Scotland,Noor Ali Zadran,Mohammad Shahzad,BTJ Wheal,0,0,,,,,,,,,
1003273,2016,2016-07-06,"Grange Cricket Club Ground, Raeburn Place",1,4.6,Afghanistan,Scotland,Noor Ali Zadran,Mohammad Shahzad,BTJ Wheal,0,0,,,,,,,,,
1003273,2016,2016-07-06,"Grange Cricket Club Ground, Raeburn Place",1,5.1,Afghanistan,Scotland,Mohammad Shahzad,Noor Ali Zadran,SM Sharif,0,0,,,,,,,,,
1003273,2016,2016-07-06,"Grange Cricket Club Ground, Raeburn Place",1,5.2,Afghanistan,Scotland,Mohammad Shahzad,Noor Ali Zadran,SM Sharif,2,0,,,,,,,,,
1003273,2016,2016-07-06,"Grange Cricket Club Ground, Raeburn Place",1,5.3,Afghanistan,Scotland,Mohammad Shahzad,Noor Ali Zadran,SM Sharif,2,0,,,,,,,,,
1003273,2016,2016-07-06,"Grange Cricket Club Ground, Raeburn Place",1,5.4,Afghanistan,Scotland,Mohammad Shahzad,Noor Ali Zadran,SM Sharif,0,0,,,,,,,,,
1003273,2016,2016-07-06,"Grange Cricket Club Ground, Raeburn Place",1,5.5,Afghanistan,Scotland,Mohammad Shahzad,Noor Ali Zadran,SM Sharif,4,0,,,,,,,,,
1003273,2016,2016-07-06,"Grange Cricket Club Ground, Raeburn Place",1,5.6,Afghanistan,Scotland,Mohammad Shahzad,Noor Ali Zadran,SM Sharif,0,0,,,,,,,,,
1003273,2016,2016-07-06,"Grange Cricket Club Ground, Raeburn Place",1,6.1,Afghanistan,Scotland,Noor Ali Zadran,Mohammad Shahzad,AC Evans,4,0,,,,,,,,,
1003273,2016,2016-07-06,"Grange Cricket Club Ground, Raeburn Place",1,6.2,Afghanistan,Scotland,Noor Ali Zadran,Mohammad Shahzad,AC Evans,0,0,,,,,,,,,
1003273,2016,2016-07-06,"Grange Cricket Club Ground, Raeburn Place",1,6.3,Afghanistan,Scotland,Noor Ali Zadran,Mohammad Shahzad,AC Evans,0,0,,,,,,,,,
1003273,2016,2016-07-06,"Grange Cricket Club Ground, Raeburn Place",1,6.4,Afghanistan,Scotland,Noor Ali Zadran,Mohammad Shahzad,AC Evans,0,0,,,,,,,,,
1003273,2016,2016-07-06,"Grange Cricket Club Ground, Raeburn Place",1,6.5,Afghanistan,Scotland,Noor Ali Zadran,Mohammad Shahzad,AC Evans,0,0,,,,,,,,,
1003273,2016,2016-07-06,"Grange Cricket Club Ground, Raeburn Place",1,6.6,Afghanistan,Scotland,Noor Ali Zadran,Mohammad Shahzad,AC Evans,0,0,,,,,,caught,Noor Ali Zadran,,
1003273,2016,2016-07-06,"Grange Cricket Club Ground, Raeburn Place",1,7.1,Afghanistan,Scotland,Mohammad Shahzad,Javed Ahmadi,SM Sharif,0,0,,,,,,,,,
1003273,2016,2016-07-06,"Grange Cricket Club Ground, Raeburn Place",1,7.2,Afghanistan,Scotland,Mohammad Shahzad,Javed Ahmadi,SM Sharif,1,0,,,,,,,,,
1003273,2016,2016-07-06,"Grange Cricket Club Ground, Raeburn Place",1,7.3,Afghanistan,Scotland,Javed Ahmadi,Mohammad Shahzad,SM Sharif,0,0,,,,,,,,,
1003273,2016,2016-07-06,"Grange Cricket Club Ground, Raeburn Place",1,7.4,Afghanistan,Scotland,Javed Ahmadi,Mohammad Shahzad,SM Sharif,1,0,,,,,,,,,
1003273,2016,2016-07-06,"Grange Cricket Club Ground, Raeburn Place",1,7.5,Afghanistan,Scotland,Mohammad Shahzad,Javed Ahmadi,SM Sharif,0,0,,,,,,,,,
1003273,2016,2016-07-06,"Grange Cricket Club Ground, Raeburn Place",1,7.6,Afghanistan,Scotland,Mohammad Shahzad,Javed Ahmadi,SM Sharif,0,0,,,,,,,,,
1003273,2016,2016-07-06,"Grange Cricket Club Ground, Raeburn Place",1,8.1,Afghanistan,Scotland,Javed Ahmadi,Mohammad Shahzad,AC Evans,0,1,,,,1,,,,,
1003273,2016,2016-07-06,"Grange Cricket Club Ground, Raeburn Place",1,8.2,Afghanistan,Scotland,Mohammad Shahzad,Javed Ahmadi,AC Evans,0,0,,,,,,,,,
1003273,2016,2016-07-06,"Grange Cricket Club Ground, Raeburn Place",1,8.3,Afghanistan,Scotland,Mohammad Shahzad,Javed Ahmadi,AC Evans,0,0,,,,,,,,,
1003273,2016,2016-07-06,"Grange Cricket Club Ground, Raeburn Place",1,8.4,Afghanistan,Scotland,Mohammad Shahzad,Javed Ahmadi,AC Evans,0,1,1,,,,,,,,
1003273,2016,2016-07-06,"Grange Cricket Club Ground, Raeburn Place",1,8.5,Afghanistan,Scotland,Mohammad Shahzad,Javed Ahmadi,AC Evans,1,0,,,,,,,,,
1003273,2016,2016-07-06,"Grange Cricket Club Ground, Raeburn Place",1,8.6,Afghanistan,Scotland,Javed Ahmadi,Mohammad Shahzad,AC Evans,0,0,,,,,,,,,
1003273,2016,2016-07-06,"Grange Cricket Club Ground, Raeburn Place",1,8.7,Afghanistan,Scotland,Javed Ahmadi,Mohammad Shahzad,AC Evans,1,0,,,,,,,,,
1003273,2016,2016-07-06,"Grange Cricket Club Ground, Raeburn Place",1,9.1,Afghanistan,Scotland,Javed Ahmadi,Mohammad Shahzad,SM Sharif,0,0,,,,,,,,,
1003273,2016,2016-07-06,"Grange Cricket Club Ground, Raeburn Place",1,9.2,Afghanistan,Scotland,Javed Ahmadi,Mohammad Shahzad,SM Sharif,0,0,,,,,,,,,
1003273,2016,2016-07-06,"Grange Cricket Club Ground, Raeburn Place",1,9.3,Afghanistan,Scotland,Javed Ahmadi,Mohammad Shahzad,SM Sharif,0,0,,,,,,,,,
1003273,2016,2016-07-06,"Grange Cricket Club Ground, Raeburn Place",1,9.4,Afghanistan,Scotland,Javed Ahmadi,Mohammad Shahzad,SM Sharif,0,0,,,,,,,,,
1003273,2016,2016-07-06,"Grange Cricket Club Ground, Raeburn Place",1,9.5,Afghanistan,Scotland,Javed Ahmadi,Mohammad Shahzad,SM Sharif,1,0,,,,,,,,,
1003273,2016,2016-07-06,"Grange Cricket Club Ground, Raeburn Place",1,9.6,Afghanistan,Scotland,Mohammad Shahzad,Javed Ahmadi,SM Sharif,0,0,,,,,,,,,
1003273,2016,2016-07-06,"Grange Cricket Club Ground, Raeburn Place",1,10.1,Afghanistan,Scotland,Javed Ahmadi,Mohammad Shahzad,AC Evans,1,0,,,,,,,,,
1003273,2016,2016-07-06,"Grange Cricket Club Ground, Raeburn Place",1,10.2,Afghanistan,Scotland,Mohammad Shahzad,Javed Ahmadi,AC Evans,0,0,,,,,,,,,
1003273,2016,2016-07-06,"Grange Cricket Club Ground, Raeburn Place",1,10.3,Afghanistan,Scotland,Mohammad Shahzad,Javed Ahmadi,AC Evans,1,0,,,,,,,,,
1003273,2016,2016-07-06,"Grange Cricket Club Ground, Raeburn Place",1,10.4,Afghanistan,Scotland,Javed Ahmadi,Mohammad Shahzad,AC Evans,4,0,,,,,,,,,
1003273,2016,2016-07-06,"Grange Cricket Club Ground, Raeburn Place",1,10.5,Afghanistan,Scotland,Javed Ahmadi,Mohammad Shahzad,AC Evans,4,0,,,,,,,,,
1003273,2016,2016-07-06,"Grange Cricket Club Ground, Raeburn Place",1,10.6,Afghanistan,Scotland,Javed Ahmadi,Mohammad Shahzad,AC Evans,0,0,,,,,,,,,
1003273,2016,2016-07-06,"Grange Cricket Club Ground, Raeburn Place",1,11.1,Afghanistan,Scotland,Mohammad Shahzad,Javed Ahmadi,SM Sharif,1,0,,,,,,,,,
1003273,2016,2016-07-06,"Grange Cricket Club Ground, Raeburn Place",1,11.2,Afghanistan,Scotland,Javed Ahmadi,Mohammad Shahzad,SM Sharif,1,0,,,,,,,,,
1003273,2016,2016-07-06,"Grange Cricket Club Ground, Raeburn Place",1,11.3,Afghanistan,Scotland,Mohammad Shahzad,Javed Ahmadi,SM Sharif,1,0,,,,,,,,,
1003273,2016,2016-07-06,"Grange Cricket Club Ground, Raeburn Place",1,11.4,Afghanistan,Scotland,Javed Ahmadi,Mohammad Shahzad,SM Sharif,1,0,,,,,,,,,
1003273,2016,2016-07-06,"Grange Cricket Club Ground, Raeburn Place",1,11.5,Afghanistan,Scotland,Mohammad Shahzad,Javed Ahmadi,SM Sharif,0,0,,,,,,,,,
1003273,2016,2016-07-06,"Grange Cricket Club Ground, Raeburn Place",1,11.6,Afghanistan,Scotland,Mohammad Shahzad,Javed Ahmadi,SM Sharif,1,0,,,,,,,,,
1003273,2016,2016-07-06,"Grange Cricket Club Ground, Raeburn Place",1,12.1,Afghanistan,Scotland,Mohammad Shahzad,Javed Ahmadi,RAJ Smith,0,0,,,,,,,,,
1003273,2016,2016-07-06,"Grange Cricket Club Ground, Raeburn Place",1,12.2,Afghanistan,Scotland,Mohammad Shahzad,Javed Ahmadi,RAJ Smith,1,0,,,,,,,,,
1003273,2016,2016-07-06,"Grange Cricket Club Ground, Raeburn Place",1,12.3,Afghanistan,Scotland,Javed Ahmadi,Mohammad Shahzad,RAJ Smith,0,1,,,,1,,,,,
1003273,2016,2016-07-06,"Grange Cricket Club Ground, Raeburn Place",1,12.4,Afghanistan,Scotland,Mohammad Shahzad,Javed Ahmadi,RAJ Smith,4,0,,,,,,,,,
1003273,2016,2016-07-06,"Grange Cricket Club Ground, Raeburn Place",1,12.5,Afghanistan,Scotland,Mohammad Shahzad,Javed Ahmadi,RAJ Smith,1,0,,,,,,,,,
1003273,2016,2016-07-06,"Grange Cricket Club Ground, Raeburn Place",1,12.6,Afghanistan,Scotland,Javed Ahmadi,Mohammad Shahzad,RAJ Smith,0,0,,,,,,,,,
1003273,2016,2016-07-06,"Grange Cricket Club Ground, Raeburn Place",1,13.1,Afghanistan,Scotland,Mohammad Shahzad,Javed Ahmadi,CD de Lange,0,0,,,,,,,,,
1003273,2016,2016-07-06,"Grange Cricket Club Ground, Raeburn Place",1,13.2,Afghanistan,Scotland,Mohammad Shahzad,Javed Ahmadi,CD de Lange,0,0,,,,,,,,,
1003273,2016,2016-07-06,"Grange Cricket Club Ground, Raeburn Place",1,13.3,Afghanistan,Scotland,Mohammad Shahzad,Javed Ahmadi,CD de Lange,0,0,,,,,,,,,
1003273,2016,2016-07-06,"Grange Cricket Club Ground, Raeburn Place",1,13.4,Afghanistan,Scotland,Mohammad Shahzad,Javed Ahmadi,CD de Lange,0,0,,,,,,,,,
1003273,2016,2016-07-06,"Grange Cricket Club Ground, Raeburn Place",1,13.5,Afghanistan,Scotland,Mohammad Shahzad,Javed Ahmadi,CD de Lange,0,0,,,,,,,,,
1003273,2016,2016-07-06,"Grange Cricket Club Ground, Raeburn Place",1,13.6,Afghanistan,Scotland,Mohammad Shahzad,Javed Ahmadi,CD de Lange,0,0,,,,,,,,,
1003273,2016,2016-07-06,"Grange Cricket Club Ground, Raeburn Place",1,14.1,Afghanistan,Scotland,Javed Ahmadi,Mohammad Shahzad,RAJ Smith,0,1,,,,1,,,,,
1003273,2016,2016-07-06,"Grange Cricket Club Ground, Raeburn Place",1,14.2,Afghanistan,Scotland,Mohammad Shahzad,Javed Ahmadi,RAJ Smith,6,0,,,,,,,,,
1003273,2016,2016-07-06,"Grange Cricket Club Ground, Raeburn Place",1,14.3,Afghanistan,Scotland,Mohammad Shahzad,Javed Ahmadi,RAJ Smith,1,0,,,,,,,,,
1003273,2016,2016-07-06,"Grange Cricket Club Ground, Raeburn Place",1,14.4,Afghanistan,Scotland,Javed Ahmadi,Mohammad Shahzad,RAJ Smith,1,0,,,,,,,,,
1003273,2016,2016-07-06,"Grange Cricket Club Ground, Raeburn Place",1,14.5,Afghanistan,Scotland,Mohammad Shahzad,Javed Ahmadi,RAJ Smith,0,0,,,,,,,,,
1003273,2016,2016-07-06,"Grange Cricket Club Ground, Raeburn Place",1,14.6,Afghanistan,Scotland,Mohammad Shahzad,Javed Ahmadi,RAJ Smith,6,0,,,,,,,,,
1003273,2016,2016-07-06,"Grange Cricket Club Ground, Raeburn Place",1,15.1,Afghanistan,Scotland,Javed Ahmadi,Mohammad Shahzad,CD de Lange,0,0,,,,,,,,,
1003273,2016,2016-07-06,"Grange Cricket Club Ground, Raeburn Place",1,15.2,Afghanistan,Scotland,Javed Ahmadi,Mohammad Shahzad,CD de Lange,0,0,,,,,,,,,
1003273,2016,2016-07-06,"Grange Cricket Club Ground, Raeburn Place",1,15.3,Afghanistan,Scotland,Javed Ahmadi,Mohammad Shahzad,CD de Lange,1,0,,,,,,,,,
1003273,2016,2016-07-06,"Grange Cricket Club Ground, Raeburn Place",1,15.4,Afghanistan,Scotland,Mohammad Shahzad,Javed Ahmadi,CD de Lange,1,0,,,,,,,,,
1003273,2016,2016-07-06,"Grange Cricket Club Ground, Raeburn Place",1,15.5,Afghanistan,Scotland,Javed Ahmadi,Mohammad Shahzad,CD de Lange,0,0,,,,,,,,,
1003273,2016,2016-07-06,"Grange Cricket Club Ground, Raeburn Place",1,15.6,Afghanistan,Scotland,Javed Ahmadi,Mohammad Shahzad,CD de Lange,0,0,,,,,,,,,
1003273,2016,2016-07-06,"Grange Cricket Club Ground, Raeburn Place",1,16.1,Afghanistan,Scotland,Mohammad Shahzad,Javed Ahmadi,BTJ Wheal,0,0,,,,,,,,,
1003273,2016,2016-07-06,"Grange Cricket Club Ground, Raeburn Place",1,16.2,Afghanistan,Scotland,Mohammad Shahzad,Javed Ahmadi,BTJ Wheal,0,0,,,,,,,,,
1003273,2016,2016-07-06,"Grange Cricket Club Ground, Raeburn Place",1,16.3,Afghanistan,Scotland,Mohammad Shahzad,Javed Ahmadi,BTJ Wheal,0,0,,,,,,,,,
1003273,2016,2016-07-06,"Grange Cricket Club Ground, Raeburn Place",1,16.4,Afghanistan,Scotland,Mohammad Shahzad,Javed Ahmadi,BTJ Wheal,1,0,,,,,,,,,
1003273,2016,2016-07-06,"Grange Cricket Club Ground, Raeburn Place",1,16.5,Afghanistan,Scotland,Javed Ahmadi,Mohammad Shahzad,BTJ Wheal,0,0,,,,,,,,,
1003273,2016,2016-07-06,"Grange Cricket Club Ground, Raeburn Place",1,16.6,Afghanistan,Scotland,Javed Ahmadi,Mohammad Shahzad,BTJ Wheal,0,0,,,,,,,,,
1003273,2016,2016-07-06,"Grange Cricket Club Ground, Raeburn Place",1,17.1,Afghanistan,Scotland,Mohammad Shahzad,Javed Ahmadi,CD de Lange,1,0,,,,,,,,,
1003273,2016,2016-07-06,"Grange Cricket Club Ground, Raeburn Place",1,17.2,Afghanistan,Scotland,Javed Ahmadi,Mohammad Shahzad,CD de Lange,0,0,,,,,,,,,
1003273,2016,2016-07-06,"Grange Cricket Club Ground, Raeburn Place",1,17.3,Afghanistan,Scotland,Javed Ahmadi,Mohammad Shahzad,CD de Lange,0,0,,,,,,,,,
1003273,2016,2016-07-06,"Grange Cricket Club Ground, Raeburn Place",1,17.4,Afghanistan,Scotland,Javed Ahmadi,Mohammad Shahzad,CD de Lange,0,0,,,,,,,,,
1003273,2016,2016-07-06,"Grange Cricket Club Ground, Raeburn Place",1,17.5,Afghanistan,Scotland,Javed Ahmadi,Mohammad Shahzad,CD de Lange,0,0,,,,,,,,,
1003273,2016,2016-07-06,"Grange Cricket Club Ground, Raeburn Place",1,17.6,Afghanistan,Scotland,Javed Ahmadi,Mohammad Shahzad,CD de Lange,0,0,,,,,,,,,
1003273,2016,2016-07-06,"Grange Cricket Club Ground, Raeburn Place",1,18.1,Afghanistan,Scotland,Mohammad Shahzad,Javed Ahmadi,BTJ Wheal,4,0,,,,,,,,,
1003273,2016,2016-07-06,"Grange Cricket Club Ground, Raeburn Place",1,18.2,Afghanistan,Scotland,Mohammad Shahzad,Javed Ahmadi,BTJ Wheal,1,0,,,,,,,,,
1003273,2016,2016-07-06,"Grange Cricket Club Ground, Raeburn Place",1,18.3,Afghanistan,Scotland,Javed Ahmadi,Mohammad Shahzad,BTJ Wheal,0,0,,,,,,caught,Javed Ahmadi,,
1003273,2016,2016-07-06,"Grange Cricket Club Ground, Raeburn Place",1,18.4,Afghanistan,Scotland,Rahmat Shah,Mohammad Shahzad,BTJ Wheal,1,0,,,,,,,,,
1003273,2016,2016-07-06,"Grange Cricket Club Ground, Raeburn Place",1,18.5,Afghanistan,Scotland,Mohammad Shahzad,Rahmat Shah,BTJ Wheal,0,0,,,,,,,,,
1003273,2016,2016-07-06,"Grange Cricket Club Ground, Raeburn Place",1,18.6,Afghanistan,Scotland,Mohammad Shahzad,Rahmat Shah,BTJ Wheal,1,0,,,,,,,,,
1003273,2016,2016-07-06,"Grange Cricket Club Ground, Raeburn Place",1,19.1,Afghanistan,Scotland,Mohammad Shahzad,Rahmat Shah,CD de Lange,1,0,,,,,,,,,
1003273,2016,2016-07-06,"Grange Cricket Club Ground, Raeburn Place",1,19.2,Afghanistan,Scotland,Rahmat Shah,Mohammad Shahzad,CD de Lange,0,0,,,,,,,,,
1003273,2016,2016-07-06,"Grange Cricket Club Ground, Raeburn Place",1,19.3,Afghanistan,Scotland,Rahmat Shah,Mohammad Shahzad,CD de Lange,0,0,,,,,,,,,
1003273,2016,2016-07-06,"Grange Cricket Club Ground, Raeburn Place",1,19.4,Afghanistan,Scotland,Rahmat Shah,Mohammad Shahzad,CD de Lange,1,0,,,,,,,,,
1003273,2016,2016-07-06,"Grange Cricket Club Ground, Raeburn Place",1,19.5,Afghanistan,Scotland,Mohammad Shahzad,Rahmat Shah,CD de Lange,0,0,,,,,,,,,
1003273,2016,2016-07-06,"Grange Cricket Club Ground, Raeburn Place",1,19.6,Afghanistan,Scotland,Mohammad Shahzad,Rahmat Shah,CD de Lange,1,0,,,,,,,,,
1003273,2016,2016-07-06,"Grange Cricket Club Ground, Raeburn Place",1,20.1,Afghanistan,Scotland,Mohammad Shahzad,Rahmat Shah,RAJ Smith,1,0,,,,,,,,,
1003273,2016,2016-07-06,"Grange Cricket Club Ground, Raeburn Place",1,20.2,Afghanistan,Scotland,Rahmat Shah,Mohammad Shahzad,RAJ Smith,0,0,,,,,,,,,
1003273,2016,2016-07-06,"Grange Cricket Club Ground, Raeburn Place",1,20.3,Afghanistan,Scotland,Rahmat Shah,Mohammad Shahzad,RAJ Smith,2,0,,,,,,,,,
1003273,2016,2016-07-06,"Grange Cricket Club Ground, Raeburn Place",1,20.4,Afghanistan,Scotland,Rahmat Shah,Mohammad Shahzad,RAJ Smith,0,0,,,,,,,,,
1003273,2016,2016-07-06,"Grange Cricket Club Ground, Raeburn Place",1,20.5,Afghanistan,Scotland,Rahmat Shah,Mohammad Shahzad,RAJ Smith,0,0,,,,,,,,,
1003273,2016,2016-07-06,"Grange Cricket Club Ground, Raeburn Place",1,20.6,Afghanistan,Scotland,Rahmat Shah,Mohammad Shahzad,RAJ Smith,1,0,,,,,,,,,
1003273,2016,2016-07-06,"Grange Cricket Club Ground, Raeburn Place",1,21.1,Afghanistan,Scotland,Rahmat Shah,Mohammad Shahzad,CD de Lange,0,0,,,,,,,,,
1003273,2016,2016-07-06,"Grange Cricket Club Ground, Raeburn Place",1,21.2,Afghanistan,Scotland,Rahmat Shah,Mohammad Shahzad,CD de Lange,1,0,,,,,,,,,
1003273,2016,2016-07-06,"Grange Cricket Club Ground, Raeburn Place",1,21.3,Afghanistan,Scotland,Mohammad Shahzad,Rahmat Shah,CD de Lange,0,0,,,,,,,,,
1003273,2016,2016-07-06,"Grange Cricket Club Ground, Raeburn Place",1,21.4,Afghanistan,Scotland,Mohammad Shahzad,Rahmat Shah,CD de Lange,1,0,,,,,,,,,
1003273,2016,2016-07-06,"Grange Cricket Club Ground, Raeburn Place",1,21.5,Afghanistan,Scotland,Rahmat Shah,Mohammad Shahzad,CD de Lange,0,0,,,,,,,,,
1003273,2016,2016-07-06,"Grange Cricket Club Ground, Raeburn Place",1,21.6,Afghanistan,Scotland,Rahmat Shah,Mohammad Shahzad,CD de Lange,4,0,,,,,,,,,
1003273,2016,2016-07-06,"Grange Cricket Club Ground, Raeburn Place",1,22.1,Afghanistan,Scotland,Mohammad Shahzad,Rahmat Shah,RAJ Smith,0,0,,,,,,,,,
1003273,2016,2016-07-06,"Grange Cricket Club Ground, Raeburn Place",1,22.2,Afghanistan,Scotland,Mohammad Shahzad,Rahmat Shah,RAJ Smith,1,0,,,,,,,,,
1003273,2016,2016-07-06,"Grange Cricket Club Ground, Raeburn Place",1,22.3,Afghanistan,Scotland,Rahmat Shah,Mohammad Shahzad,RAJ Smith,2,0,,,,,,,,,
1003273,2016,2016-07-06,"Grange Cricket Club Ground, Raeburn Place",1,22.4,Afghanistan,Scotland,Rahmat Shah,Mohammad Shahzad,RAJ Smith,1,0,,,,,,,,,
1003273,2016,2016-07-06,"Grange Cricket Club Ground, Raeburn Place",1,22.5,Afghanistan,Scotland,Mohammad Shahzad,Rahmat Shah,RAJ Smith,0,2,,,,2,,,,,
1003273,2016,2016-07-06,"Grange Cricket Club Ground, Raeburn Place",1,22.6,Afghanistan,Scotland,Mohammad Shahzad,Rahmat Shah,RAJ Smith,1,0,,,,,,,,,
1003273,2016,2016-07-06,"Grange Cricket Club Ground, Raeburn Place",1,23.1,Afghanistan,Scotland,Mohammad Shahzad,Rahmat Shah,MA Leask,0,0,,,,,,,,,
1003273,2016,2016-07-06,"Grange Cricket Club Ground, Raeburn Place",1,23.2,Afghanistan,Scotland,Mohammad Shahzad,Rahmat Shah,MA Leask,1,0,,,,,,,,,
1003273,2016,2016-07-06,"Grange Cricket Club Ground, Raeburn Place",1,23.3,Afghanistan,Scotland,Rahmat Shah,Mohammad Shahzad,MA Leask,1,0,,,,,,,,,
1003273,2016,2016-07-06,"Grange Cricket Club Ground, Raeburn Place",1,23.4,Afghanistan,Scotland,Mohammad Shahzad,Rahmat Shah,MA Leask,4,0,,,,,,,,,
1003273,2016,2016-07-06,"Grange Cricket Club Ground, Raeburn Place",1,23.5,Afghanistan,Scotland,Mohammad Shahzad,Rahmat Shah,MA Leask,0,0,,,,,,,,,
1003273,2016,2016-07-06,"Grange Cricket Club Ground, Raeburn Place",1,23.6,Afghanistan,Scotland,Mohammad Shahzad,Rahmat Shah,MA Leask,0,0,,,,,,,,,
1003273,2016,2016-07-06,"Grange Cricket Club Ground, Raeburn Place",1,24.1,Afghanistan,Scotland,Rahmat Shah,Mohammad Shahzad,AC Evans,0,0,,,,,,,,,
1003273,2016,2016-07-06,"Grange Cricket Club Ground, Raeburn Place",1,24.2,Afghanistan,Scotland,Rahmat Shah,Mohammad Shahzad,AC Evans,0,0,,,,,,,,,
1003273,2016,2016-07-06,"Grange Cricket Club Ground, Raeburn Place",1,24.3,Afghanistan,Scotland,Rahmat Shah,Mohammad Shahzad,AC Evans,0,0,,,,,,,,,
1003273,2016,2016-07-06,"Grange Cricket Club Ground, Raeburn Place",1,24.4,Afghanistan,Scotland,Rahmat Shah,Mohammad Shahzad,AC Evans,2,0,,,,,,,,,
1003273,2016,2016-07-06,"Grange Cricket Club Ground, Raeburn Place",1,24.5,Afghanistan,Scotland,Rahmat Shah,Mohammad Shahzad,AC Evans,1,0,,,,,,,,,
1003273,2016,2016-07-06,"Grange Cricket Club Ground, Raeburn Place",1,24.6,Afghanistan,Scotland,Mohammad Shahzad,Rahmat Shah,AC Evans,1,0,,,,,,,,,
1003273,2016,2016-07-06,"Grange Cricket Club Ground, Raeburn Place",1,25.1,Afghanistan,Scotland,Mohammad Shahzad,Rahmat Shah,MA Leask,1,0,,,,,,,,,
1003273,2016,2016-07-06,"Grange Cricket Club Ground, Raeburn Place",1,25.2,Afghanistan,Scotland,Rahmat Shah,Mohammad Shahzad,MA Leask,1,0,,,,,,,,,
1003273,2016,2016-07-06,"Grange Cricket Club Ground, Raeburn Place",1,25.3,Afghanistan,Scotland,Mohammad Shahzad,Rahmat Shah,MA Leask,0,0,,,,,,,,,
1003273,2016,2016-07-06,"Grange Cricket Club Ground, Raeburn Place",1,25.4,Afghanistan,Scotland,Mohammad Shahzad,Rahmat Shah,MA Leask,0,1,1,,,,,,,,
1003273,2016,2016-07-06,"Grange Cricket Club Ground, Raeburn Place",1,25.5,Afghanistan,Scotland,Mohammad Shahzad,Rahmat Shah,MA Leask,0,0,,,,,,,,,
1003273,2016,2016-07-06,"Grange Cricket Club Ground, Raeburn Place",1,25.6,Afghanistan,Scotland,Mohammad Shahzad,Rahmat Shah,MA Leask,1,0,,,,,,,,,
1003273,2016,2016-07-06,"Grange Cricket Club Ground, Raeburn Place",1,25.7,Afghanistan,Scotland,Rahmat Shah,Mohammad Shahzad,MA Leask,1,0,,,,,,,,,
1003273,2016,2016-07-06,"Grange Cricket Club Ground, Raeburn Place",1,26.1,Afghanistan,Scotland,Rahmat Shah,Mohammad Shahzad,AC Evans,0,0,,,,,,,,,
1003273,2016,2016-07-06,"Grange Cricket Club Ground, Raeburn Place",1,26.2,Afghanistan,Scotland,Rahmat Shah,Mohammad Shahzad,AC Evans,2,0,,,,,,,,,
1003273,2016,2016-07-06,"Grange Cricket Club Ground, Raeburn Place",1,26.3,Afghanistan,Scotland,Rahmat Shah,Mohammad Shahzad,AC Evans,0,0,,,,,,,,,
1003273,2016,2016-07-06,"Grange Cricket Club Ground, Raeburn Place",1,26.4,Afghanistan,Scotland,Rahmat Shah,Mohammad Shahzad,AC Evans,1,0,,,,,,,,,
1003273,2016,2016-07-06,"Grange Cricket Club Ground, Raeburn Place",1,26.5,Afghanistan,Scotland,Mohammad Shahzad,Rahmat Shah,AC Evans,0,0,,,,,,,,,
1003273,2016,2016-07-06,"Grange Cricket Club Ground, Raeburn Place",1,26.6,Afghanistan,Scotland,Mohammad Shahzad,Rahmat Shah,AC Evans,0,0,,,,,,,,,
1003273,2016,2016-07-06,"Grange Cricket Club Ground, Raeburn Place",1,27.1,Afghanistan,Scotland,Rahmat Shah,Mohammad Shahzad,MA Leask,0,0,,,,,,,,,
1003273,2016,2016-07-06,"Grange Cricket Club Ground, Raeburn Place",1,27.2,Afghanistan,Scotland,Rahmat Shah,Mohammad Shahzad,MA Leask,1,0,,,,,,,,,
1003273,2016,2016-07-06,"Grange Cricket Club Ground, Raeburn Place",1,27.3,Afghanistan,Scotland,Mohammad Shahzad,Rahmat Shah,MA Leask,0,0,,,,,,,,,
1003273,2016,2016-07-06,"Grange Cricket Club Ground, Raeburn Place",1,27.4,Afghanistan,Scotland,Mohammad Shahzad,Rahmat Shah,MA Leask,1,0,,,,,,,,,
1003273,2016,2016-07-06,"Grange Cricket Club Ground, Raeburn Place",1,27.5,Afghanistan,Scotland,Rahmat Shah,Mohammad Shahzad,MA Leask,3,0,,,,,,,,,
1003273,2016,2016-07-06,"Grange Cricket Club Ground, Raeburn Place",1,27.6,Afghanistan,Scotland,Mohammad Shahzad,Rahmat Shah,MA Leask,1,0,,,,,,,,,
1003273,2016,2016-07-06,"Grange Cricket Club Ground, Raeburn Place",1,28.1,Afghanistan,Scotland,Mohammad Shahzad,Rahmat Shah,SM Sharif,1,0,,,,,,,,,
1003273,2016,2016-07-06,"Grange Cricket Club Ground, Raeburn Place",1,28.2,Afghanistan,Scotland,Rahmat Shah,Mohammad Shahzad,SM Sharif,0,0,,,,,,caught,Rahmat Shah,,
1003273,2016,2016-07-06,"Grange Cricket Club Ground, Raeburn Place",1,28.3,Afghanistan,Scotland,Mohammad Shahzad,Asghar Stanikzai,SM Sharif,4,0,,,,,,,,,
1003273,2016,2016-07-06,"Grange Cricket Club Ground, Raeburn Place",1,28.4,Afghanistan,Scotland,Mohammad Shahzad,Asghar Stanikzai,SM Sharif,2,0,,,,,,,,,
1003273,2016,2016-07-06,"Grange Cricket Club Ground, Raeburn Place",1,28.5,Afghanistan,Scotland,Mohammad Shahzad,Asghar Stanikzai,SM Sharif,4,0,,,,,,,,,
1003273,2016,2016-07-06,"Grange Cricket Club Ground, Raeburn Place",1,28.6,Afghanistan,Scotland,Mohammad Shahzad,Asghar Stanikzai,SM Sharif,0,1,1,,,,,,,,
1003273,2016,2016-07-06,"Grange Cricket Club Ground, Raeburn Place",1,28.7,Afghanistan,Scotland,Mohammad Shahzad,Asghar Stanikzai,SM Sharif,0,0,,,,,,,,,
1003273,2016,2016-07-06,"Grange Cricket Club Ground, Raeburn Place",1,29.1,Afghanistan,Scotland,Asghar Stanikzai,Mohammad Shahzad,RAJ Smith,1,0,,,,,,,,,
1003273,2016,2016-07-06,"Grange Cricket Club Ground, Raeburn Place",1,29.2,Afghanistan,Scotland,Mohammad Shahzad,Asghar Stanikzai,RAJ Smith,0,0,,,,,,caught,Mohammad Shahzad,,
1003273,2016,2016-07-06,"Grange Cricket Club Ground, Raeburn Place",1,29.3,Afghanistan,Scotland,Najibullah Zadran,Asghar Stanikzai,RAJ Smith,0,0,,,,,,,,,
1003273,2016,2016-07-06,"Grange Cricket Club Ground, Raeburn Place",1,29.4,Afghanistan,Scotland,Najibullah Zadran,Asghar Stanikzai,RAJ Smith,0,0,,,,,,,,,
1003273,2016,2016-07-06,"Grange Cricket Club Ground, Raeburn Place",1,29.5,Afghanistan,Scotland,Najibullah Zadran,Asghar Stanikzai,RAJ Smith,1,0,,,,,,,,,
1003273,2016,2016-07-06,"Grange Cricket Club Ground, Raeburn Place",1,29.6,Afghanistan,Scotland,Asghar Stanikzai,Najibullah Zadran,RAJ Smith,0,0,,,,,,,,,
1003273,2016,2016-07-06,"Grange Cricket Club Ground, Raeburn Place",1,30.1,Afghanistan,Scotland,Najibullah Zadran,Asghar Stanikzai,BTJ Wheal,0,0,,,,,,,,,
1003273,2016,2016-07-06,"Grange Cricket Club Ground, Raeburn Place",1,30.2,Afghanistan,Scotland,Najibullah Zadran,Asghar Stanikzai,BTJ Wheal,1,0,,,,,,,,,
1003273,2016,2016-07-06,"Grange Cricket Club Ground, Raeburn Place",1,30.3,Afghanistan,Scotland,Asghar Stanikzai,Najibullah Zadran,BTJ Wheal,1,0,,,,,,,,,
1003273,2016,2016-07-06,"Grange Cricket Club Ground, Raeburn Place",1,30.4,Afghanistan,Scotland,Najibullah Zadran,Asghar Stanikzai,BTJ Wheal,0,1,,1,,,,,,,
1003273,2016,2016-07-06,"Grange Cricket Club Ground, Raeburn Place",1,30.5,Afghanistan,Scotland,Najibullah Zadran,Asghar Stanikzai,BTJ Wheal,2,0,,,,,,,,,
1003273,2016,2016-07-06,"Grange Cricket Club Ground, Raeburn Place",1,30.6,Afghanistan,Scotland,Najibullah Zadran,Asghar Stanikzai,BTJ Wheal,1,0,,,,,,,,,
1003273,2016,2016-07-06,"Grange Cricket Club Ground, Raeburn Place",1,30.7,Afghanistan,Scotland,Asghar Stanikzai,Najibullah Zadran,BTJ Wheal,1,0,,,,,,,,,
1003273,2016,2016-07-06,"Grange Cricket Club Ground, Raeburn Place",1,31.1,Afghanistan,Scotland,Asghar Stanikzai,Najibullah Zadran,RAJ Smith,0,0,,,,,,,,,
1003273,2016,2016-07-06,"Grange Cricket Club Ground, Raeburn Place",1,31.2,Afghanistan,Scotland,Asghar Stanikzai,Najibullah Zadran,RAJ Smith,1,0,,,,,,,,,
1003273,2016,2016-07-06,"Grange Cricket Club Ground, Raeburn Place",1,31.3,Afghanistan,Scotland,Najibullah Zadran,Asghar Stanikzai,RAJ Smith,0,0,,,,,,,,,
1003273,2016,2016-07-06,"Grange Cricket Club Ground, Raeburn Place",1,31.4,Afghanistan,Scotland,Najibullah Zadran,Asghar Stanikzai,RAJ Smith,0,0,,,,,,,,,
1003273,2016,2016-07-06,"Grange Cricket Club Ground, Raeburn Place",1,31.5,Afghanistan,Scotland,Najibullah Zadran,Asghar Stanikzai,RAJ Smith,1,0,,,,,,,,,
1003273,2016,2016-07-06,"Grange Cricket Club Ground, Raeburn Place",1,31.6,Afghanistan,Scotland,Asghar Stanikzai,Najibullah Zadran,RAJ Smith,0,1,1,,,,,,,,
1003273,2016,2016-07-06,"Grange Cricket Club Ground, Raeburn Place",1,31.7,Afghanistan,Scotland,Asghar Stanikzai,Najibullah Zadran,RAJ Smith,0,0,,,,,,,,,
1003273,2016,2016-07-06,"Grange Cricket Club Ground, Raeburn Place",1,32.1,Afghanistan,Scotland,Najibullah Zadran,Asghar Stanikzai,BTJ Wheal,0,0,,,,,,,,,
1003273,2016,2016-07-06,"Grange Cricket Club Ground, Raeburn Place",1,32.2,Afghanistan,Scotland,Najibullah Zadran,Asghar Stanikzai,BTJ Wheal,0,0,,,,,,,,,
1003273,2016,2016-07-06,"Grange Cricket Club Ground, Raeburn Place",1,32.3,Afghanistan,Scotland,Najibullah Zadran,Asghar Stanikzai,BTJ Wheal,0,0,,,,,,,,,
1003273,2016,2016-07-06,"Grange Cricket Club Ground, Raeburn Place",1,32.4,Afghanistan,Scotland,Najibullah Zadran,Asghar Stanikzai,BTJ Wheal,1,0,,,,,,,,,
1003273,2016,2016-07-06,"Grange Cricket Club Ground, Raeburn Place",1,32.5,Afghanistan,Scotland,Asghar Stanikzai,Najibullah Zadran,BTJ Wheal,1,0,,,,,,,,,
1003273,2016,2016-07-06,"Grange Cricket Club Ground, Raeburn Place",1,32.6,Afghanistan,Scotland,Najibullah Zadran,Asghar Stanikzai,BTJ Wheal,0,0,,,,,,,,,
1003273,2016,2016-07-06,"Grange Cricket Club Ground, Raeburn Place",1,33.1,Afghanistan,Scotland,Asghar Stanikzai,Najibullah Zadran,AC Evans,0,0,,,,,,,,,
1003273,2016,2016-07-06,"Grange Cricket Club Ground, Raeburn Place",1,33.2,Afghanistan,Scotland,Asghar Stanikzai,Najibullah Zadran,AC Evans,0,0,,,,,,caught,Asghar Stanikzai,,
1003273,2016,2016-07-06,"Grange Cricket Club Ground, Raeburn Place",1,33.3,Afghanistan,Scotland,Mohammad Nabi,Najibullah Zadran,AC Evans,5,0,,,,,,,,,
1003273,2016,2016-07-06,"Grange Cricket Club Ground, Raeburn Place",1,33.4,Afghanistan,Scotland,Najibullah Zadran,Mohammad Nabi,AC Evans,0,1,1,,,,,,,,
1003273,2016,2016-07-06,"Grange Cricket Club Ground, Raeburn Place",1,33.5,Afghanistan,Scotland,Najibullah Zadran,Mohammad Nabi,AC Evans,0,0,,,,,,,,,
1003273,2016,2016-07-06,"Grange Cricket Club Ground, Raeburn Place",1,33.6,Afghanistan,Scotland,Najibullah Zadran,Mohammad Nabi,AC Evans,0,1,1,,,,,,,,
1003273,2016,2016-07-06,"Grange Cricket Club Ground, Raeburn Place",1,33.7,Afghanistan,Scotland,Najibullah Zadran,Mohammad Nabi,AC Evans,0,1,1,,,,,,,,
1003273,2016,2016-07-06,"Grange Cricket Club Ground, Raeburn Place",1,33.8,Afghanistan,Scotland,Najibullah Zadran,Mohammad Nabi,AC Evans,0,0,,,,,,,,,
1003273,2016,2016-07-06,"Grange Cricket Club Ground, Raeburn Place",1,33.9,Afghanistan,Scotland,Najibullah Zadran,Mohammad Nabi,AC Evans,1,0,,,,,,,,,
1003273,2016,2016-07-06,"Grange Cricket Club Ground, Raeburn Place",1,34.1,Afghanistan,Scotland,Najibullah Zadran,Mohammad Nabi,CD de Lange,1,0,,,,,,,,,
1003273,2016,2016-07-06,"Grange Cricket Club Ground, Raeburn Place",1,34.2,Afghanistan,Scotland,Mohammad Nabi,Najibullah Zadran,CD de Lange,1,0,,,,,,,,,
1003273,2016,2016-07-06,"Grange Cricket Club Ground, Raeburn Place",1,34.3,Afghanistan,Scotland,Najibullah Zadran,Mohammad Nabi,CD de Lange,0,0,,,,,,,,,
1003273,2016,2016-07-06,"Grange Cricket Club Ground, Raeburn Place",1,34.4,Afghanistan,Scotland,Najibullah Zadran,Mohammad Nabi,CD de Lange,1,0,,,,,,,,,
1003273,2016,2016-07-06,"Grange Cricket Club Ground, Raeburn Place",1,34.5,Afghanistan,Scotland,Mohammad Nabi,Najibullah Zadran,CD de Lange,0,0,,,,,,,,,
1003273,2016,2016-07-06,"Grange Cricket Club Ground, Raeburn Place",1,34.6,Afghanistan,Scotland,Mohammad Nabi,Najibullah Zadran,CD de Lange,1,0,,,,,,,,,
1003273,2016,2016-07-06,"Grange Cricket Club Ground, Raeburn Place",1,35.1,Afghanistan,Scotland,Mohammad Nabi,Najibullah Zadran,AC Evans,0,0,,,,,,,,,
1003273,2016,2016-07-06,"Grange Cricket Club Ground, Raeburn Place",1,35.2,Afghanistan,Scotland,Mohammad Nabi,Najibullah Zadran,AC Evans,0,0,,,,,,,,,
1003273,2016,2016-07-06,"Grange Cricket Club Ground, Raeburn Place",1,35.3,Afghanistan,Scotland,Mohammad Nabi,Najibullah Zadran,AC Evans,0,1,,,,1,,,,,
1003273,2016,2016-07-06,"Grange Cricket Club Ground, Raeburn Place",1,35.4,Afghanistan,Scotland,Najibullah Zadran,Mohammad Nabi,AC Evans,0,0,,,,,,,,,
1003273,2016,2016-07-06,"Grange Cricket Club Ground, Raeburn Place",1,35.5,Afghanistan,Scotland,Najibullah Zadran,Mohammad Nabi,AC Evans,1,0,,,,,,,,,
1003273,2016,2016-07-06,"Grange Cricket Club Ground, Raeburn Place",1,35.6,Afghanistan,Scotland,Mohammad Nabi,Najibullah Zadran,AC Evans,0,0,,,,,,,,,
1003273,2016,2016-07-06,"Grange Cricket Club Ground, Raeburn Place",1,36.1,Afghanistan,Scotland,Najibullah Zadran,Mohammad Nabi,BTJ Wheal,0,0,,,,,,caught,Najibullah Zadran,,
1003273,2016,2016-07-06,"Grange Cricket Club Ground, Raeburn Place",1,36.2,Afghanistan,Scotland,Mohammad Nabi,Mirwais Ashraf,BTJ Wheal,0,0,,,,,,,,,
1003273,2016,2016-07-06,"Grange Cricket Club Ground, Raeburn Place",1,36.3,Afghanistan,Scotland,Mohammad Nabi,Mirwais Ashraf,BTJ Wheal,0,0,,,,,,,,,
1003273,2016,2016-07-06,"Grange Cricket Club Ground, Raeburn Place",1,36.4,Afghanistan,Scotland,Mohammad Nabi,Mirwais Ashraf,BTJ Wheal,2,0,,,,,,,,,
1003273,2016,2016-07-06,"Grange Cricket Club Ground, Raeburn Place",1,36.5,Afghanistan,Scotland,Mohammad Nabi,Mirwais Ashraf,BTJ Wheal,1,0,,,,,,,,,
1003273,2016,2016-07-06,"Grange Cricket Club Ground, Raeburn Place",1,36.6,Afghanistan,Scotland,Mirwais Ashraf,Mohammad Nabi,BTJ Wheal,0,0,,,,,,,,,
1003273,2016,2016-07-06,"Grange Cricket Club Ground, Raeburn Place",1,37.1,Afghanistan,Scotland,Mohammad Nabi,Mirwais Ashraf,SM Sharif,4,0,,,,,,,,,
1003273,2016,2016-07-06,"Grange Cricket Club Ground, Raeburn Place",1,37.2,Afghanistan,Scotland,Mohammad Nabi,Mirwais Ashraf,SM Sharif,0,0,,,,,,,,,
1003273,2016,2016-07-06,"Grange Cricket Club Ground, Raeburn Place",2,0.1,Scotland,Afghanistan,KJ Coetzer,CD Wallace,Dawlat Zadran,0,0,,,,,,,,,
1003273,2016,2016-07-06,"Grange Cricket Club Ground, Raeburn Place",2,0.2,Scotland,Afghanistan,KJ Coetzer,CD Wallace,Dawlat Zadran,0,0,,,,,,caught,KJ Coetzer,,
1003273,2016,2016-07-06,"Grange Cricket Club Ground, Raeburn Place",2,0.3,Scotland,Afghanistan,MH Cross,CD Wallace,Dawlat Zadran,0,0,,,,,,,,,
1003273,2016,2016-07-06,"Grange Cricket Club Ground, Raeburn Place",2,0.4,Scotland,Afghanistan,MH Cross,CD Wallace,Dawlat Zadran,0,0,,,,,,,,,
1003273,2016,2016-07-06,"Grange Cricket Club Ground, Raeburn Place",2,0.5,Scotland,Afghanistan,MH Cross,CD Wallace,Dawlat Zadran,1,0,,,,,,,,,
1003273,2016,2016-07-06,"Grange Cricket Club Ground, Raeburn Place",2,0.6,Scotland,Afghanistan,CD Wallace,MH Cross,Dawlat Zadran,6,0,,,,,,,,,
1003273,2016,2016-07-06,"Grange Cricket Club Ground, Raeburn Place",2,1.1,Scotland,Afghanistan,MH Cross,CD Wallace,Shapoor Zadran,0,0,,,,,,,,,
1003273,2016,2016-07-06,"Grange Cricket Club Ground, Raeburn Place",2,1.2,Scotland,Afghanistan,MH Cross,CD Wallace,Shapoor Zadran,0,0,,,,,,,,,
1003273,2016,2016-07-06,"Grange Cricket Club Ground, Raeburn Place",2,1.3,Scotland,Afghanistan,MH Cross,CD Wallace,Shapoor Zadran,2,0,,,,,,,,,
1003273,2016,2016-07-06,"Grange Cricket Club Ground, Raeburn Place",2,1.4,Scotland,Afghanistan,MH Cross,CD Wallace,Shapoor Zadran,0,0,,,,,,,,,
1003273,2016,2016-07-06,"Grange Cricket Club Ground, Raeburn Place",2,1.5,Scotland,Afghanistan,MH Cross,CD Wallace,Shapoor Zadran,1,0,,,,,,,,,
1003273,2016,2016-07-06,"Grange Cricket Club Ground, Raeburn Place",2,1.6,Scotland,Afghanistan,CD Wallace,MH Cross,Shapoor Zadran,4,0,,,,,,,,,
1003273,2016,2016-07-06,"Grange Cricket Club Ground, Raeburn Place",2,2.1,Scotland,Afghanistan,MH Cross,CD Wallace,Dawlat Zadran,4,0,,,,,,,,,
1003273,2016,2016-07-06,"Grange Cricket Club Ground, Raeburn Place",2,2.2,Scotland,Afghanistan,MH Cross,CD Wallace,Dawlat Zadran,0,0,,,,,,,,,
1003273,2016,2016-07-06,"Grange Cricket Club Ground, Raeburn Place",2,2.3,Scotland,Afghanistan,MH Cross,CD Wallace,Dawlat Zadran,0,0,,,,,,,,,
1003273,2016,2016-07-06,"Grange Cricket Club Ground, Raeburn Place",2,2.4,Scotland,Afghanistan,MH Cross,CD Wallace,Dawlat Zadran,0,0,,,,,,,,,
1003273,2016,2016-07-06,"Grange Cricket Club Ground, Raeburn Place",2,2.5,Scotland,Afghanistan,MH Cross,CD Wallace,Dawlat Zadran,0,0,,,,,,,,,
1003273,2016,2016-07-06,"Grange Cricket Club Ground, Raeburn Place",2,2.6,Scotland,Afghanistan,MH Cross,CD Wallace,Dawlat Zadran,0,0,,,,,,,,,
1003273,2016,2016-07-06,"Grange Cricket Club Ground, Raeburn Place",2,3.1,Scotland,Afghanistan,CD Wallace,MH Cross,Shapoor Zadran,0,0,,,,,,,,,
1003273,2016,2016-07-06,"Grange Cricket Club Ground, Raeburn Place",2,3.2,Scotland,Afghanistan,CD Wallace,MH Cross,Shapoor Zadran,6,0,,,,,,,,,
1003273,2016,2016-07-06,"Grange Cricket Club Ground, Raeburn Place",2,3.3,Scotland,Afghanistan,CD Wallace,MH Cross,Shapoor Zadran,4,0,,,,,,,,,
1003273,2016,2016-07-06,"Grange Cricket Club Ground, Raeburn Place",2,3.4,Scotland,Afghanistan,CD Wallace,MH Cross,Shapoor Zadran,1,0,,,,,,,,,
1003273,2016,2016-07-06,"Grange Cricket Club Ground, Raeburn Place",2,3.5,Scotland,Afghanistan,MH Cross,CD Wallace,Shapoor Zadran,0,0,,,,,,,,,
1003273,2016,2016-07-06,"Grange Cricket Club Ground, Raeburn Place",2,3.6,Scotland,Afghanistan,MH Cross,CD Wallace,Shapoor Zadran,6,0,,,,,,,,,
1003273,2016,2016-07-06,"Grange Cricket Club Ground, Raeburn Place",2,4.1,Scotland,Afghanistan,CD Wallace,MH Cross,Dawlat Zadran,0,0,,,,,,,,,
1003273,2016,2016-07-06,"Grange Cricket Club Ground, Raeburn Place",2,4.2,Scotland,Afghanistan,CD Wallace,MH Cross,Dawlat Zadran,0,1,,,,1,,,,,
1003273,2016,2016-07-06,"Grange Cricket Club Ground, Raeburn Place",2,4.3,Scotland,Afghanistan,MH Cross,CD Wallace,Dawlat Zadran,4,0,,,,,,,,,
1003273,2016,2016-07-06,"Grange Cricket Club Ground, Raeburn Place",2,4.4,Scotland,Afghanistan,MH Cross,CD Wallace,Dawlat Zadran,0,0,,,,,,,,,
1003273,2016,2016-07-06,"Grange Cricket Club Ground, Raeburn Place",2,4.5,Scotland,Afghanistan,MH Cross,CD Wallace,Dawlat Zadran,6,0,,,,,,,,,
1003273,2016,2016-07-06,"Grange Cricket Club Ground, Raeburn Place",2,4.6,Scotland,Afghanistan,MH Cross,CD Wallace,Dawlat Zadran,0,0,,,,,,,,,
1003273,2016,2016-07-06,"Grange Cricket Club Ground, Raeburn Place",2,5.1,Scotland,Afghanistan,CD Wallace,MH Cross,Mohammad Nabi,0,1,1,,,,,,,,
1003273,2016,2016-07-06,"Grange Cricket Club Ground, Raeburn Place",2,5.2,Scotland,Afghanistan,CD Wallace,MH Cross,Mohammad Nabi,4,0,,,,,,,,,
1003273,2016,2016-07-06,"Grange Cricket Club Ground, Raeburn Place",2,5.3,Scotland,Afghanistan,CD Wallace,MH Cross,Mohammad Nabi,6,0,,,,,,,,,
1003273,2016,2016-07-06,"Grange Cricket Club Ground, Raeburn Place",2,5.4,Scotland,Afghanistan,CD Wallace,MH Cross,Mohammad Nabi,1,0,,,,,,,,,
1003273,2016,2016-07-06,"Grange Cricket Club Ground, Raeburn Place",2,5.5,Scotland,Afghanistan,MH Cross,CD Wallace,Mohammad Nabi,0,0,,,,,,caught,MH Cross,,
1003273,2016,2016-07-06,"Grange Cricket Club Ground, Raeburn Place",2,5.6,Scotland,Afghanistan,CD Wallace,PL Mommsen,Mohammad Nabi,1,0,,,,,,,,,
1003273,2016,2016-07-06,"Grange Cricket Club Ground, Raeburn Place",2,5.7,Scotland,Afghanistan,PL Mommsen,CD Wallace,Mohammad Nabi,0,0,,,,,,,,,
1003273,2016,2016-07-06,"Grange Cricket Club Ground, Raeburn Place",2,6.1,Scotland,Afghanistan,CD Wallace,PL Mommsen,Rashid Khan,0,0,,,,,,,,,
1003273,2016,2016-07-06,"Grange Cricket Club Ground, Raeburn Place",2,6.2,Scotland,Afghanistan,CD Wallace,PL Mommsen,Rashid Khan,0,0,,,,,,,,,
1003273,2016,2016-07-06,"Grange Cricket Club Ground, Raeburn Place",2,6.3,Scotland,Afghanistan,CD Wallace,PL Mommsen,Rashid Khan,0,0,,,,,,caught and bowled,CD Wallace,,
1003273,2016,2016-07-06,"Grange Cricket Club Ground, Raeburn Place",2,6.4,Scotland,Afghanistan,RD Berrington,PL Mommsen,Rashid Khan,0,0,,,,,,,,,
1003273,2016,2016-07-06,"Grange Cricket Club Ground, Raeburn Place",2,6.5,Scotland,Afghanistan,RD Berrington,PL Mommsen,Rashid Khan,0,1,,,1,,,,,,
1003273,2016,2016-07-06,"Grange Cricket Club Ground, Raeburn Place",2,6.6,Scotland,Afghanistan,PL Mommsen,RD Berrington,Rashid Khan,2,0,,,,,,,,,
1003273,2016,2016-07-06,"Grange Cricket Club Ground, Raeburn Place",2,7.1,Scotland,Afghanistan,RD Berrington,PL Mommsen,Mirwais Ashraf,0,0,,,,,,,,,
1003273,2016,2016-07-06,"Grange Cricket Club Ground, Raeburn Place",2,7.2,Scotland,Afghanistan,RD Berrington,PL Mommsen,Mirwais Ashraf,0,0,,,,,,,,,
1003273,2016,2016-07-06,"Grange Cricket Club Ground, Raeburn Place",2,7.3,Scotland,Afghanistan,RD Berrington,PL Mommsen,Mirwais Ashraf,0,0,,,,,,,,,
1003273,2016,2016-07-06,"Grange Cricket Club Ground, Raeburn Place",2,7.4,Scotland,Afghanistan,RD Berrington,PL Mommsen,Mirwais Ashraf,0,0,,,,,,,,,
1003273,2016,2016-07-06,"Grange Cricket Club Ground, Raeburn Place",2,7.5,Scotland,Afghanistan,RD Berrington,PL Mommsen,Mirwais Ashraf,4,0,,,,,,,,,
1003273,2016,2016-07-06,"Grange Cricket Club Ground, Raeburn Place",2,7.6,Scotland,Afghanistan,RD Berrington,PL Mommsen,Mirwais Ashraf,0,0,,,,,,,,,
1003273,2016,2016-07-06,"Grange Cricket Club Ground, Raeburn Place",2,8.1,Scotland,Afghanistan,PL Mommsen,RD Berrington,Rashid Khan,2,0,,,,,,,,,
1003273,2016,2016-07-06,"Grange Cricket Club Ground, Raeburn Place",2,8.2,Scotland,Afghanistan,PL Mommsen,RD Berrington,Rashid Khan,0,0,,,,,,,,,
1003273,2016,2016-07-06,"Grange Cricket Club Ground, Raeburn Place",2,8.3,Scotland,Afghanistan,PL Mommsen,RD Berrington,Rashid Khan,4,0,,,,,,,,,
1003273,2016,2016-07-06,"Grange Cricket Club Ground, Raeburn Place",2,8.4,Scotland,Afghanistan,PL Mommsen,RD Berrington,Rashid Khan,0,0,,,,,,,,,
1003273,2016,2016-07-06,"Grange Cricket Club Ground, Raeburn Place",2,8.5,Scotland,Afghanistan,PL Mommsen,RD Berrington,Rashid Khan,0,0,,,,,,,,,
1003273,2016,2016-07-06,"Grange Cricket Club Ground, Raeburn Place",2,8.6,Scotland,Afghanistan,PL Mommsen,RD Berrington,Rashid Khan,1,0,,,,,,,,,
1003273,2016,2016-07-06,"Grange Cricket Club Ground, Raeburn Place",2,9.1,Scotland,Afghanistan,PL Mommsen,RD Berrington,Mirwais Ashraf,1,0,,,,,,,,,
1003273,2016,2016-07-06,"Grange Cricket Club Ground, Raeburn Place",2,9.2,Scotland,Afghanistan,RD Berrington,PL Mommsen,Mirwais Ashraf,0,0,,,,,,,,,
1003273,2016,2016-07-06,"Grange Cricket Club Ground, Raeburn Place",2,9.3,Scotland,Afghanistan,RD Berrington,PL Mommsen,Mirwais Ashraf,0,1,,,,1,,,,,
1003273,2016,2016-07-06,"Grange Cricket Club Ground, Raeburn Place",2,9.4,Scotland,Afghanistan,PL Mommsen,RD Berrington,Mirwais Ashraf,0,0,,,,,,,,,
1003273,2016,2016-07-06,"Grange Cricket Club Ground, Raeburn Place",2,9.5,Scotland,Afghanistan,PL Mommsen,RD Berrington,Mirwais Ashraf,1,0,,,,,,,,,
1003273,2016,2016-07-06,"Grange Cricket Club Ground, Raeburn Place",2,9.6,Scotland,Afghanistan,RD Berrington,PL Mommsen,Mirwais Ashraf,1,0,,,,,,,,,
1003273,2016,2016-07-06,"Grange Cricket Club Ground, Raeburn Place",2,10.1,Scotland,Afghanistan,RD Berrington,PL Mommsen,Rashid Khan,0,0,,,,,,,,,
1003273,2016,2016-07-06,"Grange Cricket Club Ground, Raeburn Place",2,10.2,Scotland,Afghanistan,RD Berrington,PL Mommsen,Rashid Khan,0,0,,,,,,,,,
1003273,2016,2016-07-06,"Grange Cricket Club Ground, Raeburn Place",2,10.3,Scotland,Afghanistan,RD Berrington,PL Mommsen,Rashid Khan,1,0,,,,,,,,,
1003273,2016,2016-07-06,"Grange Cricket Club Ground, Raeburn Place",2,10.4,Scotland,Afghanistan,PL Mommsen,RD Berrington,Rashid Khan,0,0,,,,,,,,,
1003273,2016,2016-07-06,"Grange Cricket Club Ground, Raeburn Place",2,10.5,Scotland,Afghanistan,PL Mommsen,RD Berrington,Rashid Khan,1,0,,,,,,,,,
1003273,2016,2016-07-06,"Grange Cricket Club Ground, Raeburn Place",2,10.6,Scotland,Afghanistan,RD Berrington,PL Mommsen,Rashid Khan,1,0,,,,,,,,,
1003273,2016,2016-07-06,"Grange Cricket Club Ground, Raeburn Place",2,11.1,Scotland,Afghanistan,RD Berrington,PL Mommsen,Mirwais Ashraf,2,0,,,,,,,,,
1003273,2016,2016-07-06,"Grange Cricket Club Ground, Raeburn Place",2,11.2,Scotland,Afghanistan,RD Berrington,PL Mommsen,Mirwais Ashraf,1,0,,,,,,,,,
1003273,2016,2016-07-06,"Grange Cricket Club Ground, Raeburn Place",2,11.3,Scotland,Afghanistan,PL Mommsen,RD Berrington,Mirwais Ashraf,0,0,,,,,,,,,
1003273,2016,2016-07-06,"Grange Cricket Club Ground, Raeburn Place",2,11.4,Scotland,Afghanistan,PL Mommsen,RD Berrington,Mirwais Ashraf,1,0,,,,,,,,,
1003273,2016,2016-07-06,"Grange Cricket Club Ground, Raeburn Place",2,11.5,Scotland,Afghanistan,RD Berrington,PL Mommsen,Mirwais Ashraf,1,0,,,,,,,,,
1003273,2016,2016-07-06,"Grange Cricket Club Ground, Raeburn Place",2,11.6,Scotland,Afghanistan,PL Mommsen,RD Berrington,Mirwais Ashraf,0,0,,,,,,,,,
1003273,2016,2016-07-06,"Grange Cricket Club Ground, Raeburn Place",2,12.1,Scotland,Afghanistan,RD Berrington,PL Mommsen,Shapoor Zadran,0,0,,,,,,,,,
1003273,2016,2016-07-06,"Grange Cricket Club Ground, Raeburn Place",2,12.2,Scotland,Afghanistan,RD Berrington,PL Mommsen,Shapoor Zadran,0,0,,,,,,,,,
1003273,2016,2016-07-06,"Grange Cricket Club Ground, Raeburn Place",2,12.3,Scotland,Afghanistan,RD Berrington,PL Mommsen,Shapoor Zadran,1,0,,,,,,,,,
1003273,2016,2016-07-06,"Grange Cricket Club Ground, Raeburn Place",2,12.4,Scotland,Afghanistan,PL Mommsen,RD Berrington,Shapoor Zadran,0,0,,,,,,caught,PL Mommsen,,
1003273,2016,2016-07-06,"Grange Cricket Club Ground, Raeburn Place",2,12.5,Scotland,Afghanistan,RD Berrington,CD de Lange,Shapoor Zadran,0,0,,,,,,,,,
1003273,2016,2016-07-06,"Grange Cricket Club Ground, Raeburn Place",2,12.6,Scotland,Afghanistan,RD Berrington,CD de Lange,Shapoor Zadran,0,0,,,,,,,,,
1003273,2016,2016-07-06,"Grange Cricket Club Ground, Raeburn Place",2,13.1,Scotland,Afghanistan,CD de Lange,RD Berrington,Mirwais Ashraf,0,0,,,,,,,,,
1003273,2016,2016-07-06,"Grange Cricket Club Ground, Raeburn Place",2,13.2,Scotland,Afghanistan,CD de Lange,RD Berrington,Mirwais Ashraf,0,0,,,,,,,,,
1003273,2016,2016-07-06,"Grange Cricket Club Ground, Raeburn Place",2,13.3,Scotland,Afghanistan,CD de Lange,RD Berrington,Mirwais Ashraf,1,0,,,,,,,,,
1003273,2016,2016-07-06,"Grange Cricket Club Ground, Raeburn Place",2,13.4,Scotland,Afghanistan,RD Berrington,CD de Lange,Mirwais Ashraf,0,0,,,,,,,,,
1003273,2016,2016-07-06,"Grange Cricket Club Ground, Raeburn Place",2,13.5,Scotland,Afghanistan,RD Berrington,CD de Lange,Mirwais Ashraf,0,0,,,,,,,,,
1003273,2016,2016-07-06,"Grange Cricket Club Ground, Raeburn Place",2,13.6,Scotland,Afghanistan,RD Berrington,CD de Lange,Mirwais Ashraf,0,0,,,,,,,,,
1003273,2016,2016-07-06,"Grange Cricket Club Ground, Raeburn Place",2,14.1,Scotland,Afghanistan,CD de Lange,RD Berrington,Shapoor Zadran,1,0,,,,,,,,,
1003273,2016,2016-07-06,"Grange Cricket Club Ground, Raeburn Place",2,14.2,Scotland,Afghanistan,RD Berrington,CD de Lange,Shapoor Zadran,0,0,,,,,,,,,
1003273,2016,2016-07-06,"Grange Cricket Club Ground, Raeburn Place",2,14.3,Scotland,Afghanistan,RD Berrington,CD de Lange,Shapoor Zadran,1,0,,,,,,,,,
1003273,2016,2016-07-06,"Grange Cricket Club Ground, Raeburn Place",2,14.4,Scotland,Afghanistan,CD de Lange,RD Berrington,Shapoor Zadran,1,0,,,,,,,,,
1003273,2016,2016-07-06,"Grange Cricket Club Ground, Raeburn Place",2,14.5,Scotland,Afghanistan,RD Berrington,CD de Lange,Shapoor Zadran,0,0,,,,,,,,,
1003273,2016,2016-07-06,"Grange Cricket Club Ground, Raeburn Place",2,14.6,Scotland,Afghanistan,RD Berrington,CD de Lange,Shapoor Zadran,0,0,,,,,,,,,
1003273,2016,2016-07-06,"Grange Cricket Club Ground, Raeburn Place",2,15.1,Scotland,Afghanistan,CD de Lange,RD Berrington,Mohammad Nabi,1,0,,,,,,,,,
1003273,2016,2016-07-06,"Grange Cricket Club Ground, Raeburn Place",2,15.2,Scotland,Afghanistan,RD Berrington,CD de Lange,Mohammad Nabi,0,0,,,,,,,,,
1003273,2016,2016-07-06,"Grange Cricket Club Ground, Raeburn Place",2,15.3,Scotland,Afghanistan,RD Berrington,CD de Lange,Mohammad Nabi,0,0,,,,,,,,,
1003273,2016,2016-07-06,"Grange Cricket Club Ground, Raeburn Place",2,15.4,Scotland,Afghanistan,RD Berrington,CD de Lange,Mohammad Nabi,0,0,,,,,,,,,
1003273,2016,2016-07-06,"Grange Cricket Club Ground, Raeburn Place",2,15.5,Scotland,Afghanistan,RD Berrington,CD de Lange,Mohammad Nabi,1,0,,,,,,,,,
1003273,2016,2016-07-06,"Grange Cricket Club Ground, Raeburn Place",2,15.6,Scotland,Afghanistan,CD de Lange,RD Berrington,Mohammad Nabi,0,0,,,,,,,,,
1003273,2016,2016-07-06,"Grange Cricket Club Ground, Raeburn Place",2,16.1,Scotland,Afghanistan,RD Berrington,CD de Lange,Rashid Khan,1,0,,,,,,,,,
1003273,2016,2016-07-06,"Grange Cricket Club Ground, Raeburn Place",2,16.2,Scotland,Afghanistan,CD de Lange,RD Berrington,Rashid Khan,2,0,,,,,,,,,
1003273,2016,2016-07-06,"Grange Cricket Club Ground, Raeburn Place",2,16.3,Scotland,Afghanistan,CD de Lange,RD Berrington,Rashid Khan,0,0,,,,,,,,,
1003273,2016,2016-07-06,"Grange Cricket Club Ground, Raeburn Place",2,16.4,Scotland,Afghanistan,CD de Lange,RD Berrington,Rashid Khan,0,0,,,,,,,,,
1003273,2016,2016-07-06,"Grange Cricket Club Ground, Raeburn Place",2,16.5,Scotland,Afghanistan,CD de Lange,RD Berrington,Rashid Khan,1,0,,,,,,,,,
1003273,2016,2016-07-06,"Grange Cricket Club Ground, Raeburn Place",2,16.6,Scotland,Afghanistan,RD Berrington,CD de Lange,Rashid Khan,0,0,,,,,,,,,
1003273,2016,2016-07-06,"Grange Cricket Club Ground, Raeburn Place",2,17.1,Scotland,Afghanistan,CD de Lange,RD Berrington,Mohammad Nabi,1,0,,,,,,,,,
1003273,2016,2016-07-06,"Grange Cricket Club Ground, Raeburn Place",2,17.2,Scotland,Afghanistan,RD Berrington,CD de Lange,Mohammad Nabi,4,0,,,,,,,,,
1003273,2016,2016-07-06,"Grange Cricket Club Ground, Raeburn Place",2,17.3,Scotland,Afghanistan,RD Berrington,CD de Lange,Mohammad Nabi,0,0,,,,,,lbw,RD Berrington,,
1003273,2016,2016-07-06,"Grange Cricket Club Ground, Raeburn Place",2,17.4,Scotland,Afghanistan,MA Leask,CD de Lange,Mohammad Nabi,1,0,,,,,,,,,
1003273,2016,2016-07-06,"Grange Cricket Club Ground, Raeburn Place",2,17.5,Scotland,Afghanistan,CD de Lange,MA Leask,Mohammad Nabi,0,0,,,,,,,,,
1003273,2016,2016-07-06,"Grange Cricket Club Ground, Raeburn Place",2,17.6,Scotland,Afghanistan,CD de Lange,MA Leask,Mohammad Nabi,0,0,,,,,,,,,
1003273,2016,2016-07-06,"Grange Cricket Club Ground, Raeburn Place",2,18.1,Scotland,Afghanistan,MA Leask,CD de Lange,Rashid Khan,1,0,,,,,,,,,
1003273,2016,2016-07-06,"Grange Cricket Club Ground, Raeburn Place",2,18.2,Scotland,Afghanistan,CD de Lange,MA Leask,Rashid Khan,1,0,,,,,,,,,
1003273,2016,2016-07-06,"Grange Cricket Club Ground, Raeburn Place",2,18.3,Scotland,Afghanistan,MA Leask,CD de Lange,Rashid Khan,0,0,,,,,,,,,
1003273,2016,2016-07-06,"Grange Cricket Club Ground, Raeburn Place",2,18.4,Scotland,Afghanistan,MA Leask,CD de Lange,Rashid Khan,0,0,,,,,,,,,
1003273,2016,2016-07-06,"Grange Cricket Club Ground, Raeburn Place",2,18.5,Scotland,Afghanistan,MA Leask,CD de Lange,Rashid Khan,1,0,,,,,,,,,
1003273,2016,2016-07-06,"Grange Cricket Club Ground, Raeburn Place",2,18.6,Scotland,Afghanistan,CD de Lange,MA Leask,Rashid Khan,0,0,,,,,,,,,
1003273,2016,2016-07-06,"Grange Cricket Club Ground, Raeburn Place",2,19.1,Scotland,Afghanistan,MA Leask,CD de Lange,Mohammad Nabi,0,0,,,,,,,,,
1003273,2016,2016-07-06,"Grange Cricket Club Ground, Raeburn Place",2,19.2,Scotland,Afghanistan,MA Leask,CD de Lange,Mohammad Nabi,0,0,,,,,,stumped,MA Leask,,
1003273,2016,2016-07-06,"Grange Cricket Club Ground, Raeburn Place",2,19.3,Scotland,Afghanistan,SM Sharif,CD de Lange,Mohammad Nabi,1,0,,,,,,,,,
1003273,2016,2016-07-06,"Grange Cricket Club Ground, Raeburn Place",2,19.4,Scotland,Afghanistan,CD de Lange,SM Sharif,Mohammad Nabi,0,0,,,,,,,,,
1003273,2016,2016-07-06,"Grange Cricket Club Ground, Raeburn Place",2,19.5,Scotland,Afghanistan,CD de Lange,SM Sharif,Mohammad Nabi,1,0,,,,,,,,,
1003273,2016,2016-07-06,"Grange Cricket Club Ground, Raeburn Place",2,19.6,Scotland,Afghanistan,SM Sharif,CD de Lange,Mohammad Nabi,1,0,,,,,,,,,
1003273,2016,2016-07-06,"Grange Cricket Club Ground, Raeburn Place",2,20.1,Scotland,Afghanistan,SM Sharif,CD de Lange,Shapoor Zadran,1,0,,,,,,,,,
1003273,2016,2016-07-06,"Grange Cricket Club Ground, Raeburn Place",2,20.2,Scotland,Afghanistan,CD de Lange,SM Sharif,Shapoor Zadran,0,0,,,,,,,,,
1003273,2016,2016-07-06,"Grange Cricket Club Ground, Raeburn Place",2,20.3,Scotland,Afghanistan,CD de Lange,SM Sharif,Shapoor Zadran,1,0,,,,,,,,,
1003273,2016,2016-07-06,"Grange Cricket Club Ground, Raeburn Place",2,20.4,Scotland,Afghanistan,SM Sharif,CD de Lange,Shapoor Zadran,0,0,,,,,,bowled,SM Sharif,,
1003273,2016,2016-07-06,"Grange Cricket Club Ground, Raeburn Place",2,20.5,Scotland,Afghanistan,RAJ Smith,CD de Lange,Shapoor Zadran,0,0,,,,,,,,,
1003273,2016,2016-07-06,"Grange Cricket Club Ground, Raeburn Place",2,20.6,Scotland,Afghanistan,RAJ Smith,CD de Lange,Shapoor Zadran,0,0,,,,,,,,,
1003273,2016,2016-07-06,"Grange Cricket Club Ground, Raeburn Place",2,21.1,Scotland,Afghanistan,CD de Lange,RAJ Smith,Javed Ahmadi,0,0,,,,,,,,,
1003273,2016,2016-07-06,"Grange Cricket Club Ground, Raeburn Place",2,21.2,Scotland,Afghanistan,CD de Lange,RAJ Smith,Javed Ahmadi,0,0,,,,,,,,,
1003273,2016,2016-07-06,"Grange Cricket Club Ground, Raeburn Place",2,21.3,Scotland,Afghanistan,CD de Lange,RAJ Smith,Javed Ahmadi,0,0,,,,,,,,,
1003273,2016,2016-07-06,"Grange Cricket Club Ground, Raeburn Place",2,21.4,Scotland,Afghanistan,CD de Lange,RAJ Smith,Javed Ahmadi,0,0,,,,,,,,,
1003273,2016,2016-07-06,"Grange Cricket Club Ground, Raeburn Place",2,21.5,Scotland,Afghanistan,CD de Lange,RAJ Smith,Javed Ahmadi,0,0,,,,,,,,,
1003273,2016,2016-07-06,"Grange Cricket Club Ground, Raeburn Place",2,21.6,Scotland,Afghanistan,CD de Lange,RAJ Smith,Javed Ahmadi,1,0,,,,,,,,,
1003273,2016,2016-07-06,"Grange Cricket Club Ground, Raeburn Place",2,22.1,Scotland,Afghanistan,CD de Lange,RAJ Smith,Dawlat Zadran,1,0,,,,,,,,,
1003273,2016,2016-07-06,"Grange Cricket Club Ground, Raeburn Place",2,22.2,Scotland,Afghanistan,RAJ Smith,CD de Lange,Dawlat Zadran,0,0,,,,,,,,,
1003273,2016,2016-07-06,"Grange Cricket Club Ground, Raeburn Place",2,22.3,Scotland,Afghanistan,RAJ Smith,CD de Lange,Dawlat Zadran,4,0,,,,,,,,,
1003273,2016,2016-07-06,"Grange Cricket Club Ground, Raeburn Place",2,22.4,Scotland,Afghanistan,RAJ Smith,CD de Lange,Dawlat Zadran,6,0,,,,,,,,,
1003273,2016,2016-07-06,"Grange Cricket Club Ground, Raeburn Place",2,22.5,Scotland,Afghanistan,RAJ Smith,CD de Lange,Dawlat Zadran,0,0,,,,,,caught,RAJ Smith,,
1003273,2016,2016-07-06,"Grange Cricket Club Ground, Raeburn Place",2,22.6,Scotland,Afghanistan,AC Evans,CD de Lange,Dawlat Zadran,0,0,,,,,,,,,
1003273,2016,2016-07-06,"Grange Cricket Club Ground, Raeburn Place",2,23.1,Scotland,Afghanistan,CD de Lange,AC Evans,Javed Ahmadi,2,0,,,,,,,,,
1003273,2016,2016-07-06,"Grange Cricket Club Ground, Raeburn Place",2,23.2,Scotland,Afghanistan,CD de Lange,AC Evans,Javed Ahmadi,0,0,,,,,,,,,
1003273,2016,2016-07-06,"Grange Cricket Club Ground, Raeburn Place",2,23.3,Scotland,Afghanistan,CD de Lange,AC Evans,Javed Ahmadi,1,0,,,,,,,,,
1003273,2016,2016-07-06,"Grange Cricket Club Ground, Raeburn Place",2,23.4,Scotland,Afghanistan,AC Evans,CD de Lange,Javed Ahmadi,0,0,,,,,,,,,
1003273,2016,2016-07-06,"Grange Cricket Club Ground, Raeburn Place",2,23.5,Scotland,Afghanistan,AC Evans,CD de Lange,Javed Ahmadi,1,0,,,,,,,,,
1003273,2016,2016-07-06,"Grange Cricket Club Ground, Raeburn Place",2,23.6,Scotland,Afghanistan,CD de Lange,AC Evans,Javed Ahmadi,2,0,,,,,,,,,
1003273,2016,2016-07-06,"Grange Cricket Club Ground, Raeburn Place",2,24.1,Scotland,Afghanistan,AC Evans,CD de Lange,Dawlat Zadran,0,0,,,,,,,,,
1003273,2016,2016-07-06,"Grange Cricket Club Ground, Raeburn Place",2,24.2,Scotland,Afghanistan,AC Evans,CD de Lange,Dawlat Zadran,0,0,,,,,,,,,
1003273,2016,2016-07-06,"Grange Cricket Club Ground, Raeburn Place",2,24.3,Scotland,Afghanistan,AC Evans,CD de Lange,Dawlat Zadran,1,0,,,,,,,,,
1003273,2016,2016-07-06,"Grange Cricket Club Ground, Raeburn Place",2,24.4,Scotland,Afghanistan,CD de Lange,AC Evans,Dawlat Zadran,0,0,,,,,,,,,
1003273,2016,2016-07-06,"Grange Cricket Club Ground, Raeburn Place",2,24.5,Scotland,Afghanistan,CD de Lange,AC Evans,Dawlat Zadran,0,0,,,,,,,,,
1003273,2016,2016-07-06,"Grange Cricket Club Ground, Raeburn Place",2,24.6,Scotland,Afghanistan,CD de Lange,AC Evans,Dawlat Zadran,1,0,,,,,,,,,
1003273,2016,2016-07-06,"Grange Cricket Club Ground, Raeburn Place",2,25.1,Scotland,Afghanistan,CD de Lange,AC Evans,Mohammad Nabi,1,0,,,,,,,,,
1003273,2016,2016-07-06,"Grange Cricket Club Ground, Raeburn Place",2,25.2,Scotland,Afghanistan,AC Evans,CD de Lange,Mohammad Nabi,0,0,,,,,,,,,
1003273,2016,2016-07-06,"Grange Cricket Club Ground, Raeburn Place",2,25.3,Scotland,Afghanistan,AC Evans,CD de Lange,Mohammad Nabi,1,0,,,,,,,,,
1003273,2016,2016-07-06,"Grange Cricket Club Ground, Raeburn Place",2,25.4,Scotland,Afghanistan,CD de Lange,AC Evans,Mohammad Nabi,0,0,,,,,,,,,
1003273,2016,2016-07-06,"Grange Cricket Club Ground, Raeburn Place",2,25.5,Scotland,Afghanistan,CD de Lange,AC Evans,Mohammad Nabi,0,0,,,,,,,,,
1003273,2016,2016-07-06,"Grange Cricket Club Ground, Raeburn Place",2,25.6,Scotland,Afghanistan,CD de Lange,AC Evans,Mohammad Nabi,0,0,,,,,,,,,
1003273,2016,2016-07-06,"Grange Cricket Club Ground, Raeburn Place",2,26.1,Scotland,Afghanistan,AC Evans,CD de Lange,Rashid Khan,0,0,,,,,,,,,
1003273,2016,2016-07-06,"Grange Cricket Club Ground, Raeburn Place",2,26.2,Scotland,Afghanistan,AC Evans,CD de Lange,Rashid Khan,0,0,,,,,,,,,
1003273,2016,2016-07-06,"Grange Cricket Club Ground, Raeburn Place",2,26.3,Scotland,Afghanistan,AC Evans,CD de Lange,Rashid Khan,0,0,,,,,,,,,
1003273,2016,2016-07-06,"Grange Cricket Club Ground, Raeburn Place",2,26.4,Scotland,Afghanistan,AC Evans,CD de Lange,Rashid Khan,0,0,,,,,,,,,
1003273,2016,2016-07-06,"Grange Cricket Club Ground, Raeburn Place",2,26.5,Scotland,Afghanistan,AC Evans,CD de Lange,Rashid Khan,0,0,,,,,,lbw,AC Evans,,
1003273,2016,2016-07-06,"Grange Cricket Club Ground, Raeburn Place",2,26.6,Scotland,Afghanistan,BTJ Wheal,CD de Lange,Rashid Khan,0,0,,,,,,,,,
1003273,2016,2016-07-06,"Grange Cricket Club Ground, Raeburn Place",2,27.1,Scotland,Afghanistan,CD de Lange,BTJ Wheal,Mirwais Ashraf,0,0,,,,,,caught,CD de Lange,,
