match_id,season,start_date,venue,innings,ball,batting_team,bowling_team,striker,non_striker,bowler,runs_off_bat,extras,wides,noballs,byes,legbyes,penalty,wicket_type,player_dismissed,other_wicket_type,other_player_dismissed
1003271,2016,2016-07-04,"Grange Cricket Club Ground, Raeburn Place",1,0.1,Afghanistan,Scotland,Mohammad Shahzad,Noor Ali Zadran,BTJ Wheal,0,0,,,,,,,,,
1003271,2016,2016-07-04,"Grange Cricket Club Ground, Raeburn Place",1,0.2,Afghanistan,Scotland,Mohammad Shahzad,Noor Ali Zadran,BTJ Wheal,0,0,,,,,,,,,
1003271,2016,2016-07-04,"Grange Cricket Club Ground, Raeburn Place",1,0.3,Afghanistan,Scotland,Mohammad Shahzad,Noor Ali Zadran,BTJ Wheal,4,0,,,,,,,,,
1003271,2016,2016-07-04,"Grange Cricket Club Ground, Raeburn Place",1,0.4,Afghanistan,Scotland,Mohammad Shahzad,Noor Ali Zadran,BTJ Wheal,0,0,,,,,,,,,
1003271,2016,2016-07-04,"Grange Cricket Club Ground, Raeburn Place",1,0.5,Afghanistan,Scotland,Mohammad Shahzad,Noor Ali Zadran,BTJ Wheal,0,0,,,,,,,,,
1003271,2016,2016-07-04,"Grange Cricket Club Ground, Raeburn Place",1,0.6,Afghanistan,Scotland,Mohammad Shahzad,Noor Ali Zadran,BTJ Wheal,0,0,,,,,,,,,
1003271,2016,2016-07-04,"Grange Cricket Club Ground, Raeburn Place",1,1.1,Afghanistan,Scotland,Noor Ali Zadran,Mohammad Shahzad,AC Evans,0,0,,,,,,,,,
1003271,2016,2016-07-04,"Grange Cricket Club Ground, Raeburn Place",1,1.2,Afghanistan,Scotland,Noor Ali Zadran,Mohammad Shahzad,AC Evans,0,0,,,,,,,,,
1003271,2016,2016-07-04,"Grange Cricket Club Ground, Raeburn Place",1,1.3,Afghanistan,Scotland,Noor Ali Zadran,Mohammad Shahzad,AC Evans,1,0,,,,,,,,,
1003271,2016,2016-07-04,"Grange Cricket Club Ground, Raeburn Place",1,1.4,Afghanistan,Scotland,Mohammad Shahzad,Noor Ali Zadran,AC Evans,2,0,,,,,,,,,
1003271,2016,2016-07-04,"Grange Cricket Club Ground, Raeburn Place",1,1.5,Afghanistan,Scotland,Mohammad Shahzad,Noor Ali Zadran,AC Evans,0,0,,,,,,,,,
1003271,2016,2016-07-04,"Grange Cricket Club Ground, Raeburn Place",1,1.6,Afghanistan,Scotland,Mohammad Shahzad,Noor Ali Zadran,AC Evans,0,0,,,,,,,,,
1003271,2016,2016-07-04,"Grange Cricket Club Ground, Raeburn Place",1,2.1,Afghanistan,Scotland,Noor Ali Zadran,Mohammad Shahzad,BTJ Wheal,0,0,,,,,,caught,Noor Ali Zadran,,
1003271,2016,2016-07-04,"Grange Cricket Club Ground, Raeburn Place",1,2.2,Afghanistan,Scotland,Javed Ahmadi,Mohammad Shahzad,BTJ Wheal,0,0,,,,,,,,,
1003271,2016,2016-07-04,"Grange Cricket Club Ground, Raeburn Place",1,2.3,Afghanistan,Scotland,Javed Ahmadi,Mohammad Shahzad,BTJ Wheal,0,0,,,,,,,,,
1003271,2016,2016-07-04,"Grange Cricket Club Ground, Raeburn Place",1,2.4,Afghanistan,Scotland,Javed Ahmadi,Mohammad Shahzad,BTJ Wheal,0,0,,,,,,,,,
1003271,2016,2016-07-04,"Grange Cricket Club Ground, Raeburn Place",1,2.5,Afghanistan,Scotland,Javed Ahmadi,Mohammad Shahzad,BTJ Wheal,0,0,,,,,,,,,
1003271,2016,2016-07-04,"Grange Cricket Club Ground, Raeburn Place",1,2.6,Afghanistan,Scotland,Javed Ahmadi,Mohammad Shahzad,BTJ Wheal,1,0,,,,,,,,,
1003271,2016,2016-07-04,"Grange Cricket Club Ground, Raeburn Place",1,3.1,Afghanistan,Scotland,Javed Ahmadi,Mohammad Shahzad,AC Evans,0,0,,,,,,,,,
1003271,2016,2016-07-04,"Grange Cricket Club Ground, Raeburn Place",1,3.2,Afghanistan,Scotland,Javed Ahmadi,Mohammad Shahzad,AC Evans,2,0,,,,,,,,,
1003271,2016,2016-07-04,"Grange Cricket Club Ground, Raeburn Place",1,3.3,Afghanistan,Scotland,Javed Ahmadi,Mohammad Shahzad,AC Evans,1,0,,,,,,,,,
1003271,2016,2016-07-04,"Grange Cricket Club Ground, Raeburn Place",1,3.4,Afghanistan,Scotland,Mohammad Shahzad,Javed Ahmadi,AC Evans,0,0,,,,,,,,,
1003271,2016,2016-07-04,"Grange Cricket Club Ground, Raeburn Place",1,3.5,Afghanistan,Scotland,Mohammad Shahzad,Javed Ahmadi,AC Evans,0,0,,,,,,,,,
1003271,2016,2016-07-04,"Grange Cricket Club Ground, Raeburn Place",1,3.6,Afghanistan,Scotland,Mohammad Shahzad,Javed Ahmadi,AC Evans,0,0,,,,,,,,,
1003271,2016,2016-07-04,"Grange Cricket Club Ground, Raeburn Place",1,4.1,Afghanistan,Scotland,Javed Ahmadi,Mohammad Shahzad,BTJ Wheal,0,0,,,,,,,,,
1003271,2016,2016-07-04,"Grange Cricket Club Ground, Raeburn Place",1,4.2,Afghanistan,Scotland,Javed Ahmadi,Mohammad Shahzad,BTJ Wheal,0,0,,,,,,,,,
1003271,2016,2016-07-04,"Grange Cricket Club Ground, Raeburn Place",1,4.3,Afghanistan,Scotland,Javed Ahmadi,Mohammad Shahzad,BTJ Wheal,0,0,,,,,,,,,
1003271,2016,2016-07-04,"Grange Cricket Club Ground, Raeburn Place",1,4.4,Afghanistan,Scotland,Javed Ahmadi,Mohammad Shahzad,BTJ Wheal,0,0,,,,,,,,,
1003271,2016,2016-07-04,"Grange Cricket Club Ground, Raeburn Place",1,4.5,Afghanistan,Scotland,Javed Ahmadi,Mohammad Shahzad,BTJ Wheal,0,0,,,,,,,,,
1003271,2016,2016-07-04,"Grange Cricket Club Ground, Raeburn Place",1,4.6,Afghanistan,Scotland,Javed Ahmadi,Mohammad Shahzad,BTJ Wheal,0,0,,,,,,,,,
1003271,2016,2016-07-04,"Grange Cricket Club Ground, Raeburn Place",1,5.1,Afghanistan,Scotland,Mohammad Shahzad,Javed Ahmadi,AC Evans,2,0,,,,,,,,,
1003271,2016,2016-07-04,"Grange Cricket Club Ground, Raeburn Place",1,5.2,Afghanistan,Scotland,Mohammad Shahzad,Javed Ahmadi,AC Evans,0,0,,,,,,,,,
1003271,2016,2016-07-04,"Grange Cricket Club Ground, Raeburn Place",1,5.3,Afghanistan,Scotland,Mohammad Shahzad,Javed Ahmadi,AC Evans,1,0,,,,,,,,,
1003271,2016,2016-07-04,"Grange Cricket Club Ground, Raeburn Place",1,5.4,Afghanistan,Scotland,Javed Ahmadi,Mohammad Shahzad,AC Evans,0,0,,,,,,,,,
1003271,2016,2016-07-04,"Grange Cricket Club Ground, Raeburn Place",1,5.5,Afghanistan,Scotland,Javed Ahmadi,Mohammad Shahzad,AC Evans,4,0,,,,,,,,,
1003271,2016,2016-07-04,"Grange Cricket Club Ground, Raeburn Place",1,5.6,Afghanistan,Scotland,Javed Ahmadi,Mohammad Shahzad,AC Evans,4,0,,,,,,,,,
1003271,2016,2016-07-04,"Grange Cricket Club Ground, Raeburn Place",1,6.1,Afghanistan,Scotland,Mohammad Shahzad,Javed Ahmadi,BTJ Wheal,4,0,,,,,,,,,
1003271,2016,2016-07-04,"Grange Cricket Club Ground, Raeburn Place",1,6.2,Afghanistan,Scotland,Mohammad Shahzad,Javed Ahmadi,BTJ Wheal,0,0,,,,,,,,,
1003271,2016,2016-07-04,"Grange Cricket Club Ground, Raeburn Place",1,6.3,Afghanistan,Scotland,Mohammad Shahzad,Javed Ahmadi,BTJ Wheal,0,0,,,,,,,,,
1003271,2016,2016-07-04,"Grange Cricket Club Ground, Raeburn Place",1,6.4,Afghanistan,Scotland,Mohammad Shahzad,Javed Ahmadi,BTJ Wheal,1,0,,,,,,,,,
1003271,2016,2016-07-04,"Grange Cricket Club Ground, Raeburn Place",1,6.5,Afghanistan,Scotland,Javed Ahmadi,Mohammad Shahzad,BTJ Wheal,0,0,,,,,,,,,
1003271,2016,2016-07-04,"Grange Cricket Club Ground, Raeburn Place",1,6.6,Afghanistan,Scotland,Javed Ahmadi,Mohammad Shahzad,BTJ Wheal,0,0,,,,,,,,,
1003271,2016,2016-07-04,"Grange Cricket Club Ground, Raeburn Place",1,7.1,Afghanistan,Scotland,Mohammad Shahzad,Javed Ahmadi,AC Evans,4,0,,,,,,,,,
1003271,2016,2016-07-04,"Grange Cricket Club Ground, Raeburn Place",1,7.2,Afghanistan,Scotland,Mohammad Shahzad,Javed Ahmadi,AC Evans,0,0,,,,,,,,,
1003271,2016,2016-07-04,"Grange Cricket Club Ground, Raeburn Place",1,7.3,Afghanistan,Scotland,Mohammad Shahzad,Javed Ahmadi,AC Evans,0,0,,,,,,,,,
1003271,2016,2016-07-04,"Grange Cricket Club Ground, Raeburn Place",1,7.4,Afghanistan,Scotland,Mohammad Shahzad,Javed Ahmadi,AC Evans,4,0,,,,,,,,,
1003271,2016,2016-07-04,"Grange Cricket Club Ground, Raeburn Place",1,7.5,Afghanistan,Scotland,Mohammad Shahzad,Javed Ahmadi,AC Evans,4,0,,,,,,,,,
1003271,2016,2016-07-04,"Grange Cricket Club Ground, Raeburn Place",1,7.6,Afghanistan,Scotland,Mohammad Shahzad,Javed Ahmadi,AC Evans,0,0,,,,,,lbw,Mohammad Shahzad,,
1003271,2016,2016-07-04,"Grange Cricket Club Ground, Raeburn Place",1,8.1,Afghanistan,Scotland,Javed Ahmadi,Rahmat Shah,BTJ Wheal,0,0,,,,,,,,,
1003271,2016,2016-07-04,"Grange Cricket Club Ground, Raeburn Place",1,8.2,Afghanistan,Scotland,Javed Ahmadi,Rahmat Shah,BTJ Wheal,0,1,,1,,,,,,,
1003271,2016,2016-07-04,"Grange Cricket Club Ground, Raeburn Place",1,8.3,Afghanistan,Scotland,Javed Ahmadi,Rahmat Shah,BTJ Wheal,2,0,,,,,,,,,
1003271,2016,2016-07-04,"Grange Cricket Club Ground, Raeburn Place",1,8.4,Afghanistan,Scotland,Javed Ahmadi,Rahmat Shah,BTJ Wheal,0,0,,,,,,,,,
1003271,2016,2016-07-04,"Grange Cricket Club Ground, Raeburn Place",1,8.5,Afghanistan,Scotland,Javed Ahmadi,Rahmat Shah,BTJ Wheal,0,0,,,,,,,,,
1003271,2016,2016-07-04,"Grange Cricket Club Ground, Raeburn Place",1,8.6,Afghanistan,Scotland,Javed Ahmadi,Rahmat Shah,BTJ Wheal,4,0,,,,,,,,,
1003271,2016,2016-07-04,"Grange Cricket Club Ground, Raeburn Place",1,8.7,Afghanistan,Scotland,Javed Ahmadi,Rahmat Shah,BTJ Wheal,0,0,,,,,,,,,
1003271,2016,2016-07-04,"Grange Cricket Club Ground, Raeburn Place",1,9.1,Afghanistan,Scotland,Rahmat Shah,Javed Ahmadi,SM Sharif,0,0,,,,,,,,,
1003271,2016,2016-07-04,"Grange Cricket Club Ground, Raeburn Place",1,9.2,Afghanistan,Scotland,Rahmat Shah,Javed Ahmadi,SM Sharif,1,0,,,,,,,,,
1003271,2016,2016-07-04,"Grange Cricket Club Ground, Raeburn Place",1,9.3,Afghanistan,Scotland,Javed Ahmadi,Rahmat Shah,SM Sharif,0,0,,,,,,,,,
1003271,2016,2016-07-04,"Grange Cricket Club Ground, Raeburn Place",1,9.4,Afghanistan,Scotland,Javed Ahmadi,Rahmat Shah,SM Sharif,0,0,,,,,,,,,
1003271,2016,2016-07-04,"Grange Cricket Club Ground, Raeburn Place",1,9.5,Afghanistan,Scotland,Javed Ahmadi,Rahmat Shah,SM Sharif,0,0,,,,,,,,,
1003271,2016,2016-07-04,"Grange Cricket Club Ground, Raeburn Place",1,9.6,Afghanistan,Scotland,Javed Ahmadi,Rahmat Shah,SM Sharif,4,0,,,,,,,,,
1003271,2016,2016-07-04,"Grange Cricket Club Ground, Raeburn Place",1,10.1,Afghanistan,Scotland,Rahmat Shah,Javed Ahmadi,RAJ Smith,1,0,,,,,,,,,
1003271,2016,2016-07-04,"Grange Cricket Club Ground, Raeburn Place",1,10.2,Afghanistan,Scotland,Javed Ahmadi,Rahmat Shah,RAJ Smith,0,0,,,,,,,,,
1003271,2016,2016-07-04,"Grange Cricket Club Ground, Raeburn Place",1,10.3,Afghanistan,Scotland,Javed Ahmadi,Rahmat Shah,RAJ Smith,1,0,,,,,,,,,
1003271,2016,2016-07-04,"Grange Cricket Club Ground, Raeburn Place",1,10.4,Afghanistan,Scotland,Rahmat Shah,Javed Ahmadi,RAJ Smith,0,0,,,,,,,,,
1003271,2016,2016-07-04,"Grange Cricket Club Ground, Raeburn Place",1,10.5,Afghanistan,Scotland,Rahmat Shah,Javed Ahmadi,RAJ Smith,1,0,,,,,,,,,
1003271,2016,2016-07-04,"Grange Cricket Club Ground, Raeburn Place",1,10.6,Afghanistan,Scotland,Javed Ahmadi,Rahmat Shah,RAJ Smith,1,0,,,,,,,,,
1003271,2016,2016-07-04,"Grange Cricket Club Ground, Raeburn Place",1,11.1,Afghanistan,Scotland,Javed Ahmadi,Rahmat Shah,SM Sharif,0,0,,,,,,,,,
1003271,2016,2016-07-04,"Grange Cricket Club Ground, Raeburn Place",1,11.2,Afghanistan,Scotland,Javed Ahmadi,Rahmat Shah,SM Sharif,0,0,,,,,,,,,
1003271,2016,2016-07-04,"Grange Cricket Club Ground, Raeburn Place",1,11.3,Afghanistan,Scotland,Javed Ahmadi,Rahmat Shah,SM Sharif,0,0,,,,,,,,,
1003271,2016,2016-07-04,"Grange Cricket Club Ground, Raeburn Place",1,11.4,Afghanistan,Scotland,Javed Ahmadi,Rahmat Shah,SM Sharif,0,0,,,,,,,,,
1003271,2016,2016-07-04,"Grange Cricket Club Ground, Raeburn Place",1,11.5,Afghanistan,Scotland,Javed Ahmadi,Rahmat Shah,SM Sharif,1,0,,,,,,,,,
1003271,2016,2016-07-04,"Grange Cricket Club Ground, Raeburn Place",1,11.6,Afghanistan,Scotland,Rahmat Shah,Javed Ahmadi,SM Sharif,0,0,,,,,,,,,
1003271,2016,2016-07-04,"Grange Cricket Club Ground, Raeburn Place",1,12.1,Afghanistan,Scotland,Javed Ahmadi,Rahmat Shah,RAJ Smith,1,0,,,,,,,,,
1003271,2016,2016-07-04,"Grange Cricket Club Ground, Raeburn Place",1,12.2,Afghanistan,Scotland,Rahmat Shah,Javed Ahmadi,RAJ Smith,0,0,,,,,,,,,
1003271,2016,2016-07-04,"Grange Cricket Club Ground, Raeburn Place",1,12.3,Afghanistan,Scotland,Rahmat Shah,Javed Ahmadi,RAJ Smith,0,0,,,,,,,,,
1003271,2016,2016-07-04,"Grange Cricket Club Ground, Raeburn Place",1,12.4,Afghanistan,Scotland,Rahmat Shah,Javed Ahmadi,RAJ Smith,1,0,,,,,,,,,
1003271,2016,2016-07-04,"Grange Cricket Club Ground, Raeburn Place",1,12.5,Afghanistan,Scotland,Javed Ahmadi,Rahmat Shah,RAJ Smith,1,0,,,,,,,,,
1003271,2016,2016-07-04,"Grange Cricket Club Ground, Raeburn Place",1,12.6,Afghanistan,Scotland,Rahmat Shah,Javed Ahmadi,RAJ Smith,0,0,,,,,,,,,
1003271,2016,2016-07-04,"Grange Cricket Club Ground, Raeburn Place",1,13.1,Afghanistan,Scotland,Javed Ahmadi,Rahmat Shah,SM Sharif,0,0,,,,,,,,,
1003271,2016,2016-07-04,"Grange Cricket Club Ground, Raeburn Place",1,13.2,Afghanistan,Scotland,Javed Ahmadi,Rahmat Shah,SM Sharif,0,1,,,,1,,,,,
1003271,2016,2016-07-04,"Grange Cricket Club Ground, Raeburn Place",1,13.3,Afghanistan,Scotland,Rahmat Shah,Javed Ahmadi,SM Sharif,0,0,,,,,,,,,
1003271,2016,2016-07-04,"Grange Cricket Club Ground, Raeburn Place",1,13.4,Afghanistan,Scotland,Rahmat Shah,Javed Ahmadi,SM Sharif,0,0,,,,,,,,,
1003271,2016,2016-07-04,"Grange Cricket Club Ground, Raeburn Place",1,13.5,Afghanistan,Scotland,Rahmat Shah,Javed Ahmadi,SM Sharif,0,0,,,,,,,,,
1003271,2016,2016-07-04,"Grange Cricket Club Ground, Raeburn Place",1,13.6,Afghanistan,Scotland,Rahmat Shah,Javed Ahmadi,SM Sharif,1,0,,,,,,,,,
1003271,2016,2016-07-04,"Grange Cricket Club Ground, Raeburn Place",1,14.1,Afghanistan,Scotland,Rahmat Shah,Javed Ahmadi,RAJ Smith,1,0,,,,,,,,,
1003271,2016,2016-07-04,"Grange Cricket Club Ground, Raeburn Place",1,14.2,Afghanistan,Scotland,Javed Ahmadi,Rahmat Shah,RAJ Smith,1,0,,,,,,,,,
1003271,2016,2016-07-04,"Grange Cricket Club Ground, Raeburn Place",1,14.3,Afghanistan,Scotland,Rahmat Shah,Javed Ahmadi,RAJ Smith,0,0,,,,,,,,,
1003271,2016,2016-07-04,"Grange Cricket Club Ground, Raeburn Place",1,14.4,Afghanistan,Scotland,Rahmat Shah,Javed Ahmadi,RAJ Smith,1,0,,,,,,,,,
1003271,2016,2016-07-04,"Grange Cricket Club Ground, Raeburn Place",1,14.5,Afghanistan,Scotland,Javed Ahmadi,Rahmat Shah,RAJ Smith,0,0,,,,,,,,,
1003271,2016,2016-07-04,"Grange Cricket Club Ground, Raeburn Place",1,14.6,Afghanistan,Scotland,Javed Ahmadi,Rahmat Shah,RAJ Smith,1,0,,,,,,,,,
1003271,2016,2016-07-04,"Grange Cricket Club Ground, Raeburn Place",1,15.1,Afghanistan,Scotland,Javed Ahmadi,Rahmat Shah,CD de Lange,0,0,,,,,,,,,
1003271,2016,2016-07-04,"Grange Cricket Club Ground, Raeburn Place",1,15.2,Afghanistan,Scotland,Javed Ahmadi,Rahmat Shah,CD de Lange,1,0,,,,,,,,,
1003271,2016,2016-07-04,"Grange Cricket Club Ground, Raeburn Place",1,15.3,Afghanistan,Scotland,Rahmat Shah,Javed Ahmadi,CD de Lange,0,0,,,,,,,,,
1003271,2016,2016-07-04,"Grange Cricket Club Ground, Raeburn Place",1,15.4,Afghanistan,Scotland,Rahmat Shah,Javed Ahmadi,CD de Lange,0,0,,,,,,,,,
1003271,2016,2016-07-04,"Grange Cricket Club Ground, Raeburn Place",1,15.5,Afghanistan,Scotland,Rahmat Shah,Javed Ahmadi,CD de Lange,1,0,,,,,,,,,
1003271,2016,2016-07-04,"Grange Cricket Club Ground, Raeburn Place",1,15.6,Afghanistan,Scotland,Javed Ahmadi,Rahmat Shah,CD de Lange,0,0,,,,,,,,,
1003271,2016,2016-07-04,"Grange Cricket Club Ground, Raeburn Place",1,16.1,Afghanistan,Scotland,Rahmat Shah,Javed Ahmadi,RAJ Smith,0,0,,,,,,,,,
1003271,2016,2016-07-04,"Grange Cricket Club Ground, Raeburn Place",1,16.2,Afghanistan,Scotland,Rahmat Shah,Javed Ahmadi,RAJ Smith,1,0,,,,,,,,,
1003271,2016,2016-07-04,"Grange Cricket Club Ground, Raeburn Place",1,16.3,Afghanistan,Scotland,Javed Ahmadi,Rahmat Shah,RAJ Smith,4,0,,,,,,,,,
1003271,2016,2016-07-04,"Grange Cricket Club Ground, Raeburn Place",1,16.4,Afghanistan,Scotland,Javed Ahmadi,Rahmat Shah,RAJ Smith,1,0,,,,,,,,,
1003271,2016,2016-07-04,"Grange Cricket Club Ground, Raeburn Place",1,16.5,Afghanistan,Scotland,Rahmat Shah,Javed Ahmadi,RAJ Smith,0,0,,,,,,,,,
1003271,2016,2016-07-04,"Grange Cricket Club Ground, Raeburn Place",1,16.6,Afghanistan,Scotland,Rahmat Shah,Javed Ahmadi,RAJ Smith,4,0,,,,,,,,,
1003271,2016,2016-07-04,"Grange Cricket Club Ground, Raeburn Place",1,17.1,Afghanistan,Scotland,Javed Ahmadi,Rahmat Shah,CD de Lange,0,0,,,,,,,,,
1003271,2016,2016-07-04,"Grange Cricket Club Ground, Raeburn Place",1,17.2,Afghanistan,Scotland,Javed Ahmadi,Rahmat Shah,CD de Lange,0,0,,,,,,,,,
1003271,2016,2016-07-04,"Grange Cricket Club Ground, Raeburn Place",1,17.3,Afghanistan,Scotland,Javed Ahmadi,Rahmat Shah,CD de Lange,0,0,,,,,,,,,
1003271,2016,2016-07-04,"Grange Cricket Club Ground, Raeburn Place",1,17.4,Afghanistan,Scotland,Javed Ahmadi,Rahmat Shah,CD de Lange,1,0,,,,,,,,,
1003271,2016,2016-07-04,"Grange Cricket Club Ground, Raeburn Place",1,17.5,Afghanistan,Scotland,Rahmat Shah,Javed Ahmadi,CD de Lange,1,0,,,,,,,,,
1003271,2016,2016-07-04,"Grange Cricket Club Ground, Raeburn Place",1,17.6,Afghanistan,Scotland,Javed Ahmadi,Rahmat Shah,CD de Lange,0,0,,,,,,,,,
1003271,2016,2016-07-04,"Grange Cricket Club Ground, Raeburn Place",1,18.1,Afghanistan,Scotland,Rahmat Shah,Javed Ahmadi,AC Evans,0,0,,,,,,,,,
1003271,2016,2016-07-04,"Grange Cricket Club Ground, Raeburn Place",1,18.2,Afghanistan,Scotland,Rahmat Shah,Javed Ahmadi,AC Evans,0,0,,,,,,,,,
1003271,2016,2016-07-04,"Grange Cricket Club Ground, Raeburn Place",1,18.3,Afghanistan,Scotland,Rahmat Shah,Javed Ahmadi,AC Evans,0,0,,,,,,,,,
1003271,2016,2016-07-04,"Grange Cricket Club Ground, Raeburn Place",1,18.4,Afghanistan,Scotland,Rahmat Shah,Javed Ahmadi,AC Evans,0,0,,,,,,,,,
1003271,2016,2016-07-04,"Grange Cricket Club Ground, Raeburn Place",1,18.5,Afghanistan,Scotland,Rahmat Shah,Javed Ahmadi,AC Evans,4,0,,,,,,,,,
1003271,2016,2016-07-04,"Grange Cricket Club Ground, Raeburn Place",1,18.6,Afghanistan,Scotland,Rahmat Shah,Javed Ahmadi,AC Evans,0,0,,,,,,,,,
1003271,2016,2016-07-04,"Grange Cricket Club Ground, Raeburn Place",1,19.1,Afghanistan,Scotland,Javed Ahmadi,Rahmat Shah,CD de Lange,1,0,,,,,,,,,
1003271,2016,2016-07-04,"Grange Cricket Club Ground, Raeburn Place",1,19.2,Afghanistan,Scotland,Rahmat Shah,Javed Ahmadi,CD de Lange,1,0,,,,,,,,,
1003271,2016,2016-07-04,"Grange Cricket Club Ground, Raeburn Place",1,19.3,Afghanistan,Scotland,Javed Ahmadi,Rahmat Shah,CD de Lange,1,0,,,,,,,,,
1003271,2016,2016-07-04,"Grange Cricket Club Ground, Raeburn Place",1,19.4,Afghanistan,Scotland,Rahmat Shah,Javed Ahmadi,CD de Lange,0,0,,,,,,,,,
1003271,2016,2016-07-04,"Grange Cricket Club Ground, Raeburn Place",1,19.5,Afghanistan,Scotland,Rahmat Shah,Javed Ahmadi,CD de Lange,0,0,,,,,,,,,
1003271,2016,2016-07-04,"Grange Cricket Club Ground, Raeburn Place",1,19.6,Afghanistan,Scotland,Rahmat Shah,Javed Ahmadi,CD de Lange,1,0,,,,,,,,,
1003271,2016,2016-07-04,"Grange Cricket Club Ground, Raeburn Place",1,20.1,Afghanistan,Scotland,Rahmat Shah,Javed Ahmadi,AC Evans,2,0,,,,,,,,,
1003271,2016,2016-07-04,"Grange Cricket Club Ground, Raeburn Place",1,20.2,Afghanistan,Scotland,Rahmat Shah,Javed Ahmadi,AC Evans,0,0,,,,,,,,,
1003271,2016,2016-07-04,"Grange Cricket Club Ground, Raeburn Place",1,20.3,Afghanistan,Scotland,Rahmat Shah,Javed Ahmadi,AC Evans,0,0,,,,,,,,,
1003271,2016,2016-07-04,"Grange Cricket Club Ground, Raeburn Place",1,20.4,Afghanistan,Scotland,Rahmat Shah,Javed Ahmadi,AC Evans,0,0,,,,,,,,,
1003271,2016,2016-07-04,"Grange Cricket Club Ground, Raeburn Place",1,20.5,Afghanistan,Scotland,Rahmat Shah,Javed Ahmadi,AC Evans,0,0,,,,,,,,,
1003271,2016,2016-07-04,"Grange Cricket Club Ground, Raeburn Place",1,20.6,Afghanistan,Scotland,Rahmat Shah,Javed Ahmadi,AC Evans,0,0,,,,,,,,,
1003271,2016,2016-07-04,"Grange Cricket Club Ground, Raeburn Place",1,21.1,Afghanistan,Scotland,Javed Ahmadi,Rahmat Shah,CD de Lange,1,0,,,,,,,,,
1003271,2016,2016-07-04,"Grange Cricket Club Ground, Raeburn Place",1,21.2,Afghanistan,Scotland,Rahmat Shah,Javed Ahmadi,CD de Lange,0,0,,,,,,,,,
1003271,2016,2016-07-04,"Grange Cricket Club Ground, Raeburn Place",1,21.3,Afghanistan,Scotland,Rahmat Shah,Javed Ahmadi,CD de Lange,0,0,,,,,,,,,
1003271,2016,2016-07-04,"Grange Cricket Club Ground, Raeburn Place",1,21.4,Afghanistan,Scotland,Rahmat Shah,Javed Ahmadi,CD de Lange,1,0,,,,,,,,,
1003271,2016,2016-07-04,"Grange Cricket Club Ground, Raeburn Place",1,21.5,Afghanistan,Scotland,Javed Ahmadi,Rahmat Shah,CD de Lange,0,0,,,,,,,,,
1003271,2016,2016-07-04,"Grange Cricket Club Ground, Raeburn Place",1,21.6,Afghanistan,Scotland,Javed Ahmadi,Rahmat Shah,CD de Lange,0,0,,,,,,,,,
1003271,2016,2016-07-04,"Grange Cricket Club Ground, Raeburn Place",1,22.1,Afghanistan,Scotland,Rahmat Shah,Javed Ahmadi,SM Sharif,0,0,,,,,,,,,
1003271,2016,2016-07-04,"Grange Cricket Club Ground, Raeburn Place",1,22.2,Afghanistan,Scotland,Rahmat Shah,Javed Ahmadi,SM Sharif,0,0,,,,,,,,,
1003271,2016,2016-07-04,"Grange Cricket Club Ground, Raeburn Place",1,22.3,Afghanistan,Scotland,Rahmat Shah,Javed Ahmadi,SM Sharif,0,0,,,,,,,,,
1003271,2016,2016-07-04,"Grange Cricket Club Ground, Raeburn Place",1,22.4,Afghanistan,Scotland,Rahmat Shah,Javed Ahmadi,SM Sharif,1,0,,,,,,,,,
1003271,2016,2016-07-04,"Grange Cricket Club Ground, Raeburn Place",1,22.5,Afghanistan,Scotland,Javed Ahmadi,Rahmat Shah,SM Sharif,0,0,,,,,,bowled,Javed Ahmadi,,
1003271,2016,2016-07-04,"Grange Cricket Club Ground, Raeburn Place",1,22.6,Afghanistan,Scotland,Asghar Stanikzai,Rahmat Shah,SM Sharif,1,0,,,,,,,,,
1003271,2016,2016-07-04,"Grange Cricket Club Ground, Raeburn Place",1,23.1,Afghanistan,Scotland,Asghar Stanikzai,Rahmat Shah,CD de Lange,1,0,,,,,,,,,
1003271,2016,2016-07-04,"Grange Cricket Club Ground, Raeburn Place",1,23.2,Afghanistan,Scotland,Rahmat Shah,Asghar Stanikzai,CD de Lange,0,0,,,,,,,,,
1003271,2016,2016-07-04,"Grange Cricket Club Ground, Raeburn Place",1,23.3,Afghanistan,Scotland,Rahmat Shah,Asghar Stanikzai,CD de Lange,0,0,,,,,,,,,
1003271,2016,2016-07-04,"Grange Cricket Club Ground, Raeburn Place",1,23.4,Afghanistan,Scotland,Rahmat Shah,Asghar Stanikzai,CD de Lange,0,0,,,,,,,,,
1003271,2016,2016-07-04,"Grange Cricket Club Ground, Raeburn Place",1,23.5,Afghanistan,Scotland,Rahmat Shah,Asghar Stanikzai,CD de Lange,0,0,,,,,,,,,
1003271,2016,2016-07-04,"Grange Cricket Club Ground, Raeburn Place",1,23.6,Afghanistan,Scotland,Rahmat Shah,Asghar Stanikzai,CD de Lange,2,0,,,,,,,,,
1003271,2016,2016-07-04,"Grange Cricket Club Ground, Raeburn Place",1,24.1,Afghanistan,Scotland,Asghar Stanikzai,Rahmat Shah,SM Sharif,0,0,,,,,,,,,
1003271,2016,2016-07-04,"Grange Cricket Club Ground, Raeburn Place",1,24.2,Afghanistan,Scotland,Asghar Stanikzai,Rahmat Shah,SM Sharif,0,0,,,,,,,,,
1003271,2016,2016-07-04,"Grange Cricket Club Ground, Raeburn Place",1,24.3,Afghanistan,Scotland,Asghar Stanikzai,Rahmat Shah,SM Sharif,0,0,,,,,,,,,
1003271,2016,2016-07-04,"Grange Cricket Club Ground, Raeburn Place",1,24.4,Afghanistan,Scotland,Asghar Stanikzai,Rahmat Shah,SM Sharif,4,0,,,,,,,,,
1003271,2016,2016-07-04,"Grange Cricket Club Ground, Raeburn Place",1,24.5,Afghanistan,Scotland,Asghar Stanikzai,Rahmat Shah,SM Sharif,1,0,,,,,,,,,
1003271,2016,2016-07-04,"Grange Cricket Club Ground, Raeburn Place",1,24.6,Afghanistan,Scotland,Rahmat Shah,Asghar Stanikzai,SM Sharif,1,0,,,,,,,,,
1003271,2016,2016-07-04,"Grange Cricket Club Ground, Raeburn Place",1,25.1,Afghanistan,Scotland,Rahmat Shah,Asghar Stanikzai,MA Leask,1,0,,,,,,,,,
1003271,2016,2016-07-04,"Grange Cricket Club Ground, Raeburn Place",1,25.2,Afghanistan,Scotland,Asghar Stanikzai,Rahmat Shah,MA Leask,1,0,,,,,,,,,
1003271,2016,2016-07-04,"Grange Cricket Club Ground, Raeburn Place",1,25.3,Afghanistan,Scotland,Rahmat Shah,Asghar Stanikzai,MA Leask,0,0,,,,,,,,,
1003271,2016,2016-07-04,"Grange Cricket Club Ground, Raeburn Place",1,25.4,Afghanistan,Scotland,Rahmat Shah,Asghar Stanikzai,MA Leask,1,0,,,,,,,,,
1003271,2016,2016-07-04,"Grange Cricket Club Ground, Raeburn Place",1,25.5,Afghanistan,Scotland,Asghar Stanikzai,Rahmat Shah,MA Leask,2,0,,,,,,,,,
1003271,2016,2016-07-04,"Grange Cricket Club Ground, Raeburn Place",1,25.6,Afghanistan,Scotland,Asghar Stanikzai,Rahmat Shah,MA Leask,4,0,,,,,,,,,
1003271,2016,2016-07-04,"Grange Cricket Club Ground, Raeburn Place",1,26.1,Afghanistan,Scotland,Rahmat Shah,Asghar Stanikzai,SM Sharif,0,0,,,,,,,,,
1003271,2016,2016-07-04,"Grange Cricket Club Ground, Raeburn Place",1,26.2,Afghanistan,Scotland,Rahmat Shah,Asghar Stanikzai,SM Sharif,0,0,,,,,,,,,
1003271,2016,2016-07-04,"Grange Cricket Club Ground, Raeburn Place",1,26.3,Afghanistan,Scotland,Rahmat Shah,Asghar Stanikzai,SM Sharif,2,0,,,,,,,,,
1003271,2016,2016-07-04,"Grange Cricket Club Ground, Raeburn Place",1,26.4,Afghanistan,Scotland,Rahmat Shah,Asghar Stanikzai,SM Sharif,0,0,,,,,,,,,
1003271,2016,2016-07-04,"Grange Cricket Club Ground, Raeburn Place",1,26.5,Afghanistan,Scotland,Rahmat Shah,Asghar Stanikzai,SM Sharif,1,0,,,,,,,,,
1003271,2016,2016-07-04,"Grange Cricket Club Ground, Raeburn Place",1,26.6,Afghanistan,Scotland,Asghar Stanikzai,Rahmat Shah,SM Sharif,1,0,,,,,,,,,
1003271,2016,2016-07-04,"Grange Cricket Club Ground, Raeburn Place",1,27.1,Afghanistan,Scotland,Asghar Stanikzai,Rahmat Shah,RAJ Smith,1,0,,,,,,,,,
1003271,2016,2016-07-04,"Grange Cricket Club Ground, Raeburn Place",1,27.2,Afghanistan,Scotland,Rahmat Shah,Asghar Stanikzai,RAJ Smith,0,0,,,,,,,,,
1003271,2016,2016-07-04,"Grange Cricket Club Ground, Raeburn Place",1,27.3,Afghanistan,Scotland,Rahmat Shah,Asghar Stanikzai,RAJ Smith,0,0,,,,,,,,,
1003271,2016,2016-07-04,"Grange Cricket Club Ground, Raeburn Place",1,27.4,Afghanistan,Scotland,Rahmat Shah,Asghar Stanikzai,RAJ Smith,1,0,,,,,,,,,
1003271,2016,2016-07-04,"Grange Cricket Club Ground, Raeburn Place",1,27.5,Afghanistan,Scotland,Asghar Stanikzai,Rahmat Shah,RAJ Smith,1,0,,,,,,,,,
1003271,2016,2016-07-04,"Grange Cricket Club Ground, Raeburn Place",1,27.6,Afghanistan,Scotland,Rahmat Shah,Asghar Stanikzai,RAJ Smith,1,0,,,,,,,,,
1003271,2016,2016-07-04,"Grange Cricket Club Ground, Raeburn Place",1,28.1,Afghanistan,Scotland,Rahmat Shah,Asghar Stanikzai,SM Sharif,1,0,,,,,,,,,
1003271,2016,2016-07-04,"Grange Cricket Club Ground, Raeburn Place",1,28.2,Afghanistan,Scotland,Asghar Stanikzai,Rahmat Shah,SM Sharif,1,0,,,,,,,,,
1003271,2016,2016-07-04,"Grange Cricket Club Ground, Raeburn Place",1,28.3,Afghanistan,Scotland,Rahmat Shah,Asghar Stanikzai,SM Sharif,0,0,,,,,,,,,
1003271,2016,2016-07-04,"Grange Cricket Club Ground, Raeburn Place",1,28.4,Afghanistan,Scotland,Rahmat Shah,Asghar Stanikzai,SM Sharif,0,0,,,,,,,,,
1003271,2016,2016-07-04,"Grange Cricket Club Ground, Raeburn Place",1,28.5,Afghanistan,Scotland,Rahmat Shah,Asghar Stanikzai,SM Sharif,1,0,,,,,,,,,
1003271,2016,2016-07-04,"Grange Cricket Club Ground, Raeburn Place",1,28.6,Afghanistan,Scotland,Asghar Stanikzai,Rahmat Shah,SM Sharif,1,0,,,,,,,,,
1003271,2016,2016-07-04,"Grange Cricket Club Ground, Raeburn Place",1,29.1,Afghanistan,Scotland,Asghar Stanikzai,Rahmat Shah,RAJ Smith,0,0,,,,,,,,,
1003271,2016,2016-07-04,"Grange Cricket Club Ground, Raeburn Place",1,29.2,Afghanistan,Scotland,Asghar Stanikzai,Rahmat Shah,RAJ Smith,0,0,,,,,,,,,
1003271,2016,2016-07-04,"Grange Cricket Club Ground, Raeburn Place",1,29.3,Afghanistan,Scotland,Asghar Stanikzai,Rahmat Shah,RAJ Smith,0,0,,,,,,,,,
1003271,2016,2016-07-04,"Grange Cricket Club Ground, Raeburn Place",1,29.4,Afghanistan,Scotland,Asghar Stanikzai,Rahmat Shah,RAJ Smith,1,0,,,,,,,,,
1003271,2016,2016-07-04,"Grange Cricket Club Ground, Raeburn Place",1,29.5,Afghanistan,Scotland,Rahmat Shah,Asghar Stanikzai,RAJ Smith,0,0,,,,,,,,,
1003271,2016,2016-07-04,"Grange Cricket Club Ground, Raeburn Place",1,29.6,Afghanistan,Scotland,Rahmat Shah,Asghar Stanikzai,RAJ Smith,1,0,,,,,,,,,
1003271,2016,2016-07-04,"Grange Cricket Club Ground, Raeburn Place",1,30.1,Afghanistan,Scotland,Rahmat Shah,Asghar Stanikzai,BTJ Wheal,1,0,,,,,,,,,
1003271,2016,2016-07-04,"Grange Cricket Club Ground, Raeburn Place",1,30.2,Afghanistan,Scotland,Asghar Stanikzai,Rahmat Shah,BTJ Wheal,0,0,,,,,,caught,Asghar Stanikzai,,
1003271,2016,2016-07-04,"Grange Cricket Club Ground, Raeburn Place",1,30.3,Afghanistan,Scotland,Rahmat Shah,Najibullah Zadran,BTJ Wheal,0,1,1,,,,,,,,
1003271,2016,2016-07-04,"Grange Cricket Club Ground, Raeburn Place",1,30.4,Afghanistan,Scotland,Rahmat Shah,Najibullah Zadran,BTJ Wheal,0,0,,,,,,,,,
1003271,2016,2016-07-04,"Grange Cricket Club Ground, Raeburn Place",1,30.5,Afghanistan,Scotland,Rahmat Shah,Najibullah Zadran,BTJ Wheal,2,0,,,,,,,,,
1003271,2016,2016-07-04,"Grange Cricket Club Ground, Raeburn Place",1,30.6,Afghanistan,Scotland,Rahmat Shah,Najibullah Zadran,BTJ Wheal,0,0,,,,,,,,,
1003271,2016,2016-07-04,"Grange Cricket Club Ground, Raeburn Place",1,30.7,Afghanistan,Scotland,Rahmat Shah,Najibullah Zadran,BTJ Wheal,0,0,,,,,,,,,
1003271,2016,2016-07-04,"Grange Cricket Club Ground, Raeburn Place",1,31.1,Afghanistan,Scotland,Najibullah Zadran,Rahmat Shah,AC Evans,0,0,,,,,,,,,
1003271,2016,2016-07-04,"Grange Cricket Club Ground, Raeburn Place",1,31.2,Afghanistan,Scotland,Najibullah Zadran,Rahmat Shah,AC Evans,0,0,,,,,,,,,
1003271,2016,2016-07-04,"Grange Cricket Club Ground, Raeburn Place",1,31.3,Afghanistan,Scotland,Najibullah Zadran,Rahmat Shah,AC Evans,4,0,,,,,,,,,
1003271,2016,2016-07-04,"Grange Cricket Club Ground, Raeburn Place",1,31.4,Afghanistan,Scotland,Najibullah Zadran,Rahmat Shah,AC Evans,1,0,,,,,,,,,
1003271,2016,2016-07-04,"Grange Cricket Club Ground, Raeburn Place",1,31.5,Afghanistan,Scotland,Rahmat Shah,Najibullah Zadran,AC Evans,0,0,,,,,,,,,
1003271,2016,2016-07-04,"Grange Cricket Club Ground, Raeburn Place",1,31.6,Afghanistan,Scotland,Rahmat Shah,Najibullah Zadran,AC Evans,1,0,,,,,,,,,
1003271,2016,2016-07-04,"Grange Cricket Club Ground, Raeburn Place",1,32.1,Afghanistan,Scotland,Rahmat Shah,Najibullah Zadran,BTJ Wheal,0,0,,,,,,,,,
1003271,2016,2016-07-04,"Grange Cricket Club Ground, Raeburn Place",1,32.2,Afghanistan,Scotland,Rahmat Shah,Najibullah Zadran,BTJ Wheal,0,0,,,,,,,,,
1003271,2016,2016-07-04,"Grange Cricket Club Ground, Raeburn Place",1,32.3,Afghanistan,Scotland,Rahmat Shah,Najibullah Zadran,BTJ Wheal,0,0,,,,,,,,,
1003271,2016,2016-07-04,"Grange Cricket Club Ground, Raeburn Place",1,32.4,Afghanistan,Scotland,Rahmat Shah,Najibullah Zadran,BTJ Wheal,1,0,,,,,,,,,
1003271,2016,2016-07-04,"Grange Cricket Club Ground, Raeburn Place",1,32.5,Afghanistan,Scotland,Najibullah Zadran,Rahmat Shah,BTJ Wheal,4,0,,,,,,,,,
1003271,2016,2016-07-04,"Grange Cricket Club Ground, Raeburn Place",1,32.6,Afghanistan,Scotland,Najibullah Zadran,Rahmat Shah,BTJ Wheal,0,0,,,,,,,,,
1003271,2016,2016-07-04,"Grange Cricket Club Ground, Raeburn Place",1,33.1,Afghanistan,Scotland,Rahmat Shah,Najibullah Zadran,MA Leask,0,0,,,,,,,,,
1003271,2016,2016-07-04,"Grange Cricket Club Ground, Raeburn Place",1,33.2,Afghanistan,Scotland,Rahmat Shah,Najibullah Zadran,MA Leask,1,0,,,,,,,,,
1003271,2016,2016-07-04,"Grange Cricket Club Ground, Raeburn Place",1,33.3,Afghanistan,Scotland,Najibullah Zadran,Rahmat Shah,MA Leask,1,0,,,,,,,,,
1003271,2016,2016-07-04,"Grange Cricket Club Ground, Raeburn Place",1,33.4,Afghanistan,Scotland,Rahmat Shah,Najibullah Zadran,MA Leask,1,0,,,,,,,,,
1003271,2016,2016-07-04,"Grange Cricket Club Ground, Raeburn Place",1,33.5,Afghanistan,Scotland,Najibullah Zadran,Rahmat Shah,MA Leask,0,0,,,,,,,,,
1003271,2016,2016-07-04,"Grange Cricket Club Ground, Raeburn Place",1,33.6,Afghanistan,Scotland,Najibullah Zadran,Rahmat Shah,MA Leask,0,0,,,,,,,,,
1003271,2016,2016-07-04,"Grange Cricket Club Ground, Raeburn Place",1,34.1,Afghanistan,Scotland,Rahmat Shah,Najibullah Zadran,CD de Lange,4,0,,,,,,,,,
1003271,2016,2016-07-04,"Grange Cricket Club Ground, Raeburn Place",1,34.2,Afghanistan,Scotland,Rahmat Shah,Najibullah Zadran,CD de Lange,4,0,,,,,,,,,
1003271,2016,2016-07-04,"Grange Cricket Club Ground, Raeburn Place",1,34.3,Afghanistan,Scotland,Rahmat Shah,Najibullah Zadran,CD de Lange,0,0,,,,,,,,,
1003271,2016,2016-07-04,"Grange Cricket Club Ground, Raeburn Place",1,34.4,Afghanistan,Scotland,Rahmat Shah,Najibullah Zadran,CD de Lange,0,0,,,,,,,,,
1003271,2016,2016-07-04,"Grange Cricket Club Ground, Raeburn Place",1,34.5,Afghanistan,Scotland,Rahmat Shah,Najibullah Zadran,CD de Lange,0,1,,,,1,,,,,
1003271,2016,2016-07-04,"Grange Cricket Club Ground, Raeburn Place",1,34.6,Afghanistan,Scotland,Najibullah Zadran,Rahmat Shah,CD de Lange,0,0,,,,,,,,,
1003271,2016,2016-07-04,"Grange Cricket Club Ground, Raeburn Place",1,35.1,Afghanistan,Scotland,Rahmat Shah,Najibullah Zadran,MA Leask,1,0,,,,,,,,,
1003271,2016,2016-07-04,"Grange Cricket Club Ground, Raeburn Place",1,35.2,Afghanistan,Scotland,Najibullah Zadran,Rahmat Shah,MA Leask,4,0,,,,,,,,,
1003271,2016,2016-07-04,"Grange Cricket Club Ground, Raeburn Place",1,35.3,Afghanistan,Scotland,Najibullah Zadran,Rahmat Shah,MA Leask,0,0,,,,,,,,,
1003271,2016,2016-07-04,"Grange Cricket Club Ground, Raeburn Place",1,35.4,Afghanistan,Scotland,Najibullah Zadran,Rahmat Shah,MA Leask,0,0,,,,,,,,,
1003271,2016,2016-07-04,"Grange Cricket Club Ground, Raeburn Place",1,35.5,Afghanistan,Scotland,Najibullah Zadran,Rahmat Shah,MA Leask,0,0,,,,,,,,,
1003271,2016,2016-07-04,"Grange Cricket Club Ground, Raeburn Place",1,35.6,Afghanistan,Scotland,Najibullah Zadran,Rahmat Shah,MA Leask,1,0,,,,,,,,,
1003271,2016,2016-07-04,"Grange Cricket Club Ground, Raeburn Place",1,36.1,Afghanistan,Scotland,Najibullah Zadran,Rahmat Shah,CD de Lange,1,0,,,,,,,,,
1003271,2016,2016-07-04,"Grange Cricket Club Ground, Raeburn Place",1,36.2,Afghanistan,Scotland,Rahmat Shah,Najibullah Zadran,CD de Lange,1,0,,,,,,,,,
1003271,2016,2016-07-04,"Grange Cricket Club Ground, Raeburn Place",1,36.3,Afghanistan,Scotland,Najibullah Zadran,Rahmat Shah,CD de Lange,1,0,,,,,,,,,
1003271,2016,2016-07-04,"Grange Cricket Club Ground, Raeburn Place",1,36.4,Afghanistan,Scotland,Rahmat Shah,Najibullah Zadran,CD de Lange,1,0,,,,,,,,,
1003271,2016,2016-07-04,"Grange Cricket Club Ground, Raeburn Place",1,36.5,Afghanistan,Scotland,Najibullah Zadran,Rahmat Shah,CD de Lange,1,0,,,,,,,,,
1003271,2016,2016-07-04,"Grange Cricket Club Ground, Raeburn Place",1,36.6,Afghanistan,Scotland,Rahmat Shah,Najibullah Zadran,CD de Lange,0,0,,,,,,,,,
1003271,2016,2016-07-04,"Grange Cricket Club Ground, Raeburn Place",1,37.1,Afghanistan,Scotland,Najibullah Zadran,Rahmat Shah,AC Evans,1,0,,,,,,,,,
1003271,2016,2016-07-04,"Grange Cricket Club Ground, Raeburn Place",1,37.2,Afghanistan,Scotland,Rahmat Shah,Najibullah Zadran,AC Evans,0,0,,,,,,,,,
1003271,2016,2016-07-04,"Grange Cricket Club Ground, Raeburn Place",1,37.3,Afghanistan,Scotland,Rahmat Shah,Najibullah Zadran,AC Evans,1,0,,,,,,,,,
1003271,2016,2016-07-04,"Grange Cricket Club Ground, Raeburn Place",1,37.4,Afghanistan,Scotland,Najibullah Zadran,Rahmat Shah,AC Evans,4,0,,,,,,,,,
1003271,2016,2016-07-04,"Grange Cricket Club Ground, Raeburn Place",1,37.5,Afghanistan,Scotland,Najibullah Zadran,Rahmat Shah,AC Evans,0,0,,,,,,,,,
1003271,2016,2016-07-04,"Grange Cricket Club Ground, Raeburn Place",1,37.6,Afghanistan,Scotland,Najibullah Zadran,Rahmat Shah,AC Evans,2,0,,,,,,,,,
1003271,2016,2016-07-04,"Grange Cricket Club Ground, Raeburn Place",1,38.1,Afghanistan,Scotland,Rahmat Shah,Najibullah Zadran,RAJ Smith,1,0,,,,,,,,,
1003271,2016,2016-07-04,"Grange Cricket Club Ground, Raeburn Place",1,38.2,Afghanistan,Scotland,Najibullah Zadran,Rahmat Shah,RAJ Smith,0,0,,,,,,,,,
1003271,2016,2016-07-04,"Grange Cricket Club Ground, Raeburn Place",1,38.3,Afghanistan,Scotland,Najibullah Zadran,Rahmat Shah,RAJ Smith,4,0,,,,,,,,,
1003271,2016,2016-07-04,"Grange Cricket Club Ground, Raeburn Place",1,38.4,Afghanistan,Scotland,Najibullah Zadran,Rahmat Shah,RAJ Smith,1,0,,,,,,,,,
1003271,2016,2016-07-04,"Grange Cricket Club Ground, Raeburn Place",1,38.5,Afghanistan,Scotland,Rahmat Shah,Najibullah Zadran,RAJ Smith,2,0,,,,,,,,,
1003271,2016,2016-07-04,"Grange Cricket Club Ground, Raeburn Place",1,38.6,Afghanistan,Scotland,Rahmat Shah,Najibullah Zadran,RAJ Smith,1,0,,,,,,,,,
1003271,2016,2016-07-04,"Grange Cricket Club Ground, Raeburn Place",1,39.1,Afghanistan,Scotland,Rahmat Shah,Najibullah Zadran,SM Sharif,0,1,1,,,,,,,,
1003271,2016,2016-07-04,"Grange Cricket Club Ground, Raeburn Place",1,39.2,Afghanistan,Scotland,Rahmat Shah,Najibullah Zadran,SM Sharif,1,0,,,,,,,,,
1003271,2016,2016-07-04,"Grange Cricket Club Ground, Raeburn Place",1,39.3,Afghanistan,Scotland,Najibullah Zadran,Rahmat Shah,SM Sharif,1,0,,,,,,,,,
1003271,2016,2016-07-04,"Grange Cricket Club Ground, Raeburn Place",1,39.4,Afghanistan,Scotland,Rahmat Shah,Najibullah Zadran,SM Sharif,4,0,,,,,,,,,
1003271,2016,2016-07-04,"Grange Cricket Club Ground, Raeburn Place",1,39.5,Afghanistan,Scotland,Rahmat Shah,Najibullah Zadran,SM Sharif,4,0,,,,,,,,,
1003271,2016,2016-07-04,"Grange Cricket Club Ground, Raeburn Place",1,39.6,Afghanistan,Scotland,Rahmat Shah,Najibullah Zadran,SM Sharif,1,0,,,,,,,,,
1003271,2016,2016-07-04,"Grange Cricket Club Ground, Raeburn Place",1,39.7,Afghanistan,Scotland,Najibullah Zadran,Rahmat Shah,SM Sharif,2,0,,,,,,,,,
1003271,2016,2016-07-04,"Grange Cricket Club Ground, Raeburn Place",1,40.1,Afghanistan,Scotland,Rahmat Shah,Najibullah Zadran,RAJ Smith,0,0,,,,,,,,,
1003271,2016,2016-07-04,"Grange Cricket Club Ground, Raeburn Place",1,40.2,Afghanistan,Scotland,Rahmat Shah,Najibullah Zadran,RAJ Smith,1,0,,,,,,,,,
1003271,2016,2016-07-04,"Grange Cricket Club Ground, Raeburn Place",1,40.3,Afghanistan,Scotland,Najibullah Zadran,Rahmat Shah,RAJ Smith,1,0,,,,,,,,,
1003271,2016,2016-07-04,"Grange Cricket Club Ground, Raeburn Place",1,40.4,Afghanistan,Scotland,Rahmat Shah,Najibullah Zadran,RAJ Smith,2,0,,,,,,,,,
1003271,2016,2016-07-04,"Grange Cricket Club Ground, Raeburn Place",1,40.5,Afghanistan,Scotland,Rahmat Shah,Najibullah Zadran,RAJ Smith,4,0,,,,,,,,,
1003271,2016,2016-07-04,"Grange Cricket Club Ground, Raeburn Place",1,40.6,Afghanistan,Scotland,Rahmat Shah,Najibullah Zadran,RAJ Smith,1,0,,,,,,,,,
1003271,2016,2016-07-04,"Grange Cricket Club Ground, Raeburn Place",1,41.1,Afghanistan,Scotland,Rahmat Shah,Najibullah Zadran,AC Evans,4,0,,,,,,,,,
1003271,2016,2016-07-04,"Grange Cricket Club Ground, Raeburn Place",1,41.2,Afghanistan,Scotland,Rahmat Shah,Najibullah Zadran,AC Evans,1,0,,,,,,,,,
1003271,2016,2016-07-04,"Grange Cricket Club Ground, Raeburn Place",1,41.3,Afghanistan,Scotland,Najibullah Zadran,Rahmat Shah,AC Evans,0,0,,,,,,,,,
1003271,2016,2016-07-04,"Grange Cricket Club Ground, Raeburn Place",1,41.4,Afghanistan,Scotland,Najibullah Zadran,Rahmat Shah,AC Evans,6,0,,,,,,,,,
1003271,2016,2016-07-04,"Grange Cricket Club Ground, Raeburn Place",1,41.5,Afghanistan,Scotland,Najibullah Zadran,Rahmat Shah,AC Evans,4,0,,,,,,,,,
1003271,2016,2016-07-04,"Grange Cricket Club Ground, Raeburn Place",1,41.6,Afghanistan,Scotland,Najibullah Zadran,Rahmat Shah,AC Evans,1,0,,,,,,,,,
1003271,2016,2016-07-04,"Grange Cricket Club Ground, Raeburn Place",1,42.1,Afghanistan,Scotland,Najibullah Zadran,Rahmat Shah,BTJ Wheal,4,0,,,,,,,,,
1003271,2016,2016-07-04,"Grange Cricket Club Ground, Raeburn Place",1,42.2,Afghanistan,Scotland,Najibullah Zadran,Rahmat Shah,BTJ Wheal,0,0,,,,,,,,,
1003271,2016,2016-07-04,"Grange Cricket Club Ground, Raeburn Place",1,42.3,Afghanistan,Scotland,Najibullah Zadran,Rahmat Shah,BTJ Wheal,1,0,,,,,,,,,
1003271,2016,2016-07-04,"Grange Cricket Club Ground, Raeburn Place",1,42.4,Afghanistan,Scotland,Rahmat Shah,Najibullah Zadran,BTJ Wheal,1,0,,,,,,,,,
1003271,2016,2016-07-04,"Grange Cricket Club Ground, Raeburn Place",1,42.5,Afghanistan,Scotland,Najibullah Zadran,Rahmat Shah,BTJ Wheal,1,0,,,,,,,,,
1003271,2016,2016-07-04,"Grange Cricket Club Ground, Raeburn Place",1,42.6,Afghanistan,Scotland,Rahmat Shah,Najibullah Zadran,BTJ Wheal,2,0,,,,,,,,,
1003271,2016,2016-07-04,"Grange Cricket Club Ground, Raeburn Place",1,43.1,Afghanistan,Scotland,Najibullah Zadran,Rahmat Shah,RAJ Smith,6,0,,,,,,,,,
1003271,2016,2016-07-04,"Grange Cricket Club Ground, Raeburn Place",1,43.2,Afghanistan,Scotland,Najibullah Zadran,Rahmat Shah,RAJ Smith,0,1,1,,,,,,,,
1003271,2016,2016-07-04,"Grange Cricket Club Ground, Raeburn Place",1,43.3,Afghanistan,Scotland,Najibullah Zadran,Rahmat Shah,RAJ Smith,1,0,,,,,,,,,
1003271,2016,2016-07-04,"Grange Cricket Club Ground, Raeburn Place",1,43.4,Afghanistan,Scotland,Rahmat Shah,Najibullah Zadran,RAJ Smith,2,0,,,,,,,,,
1003271,2016,2016-07-04,"Grange Cricket Club Ground, Raeburn Place",1,43.5,Afghanistan,Scotland,Rahmat Shah,Najibullah Zadran,RAJ Smith,1,0,,,,,,,,,
1003271,2016,2016-07-04,"Grange Cricket Club Ground, Raeburn Place",1,43.6,Afghanistan,Scotland,Najibullah Zadran,Rahmat Shah,RAJ Smith,6,0,,,,,,,,,
1003271,2016,2016-07-04,"Grange Cricket Club Ground, Raeburn Place",1,43.7,Afghanistan,Scotland,Najibullah Zadran,Rahmat Shah,RAJ Smith,1,0,,,,,,,,,
1003271,2016,2016-07-04,"Grange Cricket Club Ground, Raeburn Place",1,44.1,Afghanistan,Scotland,Najibullah Zadran,Rahmat Shah,BTJ Wheal,4,0,,,,,,,,,
1003271,2016,2016-07-04,"Grange Cricket Club Ground, Raeburn Place",1,44.2,Afghanistan,Scotland,Najibullah Zadran,Rahmat Shah,BTJ Wheal,0,0,,,,,,,,,
1003271,2016,2016-07-04,"Grange Cricket Club Ground, Raeburn Place",1,44.3,Afghanistan,Scotland,Najibullah Zadran,Rahmat Shah,BTJ Wheal,1,0,,,,,,,,,
1003271,2016,2016-07-04,"Grange Cricket Club Ground, Raeburn Place",1,44.4,Afghanistan,Scotland,Rahmat Shah,Najibullah Zadran,BTJ Wheal,6,0,,,,,,,,,
1003271,2016,2016-07-04,"Grange Cricket Club Ground, Raeburn Place",1,44.5,Afghanistan,Scotland,Rahmat Shah,Najibullah Zadran,BTJ Wheal,1,0,,,,,,,,,
1003271,2016,2016-07-04,"Grange Cricket Club Ground, Raeburn Place",1,44.6,Afghanistan,Scotland,Najibullah Zadran,Rahmat Shah,BTJ Wheal,4,0,,,,,,,,,
1003271,2016,2016-07-04,"Grange Cricket Club Ground, Raeburn Place",1,45.1,Afghanistan,Scotland,Rahmat Shah,Najibullah Zadran,SM Sharif,1,0,,,,,,,,,
1003271,2016,2016-07-04,"Grange Cricket Club Ground, Raeburn Place",1,45.2,Afghanistan,Scotland,Najibullah Zadran,Rahmat Shah,SM Sharif,1,0,,,,,,,,,
1003271,2016,2016-07-04,"Grange Cricket Club Ground, Raeburn Place",1,45.3,Afghanistan,Scotland,Rahmat Shah,Najibullah Zadran,SM Sharif,0,0,,,,,,,,,
1003271,2016,2016-07-04,"Grange Cricket Club Ground, Raeburn Place",1,45.4,Afghanistan,Scotland,Rahmat Shah,Najibullah Zadran,SM Sharif,1,0,,,,,,,,,
1003271,2016,2016-07-04,"Grange Cricket Club Ground, Raeburn Place",1,45.5,Afghanistan,Scotland,Najibullah Zadran,Rahmat Shah,SM Sharif,0,0,,,,,,,,,
1003271,2016,2016-07-04,"Grange Cricket Club Ground, Raeburn Place",1,45.6,Afghanistan,Scotland,Najibullah Zadran,Rahmat Shah,SM Sharif,0,1,,1,,,,,,,
1003271,2016,2016-07-04,"Grange Cricket Club Ground, Raeburn Place",1,45.7,Afghanistan,Scotland,Najibullah Zadran,Rahmat Shah,SM Sharif,6,0,,,,,,,,,
1003271,2016,2016-07-04,"Grange Cricket Club Ground, Raeburn Place",1,46.1,Afghanistan,Scotland,Rahmat Shah,Najibullah Zadran,AC Evans,0,0,,,,,,,,,
1003271,2016,2016-07-04,"Grange Cricket Club Ground, Raeburn Place",1,46.2,Afghanistan,Scotland,Rahmat Shah,Najibullah Zadran,AC Evans,1,0,,,,,,,,,
1003271,2016,2016-07-04,"Grange Cricket Club Ground, Raeburn Place",1,46.3,Afghanistan,Scotland,Najibullah Zadran,Rahmat Shah,AC Evans,0,1,1,,,,,,,,
1003271,2016,2016-07-04,"Grange Cricket Club Ground, Raeburn Place",1,46.4,Afghanistan,Scotland,Najibullah Zadran,Rahmat Shah,AC Evans,0,0,,,,,,,,,
1003271,2016,2016-07-04,"Grange Cricket Club Ground, Raeburn Place",1,46.5,Afghanistan,Scotland,Najibullah Zadran,Rahmat Shah,AC Evans,0,0,,,,,,,,,
1003271,2016,2016-07-04,"Grange Cricket Club Ground, Raeburn Place",1,46.6,Afghanistan,Scotland,Najibullah Zadran,Rahmat Shah,AC Evans,0,0,,,,,,,,,
1003271,2016,2016-07-04,"Grange Cricket Club Ground, Raeburn Place",1,46.7,Afghanistan,Scotland,Najibullah Zadran,Rahmat Shah,AC Evans,6,0,,,,,,,,,
1003271,2016,2016-07-04,"Grange Cricket Club Ground, Raeburn Place",1,47.1,Afghanistan,Scotland,Rahmat Shah,Najibullah Zadran,SM Sharif,1,0,,,,,,,,,
1003271,2016,2016-07-04,"Grange Cricket Club Ground, Raeburn Place",1,47.2,Afghanistan,Scotland,Najibullah Zadran,Rahmat Shah,SM Sharif,2,0,,,,,,,,,
