match_id,season,start_date,venue,innings,ball,batting_team,bowling_team,striker,non_striker,bowler,runs_off_bat,extras,wides,noballs,byes,legbyes,penalty,wicket_type,player_dismissed,other_wicket_type,other_player_dismissed
1004261,2016,2016-08-13,VRA Ground,1,0.1,Nepal,Netherlands,G Malla,AK Mandal,T van der Gugten,0,0,,,,,,,,,
1004261,2016,2016-08-13,VRA Ground,1,0.2,Nepal,Netherlands,G Malla,AK Mandal,T van der Gugten,0,0,,,,,,,,,
1004261,2016,2016-08-13,VRA Ground,1,0.3,Nepal,Netherlands,G Malla,AK Mandal,T van der Gugten,1,0,,,,,,,,,
1004261,2016,2016-08-13,VRA Ground,1,0.4,Nepal,Netherlands,AK Mandal,G Malla,T van der Gugten,0,0,,,,,,,,,
1004261,2016,2016-08-13,VRA Ground,1,0.5,Nepal,Netherlands,AK Mandal,G Malla,T van der Gugten,0,0,,,,,,,,,
1004261,2016,2016-08-13,VRA Ground,1,0.6,Nepal,Netherlands,AK Mandal,G Malla,T van der Gugten,1,0,,,,,,,,,
1004261,2016,2016-08-13,VRA Ground,1,1.1,Nepal,Netherlands,AK Mandal,G Malla,Mudassar Bukhari,0,1,1,,,,,,,,
1004261,2016,2016-08-13,VRA Ground,1,1.2,Nepal,Netherlands,AK Mandal,G Malla,Mudassar Bukhari,0,0,,,,,,,,,
1004261,2016,2016-08-13,VRA Ground,1,1.3,Nepal,Netherlands,AK Mandal,G Malla,Mudassar Bukhari,0,0,,,,,,,,,
1004261,2016,2016-08-13,VRA Ground,1,1.4,Nepal,Netherlands,AK Mandal,G Malla,Mudassar Bukhari,0,0,,,,,,,,,
1004261,2016,2016-08-13,VRA Ground,1,1.5,Nepal,Netherlands,AK Mandal,G Malla,Mudassar Bukhari,3,0,,,,,,,,,
1004261,2016,2016-08-13,VRA Ground,1,1.6,Nepal,Netherlands,G Malla,AK Mandal,Mudassar Bukhari,4,0,,,,,,,,,
1004261,2016,2016-08-13,VRA Ground,1,1.7,Nepal,Netherlands,G Malla,AK Mandal,Mudassar Bukhari,0,0,,,,,,,,,
1004261,2016,2016-08-13,VRA Ground,1,2.1,Nepal,Netherlands,AK Mandal,G Malla,T van der Gugten,0,0,,,,,,,,,
1004261,2016,2016-08-13,VRA Ground,1,2.2,Nepal,Netherlands,AK Mandal,G Malla,T van der Gugten,0,0,,,,,,,,,
1004261,2016,2016-08-13,VRA Ground,1,2.3,Nepal,Netherlands,AK Mandal,G Malla,T van der Gugten,0,0,,,,,,,,,
1004261,2016,2016-08-13,VRA Ground,1,2.4,Nepal,Netherlands,AK Mandal,G Malla,T van der Gugten,0,0,,,,,,,,,
1004261,2016,2016-08-13,VRA Ground,1,2.5,Nepal,Netherlands,AK Mandal,G Malla,T van der Gugten,0,0,,,,,,,,,
1004261,2016,2016-08-13,VRA Ground,1,2.6,Nepal,Netherlands,AK Mandal,G Malla,T van der Gugten,4,0,,,,,,,,,
1004261,2016,2016-08-13,VRA Ground,1,3.1,Nepal,Netherlands,G Malla,AK Mandal,Mudassar Bukhari,0,0,,,,,,,,,
1004261,2016,2016-08-13,VRA Ground,1,3.2,Nepal,Netherlands,G Malla,AK Mandal,Mudassar Bukhari,0,0,,,,,,,,,
1004261,2016,2016-08-13,VRA Ground,1,3.3,Nepal,Netherlands,G Malla,AK Mandal,Mudassar Bukhari,4,0,,,,,,,,,
1004261,2016,2016-08-13,VRA Ground,1,3.4,Nepal,Netherlands,G Malla,AK Mandal,Mudassar Bukhari,0,0,,,,,,,,,
1004261,2016,2016-08-13,VRA Ground,1,3.5,Nepal,Netherlands,G Malla,AK Mandal,Mudassar Bukhari,0,0,,,,,,,,,
1004261,2016,2016-08-13,VRA Ground,1,3.6,Nepal,Netherlands,G Malla,AK Mandal,Mudassar Bukhari,2,0,,,,,,,,,
1004261,2016,2016-08-13,VRA Ground,1,4.1,Nepal,Netherlands,AK Mandal,G Malla,T van der Gugten,3,0,,,,,,,,,
1004261,2016,2016-08-13,VRA Ground,1,4.2,Nepal,Netherlands,G Malla,AK Mandal,T van der Gugten,0,0,,,,,,bowled,G Malla,,
1004261,2016,2016-08-13,VRA Ground,1,4.3,Nepal,Netherlands,S Vesawkar,AK Mandal,T van der Gugten,0,0,,,,,,,,,
1004261,2016,2016-08-13,VRA Ground,1,4.4,Nepal,Netherlands,S Vesawkar,AK Mandal,T van der Gugten,0,0,,,,,,,,,
1004261,2016,2016-08-13,VRA Ground,1,4.5,Nepal,Netherlands,S Vesawkar,AK Mandal,T van der Gugten,0,0,,,,,,,,,
1004261,2016,2016-08-13,VRA Ground,1,4.6,Nepal,Netherlands,S Vesawkar,AK Mandal,T van der Gugten,0,0,,,,,,,,,
1004261,2016,2016-08-13,VRA Ground,1,5.1,Nepal,Netherlands,AK Mandal,S Vesawkar,Mudassar Bukhari,0,0,,,,,,,,,
1004261,2016,2016-08-13,VRA Ground,1,5.2,Nepal,Netherlands,AK Mandal,S Vesawkar,Mudassar Bukhari,0,0,,,,,,,,,
1004261,2016,2016-08-13,VRA Ground,1,5.3,Nepal,Netherlands,AK Mandal,S Vesawkar,Mudassar Bukhari,0,0,,,,,,,,,
1004261,2016,2016-08-13,VRA Ground,1,5.4,Nepal,Netherlands,AK Mandal,S Vesawkar,Mudassar Bukhari,0,0,,,,,,,,,
1004261,2016,2016-08-13,VRA Ground,1,5.5,Nepal,Netherlands,AK Mandal,S Vesawkar,Mudassar Bukhari,0,0,,,,,,,,,
1004261,2016,2016-08-13,VRA Ground,1,5.6,Nepal,Netherlands,AK Mandal,S Vesawkar,Mudassar Bukhari,1,0,,,,,,,,,
1004261,2016,2016-08-13,VRA Ground,1,6.1,Nepal,Netherlands,AK Mandal,S Vesawkar,Ahsan Malik,0,0,,,,,,,,,
1004261,2016,2016-08-13,VRA Ground,1,6.2,Nepal,Netherlands,AK Mandal,S Vesawkar,Ahsan Malik,0,0,,,,,,,,,
1004261,2016,2016-08-13,VRA Ground,1,6.3,Nepal,Netherlands,AK Mandal,S Vesawkar,Ahsan Malik,0,0,,,,,,,,,
1004261,2016,2016-08-13,VRA Ground,1,6.4,Nepal,Netherlands,AK Mandal,S Vesawkar,Ahsan Malik,0,0,,,,,,,,,
1004261,2016,2016-08-13,VRA Ground,1,6.5,Nepal,Netherlands,AK Mandal,S Vesawkar,Ahsan Malik,0,0,,,,,,,,,
1004261,2016,2016-08-13,VRA Ground,1,6.6,Nepal,Netherlands,AK Mandal,S Vesawkar,Ahsan Malik,0,0,,,,,,,,,
1004261,2016,2016-08-13,VRA Ground,1,7.1,Nepal,Netherlands,S Vesawkar,AK Mandal,Mudassar Bukhari,0,0,,,,,,,,,
1004261,2016,2016-08-13,VRA Ground,1,7.2,Nepal,Netherlands,S Vesawkar,AK Mandal,Mudassar Bukhari,0,0,,,,,,,,,
1004261,2016,2016-08-13,VRA Ground,1,7.3,Nepal,Netherlands,S Vesawkar,AK Mandal,Mudassar Bukhari,0,0,,,,,,,,,
1004261,2016,2016-08-13,VRA Ground,1,7.4,Nepal,Netherlands,S Vesawkar,AK Mandal,Mudassar Bukhari,0,0,,,,,,,,,
1004261,2016,2016-08-13,VRA Ground,1,7.5,Nepal,Netherlands,S Vesawkar,AK Mandal,Mudassar Bukhari,0,0,,,,,,,,,
1004261,2016,2016-08-13,VRA Ground,1,7.6,Nepal,Netherlands,S Vesawkar,AK Mandal,Mudassar Bukhari,0,0,,,,,,,,,
1004261,2016,2016-08-13,VRA Ground,1,8.1,Nepal,Netherlands,AK Mandal,S Vesawkar,Ahsan Malik,0,0,,,,,,,,,
1004261,2016,2016-08-13,VRA Ground,1,8.2,Nepal,Netherlands,AK Mandal,S Vesawkar,Ahsan Malik,3,0,,,,,,,,,
1004261,2016,2016-08-13,VRA Ground,1,8.3,Nepal,Netherlands,S Vesawkar,AK Mandal,Ahsan Malik,0,0,,,,,,,,,
1004261,2016,2016-08-13,VRA Ground,1,8.4,Nepal,Netherlands,S Vesawkar,AK Mandal,Ahsan Malik,0,0,,,,,,,,,
1004261,2016,2016-08-13,VRA Ground,1,8.5,Nepal,Netherlands,S Vesawkar,AK Mandal,Ahsan Malik,0,0,,,,,,,,,
1004261,2016,2016-08-13,VRA Ground,1,8.6,Nepal,Netherlands,S Vesawkar,AK Mandal,Ahsan Malik,0,0,,,,,,,,,
1004261,2016,2016-08-13,VRA Ground,1,9.1,Nepal,Netherlands,AK Mandal,S Vesawkar,Mudassar Bukhari,0,0,,,,,,,,,
1004261,2016,2016-08-13,VRA Ground,1,9.2,Nepal,Netherlands,AK Mandal,S Vesawkar,Mudassar Bukhari,0,0,,,,,,,,,
1004261,2016,2016-08-13,VRA Ground,1,9.3,Nepal,Netherlands,AK Mandal,S Vesawkar,Mudassar Bukhari,0,0,,,,,,,,,
1004261,2016,2016-08-13,VRA Ground,1,9.4,Nepal,Netherlands,AK Mandal,S Vesawkar,Mudassar Bukhari,0,0,,,,,,,,,
1004261,2016,2016-08-13,VRA Ground,1,9.5,Nepal,Netherlands,AK Mandal,S Vesawkar,Mudassar Bukhari,1,0,,,,,,,,,
1004261,2016,2016-08-13,VRA Ground,1,9.6,Nepal,Netherlands,S Vesawkar,AK Mandal,Mudassar Bukhari,1,0,,,,,,,,,
1004261,2016,2016-08-13,VRA Ground,1,10.1,Nepal,Netherlands,S Vesawkar,AK Mandal,RE van der Merwe,0,0,,,,,,,,,
1004261,2016,2016-08-13,VRA Ground,1,10.2,Nepal,Netherlands,S Vesawkar,AK Mandal,RE van der Merwe,0,0,,,,,,,,,
1004261,2016,2016-08-13,VRA Ground,1,10.3,Nepal,Netherlands,S Vesawkar,AK Mandal,RE van der Merwe,0,0,,,,,,,,,
1004261,2016,2016-08-13,VRA Ground,1,10.4,Nepal,Netherlands,S Vesawkar,AK Mandal,RE van der Merwe,1,0,,,,,,,,,
1004261,2016,2016-08-13,VRA Ground,1,10.5,Nepal,Netherlands,AK Mandal,S Vesawkar,RE van der Merwe,0,0,,,,,,,,,
1004261,2016,2016-08-13,VRA Ground,1,10.6,Nepal,Netherlands,AK Mandal,S Vesawkar,RE van der Merwe,1,0,,,,,,,,,
1004261,2016,2016-08-13,VRA Ground,1,11.1,Nepal,Netherlands,AK Mandal,S Vesawkar,T van der Gugten,1,0,,,,,,,,,
1004261,2016,2016-08-13,VRA Ground,1,11.2,Nepal,Netherlands,S Vesawkar,AK Mandal,T van der Gugten,2,0,,,,,,,,,
1004261,2016,2016-08-13,VRA Ground,1,11.3,Nepal,Netherlands,S Vesawkar,AK Mandal,T van der Gugten,0,0,,,,,,,,,
1004261,2016,2016-08-13,VRA Ground,1,11.4,Nepal,Netherlands,S Vesawkar,AK Mandal,T van der Gugten,2,0,,,,,,,,,
1004261,2016,2016-08-13,VRA Ground,1,11.5,Nepal,Netherlands,S Vesawkar,AK Mandal,T van der Gugten,0,0,,,,,,,,,
1004261,2016,2016-08-13,VRA Ground,1,11.6,Nepal,Netherlands,S Vesawkar,AK Mandal,T van der Gugten,0,0,,,,,,,,,
1004261,2016,2016-08-13,VRA Ground,1,12.1,Nepal,Netherlands,AK Mandal,S Vesawkar,RE van der Merwe,2,0,,,,,,,,,
1004261,2016,2016-08-13,VRA Ground,1,12.2,Nepal,Netherlands,AK Mandal,S Vesawkar,RE van der Merwe,0,0,,,,,,,,,
1004261,2016,2016-08-13,VRA Ground,1,12.3,Nepal,Netherlands,AK Mandal,S Vesawkar,RE van der Merwe,0,0,,,,,,caught and bowled,AK Mandal,,
1004261,2016,2016-08-13,VRA Ground,1,12.4,Nepal,Netherlands,P Khadka,S Vesawkar,RE van der Merwe,0,0,,,,,,lbw,P Khadka,,
1004261,2016,2016-08-13,VRA Ground,1,12.5,Nepal,Netherlands,Sagar Pun,S Vesawkar,RE van der Merwe,0,0,,,,,,,,,
1004261,2016,2016-08-13,VRA Ground,1,12.6,Nepal,Netherlands,Sagar Pun,S Vesawkar,RE van der Merwe,2,0,,,,,,,,,
1004261,2016,2016-08-13,VRA Ground,1,13.1,Nepal,Netherlands,S Vesawkar,Sagar Pun,T van der Gugten,0,0,,,,,,,,,
1004261,2016,2016-08-13,VRA Ground,1,13.2,Nepal,Netherlands,S Vesawkar,Sagar Pun,T van der Gugten,1,0,,,,,,,,,
1004261,2016,2016-08-13,VRA Ground,1,13.3,Nepal,Netherlands,Sagar Pun,S Vesawkar,T van der Gugten,0,0,,,,,,,,,
1004261,2016,2016-08-13,VRA Ground,1,13.4,Nepal,Netherlands,Sagar Pun,S Vesawkar,T van der Gugten,0,0,,,,,,,,,
1004261,2016,2016-08-13,VRA Ground,1,13.5,Nepal,Netherlands,Sagar Pun,S Vesawkar,T van der Gugten,1,0,,,,,,,,,
1004261,2016,2016-08-13,VRA Ground,1,13.6,Nepal,Netherlands,S Vesawkar,Sagar Pun,T van der Gugten,0,0,,,,,,,,,
1004261,2016,2016-08-13,VRA Ground,1,14.1,Nepal,Netherlands,Sagar Pun,S Vesawkar,RE van der Merwe,0,0,,,,,,,,,
1004261,2016,2016-08-13,VRA Ground,1,14.2,Nepal,Netherlands,Sagar Pun,S Vesawkar,RE van der Merwe,0,0,,,,,,,,,
1004261,2016,2016-08-13,VRA Ground,1,14.3,Nepal,Netherlands,Sagar Pun,S Vesawkar,RE van der Merwe,0,0,,,,,,,,,
1004261,2016,2016-08-13,VRA Ground,1,14.4,Nepal,Netherlands,Sagar Pun,S Vesawkar,RE van der Merwe,0,0,,,,,,,,,
1004261,2016,2016-08-13,VRA Ground,1,14.5,Nepal,Netherlands,Sagar Pun,S Vesawkar,RE van der Merwe,0,0,,,,,,,,,
1004261,2016,2016-08-13,VRA Ground,1,14.6,Nepal,Netherlands,Sagar Pun,S Vesawkar,RE van der Merwe,0,0,,,,,,,,,
1004261,2016,2016-08-13,VRA Ground,1,15.1,Nepal,Netherlands,S Vesawkar,Sagar Pun,T van der Gugten,0,0,,,,,,,,,
1004261,2016,2016-08-13,VRA Ground,1,15.2,Nepal,Netherlands,S Vesawkar,Sagar Pun,T van der Gugten,0,0,,,,,,,,,
1004261,2016,2016-08-13,VRA Ground,1,15.3,Nepal,Netherlands,S Vesawkar,Sagar Pun,T van der Gugten,0,0,,,,,,,,,
1004261,2016,2016-08-13,VRA Ground,1,15.4,Nepal,Netherlands,S Vesawkar,Sagar Pun,T van der Gugten,0,0,,,,,,,,,
1004261,2016,2016-08-13,VRA Ground,1,15.5,Nepal,Netherlands,S Vesawkar,Sagar Pun,T van der Gugten,0,0,,,,,,,,,
1004261,2016,2016-08-13,VRA Ground,1,15.6,Nepal,Netherlands,S Vesawkar,Sagar Pun,T van der Gugten,0,0,,,,,,,,,
1004261,2016,2016-08-13,VRA Ground,1,16.1,Nepal,Netherlands,Sagar Pun,S Vesawkar,RE van der Merwe,0,0,,,,,,,,,
1004261,2016,2016-08-13,VRA Ground,1,16.2,Nepal,Netherlands,Sagar Pun,S Vesawkar,RE van der Merwe,1,0,,,,,,,,,
1004261,2016,2016-08-13,VRA Ground,1,16.3,Nepal,Netherlands,S Vesawkar,Sagar Pun,RE van der Merwe,0,0,,,,,,,,,
1004261,2016,2016-08-13,VRA Ground,1,16.4,Nepal,Netherlands,S Vesawkar,Sagar Pun,RE van der Merwe,0,0,,,,,,,,,
1004261,2016,2016-08-13,VRA Ground,1,16.5,Nepal,Netherlands,S Vesawkar,Sagar Pun,RE van der Merwe,0,0,,,,,,,,,
1004261,2016,2016-08-13,VRA Ground,1,16.6,Nepal,Netherlands,S Vesawkar,Sagar Pun,RE van der Merwe,0,0,,,,,,,,,
1004261,2016,2016-08-13,VRA Ground,1,17.1,Nepal,Netherlands,Sagar Pun,S Vesawkar,PA van Meekeren,1,0,,,,,,,,,
1004261,2016,2016-08-13,VRA Ground,1,17.2,Nepal,Netherlands,S Vesawkar,Sagar Pun,PA van Meekeren,0,0,,,,,,,,,
1004261,2016,2016-08-13,VRA Ground,1,17.3,Nepal,Netherlands,S Vesawkar,Sagar Pun,PA van Meekeren,0,0,,,,,,,,,
1004261,2016,2016-08-13,VRA Ground,1,17.4,Nepal,Netherlands,S Vesawkar,Sagar Pun,PA van Meekeren,0,0,,,,,,,,,
1004261,2016,2016-08-13,VRA Ground,1,17.5,Nepal,Netherlands,S Vesawkar,Sagar Pun,PA van Meekeren,0,1,1,,,,,,,,
1004261,2016,2016-08-13,VRA Ground,1,17.6,Nepal,Netherlands,S Vesawkar,Sagar Pun,PA van Meekeren,0,0,,,,,,,,,
1004261,2016,2016-08-13,VRA Ground,1,17.7,Nepal,Netherlands,S Vesawkar,Sagar Pun,PA van Meekeren,0,0,,,,,,,,,
1004261,2016,2016-08-13,VRA Ground,1,18.1,Nepal,Netherlands,Sagar Pun,S Vesawkar,RE van der Merwe,0,0,,,,,,,,,
1004261,2016,2016-08-13,VRA Ground,1,18.2,Nepal,Netherlands,Sagar Pun,S Vesawkar,RE van der Merwe,0,0,,,,,,,,,
1004261,2016,2016-08-13,VRA Ground,1,18.3,Nepal,Netherlands,Sagar Pun,S Vesawkar,RE van der Merwe,0,0,,,,,,,,,
1004261,2016,2016-08-13,VRA Ground,1,18.4,Nepal,Netherlands,Sagar Pun,S Vesawkar,RE van der Merwe,0,0,,,,,,,,,
1004261,2016,2016-08-13,VRA Ground,1,18.5,Nepal,Netherlands,Sagar Pun,S Vesawkar,RE van der Merwe,0,0,,,,,,,,,
1004261,2016,2016-08-13,VRA Ground,1,18.6,Nepal,Netherlands,Sagar Pun,S Vesawkar,RE van der Merwe,0,5,5,,,,,,,,
1004261,2016,2016-08-13,VRA Ground,1,18.7,Nepal,Netherlands,Sagar Pun,S Vesawkar,RE van der Merwe,0,0,,,,,,,,,
1004261,2016,2016-08-13,VRA Ground,1,19.1,Nepal,Netherlands,S Vesawkar,Sagar Pun,PA van Meekeren,0,0,,,,,,,,,
1004261,2016,2016-08-13,VRA Ground,1,19.2,Nepal,Netherlands,S Vesawkar,Sagar Pun,PA van Meekeren,0,0,,,,,,,,,
1004261,2016,2016-08-13,VRA Ground,1,19.3,Nepal,Netherlands,S Vesawkar,Sagar Pun,PA van Meekeren,2,0,,,,,,,,,
1004261,2016,2016-08-13,VRA Ground,1,19.4,Nepal,Netherlands,S Vesawkar,Sagar Pun,PA van Meekeren,0,1,,,,1,,,,,
1004261,2016,2016-08-13,VRA Ground,1,19.5,Nepal,Netherlands,Sagar Pun,S Vesawkar,PA van Meekeren,0,0,,,,,,,,,
1004261,2016,2016-08-13,VRA Ground,1,19.6,Nepal,Netherlands,Sagar Pun,S Vesawkar,PA van Meekeren,0,0,,,,,,,,,
1004261,2016,2016-08-13,VRA Ground,1,20.1,Nepal,Netherlands,S Vesawkar,Sagar Pun,MJG Rippon,0,0,,,,,,,,,
1004261,2016,2016-08-13,VRA Ground,1,20.2,Nepal,Netherlands,S Vesawkar,Sagar Pun,MJG Rippon,0,0,,,,,,,,,
1004261,2016,2016-08-13,VRA Ground,1,20.3,Nepal,Netherlands,S Vesawkar,Sagar Pun,MJG Rippon,0,0,,,,,,,,,
1004261,2016,2016-08-13,VRA Ground,1,20.4,Nepal,Netherlands,S Vesawkar,Sagar Pun,MJG Rippon,0,0,,,,,,,,,
1004261,2016,2016-08-13,VRA Ground,1,20.5,Nepal,Netherlands,S Vesawkar,Sagar Pun,MJG Rippon,0,0,,,,,,,,,
1004261,2016,2016-08-13,VRA Ground,1,20.6,Nepal,Netherlands,S Vesawkar,Sagar Pun,MJG Rippon,0,0,,,,,,,,,
1004261,2016,2016-08-13,VRA Ground,1,21.1,Nepal,Netherlands,Sagar Pun,S Vesawkar,PA van Meekeren,0,0,,,,,,,,,
1004261,2016,2016-08-13,VRA Ground,1,21.2,Nepal,Netherlands,Sagar Pun,S Vesawkar,PA van Meekeren,0,0,,,,,,,,,
1004261,2016,2016-08-13,VRA Ground,1,21.3,Nepal,Netherlands,Sagar Pun,S Vesawkar,PA van Meekeren,1,0,,,,,,,,,
1004261,2016,2016-08-13,VRA Ground,1,21.4,Nepal,Netherlands,S Vesawkar,Sagar Pun,PA van Meekeren,1,0,,,,,,,,,
1004261,2016,2016-08-13,VRA Ground,1,21.5,Nepal,Netherlands,Sagar Pun,S Vesawkar,PA van Meekeren,0,0,,,,,,,,,
1004261,2016,2016-08-13,VRA Ground,1,21.6,Nepal,Netherlands,Sagar Pun,S Vesawkar,PA van Meekeren,1,0,,,,,,,,,
1004261,2016,2016-08-13,VRA Ground,1,22.1,Nepal,Netherlands,Sagar Pun,S Vesawkar,MJG Rippon,0,0,,,,,,,,,
1004261,2016,2016-08-13,VRA Ground,1,22.2,Nepal,Netherlands,Sagar Pun,S Vesawkar,MJG Rippon,0,0,,,,,,,,,
1004261,2016,2016-08-13,VRA Ground,1,22.3,Nepal,Netherlands,Sagar Pun,S Vesawkar,MJG Rippon,0,0,,,,,,,,,
1004261,2016,2016-08-13,VRA Ground,1,22.4,Nepal,Netherlands,Sagar Pun,S Vesawkar,MJG Rippon,0,0,,,,,,caught,Sagar Pun,,
1004261,2016,2016-08-13,VRA Ground,1,22.5,Nepal,Netherlands,R Rijal,S Vesawkar,MJG Rippon,3,0,,,,,,,,,
1004261,2016,2016-08-13,VRA Ground,1,22.6,Nepal,Netherlands,S Vesawkar,R Rijal,MJG Rippon,1,0,,,,,,,,,
1004261,2016,2016-08-13,VRA Ground,1,23.1,Nepal,Netherlands,S Vesawkar,R Rijal,PA van Meekeren,1,0,,,,,,,,,
1004261,2016,2016-08-13,VRA Ground,1,23.2,Nepal,Netherlands,R Rijal,S Vesawkar,PA van Meekeren,0,0,,,,,,caught,R Rijal,,
1004261,2016,2016-08-13,VRA Ground,1,23.3,Nepal,Netherlands,B Bhandari,S Vesawkar,PA van Meekeren,0,0,,,,,,,,,
1004261,2016,2016-08-13,VRA Ground,1,23.4,Nepal,Netherlands,B Bhandari,S Vesawkar,PA van Meekeren,0,0,,,,,,,,,
1004261,2016,2016-08-13,VRA Ground,1,23.5,Nepal,Netherlands,B Bhandari,S Vesawkar,PA van Meekeren,0,0,,,,,,,,,
1004261,2016,2016-08-13,VRA Ground,1,23.6,Nepal,Netherlands,B Bhandari,S Vesawkar,PA van Meekeren,0,1,1,,,,,,,,
1004261,2016,2016-08-13,VRA Ground,1,23.7,Nepal,Netherlands,B Bhandari,S Vesawkar,PA van Meekeren,1,0,,,,,,,,,
1004261,2016,2016-08-13,VRA Ground,1,24.1,Nepal,Netherlands,B Bhandari,S Vesawkar,MJG Rippon,0,0,,,,,,,,,
1004261,2016,2016-08-13,VRA Ground,1,24.2,Nepal,Netherlands,B Bhandari,S Vesawkar,MJG Rippon,0,0,,,,,,,,,
1004261,2016,2016-08-13,VRA Ground,1,24.3,Nepal,Netherlands,B Bhandari,S Vesawkar,MJG Rippon,0,0,,,,,,,,,
1004261,2016,2016-08-13,VRA Ground,1,24.4,Nepal,Netherlands,B Bhandari,S Vesawkar,MJG Rippon,0,0,,,,,,,,,
1004261,2016,2016-08-13,VRA Ground,1,24.5,Nepal,Netherlands,B Bhandari,S Vesawkar,MJG Rippon,1,0,,,,,,,,,
1004261,2016,2016-08-13,VRA Ground,1,24.6,Nepal,Netherlands,S Vesawkar,B Bhandari,MJG Rippon,0,0,,,,,,,,,
1004261,2016,2016-08-13,VRA Ground,1,25.1,Nepal,Netherlands,B Bhandari,S Vesawkar,PA van Meekeren,1,0,,,,,,,,,
1004261,2016,2016-08-13,VRA Ground,1,25.2,Nepal,Netherlands,S Vesawkar,B Bhandari,PA van Meekeren,0,1,1,,,,,,,,
1004261,2016,2016-08-13,VRA Ground,1,25.3,Nepal,Netherlands,S Vesawkar,B Bhandari,PA van Meekeren,0,0,,,,,,,,,
1004261,2016,2016-08-13,VRA Ground,1,25.4,Nepal,Netherlands,S Vesawkar,B Bhandari,PA van Meekeren,0,0,,,,,,,,,
1004261,2016,2016-08-13,VRA Ground,1,25.5,Nepal,Netherlands,S Vesawkar,B Bhandari,PA van Meekeren,0,0,,,,,,,,,
1004261,2016,2016-08-13,VRA Ground,1,25.6,Nepal,Netherlands,S Vesawkar,B Bhandari,PA van Meekeren,0,0,,,,,,,,,
1004261,2016,2016-08-13,VRA Ground,1,25.7,Nepal,Netherlands,S Vesawkar,B Bhandari,PA van Meekeren,0,0,,,,,,,,,
1004261,2016,2016-08-13,VRA Ground,1,26.1,Nepal,Netherlands,B Bhandari,S Vesawkar,MJG Rippon,4,0,,,,,,,,,
1004261,2016,2016-08-13,VRA Ground,1,26.2,Nepal,Netherlands,B Bhandari,S Vesawkar,MJG Rippon,1,0,,,,,,,,,
1004261,2016,2016-08-13,VRA Ground,1,26.3,Nepal,Netherlands,S Vesawkar,B Bhandari,MJG Rippon,0,0,,,,,,,,,
1004261,2016,2016-08-13,VRA Ground,1,26.4,Nepal,Netherlands,S Vesawkar,B Bhandari,MJG Rippon,0,0,,,,,,,,,
1004261,2016,2016-08-13,VRA Ground,1,26.5,Nepal,Netherlands,S Vesawkar,B Bhandari,MJG Rippon,0,0,,,,,,,,,
1004261,2016,2016-08-13,VRA Ground,1,26.6,Nepal,Netherlands,S Vesawkar,B Bhandari,MJG Rippon,2,0,,,,,,,,,
1004261,2016,2016-08-13,VRA Ground,1,27.1,Nepal,Netherlands,B Bhandari,S Vesawkar,PA van Meekeren,0,0,,,,,,,,,
1004261,2016,2016-08-13,VRA Ground,1,27.2,Nepal,Netherlands,B Bhandari,S Vesawkar,PA van Meekeren,0,0,,,,,,,,,
1004261,2016,2016-08-13,VRA Ground,1,27.3,Nepal,Netherlands,B Bhandari,S Vesawkar,PA van Meekeren,0,0,,,,,,,,,
1004261,2016,2016-08-13,VRA Ground,1,27.4,Nepal,Netherlands,B Bhandari,S Vesawkar,PA van Meekeren,0,0,,,,,,,,,
1004261,2016,2016-08-13,VRA Ground,1,27.5,Nepal,Netherlands,B Bhandari,S Vesawkar,PA van Meekeren,0,0,,,,,,,,,
1004261,2016,2016-08-13,VRA Ground,1,27.6,Nepal,Netherlands,B Bhandari,S Vesawkar,PA van Meekeren,1,0,,,,,,,,,
1004261,2016,2016-08-13,VRA Ground,1,28.1,Nepal,Netherlands,B Bhandari,S Vesawkar,MJG Rippon,0,0,,,,,,caught,B Bhandari,,
1004261,2016,2016-08-13,VRA Ground,1,28.2,Nepal,Netherlands,Sompal Kami,S Vesawkar,MJG Rippon,0,0,,,,,,,,,
1004261,2016,2016-08-13,VRA Ground,1,28.3,Nepal,Netherlands,Sompal Kami,S Vesawkar,MJG Rippon,0,0,,,,,,,,,
1004261,2016,2016-08-13,VRA Ground,1,28.4,Nepal,Netherlands,Sompal Kami,S Vesawkar,MJG Rippon,0,0,,,,,,,,,
1004261,2016,2016-08-13,VRA Ground,1,28.5,Nepal,Netherlands,Sompal Kami,S Vesawkar,MJG Rippon,0,0,,,,,,,,,
1004261,2016,2016-08-13,VRA Ground,1,28.6,Nepal,Netherlands,Sompal Kami,S Vesawkar,MJG Rippon,1,0,,,,,,,,,
1004261,2016,2016-08-13,VRA Ground,1,29.1,Nepal,Netherlands,Sompal Kami,S Vesawkar,Mudassar Bukhari,1,0,,,,,,,,,
1004261,2016,2016-08-13,VRA Ground,1,29.2,Nepal,Netherlands,S Vesawkar,Sompal Kami,Mudassar Bukhari,0,0,,,,,,,,,
1004261,2016,2016-08-13,VRA Ground,1,29.3,Nepal,Netherlands,S Vesawkar,Sompal Kami,Mudassar Bukhari,0,0,,,,,,,,,
1004261,2016,2016-08-13,VRA Ground,1,29.4,Nepal,Netherlands,S Vesawkar,Sompal Kami,Mudassar Bukhari,0,0,,,,,,,,,
1004261,2016,2016-08-13,VRA Ground,1,29.5,Nepal,Netherlands,S Vesawkar,Sompal Kami,Mudassar Bukhari,0,0,,,,,,,,,
1004261,2016,2016-08-13,VRA Ground,1,29.6,Nepal,Netherlands,S Vesawkar,Sompal Kami,Mudassar Bukhari,0,0,,,,,,,,,
1004261,2016,2016-08-13,VRA Ground,1,30.1,Nepal,Netherlands,Sompal Kami,S Vesawkar,MJG Rippon,0,0,,,,,,,,,
1004261,2016,2016-08-13,VRA Ground,1,30.2,Nepal,Netherlands,Sompal Kami,S Vesawkar,MJG Rippon,2,0,,,,,,,,,
1004261,2016,2016-08-13,VRA Ground,1,30.3,Nepal,Netherlands,Sompal Kami,S Vesawkar,MJG Rippon,0,0,,,,,,,,,
1004261,2016,2016-08-13,VRA Ground,1,30.4,Nepal,Netherlands,Sompal Kami,S Vesawkar,MJG Rippon,0,0,,,,,,,,,
1004261,2016,2016-08-13,VRA Ground,1,30.5,Nepal,Netherlands,Sompal Kami,S Vesawkar,MJG Rippon,2,0,,,,,,,,,
1004261,2016,2016-08-13,VRA Ground,1,30.6,Nepal,Netherlands,Sompal Kami,S Vesawkar,MJG Rippon,0,0,,,,,,,,,
1004261,2016,2016-08-13,VRA Ground,1,31.1,Nepal,Netherlands,S Vesawkar,Sompal Kami,Mudassar Bukhari,0,0,,,,,,caught,S Vesawkar,,
1004261,2016,2016-08-13,VRA Ground,1,31.2,Nepal,Netherlands,B Regmi,Sompal Kami,Mudassar Bukhari,0,0,,,,,,,,,
1004261,2016,2016-08-13,VRA Ground,1,31.3,Nepal,Netherlands,B Regmi,Sompal Kami,Mudassar Bukhari,4,0,,,,,,,,,
1004261,2016,2016-08-13,VRA Ground,1,31.4,Nepal,Netherlands,B Regmi,Sompal Kami,Mudassar Bukhari,0,0,,,,,,,,,
1004261,2016,2016-08-13,VRA Ground,1,31.5,Nepal,Netherlands,B Regmi,Sompal Kami,Mudassar Bukhari,0,0,,,,,,,,,
1004261,2016,2016-08-13,VRA Ground,1,31.6,Nepal,Netherlands,B Regmi,Sompal Kami,Mudassar Bukhari,0,0,,,,,,,,,
1004261,2016,2016-08-13,VRA Ground,1,32.1,Nepal,Netherlands,Sompal Kami,B Regmi,MJG Rippon,1,0,,,,,,,,,
1004261,2016,2016-08-13,VRA Ground,1,32.2,Nepal,Netherlands,B Regmi,Sompal Kami,MJG Rippon,0,0,,,,,,,,,
1004261,2016,2016-08-13,VRA Ground,1,32.3,Nepal,Netherlands,B Regmi,Sompal Kami,MJG Rippon,1,0,,,,,,,,,
1004261,2016,2016-08-13,VRA Ground,1,32.4,Nepal,Netherlands,Sompal Kami,B Regmi,MJG Rippon,0,0,,,,,,,,,
1004261,2016,2016-08-13,VRA Ground,1,32.5,Nepal,Netherlands,Sompal Kami,B Regmi,MJG Rippon,0,0,,,,,,,,,
1004261,2016,2016-08-13,VRA Ground,1,32.6,Nepal,Netherlands,Sompal Kami,B Regmi,MJG Rippon,0,0,,,,,,,,,
1004261,2016,2016-08-13,VRA Ground,1,33.1,Nepal,Netherlands,B Regmi,Sompal Kami,Mudassar Bukhari,0,0,,,,,,,,,
1004261,2016,2016-08-13,VRA Ground,1,33.2,Nepal,Netherlands,B Regmi,Sompal Kami,Mudassar Bukhari,1,0,,,,,,,,,
1004261,2016,2016-08-13,VRA Ground,1,33.3,Nepal,Netherlands,Sompal Kami,B Regmi,Mudassar Bukhari,0,0,,,,,,,,,
1004261,2016,2016-08-13,VRA Ground,1,33.4,Nepal,Netherlands,Sompal Kami,B Regmi,Mudassar Bukhari,0,0,,,,,,,,,
1004261,2016,2016-08-13,VRA Ground,1,33.5,Nepal,Netherlands,Sompal Kami,B Regmi,Mudassar Bukhari,0,0,,,,,,,,,
1004261,2016,2016-08-13,VRA Ground,1,33.6,Nepal,Netherlands,Sompal Kami,B Regmi,Mudassar Bukhari,0,0,,,,,,,,,
1004261,2016,2016-08-13,VRA Ground,1,34.1,Nepal,Netherlands,B Regmi,Sompal Kami,MJG Rippon,0,0,,,,,,,,,
1004261,2016,2016-08-13,VRA Ground,1,34.2,Nepal,Netherlands,B Regmi,Sompal Kami,MJG Rippon,1,0,,,,,,,,,
1004261,2016,2016-08-13,VRA Ground,1,34.3,Nepal,Netherlands,Sompal Kami,B Regmi,MJG Rippon,1,0,,,,,,,,,
1004261,2016,2016-08-13,VRA Ground,1,34.4,Nepal,Netherlands,B Regmi,Sompal Kami,MJG Rippon,0,0,,,,,,,,,
1004261,2016,2016-08-13,VRA Ground,1,34.5,Nepal,Netherlands,B Regmi,Sompal Kami,MJG Rippon,0,0,,,,,,,,,
1004261,2016,2016-08-13,VRA Ground,1,34.6,Nepal,Netherlands,B Regmi,Sompal Kami,MJG Rippon,0,0,,,,,,,,,
1004261,2016,2016-08-13,VRA Ground,1,35.1,Nepal,Netherlands,Sompal Kami,B Regmi,T van der Gugten,0,0,,,,,,,,,
1004261,2016,2016-08-13,VRA Ground,1,35.2,Nepal,Netherlands,Sompal Kami,B Regmi,T van der Gugten,0,0,,,,,,,,,
1004261,2016,2016-08-13,VRA Ground,1,35.3,Nepal,Netherlands,Sompal Kami,B Regmi,T van der Gugten,0,0,,,,,,,,,
1004261,2016,2016-08-13,VRA Ground,1,35.4,Nepal,Netherlands,Sompal Kami,B Regmi,T van der Gugten,4,0,,,,,,,,,
1004261,2016,2016-08-13,VRA Ground,1,35.5,Nepal,Netherlands,Sompal Kami,B Regmi,T van der Gugten,0,0,,,,,,,,,
1004261,2016,2016-08-13,VRA Ground,1,35.6,Nepal,Netherlands,Sompal Kami,B Regmi,T van der Gugten,0,0,,,,,,,,,
1004261,2016,2016-08-13,VRA Ground,1,36.1,Nepal,Netherlands,B Regmi,Sompal Kami,MJG Rippon,0,0,,,,,,,,,
1004261,2016,2016-08-13,VRA Ground,1,36.2,Nepal,Netherlands,B Regmi,Sompal Kami,MJG Rippon,0,0,,,,,,,,,
1004261,2016,2016-08-13,VRA Ground,1,36.3,Nepal,Netherlands,B Regmi,Sompal Kami,MJG Rippon,0,0,,,,,,,,,
1004261,2016,2016-08-13,VRA Ground,1,36.4,Nepal,Netherlands,B Regmi,Sompal Kami,MJG Rippon,0,0,,,,,,,,,
1004261,2016,2016-08-13,VRA Ground,1,36.5,Nepal,Netherlands,B Regmi,Sompal Kami,MJG Rippon,0,0,,,,,,,,,
1004261,2016,2016-08-13,VRA Ground,1,36.6,Nepal,Netherlands,B Regmi,Sompal Kami,MJG Rippon,0,0,,,,,,,,,
1004261,2016,2016-08-13,VRA Ground,1,37.1,Nepal,Netherlands,Sompal Kami,B Regmi,T van der Gugten,0,0,,,,,,caught,Sompal Kami,,
1004261,2016,2016-08-13,VRA Ground,1,37.2,Nepal,Netherlands,Karan KC,B Regmi,T van der Gugten,0,0,,,,,,,,,
1004261,2016,2016-08-13,VRA Ground,1,37.3,Nepal,Netherlands,Karan KC,B Regmi,T van der Gugten,0,0,,,,,,bowled,Karan KC,,
1004261,2016,2016-08-13,VRA Ground,1,37.4,Nepal,Netherlands,S Lamichhane,B Regmi,T van der Gugten,0,0,,,,,,,,,
1004261,2016,2016-08-13,VRA Ground,1,37.5,Nepal,Netherlands,S Lamichhane,B Regmi,T van der Gugten,1,0,,,,,,,,,
1004261,2016,2016-08-13,VRA Ground,1,37.6,Nepal,Netherlands,B Regmi,S Lamichhane,T van der Gugten,0,0,,,,,,,,,
1004261,2016,2016-08-13,VRA Ground,1,38.1,Nepal,Netherlands,S Lamichhane,B Regmi,MJG Rippon,0,0,,,,,,caught and bowled,S Lamichhane,,
1004261,2016,2016-08-13,VRA Ground,2,0.1,Netherlands,Nepal,SJ Myburgh,MJG Rippon,Sompal Kami,0,0,,,,,,,,,
1004261,2016,2016-08-13,VRA Ground,2,0.2,Netherlands,Nepal,SJ Myburgh,MJG Rippon,Sompal Kami,0,0,,,,,,,,,
1004261,2016,2016-08-13,VRA Ground,2,0.3,Netherlands,Nepal,SJ Myburgh,MJG Rippon,Sompal Kami,0,0,,,,,,,,,
1004261,2016,2016-08-13,VRA Ground,2,0.4,Netherlands,Nepal,SJ Myburgh,MJG Rippon,Sompal Kami,0,1,,,,1,,,,,
1004261,2016,2016-08-13,VRA Ground,2,0.5,Netherlands,Nepal,MJG Rippon,SJ Myburgh,Sompal Kami,1,0,,,,,,,,,
1004261,2016,2016-08-13,VRA Ground,2,0.6,Netherlands,Nepal,SJ Myburgh,MJG Rippon,Sompal Kami,0,0,,,,,,,,,
1004261,2016,2016-08-13,VRA Ground,2,1.1,Netherlands,Nepal,MJG Rippon,SJ Myburgh,Karan KC,0,0,,,,,,,,,
1004261,2016,2016-08-13,VRA Ground,2,1.2,Netherlands,Nepal,MJG Rippon,SJ Myburgh,Karan KC,0,0,,,,,,,,,
1004261,2016,2016-08-13,VRA Ground,2,1.3,Netherlands,Nepal,MJG Rippon,SJ Myburgh,Karan KC,0,0,,,,,,,,,
1004261,2016,2016-08-13,VRA Ground,2,1.4,Netherlands,Nepal,MJG Rippon,SJ Myburgh,Karan KC,1,0,,,,,,,,,
1004261,2016,2016-08-13,VRA Ground,2,1.5,Netherlands,Nepal,SJ Myburgh,MJG Rippon,Karan KC,0,0,,,,,,,,,
1004261,2016,2016-08-13,VRA Ground,2,1.6,Netherlands,Nepal,SJ Myburgh,MJG Rippon,Karan KC,0,0,,,,,,,,,
1004261,2016,2016-08-13,VRA Ground,2,2.1,Netherlands,Nepal,MJG Rippon,SJ Myburgh,Sompal Kami,1,0,,,,,,,,,
1004261,2016,2016-08-13,VRA Ground,2,2.2,Netherlands,Nepal,SJ Myburgh,MJG Rippon,Sompal Kami,0,1,,1,,,,,,,
1004261,2016,2016-08-13,VRA Ground,2,2.3,Netherlands,Nepal,SJ Myburgh,MJG Rippon,Sompal Kami,4,0,,,,,,,,,
1004261,2016,2016-08-13,VRA Ground,2,2.4,Netherlands,Nepal,SJ Myburgh,MJG Rippon,Sompal Kami,0,0,,,,,,,,,
1004261,2016,2016-08-13,VRA Ground,2,2.5,Netherlands,Nepal,SJ Myburgh,MJG Rippon,Sompal Kami,1,0,,,,,,,,,
1004261,2016,2016-08-13,VRA Ground,2,2.6,Netherlands,Nepal,MJG Rippon,SJ Myburgh,Sompal Kami,0,0,,,,,,,,,
1004261,2016,2016-08-13,VRA Ground,2,2.7,Netherlands,Nepal,MJG Rippon,SJ Myburgh,Sompal Kami,3,0,,,,,,,,,
1004261,2016,2016-08-13,VRA Ground,2,3.1,Netherlands,Nepal,MJG Rippon,SJ Myburgh,Karan KC,0,0,,,,,,caught,MJG Rippon,,
1004261,2016,2016-08-13,VRA Ground,2,3.2,Netherlands,Nepal,W Barresi,SJ Myburgh,Karan KC,0,0,,,,,,,,,
1004261,2016,2016-08-13,VRA Ground,2,3.3,Netherlands,Nepal,W Barresi,SJ Myburgh,Karan KC,4,0,,,,,,,,,
1004261,2016,2016-08-13,VRA Ground,2,3.4,Netherlands,Nepal,W Barresi,SJ Myburgh,Karan KC,0,0,,,,,,,,,
1004261,2016,2016-08-13,VRA Ground,2,3.5,Netherlands,Nepal,W Barresi,SJ Myburgh,Karan KC,4,0,,,,,,,,,
1004261,2016,2016-08-13,VRA Ground,2,3.6,Netherlands,Nepal,W Barresi,SJ Myburgh,Karan KC,1,0,,,,,,,,,
1004261,2016,2016-08-13,VRA Ground,2,4.1,Netherlands,Nepal,W Barresi,SJ Myburgh,Sompal Kami,0,0,,,,,,,,,
1004261,2016,2016-08-13,VRA Ground,2,4.2,Netherlands,Nepal,W Barresi,SJ Myburgh,Sompal Kami,2,0,,,,,,,,,
1004261,2016,2016-08-13,VRA Ground,2,4.3,Netherlands,Nepal,W Barresi,SJ Myburgh,Sompal Kami,1,0,,,,,,,,,
1004261,2016,2016-08-13,VRA Ground,2,4.4,Netherlands,Nepal,SJ Myburgh,W Barresi,Sompal Kami,3,0,,,,,,,,,
1004261,2016,2016-08-13,VRA Ground,2,4.5,Netherlands,Nepal,W Barresi,SJ Myburgh,Sompal Kami,3,0,,,,,,,,,
1004261,2016,2016-08-13,VRA Ground,2,4.6,Netherlands,Nepal,SJ Myburgh,W Barresi,Sompal Kami,2,0,,,,,,,,,
1004261,2016,2016-08-13,VRA Ground,2,5.1,Netherlands,Nepal,W Barresi,SJ Myburgh,Karan KC,2,0,,,,,,,,,
1004261,2016,2016-08-13,VRA Ground,2,5.2,Netherlands,Nepal,W Barresi,SJ Myburgh,Karan KC,0,0,,,,,,,,,
1004261,2016,2016-08-13,VRA Ground,2,5.3,Netherlands,Nepal,W Barresi,SJ Myburgh,Karan KC,1,0,,,,,,,,,
1004261,2016,2016-08-13,VRA Ground,2,5.4,Netherlands,Nepal,SJ Myburgh,W Barresi,Karan KC,0,0,,,,,,,,,
1004261,2016,2016-08-13,VRA Ground,2,5.5,Netherlands,Nepal,SJ Myburgh,W Barresi,Karan KC,4,0,,,,,,,,,
1004261,2016,2016-08-13,VRA Ground,2,5.6,Netherlands,Nepal,SJ Myburgh,W Barresi,Karan KC,1,0,,,,,,,,,
1004261,2016,2016-08-13,VRA Ground,2,6.1,Netherlands,Nepal,SJ Myburgh,W Barresi,B Regmi,0,0,,,,,,,,,
1004261,2016,2016-08-13,VRA Ground,2,6.2,Netherlands,Nepal,SJ Myburgh,W Barresi,B Regmi,0,0,,,,,,,,,
1004261,2016,2016-08-13,VRA Ground,2,6.3,Netherlands,Nepal,SJ Myburgh,W Barresi,B Regmi,0,0,,,,,,,,,
1004261,2016,2016-08-13,VRA Ground,2,6.4,Netherlands,Nepal,SJ Myburgh,W Barresi,B Regmi,0,0,,,,,,,,,
1004261,2016,2016-08-13,VRA Ground,2,6.5,Netherlands,Nepal,SJ Myburgh,W Barresi,B Regmi,0,0,,,,,,,,,
1004261,2016,2016-08-13,VRA Ground,2,6.6,Netherlands,Nepal,SJ Myburgh,W Barresi,B Regmi,0,0,,,,,,,,,
1004261,2016,2016-08-13,VRA Ground,2,7.1,Netherlands,Nepal,W Barresi,SJ Myburgh,P Khadka,0,3,,,,3,,,,,
1004261,2016,2016-08-13,VRA Ground,2,7.2,Netherlands,Nepal,SJ Myburgh,W Barresi,P Khadka,1,0,,,,,,,,,
1004261,2016,2016-08-13,VRA Ground,2,7.3,Netherlands,Nepal,W Barresi,SJ Myburgh,P Khadka,1,0,,,,,,,,,
1004261,2016,2016-08-13,VRA Ground,2,7.4,Netherlands,Nepal,SJ Myburgh,W Barresi,P Khadka,4,0,,,,,,,,,
1004261,2016,2016-08-13,VRA Ground,2,7.5,Netherlands,Nepal,SJ Myburgh,W Barresi,P Khadka,0,0,,,,,,,,,
1004261,2016,2016-08-13,VRA Ground,2,7.6,Netherlands,Nepal,SJ Myburgh,W Barresi,P Khadka,0,0,,,,,,,,,
1004261,2016,2016-08-13,VRA Ground,2,8.1,Netherlands,Nepal,W Barresi,SJ Myburgh,B Regmi,0,0,,,,,,,,,
1004261,2016,2016-08-13,VRA Ground,2,8.2,Netherlands,Nepal,W Barresi,SJ Myburgh,B Regmi,4,0,,,,,,,,,
1004261,2016,2016-08-13,VRA Ground,2,8.3,Netherlands,Nepal,W Barresi,SJ Myburgh,B Regmi,0,0,,,,,,,,,
1004261,2016,2016-08-13,VRA Ground,2,8.4,Netherlands,Nepal,W Barresi,SJ Myburgh,B Regmi,0,0,,,,,,,,,
1004261,2016,2016-08-13,VRA Ground,2,8.5,Netherlands,Nepal,W Barresi,SJ Myburgh,B Regmi,4,0,,,,,,,,,
1004261,2016,2016-08-13,VRA Ground,2,8.6,Netherlands,Nepal,W Barresi,SJ Myburgh,B Regmi,1,0,,,,,,,,,
1004261,2016,2016-08-13,VRA Ground,2,9.1,Netherlands,Nepal,W Barresi,SJ Myburgh,P Khadka,0,0,,,,,,,,,
1004261,2016,2016-08-13,VRA Ground,2,9.2,Netherlands,Nepal,W Barresi,SJ Myburgh,P Khadka,4,0,,,,,,,,,
1004261,2016,2016-08-13,VRA Ground,2,9.3,Netherlands,Nepal,W Barresi,SJ Myburgh,P Khadka,0,0,,,,,,,,,
1004261,2016,2016-08-13,VRA Ground,2,9.4,Netherlands,Nepal,W Barresi,SJ Myburgh,P Khadka,1,0,,,,,,,,,
1004261,2016,2016-08-13,VRA Ground,2,9.5,Netherlands,Nepal,SJ Myburgh,W Barresi,P Khadka,0,0,,,,,,,,,
1004261,2016,2016-08-13,VRA Ground,2,9.6,Netherlands,Nepal,SJ Myburgh,W Barresi,P Khadka,1,0,,,,,,,,,
1004261,2016,2016-08-13,VRA Ground,2,10.1,Netherlands,Nepal,SJ Myburgh,W Barresi,B Regmi,1,0,,,,,,,,,
1004261,2016,2016-08-13,VRA Ground,2,10.2,Netherlands,Nepal,W Barresi,SJ Myburgh,B Regmi,0,0,,,,,,,,,
1004261,2016,2016-08-13,VRA Ground,2,10.3,Netherlands,Nepal,W Barresi,SJ Myburgh,B Regmi,2,0,,,,,,,,,
1004261,2016,2016-08-13,VRA Ground,2,10.4,Netherlands,Nepal,W Barresi,SJ Myburgh,B Regmi,0,0,,,,,,,,,
1004261,2016,2016-08-13,VRA Ground,2,10.5,Netherlands,Nepal,W Barresi,SJ Myburgh,B Regmi,0,0,,,,,,,,,
1004261,2016,2016-08-13,VRA Ground,2,10.6,Netherlands,Nepal,W Barresi,SJ Myburgh,B Regmi,1,0,,,,,,,,,
1004261,2016,2016-08-13,VRA Ground,2,11.1,Netherlands,Nepal,W Barresi,SJ Myburgh,S Lamichhane,0,0,,,,,,,,,
1004261,2016,2016-08-13,VRA Ground,2,11.2,Netherlands,Nepal,W Barresi,SJ Myburgh,S Lamichhane,0,0,,,,,,,,,
1004261,2016,2016-08-13,VRA Ground,2,11.3,Netherlands,Nepal,W Barresi,SJ Myburgh,S Lamichhane,1,0,,,,,,,,,
1004261,2016,2016-08-13,VRA Ground,2,11.4,Netherlands,Nepal,SJ Myburgh,W Barresi,S Lamichhane,0,0,,,,,,,,,
1004261,2016,2016-08-13,VRA Ground,2,11.5,Netherlands,Nepal,SJ Myburgh,W Barresi,S Lamichhane,0,0,,,,,,,,,
1004261,2016,2016-08-13,VRA Ground,2,11.6,Netherlands,Nepal,SJ Myburgh,W Barresi,S Lamichhane,0,0,,,,,,,,,
1004261,2016,2016-08-13,VRA Ground,2,12.1,Netherlands,Nepal,W Barresi,SJ Myburgh,B Regmi,0,0,,,,,,bowled,W Barresi,,
1004261,2016,2016-08-13,VRA Ground,2,12.2,Netherlands,Nepal,BN Cooper,SJ Myburgh,B Regmi,0,0,,,,,,,,,
1004261,2016,2016-08-13,VRA Ground,2,12.3,Netherlands,Nepal,BN Cooper,SJ Myburgh,B Regmi,0,0,,,,,,,,,
1004261,2016,2016-08-13,VRA Ground,2,12.4,Netherlands,Nepal,BN Cooper,SJ Myburgh,B Regmi,0,0,,,,,,,,,
1004261,2016,2016-08-13,VRA Ground,2,12.5,Netherlands,Nepal,BN Cooper,SJ Myburgh,B Regmi,0,0,,,,,,,,,
1004261,2016,2016-08-13,VRA Ground,2,12.6,Netherlands,Nepal,BN Cooper,SJ Myburgh,B Regmi,2,0,,,,,,,,,
1004261,2016,2016-08-13,VRA Ground,2,13.1,Netherlands,Nepal,SJ Myburgh,BN Cooper,S Lamichhane,0,0,,,,,,,,,
1004261,2016,2016-08-13,VRA Ground,2,13.2,Netherlands,Nepal,SJ Myburgh,BN Cooper,S Lamichhane,0,0,,,,,,,,,
1004261,2016,2016-08-13,VRA Ground,2,13.3,Netherlands,Nepal,SJ Myburgh,BN Cooper,S Lamichhane,1,0,,,,,,,,,
1004261,2016,2016-08-13,VRA Ground,2,13.4,Netherlands,Nepal,BN Cooper,SJ Myburgh,S Lamichhane,1,0,,,,,,,,,
1004261,2016,2016-08-13,VRA Ground,2,13.5,Netherlands,Nepal,SJ Myburgh,BN Cooper,S Lamichhane,1,0,,,,,,,,,
1004261,2016,2016-08-13,VRA Ground,2,13.6,Netherlands,Nepal,BN Cooper,SJ Myburgh,S Lamichhane,1,0,,,,,,,,,
1004261,2016,2016-08-13,VRA Ground,2,14.1,Netherlands,Nepal,BN Cooper,SJ Myburgh,B Regmi,0,0,,,,,,,,,
1004261,2016,2016-08-13,VRA Ground,2,14.2,Netherlands,Nepal,BN Cooper,SJ Myburgh,B Regmi,0,0,,,,,,,,,
1004261,2016,2016-08-13,VRA Ground,2,14.3,Netherlands,Nepal,BN Cooper,SJ Myburgh,B Regmi,1,0,,,,,,,,,
1004261,2016,2016-08-13,VRA Ground,2,14.4,Netherlands,Nepal,SJ Myburgh,BN Cooper,B Regmi,1,0,,,,,,,,,
1004261,2016,2016-08-13,VRA Ground,2,14.5,Netherlands,Nepal,BN Cooper,SJ Myburgh,B Regmi,0,5,5,,,,,,,,
1004261,2016,2016-08-13,VRA Ground,2,14.6,Netherlands,Nepal,BN Cooper,SJ Myburgh,B Regmi,1,0,,,,,,,,,
1004261,2016,2016-08-13,VRA Ground,2,14.7,Netherlands,Nepal,SJ Myburgh,BN Cooper,B Regmi,0,0,,,,,,,,,
1004261,2016,2016-08-13,VRA Ground,2,15.1,Netherlands,Nepal,BN Cooper,SJ Myburgh,Sagar Pun,0,0,,,,,,,,,
1004261,2016,2016-08-13,VRA Ground,2,15.2,Netherlands,Nepal,BN Cooper,SJ Myburgh,Sagar Pun,0,0,,,,,,caught,BN Cooper,,
1004261,2016,2016-08-13,VRA Ground,2,15.3,Netherlands,Nepal,RE van der Merwe,SJ Myburgh,Sagar Pun,2,0,,,,,,,,,
1004261,2016,2016-08-13,VRA Ground,2,15.4,Netherlands,Nepal,RE van der Merwe,SJ Myburgh,Sagar Pun,0,0,,,,,,,,,
1004261,2016,2016-08-13,VRA Ground,2,15.5,Netherlands,Nepal,RE van der Merwe,SJ Myburgh,Sagar Pun,0,0,,,,,,,,,
1004261,2016,2016-08-13,VRA Ground,2,15.6,Netherlands,Nepal,RE van der Merwe,SJ Myburgh,Sagar Pun,1,0,,,,,,,,,
1004261,2016,2016-08-13,VRA Ground,2,16.1,Netherlands,Nepal,RE van der Merwe,SJ Myburgh,S Lamichhane,0,0,,,,,,,,,
1004261,2016,2016-08-13,VRA Ground,2,16.2,Netherlands,Nepal,RE van der Merwe,SJ Myburgh,S Lamichhane,1,0,,,,,,,,,
1004261,2016,2016-08-13,VRA Ground,2,16.3,Netherlands,Nepal,SJ Myburgh,RE van der Merwe,S Lamichhane,4,0,,,,,,,,,
1004261,2016,2016-08-13,VRA Ground,2,16.4,Netherlands,Nepal,SJ Myburgh,RE van der Merwe,S Lamichhane,0,0,,,,,,,,,
1004261,2016,2016-08-13,VRA Ground,2,16.5,Netherlands,Nepal,SJ Myburgh,RE van der Merwe,S Lamichhane,4,0,,,,,,,,,
