match_id,season,start_date,venue,innings,ball,batting_team,bowling_team,striker,non_striker,bowler,runs_off_bat,extras,wides,noballs,byes,legbyes,penalty,wicket_type,player_dismissed,other_wicket_type,other_player_dismissed
1004269,2016/17,2016-11-20,Gymkhana Club Ground,1,0.1,Hong Kong,Kenya,C Carter,KD Shah,NN Odhiambo,0,0,,,,,,,,,
1004269,2016/17,2016-11-20,Gymkhana Club Ground,1,0.2,Hong Kong,Kenya,C Carter,KD Shah,NN Odhiambo,0,0,,,,,,,,,
1004269,2016/17,2016-11-20,Gymkhana Club Ground,1,0.3,Hong Kong,Kenya,C Carter,KD Shah,NN Odhiambo,0,0,,,,,,,,,
1004269,2016/17,2016-11-20,Gymkhana Club Ground,1,0.4,Hong Kong,Kenya,C Carter,KD Shah,NN Odhiambo,0,0,,,,,,,,,
1004269,2016/17,2016-11-20,Gymkhana Club Ground,1,0.5,Hong Kong,Kenya,C Carter,KD Shah,NN Odhiambo,0,0,,,,,,,,,
1004269,2016/17,2016-11-20,Gymkhana Club Ground,1,0.6,Hong Kong,Kenya,C Carter,KD Shah,NN Odhiambo,0,0,,,,,,,,,
1004269,2016/17,2016-11-20,Gymkhana Club Ground,1,1.1,Hong Kong,Kenya,KD Shah,C Carter,LN Oluoch,1,0,,,,,,,,,
1004269,2016/17,2016-11-20,Gymkhana Club Ground,1,1.2,Hong Kong,Kenya,C Carter,KD Shah,LN Oluoch,1,0,,,,,,,,,
1004269,2016/17,2016-11-20,Gymkhana Club Ground,1,1.3,Hong Kong,Kenya,KD Shah,C Carter,LN Oluoch,0,0,,,,,,,,,
1004269,2016/17,2016-11-20,Gymkhana Club Ground,1,1.4,Hong Kong,Kenya,KD Shah,C Carter,LN Oluoch,0,0,,,,,,bowled,KD Shah,,
1004269,2016/17,2016-11-20,Gymkhana Club Ground,1,1.5,Hong Kong,Kenya,Babar Hayat,C Carter,LN Oluoch,0,0,,,,,,,,,
1004269,2016/17,2016-11-20,Gymkhana Club Ground,1,1.6,Hong Kong,Kenya,Babar Hayat,C Carter,LN Oluoch,0,0,,,,,,,,,
1004269,2016/17,2016-11-20,Gymkhana Club Ground,1,2.1,Hong Kong,Kenya,C Carter,Babar Hayat,NN Odhiambo,0,0,,,,,,,,,
1004269,2016/17,2016-11-20,Gymkhana Club Ground,1,2.2,Hong Kong,Kenya,C Carter,Babar Hayat,NN Odhiambo,0,0,,,,,,,,,
1004269,2016/17,2016-11-20,Gymkhana Club Ground,1,2.3,Hong Kong,Kenya,C Carter,Babar Hayat,NN Odhiambo,2,0,,,,,,,,,
1004269,2016/17,2016-11-20,Gymkhana Club Ground,1,2.4,Hong Kong,Kenya,C Carter,Babar Hayat,NN Odhiambo,0,0,,,,,,,,,
1004269,2016/17,2016-11-20,Gymkhana Club Ground,1,2.5,Hong Kong,Kenya,C Carter,Babar Hayat,NN Odhiambo,0,0,,,,,,,,,
1004269,2016/17,2016-11-20,Gymkhana Club Ground,1,2.6,Hong Kong,Kenya,C Carter,Babar Hayat,NN Odhiambo,0,0,,,,,,,,,
1004269,2016/17,2016-11-20,Gymkhana Club Ground,1,3.1,Hong Kong,Kenya,Babar Hayat,C Carter,LN Oluoch,4,0,,,,,,,,,
1004269,2016/17,2016-11-20,Gymkhana Club Ground,1,3.2,Hong Kong,Kenya,Babar Hayat,C Carter,LN Oluoch,4,0,,,,,,,,,
1004269,2016/17,2016-11-20,Gymkhana Club Ground,1,3.3,Hong Kong,Kenya,Babar Hayat,C Carter,LN Oluoch,0,0,,,,,,,,,
1004269,2016/17,2016-11-20,Gymkhana Club Ground,1,3.4,Hong Kong,Kenya,Babar Hayat,C Carter,LN Oluoch,1,0,,,,,,,,,
1004269,2016/17,2016-11-20,Gymkhana Club Ground,1,3.5,Hong Kong,Kenya,C Carter,Babar Hayat,LN Oluoch,0,0,,,,,,,,,
1004269,2016/17,2016-11-20,Gymkhana Club Ground,1,3.6,Hong Kong,Kenya,C Carter,Babar Hayat,LN Oluoch,0,0,,,,,,,,,
1004269,2016/17,2016-11-20,Gymkhana Club Ground,1,4.1,Hong Kong,Kenya,Babar Hayat,C Carter,NN Odhiambo,1,0,,,,,,,,,
1004269,2016/17,2016-11-20,Gymkhana Club Ground,1,4.2,Hong Kong,Kenya,C Carter,Babar Hayat,NN Odhiambo,0,0,,,,,,,,,
1004269,2016/17,2016-11-20,Gymkhana Club Ground,1,4.3,Hong Kong,Kenya,C Carter,Babar Hayat,NN Odhiambo,0,0,,,,,,,,,
1004269,2016/17,2016-11-20,Gymkhana Club Ground,1,4.4,Hong Kong,Kenya,C Carter,Babar Hayat,NN Odhiambo,4,0,,,,,,,,,
1004269,2016/17,2016-11-20,Gymkhana Club Ground,1,4.5,Hong Kong,Kenya,C Carter,Babar Hayat,NN Odhiambo,1,0,,,,,,,,,
1004269,2016/17,2016-11-20,Gymkhana Club Ground,1,4.6,Hong Kong,Kenya,Babar Hayat,C Carter,NN Odhiambo,0,0,,,,,,,,,
1004269,2016/17,2016-11-20,Gymkhana Club Ground,1,5.1,Hong Kong,Kenya,C Carter,Babar Hayat,LN Oluoch,0,0,,,,,,,,,
1004269,2016/17,2016-11-20,Gymkhana Club Ground,1,5.2,Hong Kong,Kenya,C Carter,Babar Hayat,LN Oluoch,0,0,,,,,,,,,
1004269,2016/17,2016-11-20,Gymkhana Club Ground,1,5.3,Hong Kong,Kenya,C Carter,Babar Hayat,LN Oluoch,0,0,,,,,,,,,
1004269,2016/17,2016-11-20,Gymkhana Club Ground,1,5.4,Hong Kong,Kenya,C Carter,Babar Hayat,LN Oluoch,2,0,,,,,,,,,
1004269,2016/17,2016-11-20,Gymkhana Club Ground,1,5.5,Hong Kong,Kenya,C Carter,Babar Hayat,LN Oluoch,0,0,,,,,,,,,
1004269,2016/17,2016-11-20,Gymkhana Club Ground,1,5.6,Hong Kong,Kenya,C Carter,Babar Hayat,LN Oluoch,0,0,,,,,,,,,
1004269,2016/17,2016-11-20,Gymkhana Club Ground,1,6.1,Hong Kong,Kenya,Babar Hayat,C Carter,NK Patel,1,0,,,,,,,,,
1004269,2016/17,2016-11-20,Gymkhana Club Ground,1,6.2,Hong Kong,Kenya,C Carter,Babar Hayat,NK Patel,0,0,,,,,,,,,
1004269,2016/17,2016-11-20,Gymkhana Club Ground,1,6.3,Hong Kong,Kenya,C Carter,Babar Hayat,NK Patel,0,0,,,,,,,,,
1004269,2016/17,2016-11-20,Gymkhana Club Ground,1,6.4,Hong Kong,Kenya,C Carter,Babar Hayat,NK Patel,0,0,,,,,,,,,
1004269,2016/17,2016-11-20,Gymkhana Club Ground,1,6.5,Hong Kong,Kenya,C Carter,Babar Hayat,NK Patel,0,1,,1,,,,,,,
1004269,2016/17,2016-11-20,Gymkhana Club Ground,1,6.6,Hong Kong,Kenya,C Carter,Babar Hayat,NK Patel,0,0,,,,,,,,,
1004269,2016/17,2016-11-20,Gymkhana Club Ground,1,6.7,Hong Kong,Kenya,C Carter,Babar Hayat,NK Patel,0,0,,,,,,,,,
1004269,2016/17,2016-11-20,Gymkhana Club Ground,1,7.1,Hong Kong,Kenya,Babar Hayat,C Carter,LN Oluoch,0,0,,,,,,,,,
1004269,2016/17,2016-11-20,Gymkhana Club Ground,1,7.2,Hong Kong,Kenya,Babar Hayat,C Carter,LN Oluoch,0,0,,,,,,,,,
1004269,2016/17,2016-11-20,Gymkhana Club Ground,1,7.3,Hong Kong,Kenya,Babar Hayat,C Carter,LN Oluoch,0,0,,,,,,,,,
1004269,2016/17,2016-11-20,Gymkhana Club Ground,1,7.4,Hong Kong,Kenya,Babar Hayat,C Carter,LN Oluoch,0,0,,,,,,,,,
1004269,2016/17,2016-11-20,Gymkhana Club Ground,1,7.5,Hong Kong,Kenya,Babar Hayat,C Carter,LN Oluoch,4,0,,,,,,,,,
1004269,2016/17,2016-11-20,Gymkhana Club Ground,1,7.6,Hong Kong,Kenya,Babar Hayat,C Carter,LN Oluoch,0,0,,,,,,,,,
1004269,2016/17,2016-11-20,Gymkhana Club Ground,1,8.1,Hong Kong,Kenya,C Carter,Babar Hayat,NK Patel,1,0,,,,,,,,,
1004269,2016/17,2016-11-20,Gymkhana Club Ground,1,8.2,Hong Kong,Kenya,Babar Hayat,C Carter,NK Patel,1,0,,,,,,,,,
1004269,2016/17,2016-11-20,Gymkhana Club Ground,1,8.3,Hong Kong,Kenya,C Carter,Babar Hayat,NK Patel,1,0,,,,,,,,,
1004269,2016/17,2016-11-20,Gymkhana Club Ground,1,8.4,Hong Kong,Kenya,Babar Hayat,C Carter,NK Patel,0,0,,,,,,,,,
1004269,2016/17,2016-11-20,Gymkhana Club Ground,1,8.5,Hong Kong,Kenya,Babar Hayat,C Carter,NK Patel,6,0,,,,,,,,,
1004269,2016/17,2016-11-20,Gymkhana Club Ground,1,8.6,Hong Kong,Kenya,Babar Hayat,C Carter,NK Patel,1,0,,,,,,,,,
1004269,2016/17,2016-11-20,Gymkhana Club Ground,1,9.1,Hong Kong,Kenya,Babar Hayat,C Carter,NM Odhiambo,0,0,,,,,,,,,
1004269,2016/17,2016-11-20,Gymkhana Club Ground,1,9.2,Hong Kong,Kenya,Babar Hayat,C Carter,NM Odhiambo,0,0,,,,,,,,,
1004269,2016/17,2016-11-20,Gymkhana Club Ground,1,9.3,Hong Kong,Kenya,Babar Hayat,C Carter,NM Odhiambo,0,0,,,,,,,,,
1004269,2016/17,2016-11-20,Gymkhana Club Ground,1,9.4,Hong Kong,Kenya,Babar Hayat,C Carter,NM Odhiambo,6,0,,,,,,,,,
1004269,2016/17,2016-11-20,Gymkhana Club Ground,1,9.5,Hong Kong,Kenya,Babar Hayat,C Carter,NM Odhiambo,1,0,,,,,,,,,
1004269,2016/17,2016-11-20,Gymkhana Club Ground,1,9.6,Hong Kong,Kenya,C Carter,Babar Hayat,NM Odhiambo,0,0,,,,,,,,,
1004269,2016/17,2016-11-20,Gymkhana Club Ground,1,10.1,Hong Kong,Kenya,Babar Hayat,C Carter,NK Patel,0,0,,,,,,,,,
1004269,2016/17,2016-11-20,Gymkhana Club Ground,1,10.2,Hong Kong,Kenya,Babar Hayat,C Carter,NK Patel,0,0,,,,,,,,,
1004269,2016/17,2016-11-20,Gymkhana Club Ground,1,10.3,Hong Kong,Kenya,Babar Hayat,C Carter,NK Patel,6,0,,,,,,,,,
1004269,2016/17,2016-11-20,Gymkhana Club Ground,1,10.4,Hong Kong,Kenya,Babar Hayat,C Carter,NK Patel,1,0,,,,,,,,,
1004269,2016/17,2016-11-20,Gymkhana Club Ground,1,10.5,Hong Kong,Kenya,C Carter,Babar Hayat,NK Patel,0,0,,,,,,,,,
1004269,2016/17,2016-11-20,Gymkhana Club Ground,1,10.6,Hong Kong,Kenya,C Carter,Babar Hayat,NK Patel,0,0,,,,,,,,,
1004269,2016/17,2016-11-20,Gymkhana Club Ground,1,11.1,Hong Kong,Kenya,Babar Hayat,C Carter,NM Odhiambo,1,0,,,,,,,,,
1004269,2016/17,2016-11-20,Gymkhana Club Ground,1,11.2,Hong Kong,Kenya,C Carter,Babar Hayat,NM Odhiambo,4,0,,,,,,,,,
1004269,2016/17,2016-11-20,Gymkhana Club Ground,1,11.3,Hong Kong,Kenya,C Carter,Babar Hayat,NM Odhiambo,1,0,,,,,,,,,
1004269,2016/17,2016-11-20,Gymkhana Club Ground,1,11.4,Hong Kong,Kenya,Babar Hayat,C Carter,NM Odhiambo,1,0,,,,,,,,,
1004269,2016/17,2016-11-20,Gymkhana Club Ground,1,11.5,Hong Kong,Kenya,C Carter,Babar Hayat,NM Odhiambo,0,0,,,,,,,,,
1004269,2016/17,2016-11-20,Gymkhana Club Ground,1,11.6,Hong Kong,Kenya,C Carter,Babar Hayat,NM Odhiambo,1,0,,,,,,,,,
1004269,2016/17,2016-11-20,Gymkhana Club Ground,1,12.1,Hong Kong,Kenya,C Carter,Babar Hayat,SO Ngoche,0,0,,,,,,,,,
1004269,2016/17,2016-11-20,Gymkhana Club Ground,1,12.2,Hong Kong,Kenya,C Carter,Babar Hayat,SO Ngoche,1,0,,,,,,,,,
1004269,2016/17,2016-11-20,Gymkhana Club Ground,1,12.3,Hong Kong,Kenya,Babar Hayat,C Carter,SO Ngoche,0,0,,,,,,,,,
1004269,2016/17,2016-11-20,Gymkhana Club Ground,1,12.4,Hong Kong,Kenya,Babar Hayat,C Carter,SO Ngoche,0,0,,,,,,,,,
1004269,2016/17,2016-11-20,Gymkhana Club Ground,1,12.5,Hong Kong,Kenya,Babar Hayat,C Carter,SO Ngoche,0,0,,,,,,,,,
1004269,2016/17,2016-11-20,Gymkhana Club Ground,1,12.6,Hong Kong,Kenya,Babar Hayat,C Carter,SO Ngoche,1,0,,,,,,,,,
1004269,2016/17,2016-11-20,Gymkhana Club Ground,1,13.1,Hong Kong,Kenya,Babar Hayat,C Carter,NM Odhiambo,1,0,,,,,,,,,
1004269,2016/17,2016-11-20,Gymkhana Club Ground,1,13.2,Hong Kong,Kenya,C Carter,Babar Hayat,NM Odhiambo,1,0,,,,,,,,,
1004269,2016/17,2016-11-20,Gymkhana Club Ground,1,13.3,Hong Kong,Kenya,Babar Hayat,C Carter,NM Odhiambo,1,0,,,,,,,,,
1004269,2016/17,2016-11-20,Gymkhana Club Ground,1,13.4,Hong Kong,Kenya,C Carter,Babar Hayat,NM Odhiambo,6,0,,,,,,,,,
1004269,2016/17,2016-11-20,Gymkhana Club Ground,1,13.5,Hong Kong,Kenya,C Carter,Babar Hayat,NM Odhiambo,0,0,,,,,,,,,
1004269,2016/17,2016-11-20,Gymkhana Club Ground,1,13.6,Hong Kong,Kenya,C Carter,Babar Hayat,NM Odhiambo,1,0,,,,,,,,,
1004269,2016/17,2016-11-20,Gymkhana Club Ground,1,14.1,Hong Kong,Kenya,C Carter,Babar Hayat,SO Ngoche,1,0,,,,,,,,,
1004269,2016/17,2016-11-20,Gymkhana Club Ground,1,14.2,Hong Kong,Kenya,Babar Hayat,C Carter,SO Ngoche,0,0,,,,,,,,,
1004269,2016/17,2016-11-20,Gymkhana Club Ground,1,14.3,Hong Kong,Kenya,Babar Hayat,C Carter,SO Ngoche,1,0,,,,,,,,,
1004269,2016/17,2016-11-20,Gymkhana Club Ground,1,14.4,Hong Kong,Kenya,C Carter,Babar Hayat,SO Ngoche,0,0,,,,,,,,,
1004269,2016/17,2016-11-20,Gymkhana Club Ground,1,14.5,Hong Kong,Kenya,C Carter,Babar Hayat,SO Ngoche,4,0,,,,,,,,,
1004269,2016/17,2016-11-20,Gymkhana Club Ground,1,14.6,Hong Kong,Kenya,C Carter,Babar Hayat,SO Ngoche,0,0,,,,,,,,,
1004269,2016/17,2016-11-20,Gymkhana Club Ground,1,15.1,Hong Kong,Kenya,Babar Hayat,C Carter,RR Patel,4,0,,,,,,,,,
1004269,2016/17,2016-11-20,Gymkhana Club Ground,1,15.2,Hong Kong,Kenya,Babar Hayat,C Carter,RR Patel,1,0,,,,,,,,,
1004269,2016/17,2016-11-20,Gymkhana Club Ground,1,15.3,Hong Kong,Kenya,C Carter,Babar Hayat,RR Patel,0,0,,,,,,,,,
1004269,2016/17,2016-11-20,Gymkhana Club Ground,1,15.4,Hong Kong,Kenya,C Carter,Babar Hayat,RR Patel,4,0,,,,,,,,,
1004269,2016/17,2016-11-20,Gymkhana Club Ground,1,15.5,Hong Kong,Kenya,C Carter,Babar Hayat,RR Patel,0,0,,,,,,,,,
1004269,2016/17,2016-11-20,Gymkhana Club Ground,1,15.6,Hong Kong,Kenya,C Carter,Babar Hayat,RR Patel,0,0,,,,,,,,,
1004269,2016/17,2016-11-20,Gymkhana Club Ground,1,16.1,Hong Kong,Kenya,Babar Hayat,C Carter,SO Ngoche,1,0,,,,,,,,,
1004269,2016/17,2016-11-20,Gymkhana Club Ground,1,16.2,Hong Kong,Kenya,C Carter,Babar Hayat,SO Ngoche,1,0,,,,,,,,,
1004269,2016/17,2016-11-20,Gymkhana Club Ground,1,16.3,Hong Kong,Kenya,Babar Hayat,C Carter,SO Ngoche,0,0,,,,,,,,,
1004269,2016/17,2016-11-20,Gymkhana Club Ground,1,16.4,Hong Kong,Kenya,Babar Hayat,C Carter,SO Ngoche,0,0,,,,,,,,,
1004269,2016/17,2016-11-20,Gymkhana Club Ground,1,16.5,Hong Kong,Kenya,Babar Hayat,C Carter,SO Ngoche,0,0,,,,,,,,,
1004269,2016/17,2016-11-20,Gymkhana Club Ground,1,16.6,Hong Kong,Kenya,Babar Hayat,C Carter,SO Ngoche,1,0,,,,,,,,,
1004269,2016/17,2016-11-20,Gymkhana Club Ground,1,17.1,Hong Kong,Kenya,Babar Hayat,C Carter,RR Patel,1,0,,,,,,,,,
1004269,2016/17,2016-11-20,Gymkhana Club Ground,1,17.2,Hong Kong,Kenya,C Carter,Babar Hayat,RR Patel,1,0,,,,,,,,,
1004269,2016/17,2016-11-20,Gymkhana Club Ground,1,17.3,Hong Kong,Kenya,Babar Hayat,C Carter,RR Patel,4,0,,,,,,,,,
1004269,2016/17,2016-11-20,Gymkhana Club Ground,1,17.4,Hong Kong,Kenya,Babar Hayat,C Carter,RR Patel,0,0,,,,,,,,,
1004269,2016/17,2016-11-20,Gymkhana Club Ground,1,17.5,Hong Kong,Kenya,Babar Hayat,C Carter,RR Patel,1,0,,,,,,,,,
1004269,2016/17,2016-11-20,Gymkhana Club Ground,1,17.6,Hong Kong,Kenya,C Carter,Babar Hayat,RR Patel,0,0,,,,,,,,,
1004269,2016/17,2016-11-20,Gymkhana Club Ground,1,18.1,Hong Kong,Kenya,Babar Hayat,C Carter,SO Ngoche,0,0,,,,,,,,,
1004269,2016/17,2016-11-20,Gymkhana Club Ground,1,18.2,Hong Kong,Kenya,Babar Hayat,C Carter,SO Ngoche,2,0,,,,,,,,,
1004269,2016/17,2016-11-20,Gymkhana Club Ground,1,18.3,Hong Kong,Kenya,Babar Hayat,C Carter,SO Ngoche,0,0,,,,,,,,,
1004269,2016/17,2016-11-20,Gymkhana Club Ground,1,18.4,Hong Kong,Kenya,Babar Hayat,C Carter,SO Ngoche,0,0,,,,,,,,,
1004269,2016/17,2016-11-20,Gymkhana Club Ground,1,18.5,Hong Kong,Kenya,Babar Hayat,C Carter,SO Ngoche,4,0,,,,,,,,,
1004269,2016/17,2016-11-20,Gymkhana Club Ground,1,18.6,Hong Kong,Kenya,Babar Hayat,C Carter,SO Ngoche,1,0,,,,,,,,,
1004269,2016/17,2016-11-20,Gymkhana Club Ground,1,19.1,Hong Kong,Kenya,Babar Hayat,C Carter,RR Patel,2,0,,,,,,,,,
1004269,2016/17,2016-11-20,Gymkhana Club Ground,1,19.2,Hong Kong,Kenya,Babar Hayat,C Carter,RR Patel,6,0,,,,,,,,,
1004269,2016/17,2016-11-20,Gymkhana Club Ground,1,19.3,Hong Kong,Kenya,Babar Hayat,C Carter,RR Patel,1,0,,,,,,,,,
1004269,2016/17,2016-11-20,Gymkhana Club Ground,1,19.4,Hong Kong,Kenya,C Carter,Babar Hayat,RR Patel,1,0,,,,,,,,,
1004269,2016/17,2016-11-20,Gymkhana Club Ground,1,19.5,Hong Kong,Kenya,Babar Hayat,C Carter,RR Patel,0,0,,,,,,,,,
1004269,2016/17,2016-11-20,Gymkhana Club Ground,1,19.6,Hong Kong,Kenya,Babar Hayat,C Carter,RR Patel,1,0,,,,,,,,,
1004269,2016/17,2016-11-20,Gymkhana Club Ground,1,20.1,Hong Kong,Kenya,Babar Hayat,C Carter,SO Ngoche,0,0,,,,,,,,,
1004269,2016/17,2016-11-20,Gymkhana Club Ground,1,20.2,Hong Kong,Kenya,Babar Hayat,C Carter,SO Ngoche,0,0,,,,,,,,,
1004269,2016/17,2016-11-20,Gymkhana Club Ground,1,20.3,Hong Kong,Kenya,Babar Hayat,C Carter,SO Ngoche,2,0,,,,,,,,,
1004269,2016/17,2016-11-20,Gymkhana Club Ground,1,20.4,Hong Kong,Kenya,Babar Hayat,C Carter,SO Ngoche,1,0,,,,,,,,,
1004269,2016/17,2016-11-20,Gymkhana Club Ground,1,20.5,Hong Kong,Kenya,C Carter,Babar Hayat,SO Ngoche,1,0,,,,,,,,,
1004269,2016/17,2016-11-20,Gymkhana Club Ground,1,20.6,Hong Kong,Kenya,Babar Hayat,C Carter,SO Ngoche,1,0,,,,,,,,,
1004269,2016/17,2016-11-20,Gymkhana Club Ground,1,21.1,Hong Kong,Kenya,Babar Hayat,C Carter,LN Oluoch,1,0,,,,,,,,,
1004269,2016/17,2016-11-20,Gymkhana Club Ground,1,21.2,Hong Kong,Kenya,C Carter,Babar Hayat,LN Oluoch,0,0,,,,,,,,,
1004269,2016/17,2016-11-20,Gymkhana Club Ground,1,21.3,Hong Kong,Kenya,C Carter,Babar Hayat,LN Oluoch,0,0,,,,,,,,,
1004269,2016/17,2016-11-20,Gymkhana Club Ground,1,21.4,Hong Kong,Kenya,C Carter,Babar Hayat,LN Oluoch,1,0,,,,,,,,,
1004269,2016/17,2016-11-20,Gymkhana Club Ground,1,21.5,Hong Kong,Kenya,Babar Hayat,C Carter,LN Oluoch,0,0,,,,,,,,,
1004269,2016/17,2016-11-20,Gymkhana Club Ground,1,21.6,Hong Kong,Kenya,Babar Hayat,C Carter,LN Oluoch,0,0,,,,,,caught and bowled,Babar Hayat,,
1004269,2016/17,2016-11-20,Gymkhana Club Ground,1,22.1,Hong Kong,Kenya,Nizakat Khan,C Carter,SO Ngoche,0,0,,,,,,,,,
1004269,2016/17,2016-11-20,Gymkhana Club Ground,1,22.2,Hong Kong,Kenya,Nizakat Khan,C Carter,SO Ngoche,4,0,,,,,,,,,
1004269,2016/17,2016-11-20,Gymkhana Club Ground,1,22.3,Hong Kong,Kenya,Nizakat Khan,C Carter,SO Ngoche,0,0,,,,,,,,,
1004269,2016/17,2016-11-20,Gymkhana Club Ground,1,22.4,Hong Kong,Kenya,Nizakat Khan,C Carter,SO Ngoche,0,0,,,,,,,,,
1004269,2016/17,2016-11-20,Gymkhana Club Ground,1,22.5,Hong Kong,Kenya,Nizakat Khan,C Carter,SO Ngoche,0,0,,,,,,,,,
1004269,2016/17,2016-11-20,Gymkhana Club Ground,1,22.6,Hong Kong,Kenya,Nizakat Khan,C Carter,SO Ngoche,1,0,,,,,,,,,
1004269,2016/17,2016-11-20,Gymkhana Club Ground,1,23.1,Hong Kong,Kenya,Nizakat Khan,C Carter,LN Oluoch,1,0,,,,,,,,,
1004269,2016/17,2016-11-20,Gymkhana Club Ground,1,23.2,Hong Kong,Kenya,C Carter,Nizakat Khan,LN Oluoch,0,0,,,,,,caught,C Carter,,
1004269,2016/17,2016-11-20,Gymkhana Club Ground,1,23.3,Hong Kong,Kenya,Anshuman Rath,Nizakat Khan,LN Oluoch,1,0,,,,,,,,,
1004269,2016/17,2016-11-20,Gymkhana Club Ground,1,23.4,Hong Kong,Kenya,Nizakat Khan,Anshuman Rath,LN Oluoch,1,0,,,,,,,,,
1004269,2016/17,2016-11-20,Gymkhana Club Ground,1,23.5,Hong Kong,Kenya,Anshuman Rath,Nizakat Khan,LN Oluoch,0,0,,,,,,,,,
1004269,2016/17,2016-11-20,Gymkhana Club Ground,1,23.6,Hong Kong,Kenya,Anshuman Rath,Nizakat Khan,LN Oluoch,1,0,,,,,,,,,
1004269,2016/17,2016-11-20,Gymkhana Club Ground,1,24.1,Hong Kong,Kenya,Anshuman Rath,Nizakat Khan,NM Odhiambo,0,4,,,,4,,,,,
1004269,2016/17,2016-11-20,Gymkhana Club Ground,1,24.2,Hong Kong,Kenya,Anshuman Rath,Nizakat Khan,NM Odhiambo,1,0,,,,,,,,,
1004269,2016/17,2016-11-20,Gymkhana Club Ground,1,24.3,Hong Kong,Kenya,Nizakat Khan,Anshuman Rath,NM Odhiambo,2,0,,,,,,,,,
1004269,2016/17,2016-11-20,Gymkhana Club Ground,1,24.4,Hong Kong,Kenya,Nizakat Khan,Anshuman Rath,NM Odhiambo,4,0,,,,,,,,,
1004269,2016/17,2016-11-20,Gymkhana Club Ground,1,24.5,Hong Kong,Kenya,Nizakat Khan,Anshuman Rath,NM Odhiambo,1,0,,,,,,,,,
1004269,2016/17,2016-11-20,Gymkhana Club Ground,1,24.6,Hong Kong,Kenya,Anshuman Rath,Nizakat Khan,NM Odhiambo,0,0,,,,,,bowled,Anshuman Rath,,
1004269,2016/17,2016-11-20,Gymkhana Club Ground,1,25.1,Hong Kong,Kenya,Nizakat Khan,Tanwir Afzal,LN Oluoch,6,0,,,,,,,,,
1004269,2016/17,2016-11-20,Gymkhana Club Ground,2,0.1,Kenya,Hong Kong,IA Karim,AA Obanda,Tanwir Afzal,0,0,,,,,,,,,
1004269,2016/17,2016-11-20,Gymkhana Club Ground,2,0.2,Kenya,Hong Kong,IA Karim,AA Obanda,Tanwir Afzal,0,0,,,,,,,,,
1004269,2016/17,2016-11-20,Gymkhana Club Ground,2,0.3,Kenya,Hong Kong,IA Karim,AA Obanda,Tanwir Afzal,0,0,,,,,,,,,
1004269,2016/17,2016-11-20,Gymkhana Club Ground,2,0.4,Kenya,Hong Kong,IA Karim,AA Obanda,Tanwir Afzal,0,0,,,,,,,,,
1004269,2016/17,2016-11-20,Gymkhana Club Ground,2,0.5,Kenya,Hong Kong,IA Karim,AA Obanda,Tanwir Afzal,0,0,,,,,,,,,
1004269,2016/17,2016-11-20,Gymkhana Club Ground,2,0.6,Kenya,Hong Kong,IA Karim,AA Obanda,Tanwir Afzal,0,1,1,,,,,,,,
1004269,2016/17,2016-11-20,Gymkhana Club Ground,2,0.7,Kenya,Hong Kong,IA Karim,AA Obanda,Tanwir Afzal,4,0,,,,,,,,,
1004269,2016/17,2016-11-20,Gymkhana Club Ground,2,1.1,Kenya,Hong Kong,AA Obanda,IA Karim,Nadeem Ahmed,0,1,1,,,,,,,,
1004269,2016/17,2016-11-20,Gymkhana Club Ground,2,1.2,Kenya,Hong Kong,AA Obanda,IA Karim,Nadeem Ahmed,0,2,2,,,,,,,,
1004269,2016/17,2016-11-20,Gymkhana Club Ground,2,1.3,Kenya,Hong Kong,IA Karim,AA Obanda,Nadeem Ahmed,1,0,,,,,,,,,
1004269,2016/17,2016-11-20,Gymkhana Club Ground,2,1.4,Kenya,Hong Kong,AA Obanda,IA Karim,Nadeem Ahmed,0,0,,,,,,,,,
1004269,2016/17,2016-11-20,Gymkhana Club Ground,2,1.5,Kenya,Hong Kong,AA Obanda,IA Karim,Nadeem Ahmed,0,1,,,,1,,,,,
1004269,2016/17,2016-11-20,Gymkhana Club Ground,2,1.6,Kenya,Hong Kong,IA Karim,AA Obanda,Nadeem Ahmed,1,0,,,,,,,,,
1004269,2016/17,2016-11-20,Gymkhana Club Ground,2,1.7,Kenya,Hong Kong,AA Obanda,IA Karim,Nadeem Ahmed,0,0,,,,,,,,,
1004269,2016/17,2016-11-20,Gymkhana Club Ground,2,1.8,Kenya,Hong Kong,AA Obanda,IA Karim,Nadeem Ahmed,2,0,,,,,,,,,
1004269,2016/17,2016-11-20,Gymkhana Club Ground,2,2.1,Kenya,Hong Kong,IA Karim,AA Obanda,Tanwir Afzal,0,0,,,,,,,,,
1004269,2016/17,2016-11-20,Gymkhana Club Ground,2,2.2,Kenya,Hong Kong,IA Karim,AA Obanda,Tanwir Afzal,1,0,,,,,,,,,
1004269,2016/17,2016-11-20,Gymkhana Club Ground,2,2.3,Kenya,Hong Kong,AA Obanda,IA Karim,Tanwir Afzal,0,0,,,,,,,,,
1004269,2016/17,2016-11-20,Gymkhana Club Ground,2,2.4,Kenya,Hong Kong,AA Obanda,IA Karim,Tanwir Afzal,4,0,,,,,,,,,
1004269,2016/17,2016-11-20,Gymkhana Club Ground,2,2.5,Kenya,Hong Kong,AA Obanda,IA Karim,Tanwir Afzal,0,1,,,,1,,,,,
1004269,2016/17,2016-11-20,Gymkhana Club Ground,2,2.6,Kenya,Hong Kong,IA Karim,AA Obanda,Tanwir Afzal,0,1,1,,,,,,,,
1004269,2016/17,2016-11-20,Gymkhana Club Ground,2,2.7,Kenya,Hong Kong,IA Karim,AA Obanda,Tanwir Afzal,4,0,,,,,,,,,
1004269,2016/17,2016-11-20,Gymkhana Club Ground,2,3.1,Kenya,Hong Kong,AA Obanda,IA Karim,Nadeem Ahmed,2,0,,,,,,,,,
1004269,2016/17,2016-11-20,Gymkhana Club Ground,2,3.2,Kenya,Hong Kong,AA Obanda,IA Karim,Nadeem Ahmed,2,0,,,,,,,,,
1004269,2016/17,2016-11-20,Gymkhana Club Ground,2,3.3,Kenya,Hong Kong,AA Obanda,IA Karim,Nadeem Ahmed,0,0,,,,,,,,,
1004269,2016/17,2016-11-20,Gymkhana Club Ground,2,3.4,Kenya,Hong Kong,AA Obanda,IA Karim,Nadeem Ahmed,1,0,,,,,,,,,
1004269,2016/17,2016-11-20,Gymkhana Club Ground,2,3.5,Kenya,Hong Kong,IA Karim,AA Obanda,Nadeem Ahmed,2,0,,,,,,,,,
1004269,2016/17,2016-11-20,Gymkhana Club Ground,2,3.6,Kenya,Hong Kong,IA Karim,AA Obanda,Nadeem Ahmed,0,0,,,,,,,,,
1004269,2016/17,2016-11-20,Gymkhana Club Ground,2,4.1,Kenya,Hong Kong,AA Obanda,IA Karim,Tanwir Afzal,1,0,,,,,,,,,
1004269,2016/17,2016-11-20,Gymkhana Club Ground,2,4.2,Kenya,Hong Kong,IA Karim,AA Obanda,Tanwir Afzal,0,0,,,,,,,,,
1004269,2016/17,2016-11-20,Gymkhana Club Ground,2,4.3,Kenya,Hong Kong,IA Karim,AA Obanda,Tanwir Afzal,1,0,,,,,,,,,
1004269,2016/17,2016-11-20,Gymkhana Club Ground,2,4.4,Kenya,Hong Kong,AA Obanda,IA Karim,Tanwir Afzal,1,0,,,,,,,,,
1004269,2016/17,2016-11-20,Gymkhana Club Ground,2,4.5,Kenya,Hong Kong,IA Karim,AA Obanda,Tanwir Afzal,0,0,,,,,,,,,
1004269,2016/17,2016-11-20,Gymkhana Club Ground,2,4.6,Kenya,Hong Kong,IA Karim,AA Obanda,Tanwir Afzal,1,0,,,,,,,,,
1004269,2016/17,2016-11-20,Gymkhana Club Ground,2,5.1,Kenya,Hong Kong,IA Karim,AA Obanda,Aizaz Khan,0,0,,,,,,,,,
1004269,2016/17,2016-11-20,Gymkhana Club Ground,2,5.2,Kenya,Hong Kong,IA Karim,AA Obanda,Aizaz Khan,1,0,,,,,,,,,
1004269,2016/17,2016-11-20,Gymkhana Club Ground,2,5.3,Kenya,Hong Kong,AA Obanda,IA Karim,Aizaz Khan,1,0,,,,,,,,,
1004269,2016/17,2016-11-20,Gymkhana Club Ground,2,5.4,Kenya,Hong Kong,IA Karim,AA Obanda,Aizaz Khan,1,0,,,,,,,,,
1004269,2016/17,2016-11-20,Gymkhana Club Ground,2,5.5,Kenya,Hong Kong,AA Obanda,IA Karim,Aizaz Khan,2,0,,,,,,,,,
1004269,2016/17,2016-11-20,Gymkhana Club Ground,2,5.6,Kenya,Hong Kong,AA Obanda,IA Karim,Aizaz Khan,1,0,,,,,,,,,
1004269,2016/17,2016-11-20,Gymkhana Club Ground,2,6.1,Kenya,Hong Kong,AA Obanda,IA Karim,Tanwir Afzal,1,0,,,,,,,,,
1004269,2016/17,2016-11-20,Gymkhana Club Ground,2,6.2,Kenya,Hong Kong,IA Karim,AA Obanda,Tanwir Afzal,1,0,,,,,,,,,
1004269,2016/17,2016-11-20,Gymkhana Club Ground,2,6.3,Kenya,Hong Kong,AA Obanda,IA Karim,Tanwir Afzal,1,0,,,,,,,,,
1004269,2016/17,2016-11-20,Gymkhana Club Ground,2,6.4,Kenya,Hong Kong,IA Karim,AA Obanda,Tanwir Afzal,0,0,,,,,,,,,
1004269,2016/17,2016-11-20,Gymkhana Club Ground,2,6.5,Kenya,Hong Kong,IA Karim,AA Obanda,Tanwir Afzal,0,0,,,,,,,,,
1004269,2016/17,2016-11-20,Gymkhana Club Ground,2,6.6,Kenya,Hong Kong,IA Karim,AA Obanda,Tanwir Afzal,1,0,,,,,,,,,
1004269,2016/17,2016-11-20,Gymkhana Club Ground,2,7.1,Kenya,Hong Kong,IA Karim,AA Obanda,Aizaz Khan,4,0,,,,,,,,,
1004269,2016/17,2016-11-20,Gymkhana Club Ground,2,7.2,Kenya,Hong Kong,IA Karim,AA Obanda,Aizaz Khan,1,0,,,,,,,,,
1004269,2016/17,2016-11-20,Gymkhana Club Ground,2,7.3,Kenya,Hong Kong,AA Obanda,IA Karim,Aizaz Khan,4,0,,,,,,,,,
1004269,2016/17,2016-11-20,Gymkhana Club Ground,2,7.4,Kenya,Hong Kong,AA Obanda,IA Karim,Aizaz Khan,2,0,,,,,,,,,
1004269,2016/17,2016-11-20,Gymkhana Club Ground,2,7.5,Kenya,Hong Kong,AA Obanda,IA Karim,Aizaz Khan,1,0,,,,,,,,,
1004269,2016/17,2016-11-20,Gymkhana Club Ground,2,7.6,Kenya,Hong Kong,IA Karim,AA Obanda,Aizaz Khan,1,0,,,,,,,,,
1004269,2016/17,2016-11-20,Gymkhana Club Ground,2,8.1,Kenya,Hong Kong,IA Karim,AA Obanda,Tanwir Afzal,1,0,,,,,,,,,
1004269,2016/17,2016-11-20,Gymkhana Club Ground,2,8.2,Kenya,Hong Kong,AA Obanda,IA Karim,Tanwir Afzal,0,0,,,,,,,,,
1004269,2016/17,2016-11-20,Gymkhana Club Ground,2,8.3,Kenya,Hong Kong,AA Obanda,IA Karim,Tanwir Afzal,6,0,,,,,,,,,
1004269,2016/17,2016-11-20,Gymkhana Club Ground,2,8.4,Kenya,Hong Kong,AA Obanda,IA Karim,Tanwir Afzal,0,0,,,,,,,,,
1004269,2016/17,2016-11-20,Gymkhana Club Ground,2,8.5,Kenya,Hong Kong,AA Obanda,IA Karim,Tanwir Afzal,0,0,,,,,,,,,
1004269,2016/17,2016-11-20,Gymkhana Club Ground,2,8.6,Kenya,Hong Kong,AA Obanda,IA Karim,Tanwir Afzal,0,1,,,,1,,,,,
1004269,2016/17,2016-11-20,Gymkhana Club Ground,2,9.1,Kenya,Hong Kong,AA Obanda,IA Karim,Anshuman Rath,1,0,,,,,,,,,
1004269,2016/17,2016-11-20,Gymkhana Club Ground,2,9.2,Kenya,Hong Kong,IA Karim,AA Obanda,Anshuman Rath,1,0,,,,,,,,,
1004269,2016/17,2016-11-20,Gymkhana Club Ground,2,9.3,Kenya,Hong Kong,AA Obanda,IA Karim,Anshuman Rath,0,0,,,,,,,,,
1004269,2016/17,2016-11-20,Gymkhana Club Ground,2,9.4,Kenya,Hong Kong,AA Obanda,IA Karim,Anshuman Rath,1,0,,,,,,,,,
1004269,2016/17,2016-11-20,Gymkhana Club Ground,2,9.5,Kenya,Hong Kong,IA Karim,AA Obanda,Anshuman Rath,0,0,,,,,,,,,
1004269,2016/17,2016-11-20,Gymkhana Club Ground,2,9.6,Kenya,Hong Kong,IA Karim,AA Obanda,Anshuman Rath,1,0,,,,,,,,,
1004269,2016/17,2016-11-20,Gymkhana Club Ground,2,10.1,Kenya,Hong Kong,IA Karim,AA Obanda,Ehsan Khan,0,0,,,,,,,,,
1004269,2016/17,2016-11-20,Gymkhana Club Ground,2,10.2,Kenya,Hong Kong,IA Karim,AA Obanda,Ehsan Khan,1,0,,,,,,,,,
1004269,2016/17,2016-11-20,Gymkhana Club Ground,2,10.3,Kenya,Hong Kong,AA Obanda,IA Karim,Ehsan Khan,1,0,,,,,,,,,
1004269,2016/17,2016-11-20,Gymkhana Club Ground,2,10.4,Kenya,Hong Kong,IA Karim,AA Obanda,Ehsan Khan,1,0,,,,,,,,,
1004269,2016/17,2016-11-20,Gymkhana Club Ground,2,10.5,Kenya,Hong Kong,AA Obanda,IA Karim,Ehsan Khan,1,0,,,,,,,,,
1004269,2016/17,2016-11-20,Gymkhana Club Ground,2,10.6,Kenya,Hong Kong,IA Karim,AA Obanda,Ehsan Khan,0,0,,,,,,,,,
1004269,2016/17,2016-11-20,Gymkhana Club Ground,2,11.1,Kenya,Hong Kong,AA Obanda,IA Karim,Anshuman Rath,1,0,,,,,,,,,
1004269,2016/17,2016-11-20,Gymkhana Club Ground,2,11.2,Kenya,Hong Kong,IA Karim,AA Obanda,Anshuman Rath,1,0,,,,,,,,,
1004269,2016/17,2016-11-20,Gymkhana Club Ground,2,11.3,Kenya,Hong Kong,AA Obanda,IA Karim,Anshuman Rath,0,0,,,,,,,,,
1004269,2016/17,2016-11-20,Gymkhana Club Ground,2,11.4,Kenya,Hong Kong,AA Obanda,IA Karim,Anshuman Rath,0,0,,,,,,,,,
1004269,2016/17,2016-11-20,Gymkhana Club Ground,2,11.5,Kenya,Hong Kong,AA Obanda,IA Karim,Anshuman Rath,0,0,,,,,,,,,
1004269,2016/17,2016-11-20,Gymkhana Club Ground,2,11.6,Kenya,Hong Kong,AA Obanda,IA Karim,Anshuman Rath,1,0,,,,,,,,,
1004269,2016/17,2016-11-20,Gymkhana Club Ground,2,12.1,Kenya,Hong Kong,AA Obanda,IA Karim,Nadeem Ahmed,1,0,,,,,,,,,
1004269,2016/17,2016-11-20,Gymkhana Club Ground,2,12.2,Kenya,Hong Kong,IA Karim,AA Obanda,Nadeem Ahmed,0,0,,,,,,,,,
1004269,2016/17,2016-11-20,Gymkhana Club Ground,2,12.3,Kenya,Hong Kong,IA Karim,AA Obanda,Nadeem Ahmed,1,0,,,,,,,,,
1004269,2016/17,2016-11-20,Gymkhana Club Ground,2,12.4,Kenya,Hong Kong,AA Obanda,IA Karim,Nadeem Ahmed,0,0,,,,,,stumped,AA Obanda,,
1004269,2016/17,2016-11-20,Gymkhana Club Ground,2,12.5,Kenya,Hong Kong,DM Gondaria,IA Karim,Nadeem Ahmed,0,0,,,,,,,,,
1004269,2016/17,2016-11-20,Gymkhana Club Ground,2,12.6,Kenya,Hong Kong,DM Gondaria,IA Karim,Nadeem Ahmed,1,0,,,,,,,,,
1004269,2016/17,2016-11-20,Gymkhana Club Ground,2,13.1,Kenya,Hong Kong,DM Gondaria,IA Karim,Anshuman Rath,1,0,,,,,,,,,
1004269,2016/17,2016-11-20,Gymkhana Club Ground,2,13.2,Kenya,Hong Kong,IA Karim,DM Gondaria,Anshuman Rath,1,0,,,,,,,,,
1004269,2016/17,2016-11-20,Gymkhana Club Ground,2,13.3,Kenya,Hong Kong,DM Gondaria,IA Karim,Anshuman Rath,0,0,,,,,,,,,
1004269,2016/17,2016-11-20,Gymkhana Club Ground,2,13.4,Kenya,Hong Kong,DM Gondaria,IA Karim,Anshuman Rath,0,0,,,,,,,,,
1004269,2016/17,2016-11-20,Gymkhana Club Ground,2,13.5,Kenya,Hong Kong,DM Gondaria,IA Karim,Anshuman Rath,1,0,,,,,,,,,
1004269,2016/17,2016-11-20,Gymkhana Club Ground,2,13.6,Kenya,Hong Kong,IA Karim,DM Gondaria,Anshuman Rath,0,0,,,,,,bowled,IA Karim,,
1004269,2016/17,2016-11-20,Gymkhana Club Ground,2,14.1,Kenya,Hong Kong,DM Gondaria,RR Patel,Ehsan Khan,0,0,,,,,,,,,
1004269,2016/17,2016-11-20,Gymkhana Club Ground,2,14.2,Kenya,Hong Kong,DM Gondaria,RR Patel,Ehsan Khan,2,0,,,,,,,,,
1004269,2016/17,2016-11-20,Gymkhana Club Ground,2,14.3,Kenya,Hong Kong,DM Gondaria,RR Patel,Ehsan Khan,1,0,,,,,,,,,
1004269,2016/17,2016-11-20,Gymkhana Club Ground,2,14.4,Kenya,Hong Kong,RR Patel,DM Gondaria,Ehsan Khan,0,0,,,,,,bowled,RR Patel,,
1004269,2016/17,2016-11-20,Gymkhana Club Ground,2,14.5,Kenya,Hong Kong,CO Obuya,DM Gondaria,Ehsan Khan,0,0,,,,,,,,,
1004269,2016/17,2016-11-20,Gymkhana Club Ground,2,14.6,Kenya,Hong Kong,CO Obuya,DM Gondaria,Ehsan Khan,0,0,,,,,,,,,
1004269,2016/17,2016-11-20,Gymkhana Club Ground,2,15.1,Kenya,Hong Kong,DM Gondaria,CO Obuya,Anshuman Rath,1,0,,,,,,,,,
1004269,2016/17,2016-11-20,Gymkhana Club Ground,2,15.2,Kenya,Hong Kong,CO Obuya,DM Gondaria,Anshuman Rath,1,0,,,,,,,,,
1004269,2016/17,2016-11-20,Gymkhana Club Ground,2,15.3,Kenya,Hong Kong,DM Gondaria,CO Obuya,Anshuman Rath,1,0,,,,,,,,,
1004269,2016/17,2016-11-20,Gymkhana Club Ground,2,15.4,Kenya,Hong Kong,CO Obuya,DM Gondaria,Anshuman Rath,0,0,,,,,,,,,
1004269,2016/17,2016-11-20,Gymkhana Club Ground,2,15.5,Kenya,Hong Kong,CO Obuya,DM Gondaria,Anshuman Rath,0,0,,,,,,,,,
1004269,2016/17,2016-11-20,Gymkhana Club Ground,2,15.6,Kenya,Hong Kong,CO Obuya,DM Gondaria,Anshuman Rath,0,0,,,,,,,,,
1004269,2016/17,2016-11-20,Gymkhana Club Ground,2,16.1,Kenya,Hong Kong,DM Gondaria,CO Obuya,Ehsan Khan,0,0,,,,,,bowled,DM Gondaria,,
1004269,2016/17,2016-11-20,Gymkhana Club Ground,2,16.2,Kenya,Hong Kong,NK Patel,CO Obuya,Ehsan Khan,0,0,,,,,,,,,
1004269,2016/17,2016-11-20,Gymkhana Club Ground,2,16.3,Kenya,Hong Kong,NK Patel,CO Obuya,Ehsan Khan,0,0,,,,,,,,,
1004269,2016/17,2016-11-20,Gymkhana Club Ground,2,16.4,Kenya,Hong Kong,NK Patel,CO Obuya,Ehsan Khan,0,0,,,,,,,,,
1004269,2016/17,2016-11-20,Gymkhana Club Ground,2,16.5,Kenya,Hong Kong,NK Patel,CO Obuya,Ehsan Khan,0,0,,,,,,bowled,NK Patel,,
1004269,2016/17,2016-11-20,Gymkhana Club Ground,2,16.6,Kenya,Hong Kong,Gurdeep Singh,CO Obuya,Ehsan Khan,0,1,,1,,,,,,,
1004269,2016/17,2016-11-20,Gymkhana Club Ground,2,16.7,Kenya,Hong Kong,Gurdeep Singh,CO Obuya,Ehsan Khan,0,0,,,,,,,,,
1004269,2016/17,2016-11-20,Gymkhana Club Ground,2,17.1,Kenya,Hong Kong,CO Obuya,Gurdeep Singh,Anshuman Rath,1,0,,,,,,,,,
1004269,2016/17,2016-11-20,Gymkhana Club Ground,2,17.2,Kenya,Hong Kong,Gurdeep Singh,CO Obuya,Anshuman Rath,4,0,,,,,,,,,
1004269,2016/17,2016-11-20,Gymkhana Club Ground,2,17.3,Kenya,Hong Kong,Gurdeep Singh,CO Obuya,Anshuman Rath,1,0,,,,,,,,,
1004269,2016/17,2016-11-20,Gymkhana Club Ground,2,17.4,Kenya,Hong Kong,CO Obuya,Gurdeep Singh,Anshuman Rath,1,0,,,,,,,,,
1004269,2016/17,2016-11-20,Gymkhana Club Ground,2,17.5,Kenya,Hong Kong,Gurdeep Singh,CO Obuya,Anshuman Rath,4,0,,,,,,,,,
1004269,2016/17,2016-11-20,Gymkhana Club Ground,2,17.6,Kenya,Hong Kong,Gurdeep Singh,CO Obuya,Anshuman Rath,1,0,,,,,,,,,
1004269,2016/17,2016-11-20,Gymkhana Club Ground,2,18.1,Kenya,Hong Kong,Gurdeep Singh,CO Obuya,Ehsan Khan,1,0,,,,,,,,,
1004269,2016/17,2016-11-20,Gymkhana Club Ground,2,18.2,Kenya,Hong Kong,CO Obuya,Gurdeep Singh,Ehsan Khan,0,0,,,,,,,,,
1004269,2016/17,2016-11-20,Gymkhana Club Ground,2,18.3,Kenya,Hong Kong,CO Obuya,Gurdeep Singh,Ehsan Khan,1,0,,,,,,,,,
1004269,2016/17,2016-11-20,Gymkhana Club Ground,2,18.4,Kenya,Hong Kong,Gurdeep Singh,CO Obuya,Ehsan Khan,1,0,,,,,,,,,
1004269,2016/17,2016-11-20,Gymkhana Club Ground,2,18.5,Kenya,Hong Kong,CO Obuya,Gurdeep Singh,Ehsan Khan,1,0,,,,,,,,,
1004269,2016/17,2016-11-20,Gymkhana Club Ground,2,18.6,Kenya,Hong Kong,Gurdeep Singh,CO Obuya,Ehsan Khan,0,0,,,,,,,,,
1004269,2016/17,2016-11-20,Gymkhana Club Ground,2,19.1,Kenya,Hong Kong,CO Obuya,Gurdeep Singh,Tanveer Ahmed,0,0,,,,,,,,,
1004269,2016/17,2016-11-20,Gymkhana Club Ground,2,19.2,Kenya,Hong Kong,CO Obuya,Gurdeep Singh,Tanveer Ahmed,1,0,,,,,,,,,
1004269,2016/17,2016-11-20,Gymkhana Club Ground,2,19.3,Kenya,Hong Kong,Gurdeep Singh,CO Obuya,Tanveer Ahmed,1,0,,,,,,,,,
1004269,2016/17,2016-11-20,Gymkhana Club Ground,2,19.4,Kenya,Hong Kong,CO Obuya,Gurdeep Singh,Tanveer Ahmed,6,0,,,,,,,,,
1004269,2016/17,2016-11-20,Gymkhana Club Ground,2,19.5,Kenya,Hong Kong,CO Obuya,Gurdeep Singh,Tanveer Ahmed,1,0,,,,,,,,,
1004269,2016/17,2016-11-20,Gymkhana Club Ground,2,19.6,Kenya,Hong Kong,Gurdeep Singh,CO Obuya,Tanveer Ahmed,0,0,,,,,,bowled,Gurdeep Singh,,
1004269,2016/17,2016-11-20,Gymkhana Club Ground,2,20.1,Kenya,Hong Kong,CO Obuya,NN Odhiambo,Nadeem Ahmed,0,0,,,,,,,,,
1004269,2016/17,2016-11-20,Gymkhana Club Ground,2,20.2,Kenya,Hong Kong,CO Obuya,NN Odhiambo,Nadeem Ahmed,0,1,,,,1,,,,,
1004269,2016/17,2016-11-20,Gymkhana Club Ground,2,20.3,Kenya,Hong Kong,NN Odhiambo,CO Obuya,Nadeem Ahmed,1,0,,,,,,,,,
1004269,2016/17,2016-11-20,Gymkhana Club Ground,2,20.4,Kenya,Hong Kong,CO Obuya,NN Odhiambo,Nadeem Ahmed,2,0,,,,,,,,,
1004269,2016/17,2016-11-20,Gymkhana Club Ground,2,20.5,Kenya,Hong Kong,CO Obuya,NN Odhiambo,Nadeem Ahmed,1,0,,,,,,,,,
1004269,2016/17,2016-11-20,Gymkhana Club Ground,2,20.6,Kenya,Hong Kong,NN Odhiambo,CO Obuya,Nadeem Ahmed,0,0,,,,,,,,,
1004269,2016/17,2016-11-20,Gymkhana Club Ground,2,21.1,Kenya,Hong Kong,CO Obuya,NN Odhiambo,Tanveer Ahmed,1,0,,,,,,,,,
1004269,2016/17,2016-11-20,Gymkhana Club Ground,2,21.2,Kenya,Hong Kong,NN Odhiambo,CO Obuya,Tanveer Ahmed,0,0,,,,,,bowled,NN Odhiambo,,
1004269,2016/17,2016-11-20,Gymkhana Club Ground,2,21.3,Kenya,Hong Kong,SO Ngoche,CO Obuya,Tanveer Ahmed,0,0,,,,,,bowled,SO Ngoche,,
1004269,2016/17,2016-11-20,Gymkhana Club Ground,2,21.4,Kenya,Hong Kong,NM Odhiambo,CO Obuya,Tanveer Ahmed,6,0,,,,,,,,,
1004269,2016/17,2016-11-20,Gymkhana Club Ground,2,21.5,Kenya,Hong Kong,NM Odhiambo,CO Obuya,Tanveer Ahmed,0,0,,,,,,,,,
1004269,2016/17,2016-11-20,Gymkhana Club Ground,2,21.6,Kenya,Hong Kong,NM Odhiambo,CO Obuya,Tanveer Ahmed,4,0,,,,,,,,,
1004269,2016/17,2016-11-20,Gymkhana Club Ground,2,22.1,Kenya,Hong Kong,CO Obuya,NM Odhiambo,Nadeem Ahmed,0,0,,,,,,caught,CO Obuya,,
1004269,2016/17,2016-11-20,Gymkhana Club Ground,2,22.2,Kenya,Hong Kong,NM Odhiambo,LN Oluoch,Nadeem Ahmed,1,0,,,,,,,,,
1004269,2016/17,2016-11-20,Gymkhana Club Ground,2,22.3,Kenya,Hong Kong,LN Oluoch,NM Odhiambo,Nadeem Ahmed,0,0,,,,,,,,,
1004269,2016/17,2016-11-20,Gymkhana Club Ground,2,22.4,Kenya,Hong Kong,LN Oluoch,NM Odhiambo,Nadeem Ahmed,1,0,,,,,,,,,
1004269,2016/17,2016-11-20,Gymkhana Club Ground,2,22.5,Kenya,Hong Kong,NM Odhiambo,LN Oluoch,Nadeem Ahmed,0,0,,,,,,,,,
1004269,2016/17,2016-11-20,Gymkhana Club Ground,2,22.6,Kenya,Hong Kong,NM Odhiambo,LN Oluoch,Nadeem Ahmed,0,0,,,,,,caught,NM Odhiambo,,
