match_id,season,start_date,venue,innings,ball,batting_team,bowling_team,striker,non_striker,bowler,runs_off_bat,extras,wides,noballs,byes,legbyes,penalty,wicket_type,player_dismissed,other_wicket_type,other_player_dismissed
1007653,2016,2016-06-15,Harare Sports Club,1,0.1,Zimbabwe,India,H Masakadza,CJ Chibhabha,BB Sran,0,0,,,,,,,,,
1007653,2016,2016-06-15,Harare Sports Club,1,0.2,Zimbabwe,India,H Masakadza,CJ Chibhabha,BB Sran,0,0,,,,,,,,,
1007653,2016,2016-06-15,Harare Sports Club,1,0.3,Zimbabwe,India,H Masakadza,CJ Chibhabha,BB Sran,0,1,1,,,,,,,,
1007653,2016,2016-06-15,Harare Sports Club,1,0.4,Zimbabwe,India,H Masakadza,CJ Chibhabha,BB Sran,0,0,,,,,,,,,
1007653,2016,2016-06-15,Harare Sports Club,1,0.5,Zimbabwe,India,H Masakadza,CJ Chibhabha,BB Sran,0,0,,,,,,,,,
1007653,2016,2016-06-15,Harare Sports Club,1,0.6,Zimbabwe,India,H Masakadza,CJ Chibhabha,BB Sran,0,0,,,,,,,,,
1007653,2016,2016-06-15,Harare Sports Club,1,0.7,Zimbabwe,India,H Masakadza,CJ Chibhabha,BB Sran,0,0,,,,,,,,,
1007653,2016,2016-06-15,Harare Sports Club,1,1.1,Zimbabwe,India,CJ Chibhabha,H Masakadza,DS Kulkarni,4,0,,,,,,,,,
1007653,2016,2016-06-15,Harare Sports Club,1,1.2,Zimbabwe,India,CJ Chibhabha,H Masakadza,DS Kulkarni,0,0,,,,,,,,,
1007653,2016,2016-06-15,Harare Sports Club,1,1.3,Zimbabwe,India,CJ Chibhabha,H Masakadza,DS Kulkarni,0,0,,,,,,,,,
1007653,2016,2016-06-15,Harare Sports Club,1,1.4,Zimbabwe,India,CJ Chibhabha,H Masakadza,DS Kulkarni,0,0,,,,,,,,,
1007653,2016,2016-06-15,Harare Sports Club,1,1.5,Zimbabwe,India,CJ Chibhabha,H Masakadza,DS Kulkarni,0,0,,,,,,,,,
1007653,2016,2016-06-15,Harare Sports Club,1,1.6,Zimbabwe,India,CJ Chibhabha,H Masakadza,DS Kulkarni,0,0,,,,,,,,,
1007653,2016,2016-06-15,Harare Sports Club,1,2.1,Zimbabwe,India,H Masakadza,CJ Chibhabha,BB Sran,4,0,,,,,,,,,
1007653,2016,2016-06-15,Harare Sports Club,1,2.2,Zimbabwe,India,H Masakadza,CJ Chibhabha,BB Sran,3,0,,,,,,,,,
1007653,2016,2016-06-15,Harare Sports Club,1,2.3,Zimbabwe,India,CJ Chibhabha,H Masakadza,BB Sran,0,0,,,,,,,,,
1007653,2016,2016-06-15,Harare Sports Club,1,2.4,Zimbabwe,India,CJ Chibhabha,H Masakadza,BB Sran,0,0,,,,,,,,,
1007653,2016,2016-06-15,Harare Sports Club,1,2.5,Zimbabwe,India,CJ Chibhabha,H Masakadza,BB Sran,1,0,,,,,,,,,
1007653,2016,2016-06-15,Harare Sports Club,1,2.6,Zimbabwe,India,H Masakadza,CJ Chibhabha,BB Sran,0,0,,,,,,,,,
1007653,2016,2016-06-15,Harare Sports Club,1,3.1,Zimbabwe,India,CJ Chibhabha,H Masakadza,DS Kulkarni,0,0,,,,,,,,,
1007653,2016,2016-06-15,Harare Sports Club,1,3.2,Zimbabwe,India,CJ Chibhabha,H Masakadza,DS Kulkarni,0,0,,,,,,,,,
1007653,2016,2016-06-15,Harare Sports Club,1,3.3,Zimbabwe,India,CJ Chibhabha,H Masakadza,DS Kulkarni,0,0,,,,,,,,,
1007653,2016,2016-06-15,Harare Sports Club,1,3.4,Zimbabwe,India,CJ Chibhabha,H Masakadza,DS Kulkarni,0,0,,,,,,,,,
1007653,2016,2016-06-15,Harare Sports Club,1,3.5,Zimbabwe,India,CJ Chibhabha,H Masakadza,DS Kulkarni,4,0,,,,,,,,,
1007653,2016,2016-06-15,Harare Sports Club,1,3.6,Zimbabwe,India,CJ Chibhabha,H Masakadza,DS Kulkarni,0,0,,,,,,,,,
1007653,2016,2016-06-15,Harare Sports Club,1,4.1,Zimbabwe,India,H Masakadza,CJ Chibhabha,BB Sran,0,0,,,,,,,,,
1007653,2016,2016-06-15,Harare Sports Club,1,4.2,Zimbabwe,India,H Masakadza,CJ Chibhabha,BB Sran,0,0,,,,,,,,,
1007653,2016,2016-06-15,Harare Sports Club,1,4.3,Zimbabwe,India,H Masakadza,CJ Chibhabha,BB Sran,0,0,,,,,,,,,
1007653,2016,2016-06-15,Harare Sports Club,1,4.4,Zimbabwe,India,H Masakadza,CJ Chibhabha,BB Sran,0,0,,,,,,,,,
1007653,2016,2016-06-15,Harare Sports Club,1,4.5,Zimbabwe,India,H Masakadza,CJ Chibhabha,BB Sran,0,0,,,,,,,,,
1007653,2016,2016-06-15,Harare Sports Club,1,4.6,Zimbabwe,India,H Masakadza,CJ Chibhabha,BB Sran,1,0,,,,,,,,,
1007653,2016,2016-06-15,Harare Sports Club,1,5.1,Zimbabwe,India,H Masakadza,CJ Chibhabha,DS Kulkarni,0,1,1,,,,,,,,
1007653,2016,2016-06-15,Harare Sports Club,1,5.2,Zimbabwe,India,H Masakadza,CJ Chibhabha,DS Kulkarni,0,0,,,,,,,,,
1007653,2016,2016-06-15,Harare Sports Club,1,5.3,Zimbabwe,India,H Masakadza,CJ Chibhabha,DS Kulkarni,0,0,,,,,,,,,
1007653,2016,2016-06-15,Harare Sports Club,1,5.4,Zimbabwe,India,H Masakadza,CJ Chibhabha,DS Kulkarni,0,0,,,,,,caught,H Masakadza,,
1007653,2016,2016-06-15,Harare Sports Club,1,5.5,Zimbabwe,India,V Sibanda,CJ Chibhabha,DS Kulkarni,0,0,,,,,,,,,
1007653,2016,2016-06-15,Harare Sports Club,1,5.6,Zimbabwe,India,V Sibanda,CJ Chibhabha,DS Kulkarni,0,0,,,,,,,,,
1007653,2016,2016-06-15,Harare Sports Club,1,5.7,Zimbabwe,India,V Sibanda,CJ Chibhabha,DS Kulkarni,0,0,,,,,,,,,
1007653,2016,2016-06-15,Harare Sports Club,1,6.1,Zimbabwe,India,CJ Chibhabha,V Sibanda,BB Sran,0,0,,,,,,,,,
1007653,2016,2016-06-15,Harare Sports Club,1,6.2,Zimbabwe,India,CJ Chibhabha,V Sibanda,BB Sran,0,0,,,,,,,,,
1007653,2016,2016-06-15,Harare Sports Club,1,6.3,Zimbabwe,India,CJ Chibhabha,V Sibanda,BB Sran,0,0,,,,,,,,,
1007653,2016,2016-06-15,Harare Sports Club,1,6.4,Zimbabwe,India,CJ Chibhabha,V Sibanda,BB Sran,0,0,,,,,,,,,
1007653,2016,2016-06-15,Harare Sports Club,1,6.5,Zimbabwe,India,CJ Chibhabha,V Sibanda,BB Sran,1,0,,,,,,,,,
1007653,2016,2016-06-15,Harare Sports Club,1,6.6,Zimbabwe,India,V Sibanda,CJ Chibhabha,BB Sran,1,0,,,,,,,,,
1007653,2016,2016-06-15,Harare Sports Club,1,7.1,Zimbabwe,India,V Sibanda,CJ Chibhabha,DS Kulkarni,0,0,,,,,,,,,
1007653,2016,2016-06-15,Harare Sports Club,1,7.2,Zimbabwe,India,V Sibanda,CJ Chibhabha,DS Kulkarni,0,0,,,,,,,,,
1007653,2016,2016-06-15,Harare Sports Club,1,7.3,Zimbabwe,India,V Sibanda,CJ Chibhabha,DS Kulkarni,0,0,,,,,,,,,
1007653,2016,2016-06-15,Harare Sports Club,1,7.4,Zimbabwe,India,V Sibanda,CJ Chibhabha,DS Kulkarni,0,0,,,,,,,,,
1007653,2016,2016-06-15,Harare Sports Club,1,7.5,Zimbabwe,India,V Sibanda,CJ Chibhabha,DS Kulkarni,0,0,,,,,,,,,
1007653,2016,2016-06-15,Harare Sports Club,1,7.6,Zimbabwe,India,V Sibanda,CJ Chibhabha,DS Kulkarni,4,0,,,,,,,,,
1007653,2016,2016-06-15,Harare Sports Club,1,8.1,Zimbabwe,India,CJ Chibhabha,V Sibanda,BB Sran,4,0,,,,,,,,,
1007653,2016,2016-06-15,Harare Sports Club,1,8.2,Zimbabwe,India,CJ Chibhabha,V Sibanda,BB Sran,0,0,,,,,,,,,
1007653,2016,2016-06-15,Harare Sports Club,1,8.3,Zimbabwe,India,CJ Chibhabha,V Sibanda,BB Sran,0,0,,,,,,,,,
1007653,2016,2016-06-15,Harare Sports Club,1,8.4,Zimbabwe,India,CJ Chibhabha,V Sibanda,BB Sran,0,0,,,,,,,,,
1007653,2016,2016-06-15,Harare Sports Club,1,8.5,Zimbabwe,India,CJ Chibhabha,V Sibanda,BB Sran,2,0,,,,,,,,,
1007653,2016,2016-06-15,Harare Sports Club,1,8.6,Zimbabwe,India,CJ Chibhabha,V Sibanda,BB Sran,0,1,,,,1,,,,,
1007653,2016,2016-06-15,Harare Sports Club,1,9.1,Zimbabwe,India,CJ Chibhabha,V Sibanda,DS Kulkarni,0,0,,,,,,,,,
1007653,2016,2016-06-15,Harare Sports Club,1,9.2,Zimbabwe,India,CJ Chibhabha,V Sibanda,DS Kulkarni,0,0,,,,,,,,,
1007653,2016,2016-06-15,Harare Sports Club,1,9.3,Zimbabwe,India,CJ Chibhabha,V Sibanda,DS Kulkarni,0,0,,,,,,,,,
1007653,2016,2016-06-15,Harare Sports Club,1,9.4,Zimbabwe,India,CJ Chibhabha,V Sibanda,DS Kulkarni,0,0,,,,,,,,,
1007653,2016,2016-06-15,Harare Sports Club,1,9.5,Zimbabwe,India,CJ Chibhabha,V Sibanda,DS Kulkarni,0,0,,,,,,,,,
1007653,2016,2016-06-15,Harare Sports Club,1,9.6,Zimbabwe,India,CJ Chibhabha,V Sibanda,DS Kulkarni,0,0,,,,,,,,,
1007653,2016,2016-06-15,Harare Sports Club,1,10.1,Zimbabwe,India,V Sibanda,CJ Chibhabha,JJ Bumrah,0,1,,1,,,,,,,
1007653,2016,2016-06-15,Harare Sports Club,1,10.2,Zimbabwe,India,V Sibanda,CJ Chibhabha,JJ Bumrah,2,0,,,,,,,,,
1007653,2016,2016-06-15,Harare Sports Club,1,10.3,Zimbabwe,India,V Sibanda,CJ Chibhabha,JJ Bumrah,0,0,,,,,,,,,
1007653,2016,2016-06-15,Harare Sports Club,1,10.4,Zimbabwe,India,V Sibanda,CJ Chibhabha,JJ Bumrah,0,0,,,,,,,,,
1007653,2016,2016-06-15,Harare Sports Club,1,10.5,Zimbabwe,India,V Sibanda,CJ Chibhabha,JJ Bumrah,0,0,,,,,,,,,
1007653,2016,2016-06-15,Harare Sports Club,1,10.6,Zimbabwe,India,V Sibanda,CJ Chibhabha,JJ Bumrah,0,0,,,,,,,,,
1007653,2016,2016-06-15,Harare Sports Club,1,10.7,Zimbabwe,India,V Sibanda,CJ Chibhabha,JJ Bumrah,0,0,,,,,,,,,
1007653,2016,2016-06-15,Harare Sports Club,1,11.1,Zimbabwe,India,CJ Chibhabha,V Sibanda,DS Kulkarni,0,0,,,,,,,,,
1007653,2016,2016-06-15,Harare Sports Club,1,11.2,Zimbabwe,India,CJ Chibhabha,V Sibanda,DS Kulkarni,2,0,,,,,,,,,
1007653,2016,2016-06-15,Harare Sports Club,1,11.3,Zimbabwe,India,CJ Chibhabha,V Sibanda,DS Kulkarni,0,0,,,,,,,,,
1007653,2016,2016-06-15,Harare Sports Club,1,11.4,Zimbabwe,India,CJ Chibhabha,V Sibanda,DS Kulkarni,0,0,,,,,,,,,
1007653,2016,2016-06-15,Harare Sports Club,1,11.5,Zimbabwe,India,CJ Chibhabha,V Sibanda,DS Kulkarni,0,0,,,,,,,,,
1007653,2016,2016-06-15,Harare Sports Club,1,11.6,Zimbabwe,India,CJ Chibhabha,V Sibanda,DS Kulkarni,1,0,,,,,,,,,
1007653,2016,2016-06-15,Harare Sports Club,1,12.1,Zimbabwe,India,CJ Chibhabha,V Sibanda,JJ Bumrah,0,0,,,,,,,,,
1007653,2016,2016-06-15,Harare Sports Club,1,12.2,Zimbabwe,India,CJ Chibhabha,V Sibanda,JJ Bumrah,0,0,,,,,,,,,
1007653,2016,2016-06-15,Harare Sports Club,1,12.3,Zimbabwe,India,CJ Chibhabha,V Sibanda,JJ Bumrah,0,0,,,,,,,,,
1007653,2016,2016-06-15,Harare Sports Club,1,12.4,Zimbabwe,India,CJ Chibhabha,V Sibanda,JJ Bumrah,0,0,,,,,,,,,
1007653,2016,2016-06-15,Harare Sports Club,1,12.5,Zimbabwe,India,CJ Chibhabha,V Sibanda,JJ Bumrah,1,0,,,,,,,,,
1007653,2016,2016-06-15,Harare Sports Club,1,12.6,Zimbabwe,India,V Sibanda,CJ Chibhabha,JJ Bumrah,1,0,,,,,,,,,
1007653,2016,2016-06-15,Harare Sports Club,1,13.1,Zimbabwe,India,V Sibanda,CJ Chibhabha,AR Patel,1,0,,,,,,,,,
1007653,2016,2016-06-15,Harare Sports Club,1,13.2,Zimbabwe,India,CJ Chibhabha,V Sibanda,AR Patel,0,0,,,,,,,,,
1007653,2016,2016-06-15,Harare Sports Club,1,13.3,Zimbabwe,India,CJ Chibhabha,V Sibanda,AR Patel,0,0,,,,,,,,,
1007653,2016,2016-06-15,Harare Sports Club,1,13.4,Zimbabwe,India,CJ Chibhabha,V Sibanda,AR Patel,1,0,,,,,,,,,
1007653,2016,2016-06-15,Harare Sports Club,1,13.5,Zimbabwe,India,V Sibanda,CJ Chibhabha,AR Patel,0,0,,,,,,,,,
1007653,2016,2016-06-15,Harare Sports Club,1,13.6,Zimbabwe,India,V Sibanda,CJ Chibhabha,AR Patel,0,0,,,,,,,,,
1007653,2016,2016-06-15,Harare Sports Club,1,14.1,Zimbabwe,India,CJ Chibhabha,V Sibanda,JJ Bumrah,0,1,1,,,,,,,,
1007653,2016,2016-06-15,Harare Sports Club,1,14.2,Zimbabwe,India,CJ Chibhabha,V Sibanda,JJ Bumrah,0,0,,,,,,,,,
1007653,2016,2016-06-15,Harare Sports Club,1,14.3,Zimbabwe,India,CJ Chibhabha,V Sibanda,JJ Bumrah,0,0,,,,,,,,,
1007653,2016,2016-06-15,Harare Sports Club,1,14.4,Zimbabwe,India,CJ Chibhabha,V Sibanda,JJ Bumrah,0,1,,,,1,,,,,
1007653,2016,2016-06-15,Harare Sports Club,1,14.5,Zimbabwe,India,V Sibanda,CJ Chibhabha,JJ Bumrah,0,0,,,,,,,,,
1007653,2016,2016-06-15,Harare Sports Club,1,14.6,Zimbabwe,India,V Sibanda,CJ Chibhabha,JJ Bumrah,0,0,,,,,,,,,
1007653,2016,2016-06-15,Harare Sports Club,1,14.7,Zimbabwe,India,V Sibanda,CJ Chibhabha,JJ Bumrah,0,0,,,,,,,,,
1007653,2016,2016-06-15,Harare Sports Club,1,15.1,Zimbabwe,India,CJ Chibhabha,V Sibanda,AR Patel,0,0,,,,,,,,,
1007653,2016,2016-06-15,Harare Sports Club,1,15.2,Zimbabwe,India,CJ Chibhabha,V Sibanda,AR Patel,2,0,,,,,,,,,
1007653,2016,2016-06-15,Harare Sports Club,1,15.3,Zimbabwe,India,CJ Chibhabha,V Sibanda,AR Patel,0,0,,,,,,,,,
1007653,2016,2016-06-15,Harare Sports Club,1,15.4,Zimbabwe,India,CJ Chibhabha,V Sibanda,AR Patel,0,0,,,,,,,,,
1007653,2016,2016-06-15,Harare Sports Club,1,15.5,Zimbabwe,India,CJ Chibhabha,V Sibanda,AR Patel,0,0,,,,,,,,,
1007653,2016,2016-06-15,Harare Sports Club,1,15.6,Zimbabwe,India,CJ Chibhabha,V Sibanda,AR Patel,0,0,,,,,,,,,
1007653,2016,2016-06-15,Harare Sports Club,1,16.1,Zimbabwe,India,V Sibanda,CJ Chibhabha,JJ Bumrah,1,0,,,,,,,,,
1007653,2016,2016-06-15,Harare Sports Club,1,16.2,Zimbabwe,India,CJ Chibhabha,V Sibanda,JJ Bumrah,1,0,,,,,,,,,
1007653,2016,2016-06-15,Harare Sports Club,1,16.3,Zimbabwe,India,V Sibanda,CJ Chibhabha,JJ Bumrah,0,0,,,,,,,,,
1007653,2016,2016-06-15,Harare Sports Club,1,16.4,Zimbabwe,India,V Sibanda,CJ Chibhabha,JJ Bumrah,0,0,,,,,,,,,
1007653,2016,2016-06-15,Harare Sports Club,1,16.5,Zimbabwe,India,V Sibanda,CJ Chibhabha,JJ Bumrah,0,0,,,,,,,,,
1007653,2016,2016-06-15,Harare Sports Club,1,16.6,Zimbabwe,India,V Sibanda,CJ Chibhabha,JJ Bumrah,1,0,,,,,,,,,
1007653,2016,2016-06-15,Harare Sports Club,1,17.1,Zimbabwe,India,V Sibanda,CJ Chibhabha,AR Patel,0,0,,,,,,,,,
1007653,2016,2016-06-15,Harare Sports Club,1,17.2,Zimbabwe,India,V Sibanda,CJ Chibhabha,AR Patel,1,0,,,,,,,,,
1007653,2016,2016-06-15,Harare Sports Club,1,17.3,Zimbabwe,India,CJ Chibhabha,V Sibanda,AR Patel,0,0,,,,,,,,,
1007653,2016,2016-06-15,Harare Sports Club,1,17.4,Zimbabwe,India,CJ Chibhabha,V Sibanda,AR Patel,0,0,,,,,,,,,
1007653,2016,2016-06-15,Harare Sports Club,1,17.5,Zimbabwe,India,CJ Chibhabha,V Sibanda,AR Patel,1,0,,,,,,,,,
1007653,2016,2016-06-15,Harare Sports Club,1,17.6,Zimbabwe,India,V Sibanda,CJ Chibhabha,AR Patel,0,0,,,,,,,,,
1007653,2016,2016-06-15,Harare Sports Club,1,18.1,Zimbabwe,India,CJ Chibhabha,V Sibanda,YS Chahal,0,0,,,,,,,,,
1007653,2016,2016-06-15,Harare Sports Club,1,18.2,Zimbabwe,India,CJ Chibhabha,V Sibanda,YS Chahal,0,0,,,,,,,,,
1007653,2016,2016-06-15,Harare Sports Club,1,18.3,Zimbabwe,India,CJ Chibhabha,V Sibanda,YS Chahal,0,0,,,,,,,,,
1007653,2016,2016-06-15,Harare Sports Club,1,18.4,Zimbabwe,India,CJ Chibhabha,V Sibanda,YS Chahal,1,0,,,,,,,,,
1007653,2016,2016-06-15,Harare Sports Club,1,18.5,Zimbabwe,India,V Sibanda,CJ Chibhabha,YS Chahal,0,0,,,,,,,,,
1007653,2016,2016-06-15,Harare Sports Club,1,18.6,Zimbabwe,India,V Sibanda,CJ Chibhabha,YS Chahal,1,0,,,,,,,,,
1007653,2016,2016-06-15,Harare Sports Club,1,19.1,Zimbabwe,India,V Sibanda,CJ Chibhabha,AR Patel,1,0,,,,,,,,,
1007653,2016,2016-06-15,Harare Sports Club,1,19.2,Zimbabwe,India,CJ Chibhabha,V Sibanda,AR Patel,0,0,,,,,,,,,
1007653,2016,2016-06-15,Harare Sports Club,1,19.3,Zimbabwe,India,CJ Chibhabha,V Sibanda,AR Patel,1,0,,,,,,,,,
1007653,2016,2016-06-15,Harare Sports Club,1,19.4,Zimbabwe,India,V Sibanda,CJ Chibhabha,AR Patel,0,0,,,,,,,,,
1007653,2016,2016-06-15,Harare Sports Club,1,19.5,Zimbabwe,India,V Sibanda,CJ Chibhabha,AR Patel,0,0,,,,,,,,,
1007653,2016,2016-06-15,Harare Sports Club,1,19.6,Zimbabwe,India,V Sibanda,CJ Chibhabha,AR Patel,0,0,,,,,,,,,
1007653,2016,2016-06-15,Harare Sports Club,1,20.1,Zimbabwe,India,CJ Chibhabha,V Sibanda,YS Chahal,0,0,,,,,,caught,CJ Chibhabha,,
1007653,2016,2016-06-15,Harare Sports Club,1,20.2,Zimbabwe,India,V Sibanda,T Maruma,YS Chahal,0,0,,,,,,,,,
1007653,2016,2016-06-15,Harare Sports Club,1,20.3,Zimbabwe,India,V Sibanda,T Maruma,YS Chahal,0,0,,,,,,,,,
1007653,2016,2016-06-15,Harare Sports Club,1,20.4,Zimbabwe,India,V Sibanda,T Maruma,YS Chahal,1,0,,,,,,,,,
1007653,2016,2016-06-15,Harare Sports Club,1,20.5,Zimbabwe,India,T Maruma,V Sibanda,YS Chahal,0,0,,,,,,,,,
1007653,2016,2016-06-15,Harare Sports Club,1,20.6,Zimbabwe,India,T Maruma,V Sibanda,YS Chahal,0,0,,,,,,,,,
1007653,2016,2016-06-15,Harare Sports Club,1,21.1,Zimbabwe,India,V Sibanda,T Maruma,AR Patel,0,0,,,,,,,,,
1007653,2016,2016-06-15,Harare Sports Club,1,21.2,Zimbabwe,India,V Sibanda,T Maruma,AR Patel,0,0,,,,,,,,,
1007653,2016,2016-06-15,Harare Sports Club,1,21.3,Zimbabwe,India,V Sibanda,T Maruma,AR Patel,0,0,,,,,,,,,
1007653,2016,2016-06-15,Harare Sports Club,1,21.4,Zimbabwe,India,V Sibanda,T Maruma,AR Patel,0,0,,,,,,,,,
1007653,2016,2016-06-15,Harare Sports Club,1,21.5,Zimbabwe,India,V Sibanda,T Maruma,AR Patel,0,0,,,,,,,,,
1007653,2016,2016-06-15,Harare Sports Club,1,21.6,Zimbabwe,India,V Sibanda,T Maruma,AR Patel,0,0,,,,,,,,,
1007653,2016,2016-06-15,Harare Sports Club,1,22.1,Zimbabwe,India,T Maruma,V Sibanda,YS Chahal,0,0,,,,,,,,,
1007653,2016,2016-06-15,Harare Sports Club,1,22.2,Zimbabwe,India,T Maruma,V Sibanda,YS Chahal,1,0,,,,,,,,,
1007653,2016,2016-06-15,Harare Sports Club,1,22.3,Zimbabwe,India,V Sibanda,T Maruma,YS Chahal,3,0,,,,,,,,,
1007653,2016,2016-06-15,Harare Sports Club,1,22.4,Zimbabwe,India,T Maruma,V Sibanda,YS Chahal,0,0,,,,,,,,,
1007653,2016,2016-06-15,Harare Sports Club,1,22.5,Zimbabwe,India,T Maruma,V Sibanda,YS Chahal,0,0,,,,,,,,,
1007653,2016,2016-06-15,Harare Sports Club,1,22.6,Zimbabwe,India,T Maruma,V Sibanda,YS Chahal,0,0,,,,,,,,,
1007653,2016,2016-06-15,Harare Sports Club,1,23.1,Zimbabwe,India,V Sibanda,T Maruma,AR Patel,0,0,,,,,,,,,
1007653,2016,2016-06-15,Harare Sports Club,1,23.2,Zimbabwe,India,V Sibanda,T Maruma,AR Patel,0,0,,,,,,,,,
1007653,2016,2016-06-15,Harare Sports Club,1,23.3,Zimbabwe,India,V Sibanda,T Maruma,AR Patel,0,0,,,,,,,,,
1007653,2016,2016-06-15,Harare Sports Club,1,23.4,Zimbabwe,India,V Sibanda,T Maruma,AR Patel,0,0,,,,,,,,,
1007653,2016,2016-06-15,Harare Sports Club,1,23.5,Zimbabwe,India,V Sibanda,T Maruma,AR Patel,1,0,,,,,,,,,
1007653,2016,2016-06-15,Harare Sports Club,1,23.6,Zimbabwe,India,T Maruma,V Sibanda,AR Patel,1,0,,,,,,,,,
1007653,2016,2016-06-15,Harare Sports Club,1,24.1,Zimbabwe,India,T Maruma,V Sibanda,YS Chahal,0,0,,,,,,,,,
1007653,2016,2016-06-15,Harare Sports Club,1,24.2,Zimbabwe,India,T Maruma,V Sibanda,YS Chahal,1,0,,,,,,,,,
1007653,2016,2016-06-15,Harare Sports Club,1,24.3,Zimbabwe,India,V Sibanda,T Maruma,YS Chahal,1,0,,,,,,,,,
1007653,2016,2016-06-15,Harare Sports Club,1,24.4,Zimbabwe,India,T Maruma,V Sibanda,YS Chahal,4,0,,,,,,,,,
1007653,2016,2016-06-15,Harare Sports Club,1,24.5,Zimbabwe,India,T Maruma,V Sibanda,YS Chahal,0,0,,,,,,,,,
1007653,2016,2016-06-15,Harare Sports Club,1,24.6,Zimbabwe,India,T Maruma,V Sibanda,YS Chahal,0,0,,,,,,,,,
1007653,2016,2016-06-15,Harare Sports Club,1,25.1,Zimbabwe,India,V Sibanda,T Maruma,BB Sran,6,0,,,,,,,,,
1007653,2016,2016-06-15,Harare Sports Club,1,25.2,Zimbabwe,India,V Sibanda,T Maruma,BB Sran,0,0,,,,,,,,,
1007653,2016,2016-06-15,Harare Sports Club,1,25.3,Zimbabwe,India,V Sibanda,T Maruma,BB Sran,0,0,,,,,,,,,
1007653,2016,2016-06-15,Harare Sports Club,1,25.4,Zimbabwe,India,V Sibanda,T Maruma,BB Sran,0,0,,,,,,,,,
1007653,2016,2016-06-15,Harare Sports Club,1,25.5,Zimbabwe,India,V Sibanda,T Maruma,BB Sran,2,0,,,,,,,,,
1007653,2016,2016-06-15,Harare Sports Club,1,25.6,Zimbabwe,India,V Sibanda,T Maruma,BB Sran,1,0,,,,,,,,,
1007653,2016,2016-06-15,Harare Sports Club,1,26.1,Zimbabwe,India,V Sibanda,T Maruma,YS Chahal,2,0,,,,,,,,,
1007653,2016,2016-06-15,Harare Sports Club,1,26.2,Zimbabwe,India,V Sibanda,T Maruma,YS Chahal,0,0,,,,,,,,,
1007653,2016,2016-06-15,Harare Sports Club,1,26.3,Zimbabwe,India,V Sibanda,T Maruma,YS Chahal,0,0,,,,,,,,,
1007653,2016,2016-06-15,Harare Sports Club,1,26.4,Zimbabwe,India,V Sibanda,T Maruma,YS Chahal,0,0,,,,,,,,,
1007653,2016,2016-06-15,Harare Sports Club,1,26.5,Zimbabwe,India,V Sibanda,T Maruma,YS Chahal,0,0,,,,,,,,,
1007653,2016,2016-06-15,Harare Sports Club,1,26.6,Zimbabwe,India,V Sibanda,T Maruma,YS Chahal,0,0,,,,,,,,,
1007653,2016,2016-06-15,Harare Sports Club,1,27.1,Zimbabwe,India,T Maruma,V Sibanda,BB Sran,0,0,,,,,,,,,
1007653,2016,2016-06-15,Harare Sports Club,1,27.2,Zimbabwe,India,T Maruma,V Sibanda,BB Sran,1,0,,,,,,,,,
1007653,2016,2016-06-15,Harare Sports Club,1,27.3,Zimbabwe,India,V Sibanda,T Maruma,BB Sran,4,0,,,,,,,,,
1007653,2016,2016-06-15,Harare Sports Club,1,27.4,Zimbabwe,India,V Sibanda,T Maruma,BB Sran,1,0,,,,,,,,,
1007653,2016,2016-06-15,Harare Sports Club,1,27.5,Zimbabwe,India,T Maruma,V Sibanda,BB Sran,1,0,,,,,,,,,
1007653,2016,2016-06-15,Harare Sports Club,1,27.6,Zimbabwe,India,V Sibanda,T Maruma,BB Sran,1,0,,,,,,,,,
1007653,2016,2016-06-15,Harare Sports Club,1,28.1,Zimbabwe,India,V Sibanda,T Maruma,YS Chahal,1,0,,,,,,,,,
1007653,2016,2016-06-15,Harare Sports Club,1,28.2,Zimbabwe,India,T Maruma,V Sibanda,YS Chahal,0,0,,,,,,,,,
1007653,2016,2016-06-15,Harare Sports Club,1,28.3,Zimbabwe,India,T Maruma,V Sibanda,YS Chahal,1,0,,,,,,,,,
1007653,2016,2016-06-15,Harare Sports Club,1,28.4,Zimbabwe,India,V Sibanda,T Maruma,YS Chahal,0,0,,,,,,caught and bowled,V Sibanda,,
1007653,2016,2016-06-15,Harare Sports Club,1,28.5,Zimbabwe,India,MN Waller,T Maruma,YS Chahal,0,0,,,,,,,,,
1007653,2016,2016-06-15,Harare Sports Club,1,28.6,Zimbabwe,India,MN Waller,T Maruma,YS Chahal,1,0,,,,,,,,,
1007653,2016,2016-06-15,Harare Sports Club,1,29.1,Zimbabwe,India,MN Waller,T Maruma,BB Sran,0,0,,,,,,,,,
1007653,2016,2016-06-15,Harare Sports Club,1,29.2,Zimbabwe,India,MN Waller,T Maruma,BB Sran,1,0,,,,,,,,,
1007653,2016,2016-06-15,Harare Sports Club,1,29.3,Zimbabwe,India,T Maruma,MN Waller,BB Sran,2,0,,,,,,,,,
1007653,2016,2016-06-15,Harare Sports Club,1,29.4,Zimbabwe,India,T Maruma,MN Waller,BB Sran,0,0,,,,,,,,,
1007653,2016,2016-06-15,Harare Sports Club,1,29.5,Zimbabwe,India,T Maruma,MN Waller,BB Sran,1,0,,,,,,,,,
1007653,2016,2016-06-15,Harare Sports Club,1,29.6,Zimbabwe,India,MN Waller,T Maruma,BB Sran,1,0,,,,,,,,,
1007653,2016,2016-06-15,Harare Sports Club,1,30.1,Zimbabwe,India,MN Waller,T Maruma,JJ Bumrah,1,0,,,,,,,,,
1007653,2016,2016-06-15,Harare Sports Club,1,30.2,Zimbabwe,India,T Maruma,MN Waller,JJ Bumrah,0,0,,,,,,,,,
1007653,2016,2016-06-15,Harare Sports Club,1,30.3,Zimbabwe,India,T Maruma,MN Waller,JJ Bumrah,0,0,,,,,,,,,
1007653,2016,2016-06-15,Harare Sports Club,1,30.4,Zimbabwe,India,T Maruma,MN Waller,JJ Bumrah,0,0,,,,,,,,,
1007653,2016,2016-06-15,Harare Sports Club,1,30.5,Zimbabwe,India,T Maruma,MN Waller,JJ Bumrah,1,0,,,,,,,,,
1007653,2016,2016-06-15,Harare Sports Club,1,30.6,Zimbabwe,India,MN Waller,T Maruma,JJ Bumrah,1,0,,,,,,,,,
1007653,2016,2016-06-15,Harare Sports Club,1,31.1,Zimbabwe,India,MN Waller,T Maruma,AR Patel,1,0,,,,,,,,,
1007653,2016,2016-06-15,Harare Sports Club,1,31.2,Zimbabwe,India,T Maruma,MN Waller,AR Patel,1,0,,,,,,,,,
1007653,2016,2016-06-15,Harare Sports Club,1,31.3,Zimbabwe,India,MN Waller,T Maruma,AR Patel,1,0,,,,,,,,,
1007653,2016,2016-06-15,Harare Sports Club,1,31.4,Zimbabwe,India,T Maruma,MN Waller,AR Patel,1,0,,,,,,,,,
1007653,2016,2016-06-15,Harare Sports Club,1,31.5,Zimbabwe,India,MN Waller,T Maruma,AR Patel,0,0,,,,,,,,,
1007653,2016,2016-06-15,Harare Sports Club,1,31.6,Zimbabwe,India,MN Waller,T Maruma,AR Patel,0,0,,,,,,,,,
1007653,2016,2016-06-15,Harare Sports Club,1,32.1,Zimbabwe,India,T Maruma,MN Waller,JJ Bumrah,1,0,,,,,,,,,
1007653,2016,2016-06-15,Harare Sports Club,1,32.2,Zimbabwe,India,MN Waller,T Maruma,JJ Bumrah,0,0,,,,,,,,,
1007653,2016,2016-06-15,Harare Sports Club,1,32.3,Zimbabwe,India,MN Waller,T Maruma,JJ Bumrah,0,0,,,,,,,,,
1007653,2016,2016-06-15,Harare Sports Club,1,32.4,Zimbabwe,India,MN Waller,T Maruma,JJ Bumrah,1,0,,,,,,,,,
1007653,2016,2016-06-15,Harare Sports Club,1,32.5,Zimbabwe,India,T Maruma,MN Waller,JJ Bumrah,0,0,,,,,,bowled,T Maruma,,
1007653,2016,2016-06-15,Harare Sports Club,1,32.6,Zimbabwe,India,E Chigumbura,MN Waller,JJ Bumrah,0,0,,,,,,caught,E Chigumbura,,
1007653,2016,2016-06-15,Harare Sports Club,1,33.1,Zimbabwe,India,MN Waller,R Mutumbami,AR Patel,0,0,,,,,,run out,MN Waller,,
1007653,2016,2016-06-15,Harare Sports Club,1,33.2,Zimbabwe,India,AG Cremer,R Mutumbami,AR Patel,0,0,,,,,,lbw,AG Cremer,,
1007653,2016,2016-06-15,Harare Sports Club,1,33.3,Zimbabwe,India,N Madziva,R Mutumbami,AR Patel,0,0,,,,,,,,,
1007653,2016,2016-06-15,Harare Sports Club,1,33.4,Zimbabwe,India,N Madziva,R Mutumbami,AR Patel,0,0,,,,,,,,,
1007653,2016,2016-06-15,Harare Sports Club,1,33.5,Zimbabwe,India,N Madziva,R Mutumbami,AR Patel,0,0,,,,,,,,,
1007653,2016,2016-06-15,Harare Sports Club,1,33.6,Zimbabwe,India,N Madziva,R Mutumbami,AR Patel,0,0,,,,,,,,,
1007653,2016,2016-06-15,Harare Sports Club,1,34.1,Zimbabwe,India,R Mutumbami,N Madziva,JJ Bumrah,0,0,,,,,,,,,
1007653,2016,2016-06-15,Harare Sports Club,1,34.2,Zimbabwe,India,R Mutumbami,N Madziva,JJ Bumrah,4,0,,,,,,,,,
1007653,2016,2016-06-15,Harare Sports Club,1,34.3,Zimbabwe,India,R Mutumbami,N Madziva,JJ Bumrah,0,0,,,,,,caught,R Mutumbami,,
1007653,2016,2016-06-15,Harare Sports Club,1,34.4,Zimbabwe,India,T Mupariwa,N Madziva,JJ Bumrah,0,1,,,,1,,,,,
1007653,2016,2016-06-15,Harare Sports Club,1,34.5,Zimbabwe,India,N Madziva,T Mupariwa,JJ Bumrah,0,0,,,,,,,,,
1007653,2016,2016-06-15,Harare Sports Club,1,34.6,Zimbabwe,India,N Madziva,T Mupariwa,JJ Bumrah,0,0,,,,,,,,,
1007653,2016,2016-06-15,Harare Sports Club,1,35.1,Zimbabwe,India,T Mupariwa,N Madziva,AR Patel,0,0,,,,,,,,,
1007653,2016,2016-06-15,Harare Sports Club,1,35.2,Zimbabwe,India,T Mupariwa,N Madziva,AR Patel,0,0,,,,,,,,,
1007653,2016,2016-06-15,Harare Sports Club,1,35.3,Zimbabwe,India,T Mupariwa,N Madziva,AR Patel,0,0,,,,,,,,,
1007653,2016,2016-06-15,Harare Sports Club,1,35.4,Zimbabwe,India,T Mupariwa,N Madziva,AR Patel,1,0,,,,,,,,,
1007653,2016,2016-06-15,Harare Sports Club,1,35.5,Zimbabwe,India,N Madziva,T Mupariwa,AR Patel,0,0,,,,,,,,,
1007653,2016,2016-06-15,Harare Sports Club,1,35.6,Zimbabwe,India,N Madziva,T Mupariwa,AR Patel,0,0,,,,,,,,,
1007653,2016,2016-06-15,Harare Sports Club,1,36.1,Zimbabwe,India,T Mupariwa,N Madziva,JJ Bumrah,0,0,,,,,,,,,
1007653,2016,2016-06-15,Harare Sports Club,1,36.2,Zimbabwe,India,T Mupariwa,N Madziva,JJ Bumrah,0,0,,,,,,,,,
1007653,2016,2016-06-15,Harare Sports Club,1,36.3,Zimbabwe,India,T Mupariwa,N Madziva,JJ Bumrah,0,0,,,,,,,,,
1007653,2016,2016-06-15,Harare Sports Club,1,36.4,Zimbabwe,India,T Mupariwa,N Madziva,JJ Bumrah,0,0,,,,,,caught,T Mupariwa,,
1007653,2016,2016-06-15,Harare Sports Club,1,36.5,Zimbabwe,India,DT Tiripano,N Madziva,JJ Bumrah,0,0,,,,,,,,,
1007653,2016,2016-06-15,Harare Sports Club,1,36.6,Zimbabwe,India,DT Tiripano,N Madziva,JJ Bumrah,0,0,,,,,,,,,
1007653,2016,2016-06-15,Harare Sports Club,1,37.1,Zimbabwe,India,N Madziva,DT Tiripano,AR Patel,0,0,,,,,,,,,
1007653,2016,2016-06-15,Harare Sports Club,1,37.2,Zimbabwe,India,N Madziva,DT Tiripano,AR Patel,0,0,,,,,,,,,
1007653,2016,2016-06-15,Harare Sports Club,1,37.3,Zimbabwe,India,N Madziva,DT Tiripano,AR Patel,1,0,,,,,,,,,
1007653,2016,2016-06-15,Harare Sports Club,1,37.4,Zimbabwe,India,DT Tiripano,N Madziva,AR Patel,0,0,,,,,,,,,
1007653,2016,2016-06-15,Harare Sports Club,1,37.5,Zimbabwe,India,DT Tiripano,N Madziva,AR Patel,0,0,,,,,,,,,
1007653,2016,2016-06-15,Harare Sports Club,1,37.6,Zimbabwe,India,DT Tiripano,N Madziva,AR Patel,0,0,,,,,,,,,
1007653,2016,2016-06-15,Harare Sports Club,1,38.1,Zimbabwe,India,N Madziva,DT Tiripano,JJ Bumrah,0,0,,,,,,,,,
1007653,2016,2016-06-15,Harare Sports Club,1,38.2,Zimbabwe,India,N Madziva,DT Tiripano,JJ Bumrah,0,0,,,,,,,,,
1007653,2016,2016-06-15,Harare Sports Club,1,38.3,Zimbabwe,India,N Madziva,DT Tiripano,JJ Bumrah,0,0,,,,,,,,,
1007653,2016,2016-06-15,Harare Sports Club,1,38.4,Zimbabwe,India,N Madziva,DT Tiripano,JJ Bumrah,0,0,,,,,,,,,
1007653,2016,2016-06-15,Harare Sports Club,1,38.5,Zimbabwe,India,N Madziva,DT Tiripano,JJ Bumrah,1,0,,,,,,,,,
1007653,2016,2016-06-15,Harare Sports Club,1,38.6,Zimbabwe,India,DT Tiripano,N Madziva,JJ Bumrah,0,0,,,,,,,,,
1007653,2016,2016-06-15,Harare Sports Club,1,39.1,Zimbabwe,India,N Madziva,DT Tiripano,YS Chahal,1,0,,,,,,,,,
1007653,2016,2016-06-15,Harare Sports Club,1,39.2,Zimbabwe,India,DT Tiripano,N Madziva,YS Chahal,1,0,,,,,,,,,
1007653,2016,2016-06-15,Harare Sports Club,1,39.3,Zimbabwe,India,N Madziva,DT Tiripano,YS Chahal,3,0,,,,,,,,,
1007653,2016,2016-06-15,Harare Sports Club,1,39.4,Zimbabwe,India,DT Tiripano,N Madziva,YS Chahal,0,0,,,,,,,,,
1007653,2016,2016-06-15,Harare Sports Club,1,39.5,Zimbabwe,India,DT Tiripano,N Madziva,YS Chahal,0,0,,,,,,,,,
1007653,2016,2016-06-15,Harare Sports Club,1,39.6,Zimbabwe,India,DT Tiripano,N Madziva,YS Chahal,0,0,,,,,,,,,
1007653,2016,2016-06-15,Harare Sports Club,1,40.1,Zimbabwe,India,N Madziva,DT Tiripano,JJ Bumrah,0,0,,,,,,,,,
1007653,2016,2016-06-15,Harare Sports Club,1,40.2,Zimbabwe,India,N Madziva,DT Tiripano,JJ Bumrah,0,0,,,,,,,,,
1007653,2016,2016-06-15,Harare Sports Club,1,40.3,Zimbabwe,India,N Madziva,DT Tiripano,JJ Bumrah,2,0,,,,,,,,,
1007653,2016,2016-06-15,Harare Sports Club,1,40.4,Zimbabwe,India,N Madziva,DT Tiripano,JJ Bumrah,0,0,,,,,,,,,
1007653,2016,2016-06-15,Harare Sports Club,1,40.5,Zimbabwe,India,N Madziva,DT Tiripano,JJ Bumrah,1,0,,,,,,,,,
1007653,2016,2016-06-15,Harare Sports Club,1,40.6,Zimbabwe,India,DT Tiripano,N Madziva,JJ Bumrah,0,0,,,,,,,,,
1007653,2016,2016-06-15,Harare Sports Club,1,41.1,Zimbabwe,India,N Madziva,DT Tiripano,YS Chahal,0,0,,,,,,,,,
1007653,2016,2016-06-15,Harare Sports Club,1,41.2,Zimbabwe,India,N Madziva,DT Tiripano,YS Chahal,1,0,,,,,,,,,
1007653,2016,2016-06-15,Harare Sports Club,1,41.3,Zimbabwe,India,DT Tiripano,N Madziva,YS Chahal,0,0,,,,,,,,,
1007653,2016,2016-06-15,Harare Sports Club,1,41.4,Zimbabwe,India,DT Tiripano,N Madziva,YS Chahal,0,0,,,,,,,,,
1007653,2016,2016-06-15,Harare Sports Club,1,41.5,Zimbabwe,India,DT Tiripano,N Madziva,YS Chahal,1,0,,,,,,,,,
1007653,2016,2016-06-15,Harare Sports Club,1,41.6,Zimbabwe,India,N Madziva,DT Tiripano,YS Chahal,0,0,,,,,,,,,
1007653,2016,2016-06-15,Harare Sports Club,1,42.1,Zimbabwe,India,DT Tiripano,N Madziva,DS Kulkarni,0,1,1,,,,,,,,
1007653,2016,2016-06-15,Harare Sports Club,1,42.2,Zimbabwe,India,DT Tiripano,N Madziva,DS Kulkarni,0,0,,,,,,,,,
1007653,2016,2016-06-15,Harare Sports Club,1,42.3,Zimbabwe,India,DT Tiripano,N Madziva,DS Kulkarni,0,0,,,,,,run out,DT Tiripano,,
1007653,2016,2016-06-15,Harare Sports Club,2,0.1,India,Zimbabwe,KL Rahul,FY Fazal,DT Tiripano,0,0,,,,,,,,,
1007653,2016,2016-06-15,Harare Sports Club,2,0.2,India,Zimbabwe,KL Rahul,FY Fazal,DT Tiripano,0,0,,,,,,,,,
1007653,2016,2016-06-15,Harare Sports Club,2,0.3,India,Zimbabwe,KL Rahul,FY Fazal,DT Tiripano,0,0,,,,,,,,,
1007653,2016,2016-06-15,Harare Sports Club,2,0.4,India,Zimbabwe,KL Rahul,FY Fazal,DT Tiripano,0,0,,,,,,,,,
1007653,2016,2016-06-15,Harare Sports Club,2,0.5,India,Zimbabwe,KL Rahul,FY Fazal,DT Tiripano,0,0,,,,,,,,,
1007653,2016,2016-06-15,Harare Sports Club,2,0.6,India,Zimbabwe,KL Rahul,FY Fazal,DT Tiripano,0,0,,,,,,,,,
1007653,2016,2016-06-15,Harare Sports Club,2,1.1,India,Zimbabwe,FY Fazal,KL Rahul,N Madziva,0,0,,,,,,,,,
1007653,2016,2016-06-15,Harare Sports Club,2,1.2,India,Zimbabwe,FY Fazal,KL Rahul,N Madziva,0,0,,,,,,,,,
1007653,2016,2016-06-15,Harare Sports Club,2,1.3,India,Zimbabwe,FY Fazal,KL Rahul,N Madziva,1,0,,,,,,,,,
1007653,2016,2016-06-15,Harare Sports Club,2,1.4,India,Zimbabwe,KL Rahul,FY Fazal,N Madziva,1,0,,,,,,,,,
1007653,2016,2016-06-15,Harare Sports Club,2,1.5,India,Zimbabwe,FY Fazal,KL Rahul,N Madziva,0,0,,,,,,,,,
1007653,2016,2016-06-15,Harare Sports Club,2,1.6,India,Zimbabwe,FY Fazal,KL Rahul,N Madziva,0,1,1,,,,,,,,
1007653,2016,2016-06-15,Harare Sports Club,2,1.7,India,Zimbabwe,FY Fazal,KL Rahul,N Madziva,0,0,,,,,,,,,
1007653,2016,2016-06-15,Harare Sports Club,2,2.1,India,Zimbabwe,KL Rahul,FY Fazal,DT Tiripano,0,0,,,,,,,,,
1007653,2016,2016-06-15,Harare Sports Club,2,2.2,India,Zimbabwe,KL Rahul,FY Fazal,DT Tiripano,1,0,,,,,,,,,
1007653,2016,2016-06-15,Harare Sports Club,2,2.3,India,Zimbabwe,FY Fazal,KL Rahul,DT Tiripano,1,0,,,,,,,,,
1007653,2016,2016-06-15,Harare Sports Club,2,2.4,India,Zimbabwe,KL Rahul,FY Fazal,DT Tiripano,0,0,,,,,,,,,
1007653,2016,2016-06-15,Harare Sports Club,2,2.5,India,Zimbabwe,KL Rahul,FY Fazal,DT Tiripano,0,0,,,,,,,,,
1007653,2016,2016-06-15,Harare Sports Club,2,2.6,India,Zimbabwe,KL Rahul,FY Fazal,DT Tiripano,1,0,,,,,,,,,
1007653,2016,2016-06-15,Harare Sports Club,2,3.1,India,Zimbabwe,KL Rahul,FY Fazal,N Madziva,0,0,,,,,,,,,
1007653,2016,2016-06-15,Harare Sports Club,2,3.2,India,Zimbabwe,KL Rahul,FY Fazal,N Madziva,1,0,,,,,,,,,
1007653,2016,2016-06-15,Harare Sports Club,2,3.3,India,Zimbabwe,FY Fazal,KL Rahul,N Madziva,0,0,,,,,,,,,
1007653,2016,2016-06-15,Harare Sports Club,2,3.4,India,Zimbabwe,FY Fazal,KL Rahul,N Madziva,0,0,,,,,,,,,
1007653,2016,2016-06-15,Harare Sports Club,2,3.5,India,Zimbabwe,FY Fazal,KL Rahul,N Madziva,0,0,,,,,,,,,
1007653,2016,2016-06-15,Harare Sports Club,2,3.6,India,Zimbabwe,FY Fazal,KL Rahul,N Madziva,1,0,,,,,,,,,
1007653,2016,2016-06-15,Harare Sports Club,2,4.1,India,Zimbabwe,FY Fazal,KL Rahul,DT Tiripano,0,0,,,,,,,,,
1007653,2016,2016-06-15,Harare Sports Club,2,4.2,India,Zimbabwe,FY Fazal,KL Rahul,DT Tiripano,3,0,,,,,,,,,
1007653,2016,2016-06-15,Harare Sports Club,2,4.3,India,Zimbabwe,KL Rahul,FY Fazal,DT Tiripano,0,1,1,,,,,,,,
1007653,2016,2016-06-15,Harare Sports Club,2,4.4,India,Zimbabwe,KL Rahul,FY Fazal,DT Tiripano,0,1,1,,,,,,,,
1007653,2016,2016-06-15,Harare Sports Club,2,4.5,India,Zimbabwe,KL Rahul,FY Fazal,DT Tiripano,0,0,,,,,,,,,
1007653,2016,2016-06-15,Harare Sports Club,2,4.6,India,Zimbabwe,KL Rahul,FY Fazal,DT Tiripano,0,0,,,,,,,,,
1007653,2016,2016-06-15,Harare Sports Club,2,4.7,India,Zimbabwe,KL Rahul,FY Fazal,DT Tiripano,1,0,,,,,,,,,
1007653,2016,2016-06-15,Harare Sports Club,2,4.8,India,Zimbabwe,FY Fazal,KL Rahul,DT Tiripano,0,0,,,,,,,,,
1007653,2016,2016-06-15,Harare Sports Club,2,5.1,India,Zimbabwe,KL Rahul,FY Fazal,N Madziva,0,0,,,,,,,,,
1007653,2016,2016-06-15,Harare Sports Club,2,5.2,India,Zimbabwe,KL Rahul,FY Fazal,N Madziva,1,0,,,,,,,,,
1007653,2016,2016-06-15,Harare Sports Club,2,5.3,India,Zimbabwe,FY Fazal,KL Rahul,N Madziva,1,0,,,,,,,,,
1007653,2016,2016-06-15,Harare Sports Club,2,5.4,India,Zimbabwe,KL Rahul,FY Fazal,N Madziva,1,0,,,,,,,,,
1007653,2016,2016-06-15,Harare Sports Club,2,5.5,India,Zimbabwe,FY Fazal,KL Rahul,N Madziva,4,0,,,,,,,,,
1007653,2016,2016-06-15,Harare Sports Club,2,5.6,India,Zimbabwe,FY Fazal,KL Rahul,N Madziva,0,0,,,,,,,,,
1007653,2016,2016-06-15,Harare Sports Club,2,6.1,India,Zimbabwe,KL Rahul,FY Fazal,DT Tiripano,1,0,,,,,,,,,
1007653,2016,2016-06-15,Harare Sports Club,2,6.2,India,Zimbabwe,FY Fazal,KL Rahul,DT Tiripano,0,0,,,,,,,,,
1007653,2016,2016-06-15,Harare Sports Club,2,6.3,India,Zimbabwe,FY Fazal,KL Rahul,DT Tiripano,0,0,,,,,,,,,
1007653,2016,2016-06-15,Harare Sports Club,2,6.4,India,Zimbabwe,FY Fazal,KL Rahul,DT Tiripano,0,1,1,,,,,,,,
1007653,2016,2016-06-15,Harare Sports Club,2,6.5,India,Zimbabwe,FY Fazal,KL Rahul,DT Tiripano,0,0,,,,,,,,,
1007653,2016,2016-06-15,Harare Sports Club,2,6.6,India,Zimbabwe,FY Fazal,KL Rahul,DT Tiripano,0,0,,,,,,,,,
1007653,2016,2016-06-15,Harare Sports Club,2,6.7,India,Zimbabwe,FY Fazal,KL Rahul,DT Tiripano,0,0,,,,,,,,,
1007653,2016,2016-06-15,Harare Sports Club,2,7.1,India,Zimbabwe,KL Rahul,FY Fazal,N Madziva,0,0,,,,,,,,,
1007653,2016,2016-06-15,Harare Sports Club,2,7.2,India,Zimbabwe,KL Rahul,FY Fazal,N Madziva,1,0,,,,,,,,,
1007653,2016,2016-06-15,Harare Sports Club,2,7.3,India,Zimbabwe,FY Fazal,KL Rahul,N Madziva,0,1,1,,,,,,,,
1007653,2016,2016-06-15,Harare Sports Club,2,7.4,India,Zimbabwe,FY Fazal,KL Rahul,N Madziva,4,0,,,,,,,,,
1007653,2016,2016-06-15,Harare Sports Club,2,7.5,India,Zimbabwe,FY Fazal,KL Rahul,N Madziva,1,0,,,,,,,,,
1007653,2016,2016-06-15,Harare Sports Club,2,7.6,India,Zimbabwe,KL Rahul,FY Fazal,N Madziva,0,0,,,,,,,,,
1007653,2016,2016-06-15,Harare Sports Club,2,7.7,India,Zimbabwe,KL Rahul,FY Fazal,N Madziva,0,0,,,,,,,,,
1007653,2016,2016-06-15,Harare Sports Club,2,8.1,India,Zimbabwe,FY Fazal,KL Rahul,T Mupariwa,0,1,1,,,,,,,,
1007653,2016,2016-06-15,Harare Sports Club,2,8.2,India,Zimbabwe,FY Fazal,KL Rahul,T Mupariwa,2,0,,,,,,,,,
1007653,2016,2016-06-15,Harare Sports Club,2,8.3,India,Zimbabwe,FY Fazal,KL Rahul,T Mupariwa,0,0,,,,,,,,,
1007653,2016,2016-06-15,Harare Sports Club,2,8.4,India,Zimbabwe,FY Fazal,KL Rahul,T Mupariwa,0,0,,,,,,,,,
1007653,2016,2016-06-15,Harare Sports Club,2,8.5,India,Zimbabwe,FY Fazal,KL Rahul,T Mupariwa,4,0,,,,,,,,,
1007653,2016,2016-06-15,Harare Sports Club,2,8.6,India,Zimbabwe,FY Fazal,KL Rahul,T Mupariwa,0,0,,,,,,,,,
1007653,2016,2016-06-15,Harare Sports Club,2,8.7,India,Zimbabwe,FY Fazal,KL Rahul,T Mupariwa,0,0,,,,,,,,,
1007653,2016,2016-06-15,Harare Sports Club,2,9.1,India,Zimbabwe,KL Rahul,FY Fazal,N Madziva,2,0,,,,,,,,,
1007653,2016,2016-06-15,Harare Sports Club,2,9.2,India,Zimbabwe,KL Rahul,FY Fazal,N Madziva,0,0,,,,,,,,,
1007653,2016,2016-06-15,Harare Sports Club,2,9.3,India,Zimbabwe,KL Rahul,FY Fazal,N Madziva,0,0,,,,,,,,,
1007653,2016,2016-06-15,Harare Sports Club,2,9.4,India,Zimbabwe,KL Rahul,FY Fazal,N Madziva,4,0,,,,,,,,,
1007653,2016,2016-06-15,Harare Sports Club,2,9.5,India,Zimbabwe,KL Rahul,FY Fazal,N Madziva,0,0,,,,,,,,,
1007653,2016,2016-06-15,Harare Sports Club,2,9.6,India,Zimbabwe,KL Rahul,FY Fazal,N Madziva,0,0,,,,,,,,,
1007653,2016,2016-06-15,Harare Sports Club,2,10.1,India,Zimbabwe,FY Fazal,KL Rahul,T Mupariwa,0,0,,,,,,,,,
1007653,2016,2016-06-15,Harare Sports Club,2,10.2,India,Zimbabwe,FY Fazal,KL Rahul,T Mupariwa,0,0,,,,,,,,,
1007653,2016,2016-06-15,Harare Sports Club,2,10.3,India,Zimbabwe,FY Fazal,KL Rahul,T Mupariwa,1,0,,,,,,,,,
1007653,2016,2016-06-15,Harare Sports Club,2,10.4,India,Zimbabwe,KL Rahul,FY Fazal,T Mupariwa,0,0,,,,,,,,,
1007653,2016,2016-06-15,Harare Sports Club,2,10.5,India,Zimbabwe,KL Rahul,FY Fazal,T Mupariwa,0,0,,,,,,,,,
1007653,2016,2016-06-15,Harare Sports Club,2,10.6,India,Zimbabwe,KL Rahul,FY Fazal,T Mupariwa,1,0,,,,,,,,,
1007653,2016,2016-06-15,Harare Sports Club,2,11.1,India,Zimbabwe,KL Rahul,FY Fazal,AG Cremer,1,0,,,,,,,,,
1007653,2016,2016-06-15,Harare Sports Club,2,11.2,India,Zimbabwe,FY Fazal,KL Rahul,AG Cremer,0,0,,,,,,,,,
1007653,2016,2016-06-15,Harare Sports Club,2,11.3,India,Zimbabwe,FY Fazal,KL Rahul,AG Cremer,0,0,,,,,,,,,
1007653,2016,2016-06-15,Harare Sports Club,2,11.4,India,Zimbabwe,FY Fazal,KL Rahul,AG Cremer,0,0,,,,,,,,,
1007653,2016,2016-06-15,Harare Sports Club,2,11.5,India,Zimbabwe,FY Fazal,KL Rahul,AG Cremer,1,0,,,,,,,,,
1007653,2016,2016-06-15,Harare Sports Club,2,11.6,India,Zimbabwe,KL Rahul,FY Fazal,AG Cremer,0,0,,,,,,,,,
1007653,2016,2016-06-15,Harare Sports Club,2,12.1,India,Zimbabwe,FY Fazal,KL Rahul,T Mupariwa,0,0,,,,,,,,,
1007653,2016,2016-06-15,Harare Sports Club,2,12.2,India,Zimbabwe,FY Fazal,KL Rahul,T Mupariwa,0,0,,,,,,,,,
1007653,2016,2016-06-15,Harare Sports Club,2,12.3,India,Zimbabwe,FY Fazal,KL Rahul,T Mupariwa,0,1,,,,1,,,,,
1007653,2016,2016-06-15,Harare Sports Club,2,12.4,India,Zimbabwe,KL Rahul,FY Fazal,T Mupariwa,4,0,,,,,,,,,
1007653,2016,2016-06-15,Harare Sports Club,2,12.5,India,Zimbabwe,KL Rahul,FY Fazal,T Mupariwa,4,0,,,,,,,,,
1007653,2016,2016-06-15,Harare Sports Club,2,12.6,India,Zimbabwe,KL Rahul,FY Fazal,T Mupariwa,4,0,,,,,,,,,
1007653,2016,2016-06-15,Harare Sports Club,2,13.1,India,Zimbabwe,FY Fazal,KL Rahul,AG Cremer,0,0,,,,,,,,,
1007653,2016,2016-06-15,Harare Sports Club,2,13.2,India,Zimbabwe,FY Fazal,KL Rahul,AG Cremer,1,0,,,,,,,,,
1007653,2016,2016-06-15,Harare Sports Club,2,13.3,India,Zimbabwe,KL Rahul,FY Fazal,AG Cremer,2,0,,,,,,,,,
1007653,2016,2016-06-15,Harare Sports Club,2,13.4,India,Zimbabwe,KL Rahul,FY Fazal,AG Cremer,2,0,,,,,,,,,
1007653,2016,2016-06-15,Harare Sports Club,2,13.5,India,Zimbabwe,KL Rahul,FY Fazal,AG Cremer,1,0,,,,,,,,,
1007653,2016,2016-06-15,Harare Sports Club,2,13.6,India,Zimbabwe,FY Fazal,KL Rahul,AG Cremer,0,0,,,,,,,,,
1007653,2016,2016-06-15,Harare Sports Club,2,14.1,India,Zimbabwe,KL Rahul,FY Fazal,T Mupariwa,1,0,,,,,,,,,
1007653,2016,2016-06-15,Harare Sports Club,2,14.2,India,Zimbabwe,FY Fazal,KL Rahul,T Mupariwa,2,0,,,,,,,,,
1007653,2016,2016-06-15,Harare Sports Club,2,14.3,India,Zimbabwe,FY Fazal,KL Rahul,T Mupariwa,1,0,,,,,,,,,
1007653,2016,2016-06-15,Harare Sports Club,2,14.4,India,Zimbabwe,KL Rahul,FY Fazal,T Mupariwa,0,0,,,,,,,,,
1007653,2016,2016-06-15,Harare Sports Club,2,14.5,India,Zimbabwe,KL Rahul,FY Fazal,T Mupariwa,0,0,,,,,,,,,
1007653,2016,2016-06-15,Harare Sports Club,2,14.6,India,Zimbabwe,KL Rahul,FY Fazal,T Mupariwa,1,0,,,,,,,,,
1007653,2016,2016-06-15,Harare Sports Club,2,15.1,India,Zimbabwe,KL Rahul,FY Fazal,AG Cremer,6,0,,,,,,,,,
1007653,2016,2016-06-15,Harare Sports Club,2,15.2,India,Zimbabwe,KL Rahul,FY Fazal,AG Cremer,1,0,,,,,,,,,
1007653,2016,2016-06-15,Harare Sports Club,2,15.3,India,Zimbabwe,FY Fazal,KL Rahul,AG Cremer,0,0,,,,,,,,,
1007653,2016,2016-06-15,Harare Sports Club,2,15.4,India,Zimbabwe,FY Fazal,KL Rahul,AG Cremer,1,0,,,,,,,,,
1007653,2016,2016-06-15,Harare Sports Club,2,15.5,India,Zimbabwe,KL Rahul,FY Fazal,AG Cremer,0,0,,,,,,,,,
1007653,2016,2016-06-15,Harare Sports Club,2,15.6,India,Zimbabwe,KL Rahul,FY Fazal,AG Cremer,1,0,,,,,,,,,
1007653,2016,2016-06-15,Harare Sports Club,2,16.1,India,Zimbabwe,KL Rahul,FY Fazal,T Mupariwa,2,0,,,,,,,,,
1007653,2016,2016-06-15,Harare Sports Club,2,16.2,India,Zimbabwe,KL Rahul,FY Fazal,T Mupariwa,0,0,,,,,,,,,
1007653,2016,2016-06-15,Harare Sports Club,2,16.3,India,Zimbabwe,KL Rahul,FY Fazal,T Mupariwa,0,0,,,,,,,,,
1007653,2016,2016-06-15,Harare Sports Club,2,16.4,India,Zimbabwe,KL Rahul,FY Fazal,T Mupariwa,1,0,,,,,,,,,
1007653,2016,2016-06-15,Harare Sports Club,2,16.5,India,Zimbabwe,FY Fazal,KL Rahul,T Mupariwa,4,0,,,,,,,,,
1007653,2016,2016-06-15,Harare Sports Club,2,16.6,India,Zimbabwe,FY Fazal,KL Rahul,T Mupariwa,0,0,,,,,,,,,
1007653,2016,2016-06-15,Harare Sports Club,2,17.1,India,Zimbabwe,KL Rahul,FY Fazal,AG Cremer,0,0,,,,,,,,,
1007653,2016,2016-06-15,Harare Sports Club,2,17.2,India,Zimbabwe,KL Rahul,FY Fazal,AG Cremer,1,0,,,,,,,,,
1007653,2016,2016-06-15,Harare Sports Club,2,17.3,India,Zimbabwe,FY Fazal,KL Rahul,AG Cremer,1,0,,,,,,,,,
1007653,2016,2016-06-15,Harare Sports Club,2,17.4,India,Zimbabwe,KL Rahul,FY Fazal,AG Cremer,1,0,,,,,,,,,
1007653,2016,2016-06-15,Harare Sports Club,2,17.5,India,Zimbabwe,FY Fazal,KL Rahul,AG Cremer,0,0,,,,,,,,,
1007653,2016,2016-06-15,Harare Sports Club,2,17.6,India,Zimbabwe,FY Fazal,KL Rahul,AG Cremer,6,0,,,,,,,,,
1007653,2016,2016-06-15,Harare Sports Club,2,18.1,India,Zimbabwe,KL Rahul,FY Fazal,T Mupariwa,1,0,,,,,,,,,
1007653,2016,2016-06-15,Harare Sports Club,2,18.2,India,Zimbabwe,FY Fazal,KL Rahul,T Mupariwa,0,1,,,1,,,,,,
1007653,2016,2016-06-15,Harare Sports Club,2,18.3,India,Zimbabwe,KL Rahul,FY Fazal,T Mupariwa,0,0,,,,,,,,,
1007653,2016,2016-06-15,Harare Sports Club,2,18.4,India,Zimbabwe,KL Rahul,FY Fazal,T Mupariwa,1,0,,,,,,,,,
1007653,2016,2016-06-15,Harare Sports Club,2,18.5,India,Zimbabwe,FY Fazal,KL Rahul,T Mupariwa,4,0,,,,,,,,,
1007653,2016,2016-06-15,Harare Sports Club,2,18.6,India,Zimbabwe,FY Fazal,KL Rahul,T Mupariwa,4,0,,,,,,,,,
1007653,2016,2016-06-15,Harare Sports Club,2,19.1,India,Zimbabwe,KL Rahul,FY Fazal,CJ Chibhabha,1,0,,,,,,,,,
1007653,2016,2016-06-15,Harare Sports Club,2,19.2,India,Zimbabwe,FY Fazal,KL Rahul,CJ Chibhabha,0,0,,,,,,,,,
1007653,2016,2016-06-15,Harare Sports Club,2,19.3,India,Zimbabwe,FY Fazal,KL Rahul,CJ Chibhabha,0,0,,,,,,,,,
1007653,2016,2016-06-15,Harare Sports Club,2,19.4,India,Zimbabwe,FY Fazal,KL Rahul,CJ Chibhabha,1,0,,,,,,,,,
1007653,2016,2016-06-15,Harare Sports Club,2,19.5,India,Zimbabwe,KL Rahul,FY Fazal,CJ Chibhabha,0,0,,,,,,,,,
1007653,2016,2016-06-15,Harare Sports Club,2,19.6,India,Zimbabwe,KL Rahul,FY Fazal,CJ Chibhabha,0,0,,,,,,,,,
1007653,2016,2016-06-15,Harare Sports Club,2,20.1,India,Zimbabwe,FY Fazal,KL Rahul,DT Tiripano,1,0,,,,,,,,,
1007653,2016,2016-06-15,Harare Sports Club,2,20.2,India,Zimbabwe,KL Rahul,FY Fazal,DT Tiripano,1,0,,,,,,,,,
1007653,2016,2016-06-15,Harare Sports Club,2,20.3,India,Zimbabwe,FY Fazal,KL Rahul,DT Tiripano,1,0,,,,,,,,,
1007653,2016,2016-06-15,Harare Sports Club,2,20.4,India,Zimbabwe,KL Rahul,FY Fazal,DT Tiripano,0,0,,,,,,,,,
1007653,2016,2016-06-15,Harare Sports Club,2,20.5,India,Zimbabwe,KL Rahul,FY Fazal,DT Tiripano,1,0,,,,,,,,,
1007653,2016,2016-06-15,Harare Sports Club,2,20.6,India,Zimbabwe,FY Fazal,KL Rahul,DT Tiripano,0,0,,,,,,,,,
1007653,2016,2016-06-15,Harare Sports Club,2,21.1,India,Zimbabwe,KL Rahul,FY Fazal,CJ Chibhabha,2,0,,,,,,,,,
1007653,2016,2016-06-15,Harare Sports Club,2,21.2,India,Zimbabwe,KL Rahul,FY Fazal,CJ Chibhabha,0,0,,,,,,,,,
1007653,2016,2016-06-15,Harare Sports Club,2,21.3,India,Zimbabwe,KL Rahul,FY Fazal,CJ Chibhabha,6,0,,,,,,,,,
1007653,2016,2016-06-15,Harare Sports Club,2,21.4,India,Zimbabwe,KL Rahul,FY Fazal,CJ Chibhabha,1,0,,,,,,,,,
1007653,2016,2016-06-15,Harare Sports Club,2,21.5,India,Zimbabwe,FY Fazal,KL Rahul,CJ Chibhabha,4,0,,,,,,,,,
