match_id,season,start_date,venue,innings,ball,batting_team,bowling_team,striker,non_striker,bowler,runs_off_bat,extras,wides,noballs,byes,legbyes,penalty,wicket_type,player_dismissed,other_wicket_type,other_player_dismissed
1019973,2016/17,2016-12-26,Hagley Oval,1,0.1,New Zealand,Bangladesh,MJ Guptill,TWM Latham,Mashrafe Mortaza,0,0,,,,,,,,,
1019973,2016/17,2016-12-26,Hagley Oval,1,0.2,New Zealand,Bangladesh,MJ Guptill,TWM Latham,Mashrafe Mortaza,0,1,,,,1,,,,,
1019973,2016/17,2016-12-26,Hagley Oval,1,0.3,New Zealand,Bangladesh,TWM Latham,MJ Guptill,Mashrafe Mortaza,0,0,,,,,,,,,
1019973,2016/17,2016-12-26,Hagley Oval,1,0.4,New Zealand,Bangladesh,TWM Latham,MJ Guptill,Mashrafe Mortaza,0,0,,,,,,,,,
1019973,2016/17,2016-12-26,Hagley Oval,1,0.5,New Zealand,Bangladesh,TWM Latham,MJ Guptill,Mashrafe Mortaza,1,0,,,,,,,,,
1019973,2016/17,2016-12-26,Hagley Oval,1,0.6,New Zealand,Bangladesh,MJ Guptill,TWM Latham,Mashrafe Mortaza,0,4,,,,4,,,,,
1019973,2016/17,2016-12-26,Hagley Oval,1,1.1,New Zealand,Bangladesh,TWM Latham,MJ Guptill,Mustafizur Rahman,0,0,,,,,,,,,
1019973,2016/17,2016-12-26,Hagley Oval,1,1.2,New Zealand,Bangladesh,TWM Latham,MJ Guptill,Mustafizur Rahman,1,0,,,,,,,,,
1019973,2016/17,2016-12-26,Hagley Oval,1,1.3,New Zealand,Bangladesh,MJ Guptill,TWM Latham,Mustafizur Rahman,0,0,,,,,,,,,
1019973,2016/17,2016-12-26,Hagley Oval,1,1.4,New Zealand,Bangladesh,MJ Guptill,TWM Latham,Mustafizur Rahman,0,0,,,,,,,,,
1019973,2016/17,2016-12-26,Hagley Oval,1,1.5,New Zealand,Bangladesh,MJ Guptill,TWM Latham,Mustafizur Rahman,0,0,,,,,,,,,
1019973,2016/17,2016-12-26,Hagley Oval,1,1.6,New Zealand,Bangladesh,MJ Guptill,TWM Latham,Mustafizur Rahman,1,0,,,,,,,,,
1019973,2016/17,2016-12-26,Hagley Oval,1,2.1,New Zealand,Bangladesh,MJ Guptill,TWM Latham,Mashrafe Mortaza,0,0,,,,,,,,,
1019973,2016/17,2016-12-26,Hagley Oval,1,2.2,New Zealand,Bangladesh,MJ Guptill,TWM Latham,Mashrafe Mortaza,6,0,,,,,,,,,
1019973,2016/17,2016-12-26,Hagley Oval,1,2.3,New Zealand,Bangladesh,MJ Guptill,TWM Latham,Mashrafe Mortaza,1,0,,,,,,,,,
1019973,2016/17,2016-12-26,Hagley Oval,1,2.4,New Zealand,Bangladesh,TWM Latham,MJ Guptill,Mashrafe Mortaza,0,0,,,,,,,,,
1019973,2016/17,2016-12-26,Hagley Oval,1,2.5,New Zealand,Bangladesh,TWM Latham,MJ Guptill,Mashrafe Mortaza,0,0,,,,,,,,,
1019973,2016/17,2016-12-26,Hagley Oval,1,2.6,New Zealand,Bangladesh,TWM Latham,MJ Guptill,Mashrafe Mortaza,4,0,,,,,,,,,
1019973,2016/17,2016-12-26,Hagley Oval,1,3.1,New Zealand,Bangladesh,MJ Guptill,TWM Latham,Mustafizur Rahman,0,0,,,,,,,,,
1019973,2016/17,2016-12-26,Hagley Oval,1,3.2,New Zealand,Bangladesh,MJ Guptill,TWM Latham,Mustafizur Rahman,4,0,,,,,,,,,
1019973,2016/17,2016-12-26,Hagley Oval,1,3.3,New Zealand,Bangladesh,MJ Guptill,TWM Latham,Mustafizur Rahman,0,0,,,,,,,,,
1019973,2016/17,2016-12-26,Hagley Oval,1,3.4,New Zealand,Bangladesh,MJ Guptill,TWM Latham,Mustafizur Rahman,0,0,,,,,,,,,
1019973,2016/17,2016-12-26,Hagley Oval,1,3.5,New Zealand,Bangladesh,MJ Guptill,TWM Latham,Mustafizur Rahman,0,0,,,,,,,,,
1019973,2016/17,2016-12-26,Hagley Oval,1,3.6,New Zealand,Bangladesh,MJ Guptill,TWM Latham,Mustafizur Rahman,1,0,,,,,,,,,
1019973,2016/17,2016-12-26,Hagley Oval,1,4.1,New Zealand,Bangladesh,MJ Guptill,TWM Latham,Mashrafe Mortaza,1,0,,,,,,,,,
1019973,2016/17,2016-12-26,Hagley Oval,1,4.2,New Zealand,Bangladesh,TWM Latham,MJ Guptill,Mashrafe Mortaza,0,0,,,,,,,,,
1019973,2016/17,2016-12-26,Hagley Oval,1,4.3,New Zealand,Bangladesh,TWM Latham,MJ Guptill,Mashrafe Mortaza,1,0,,,,,,,,,
1019973,2016/17,2016-12-26,Hagley Oval,1,4.4,New Zealand,Bangladesh,MJ Guptill,TWM Latham,Mashrafe Mortaza,1,0,,,,,,,,,
1019973,2016/17,2016-12-26,Hagley Oval,1,4.5,New Zealand,Bangladesh,TWM Latham,MJ Guptill,Mashrafe Mortaza,0,4,,,4,,,,,,
1019973,2016/17,2016-12-26,Hagley Oval,1,4.6,New Zealand,Bangladesh,TWM Latham,MJ Guptill,Mashrafe Mortaza,0,0,,,,,,,,,
1019973,2016/17,2016-12-26,Hagley Oval,1,5.1,New Zealand,Bangladesh,MJ Guptill,TWM Latham,Mustafizur Rahman,0,0,,,,,,caught,MJ Guptill,,
1019973,2016/17,2016-12-26,Hagley Oval,1,5.2,New Zealand,Bangladesh,TWM Latham,KS Williamson,Mustafizur Rahman,0,0,,,,,,,,,
1019973,2016/17,2016-12-26,Hagley Oval,1,5.3,New Zealand,Bangladesh,TWM Latham,KS Williamson,Mustafizur Rahman,0,1,1,,,,,,,,
1019973,2016/17,2016-12-26,Hagley Oval,1,5.4,New Zealand,Bangladesh,TWM Latham,KS Williamson,Mustafizur Rahman,0,0,,,,,,,,,
1019973,2016/17,2016-12-26,Hagley Oval,1,5.5,New Zealand,Bangladesh,TWM Latham,KS Williamson,Mustafizur Rahman,1,0,,,,,,,,,
1019973,2016/17,2016-12-26,Hagley Oval,1,5.6,New Zealand,Bangladesh,KS Williamson,TWM Latham,Mustafizur Rahman,1,0,,,,,,,,,
1019973,2016/17,2016-12-26,Hagley Oval,1,5.7,New Zealand,Bangladesh,TWM Latham,KS Williamson,Mustafizur Rahman,0,1,1,,,,,,,,
1019973,2016/17,2016-12-26,Hagley Oval,1,5.8,New Zealand,Bangladesh,TWM Latham,KS Williamson,Mustafizur Rahman,0,0,,,,,,,,,
1019973,2016/17,2016-12-26,Hagley Oval,1,6.1,New Zealand,Bangladesh,KS Williamson,TWM Latham,Mashrafe Mortaza,0,0,,,,,,,,,
1019973,2016/17,2016-12-26,Hagley Oval,1,6.2,New Zealand,Bangladesh,KS Williamson,TWM Latham,Mashrafe Mortaza,0,0,,,,,,,,,
1019973,2016/17,2016-12-26,Hagley Oval,1,6.3,New Zealand,Bangladesh,KS Williamson,TWM Latham,Mashrafe Mortaza,2,0,,,,,,,,,
1019973,2016/17,2016-12-26,Hagley Oval,1,6.4,New Zealand,Bangladesh,KS Williamson,TWM Latham,Mashrafe Mortaza,0,0,,,,,,,,,
1019973,2016/17,2016-12-26,Hagley Oval,1,6.5,New Zealand,Bangladesh,KS Williamson,TWM Latham,Mashrafe Mortaza,0,0,,,,,,,,,
1019973,2016/17,2016-12-26,Hagley Oval,1,6.6,New Zealand,Bangladesh,KS Williamson,TWM Latham,Mashrafe Mortaza,0,0,,,,,,,,,
1019973,2016/17,2016-12-26,Hagley Oval,1,7.1,New Zealand,Bangladesh,TWM Latham,KS Williamson,Mustafizur Rahman,1,0,,,,,,,,,
1019973,2016/17,2016-12-26,Hagley Oval,1,7.2,New Zealand,Bangladesh,KS Williamson,TWM Latham,Mustafizur Rahman,0,0,,,,,,,,,
1019973,2016/17,2016-12-26,Hagley Oval,1,7.3,New Zealand,Bangladesh,KS Williamson,TWM Latham,Mustafizur Rahman,0,0,,,,,,,,,
1019973,2016/17,2016-12-26,Hagley Oval,1,7.4,New Zealand,Bangladesh,KS Williamson,TWM Latham,Mustafizur Rahman,1,0,,,,,,,,,
1019973,2016/17,2016-12-26,Hagley Oval,1,7.5,New Zealand,Bangladesh,TWM Latham,KS Williamson,Mustafizur Rahman,0,0,,,,,,,,,
1019973,2016/17,2016-12-26,Hagley Oval,1,7.6,New Zealand,Bangladesh,TWM Latham,KS Williamson,Mustafizur Rahman,0,0,,,,,,,,,
1019973,2016/17,2016-12-26,Hagley Oval,1,8.1,New Zealand,Bangladesh,KS Williamson,TWM Latham,Mashrafe Mortaza,0,0,,,,,,,,,
1019973,2016/17,2016-12-26,Hagley Oval,1,8.2,New Zealand,Bangladesh,KS Williamson,TWM Latham,Mashrafe Mortaza,0,0,,,,,,,,,
1019973,2016/17,2016-12-26,Hagley Oval,1,8.3,New Zealand,Bangladesh,KS Williamson,TWM Latham,Mashrafe Mortaza,4,0,,,,,,,,,
1019973,2016/17,2016-12-26,Hagley Oval,1,8.4,New Zealand,Bangladesh,KS Williamson,TWM Latham,Mashrafe Mortaza,0,0,,,,,,,,,
1019973,2016/17,2016-12-26,Hagley Oval,1,8.5,New Zealand,Bangladesh,KS Williamson,TWM Latham,Mashrafe Mortaza,0,0,,,,,,,,,
1019973,2016/17,2016-12-26,Hagley Oval,1,8.6,New Zealand,Bangladesh,KS Williamson,TWM Latham,Mashrafe Mortaza,1,0,,,,,,,,,
1019973,2016/17,2016-12-26,Hagley Oval,1,9.1,New Zealand,Bangladesh,KS Williamson,TWM Latham,Taskin Ahmed,4,0,,,,,,,,,
1019973,2016/17,2016-12-26,Hagley Oval,1,9.2,New Zealand,Bangladesh,KS Williamson,TWM Latham,Taskin Ahmed,0,0,,,,,,,,,
1019973,2016/17,2016-12-26,Hagley Oval,1,9.3,New Zealand,Bangladesh,KS Williamson,TWM Latham,Taskin Ahmed,0,0,,,,,,,,,
1019973,2016/17,2016-12-26,Hagley Oval,1,9.4,New Zealand,Bangladesh,KS Williamson,TWM Latham,Taskin Ahmed,1,0,,,,,,,,,
1019973,2016/17,2016-12-26,Hagley Oval,1,9.5,New Zealand,Bangladesh,TWM Latham,KS Williamson,Taskin Ahmed,1,0,,,,,,,,,
1019973,2016/17,2016-12-26,Hagley Oval,1,9.6,New Zealand,Bangladesh,KS Williamson,TWM Latham,Taskin Ahmed,0,0,,,,,,,,,
1019973,2016/17,2016-12-26,Hagley Oval,1,10.1,New Zealand,Bangladesh,TWM Latham,KS Williamson,Shakib Al Hasan,1,0,,,,,,,,,
1019973,2016/17,2016-12-26,Hagley Oval,1,10.2,New Zealand,Bangladesh,KS Williamson,TWM Latham,Shakib Al Hasan,1,0,,,,,,,,,
1019973,2016/17,2016-12-26,Hagley Oval,1,10.3,New Zealand,Bangladesh,TWM Latham,KS Williamson,Shakib Al Hasan,0,0,,,,,,,,,
1019973,2016/17,2016-12-26,Hagley Oval,1,10.4,New Zealand,Bangladesh,TWM Latham,KS Williamson,Shakib Al Hasan,2,0,,,,,,,,,
1019973,2016/17,2016-12-26,Hagley Oval,1,10.5,New Zealand,Bangladesh,TWM Latham,KS Williamson,Shakib Al Hasan,2,0,,,,,,,,,
1019973,2016/17,2016-12-26,Hagley Oval,1,10.6,New Zealand,Bangladesh,TWM Latham,KS Williamson,Shakib Al Hasan,1,0,,,,,,,,,
1019973,2016/17,2016-12-26,Hagley Oval,1,11.1,New Zealand,Bangladesh,TWM Latham,KS Williamson,Soumya Sarkar,1,0,,,,,,,,,
1019973,2016/17,2016-12-26,Hagley Oval,1,11.2,New Zealand,Bangladesh,KS Williamson,TWM Latham,Soumya Sarkar,0,0,,,,,,,,,
1019973,2016/17,2016-12-26,Hagley Oval,1,11.3,New Zealand,Bangladesh,KS Williamson,TWM Latham,Soumya Sarkar,0,0,,,,,,,,,
1019973,2016/17,2016-12-26,Hagley Oval,1,11.4,New Zealand,Bangladesh,KS Williamson,TWM Latham,Soumya Sarkar,0,0,,,,,,,,,
1019973,2016/17,2016-12-26,Hagley Oval,1,11.5,New Zealand,Bangladesh,KS Williamson,TWM Latham,Soumya Sarkar,4,0,,,,,,,,,
1019973,2016/17,2016-12-26,Hagley Oval,1,11.6,New Zealand,Bangladesh,KS Williamson,TWM Latham,Soumya Sarkar,4,0,,,,,,,,,
1019973,2016/17,2016-12-26,Hagley Oval,1,12.1,New Zealand,Bangladesh,TWM Latham,KS Williamson,Taskin Ahmed,1,0,,,,,,,,,
1019973,2016/17,2016-12-26,Hagley Oval,1,12.2,New Zealand,Bangladesh,KS Williamson,TWM Latham,Taskin Ahmed,0,0,,,,,,,,,
1019973,2016/17,2016-12-26,Hagley Oval,1,12.3,New Zealand,Bangladesh,KS Williamson,TWM Latham,Taskin Ahmed,1,0,,,,,,,,,
1019973,2016/17,2016-12-26,Hagley Oval,1,12.4,New Zealand,Bangladesh,TWM Latham,KS Williamson,Taskin Ahmed,1,0,,,,,,,,,
1019973,2016/17,2016-12-26,Hagley Oval,1,12.5,New Zealand,Bangladesh,KS Williamson,TWM Latham,Taskin Ahmed,0,0,,,,,,,,,
1019973,2016/17,2016-12-26,Hagley Oval,1,12.6,New Zealand,Bangladesh,KS Williamson,TWM Latham,Taskin Ahmed,4,0,,,,,,,,,
1019973,2016/17,2016-12-26,Hagley Oval,1,13.1,New Zealand,Bangladesh,TWM Latham,KS Williamson,Soumya Sarkar,0,1,,,,1,,,,,
1019973,2016/17,2016-12-26,Hagley Oval,1,13.2,New Zealand,Bangladesh,KS Williamson,TWM Latham,Soumya Sarkar,1,0,,,,,,,,,
1019973,2016/17,2016-12-26,Hagley Oval,1,13.3,New Zealand,Bangladesh,TWM Latham,KS Williamson,Soumya Sarkar,1,0,,,,,,,,,
1019973,2016/17,2016-12-26,Hagley Oval,1,13.4,New Zealand,Bangladesh,KS Williamson,TWM Latham,Soumya Sarkar,2,0,,,,,,,,,
1019973,2016/17,2016-12-26,Hagley Oval,1,13.5,New Zealand,Bangladesh,KS Williamson,TWM Latham,Soumya Sarkar,0,0,,,,,,,,,
1019973,2016/17,2016-12-26,Hagley Oval,1,13.6,New Zealand,Bangladesh,KS Williamson,TWM Latham,Soumya Sarkar,0,0,,,,,,,,,
1019973,2016/17,2016-12-26,Hagley Oval,1,14.1,New Zealand,Bangladesh,TWM Latham,KS Williamson,Taskin Ahmed,1,0,,,,,,,,,
1019973,2016/17,2016-12-26,Hagley Oval,1,14.2,New Zealand,Bangladesh,KS Williamson,TWM Latham,Taskin Ahmed,0,0,,,,,,caught,KS Williamson,,
1019973,2016/17,2016-12-26,Hagley Oval,1,14.3,New Zealand,Bangladesh,NT Broom,TWM Latham,Taskin Ahmed,0,0,,,,,,,,,
1019973,2016/17,2016-12-26,Hagley Oval,1,14.4,New Zealand,Bangladesh,NT Broom,TWM Latham,Taskin Ahmed,0,0,,,,,,,,,
1019973,2016/17,2016-12-26,Hagley Oval,1,14.5,New Zealand,Bangladesh,NT Broom,TWM Latham,Taskin Ahmed,0,0,,,,,,,,,
1019973,2016/17,2016-12-26,Hagley Oval,1,14.6,New Zealand,Bangladesh,NT Broom,TWM Latham,Taskin Ahmed,0,0,,,,,,,,,
1019973,2016/17,2016-12-26,Hagley Oval,1,15.1,New Zealand,Bangladesh,TWM Latham,NT Broom,Soumya Sarkar,1,0,,,,,,,,,
1019973,2016/17,2016-12-26,Hagley Oval,1,15.2,New Zealand,Bangladesh,NT Broom,TWM Latham,Soumya Sarkar,1,0,,,,,,,,,
1019973,2016/17,2016-12-26,Hagley Oval,1,15.3,New Zealand,Bangladesh,TWM Latham,NT Broom,Soumya Sarkar,0,0,,,,,,,,,
1019973,2016/17,2016-12-26,Hagley Oval,1,15.4,New Zealand,Bangladesh,TWM Latham,NT Broom,Soumya Sarkar,1,0,,,,,,,,,
1019973,2016/17,2016-12-26,Hagley Oval,1,15.5,New Zealand,Bangladesh,NT Broom,TWM Latham,Soumya Sarkar,0,0,,,,,,,,,
1019973,2016/17,2016-12-26,Hagley Oval,1,15.6,New Zealand,Bangladesh,NT Broom,TWM Latham,Soumya Sarkar,0,0,,,,,,,,,
1019973,2016/17,2016-12-26,Hagley Oval,1,16.1,New Zealand,Bangladesh,TWM Latham,NT Broom,Taskin Ahmed,1,0,,,,,,,,,
1019973,2016/17,2016-12-26,Hagley Oval,1,16.2,New Zealand,Bangladesh,NT Broom,TWM Latham,Taskin Ahmed,0,0,,,,,,,,,
1019973,2016/17,2016-12-26,Hagley Oval,1,16.3,New Zealand,Bangladesh,NT Broom,TWM Latham,Taskin Ahmed,0,0,,,,,,,,,
1019973,2016/17,2016-12-26,Hagley Oval,1,16.4,New Zealand,Bangladesh,NT Broom,TWM Latham,Taskin Ahmed,1,0,,,,,,,,,
1019973,2016/17,2016-12-26,Hagley Oval,1,16.5,New Zealand,Bangladesh,TWM Latham,NT Broom,Taskin Ahmed,1,0,,,,,,,,,
1019973,2016/17,2016-12-26,Hagley Oval,1,16.6,New Zealand,Bangladesh,NT Broom,TWM Latham,Taskin Ahmed,3,0,,,,,,,,,
1019973,2016/17,2016-12-26,Hagley Oval,1,17.1,New Zealand,Bangladesh,NT Broom,TWM Latham,Soumya Sarkar,1,0,,,,,,,,,
1019973,2016/17,2016-12-26,Hagley Oval,1,17.2,New Zealand,Bangladesh,TWM Latham,NT Broom,Soumya Sarkar,0,0,,,,,,,,,
1019973,2016/17,2016-12-26,Hagley Oval,1,17.3,New Zealand,Bangladesh,TWM Latham,NT Broom,Soumya Sarkar,2,0,,,,,,,,,
1019973,2016/17,2016-12-26,Hagley Oval,1,17.4,New Zealand,Bangladesh,TWM Latham,NT Broom,Soumya Sarkar,6,0,,,,,,,,,
1019973,2016/17,2016-12-26,Hagley Oval,1,17.5,New Zealand,Bangladesh,TWM Latham,NT Broom,Soumya Sarkar,0,0,,,,,,,,,
1019973,2016/17,2016-12-26,Hagley Oval,1,17.6,New Zealand,Bangladesh,TWM Latham,NT Broom,Soumya Sarkar,0,0,,,,,,,,,
1019973,2016/17,2016-12-26,Hagley Oval,1,18.1,New Zealand,Bangladesh,NT Broom,TWM Latham,Taskin Ahmed,1,0,,,,,,,,,
1019973,2016/17,2016-12-26,Hagley Oval,1,18.2,New Zealand,Bangladesh,TWM Latham,NT Broom,Taskin Ahmed,1,0,,,,,,,,,
1019973,2016/17,2016-12-26,Hagley Oval,1,18.3,New Zealand,Bangladesh,NT Broom,TWM Latham,Taskin Ahmed,1,0,,,,,,,,,
1019973,2016/17,2016-12-26,Hagley Oval,1,18.4,New Zealand,Bangladesh,TWM Latham,NT Broom,Taskin Ahmed,4,0,,,,,,,,,
1019973,2016/17,2016-12-26,Hagley Oval,1,18.5,New Zealand,Bangladesh,TWM Latham,NT Broom,Taskin Ahmed,1,0,,,,,,,,,
1019973,2016/17,2016-12-26,Hagley Oval,1,18.6,New Zealand,Bangladesh,NT Broom,TWM Latham,Taskin Ahmed,2,0,,,,,,,,,
1019973,2016/17,2016-12-26,Hagley Oval,1,19.1,New Zealand,Bangladesh,TWM Latham,NT Broom,Mosaddek Hossain,1,0,,,,,,,,,
1019973,2016/17,2016-12-26,Hagley Oval,1,19.2,New Zealand,Bangladesh,NT Broom,TWM Latham,Mosaddek Hossain,0,0,,,,,,,,,
1019973,2016/17,2016-12-26,Hagley Oval,1,19.3,New Zealand,Bangladesh,NT Broom,TWM Latham,Mosaddek Hossain,1,0,,,,,,,,,
1019973,2016/17,2016-12-26,Hagley Oval,1,19.4,New Zealand,Bangladesh,TWM Latham,NT Broom,Mosaddek Hossain,1,0,,,,,,,,,
1019973,2016/17,2016-12-26,Hagley Oval,1,19.5,New Zealand,Bangladesh,NT Broom,TWM Latham,Mosaddek Hossain,0,0,,,,,,,,,
1019973,2016/17,2016-12-26,Hagley Oval,1,19.6,New Zealand,Bangladesh,NT Broom,TWM Latham,Mosaddek Hossain,1,0,,,,,,,,,
1019973,2016/17,2016-12-26,Hagley Oval,1,20.1,New Zealand,Bangladesh,NT Broom,TWM Latham,Shakib Al Hasan,0,1,1,,,,,,,,
1019973,2016/17,2016-12-26,Hagley Oval,1,20.2,New Zealand,Bangladesh,NT Broom,TWM Latham,Shakib Al Hasan,3,0,,,,,,,,,
1019973,2016/17,2016-12-26,Hagley Oval,1,20.3,New Zealand,Bangladesh,TWM Latham,NT Broom,Shakib Al Hasan,0,0,,,,,,,,,
1019973,2016/17,2016-12-26,Hagley Oval,1,20.4,New Zealand,Bangladesh,TWM Latham,NT Broom,Shakib Al Hasan,1,0,,,,,,,,,
1019973,2016/17,2016-12-26,Hagley Oval,1,20.5,New Zealand,Bangladesh,NT Broom,TWM Latham,Shakib Al Hasan,1,0,,,,,,,,,
1019973,2016/17,2016-12-26,Hagley Oval,1,20.6,New Zealand,Bangladesh,TWM Latham,NT Broom,Shakib Al Hasan,0,0,,,,,,,,,
1019973,2016/17,2016-12-26,Hagley Oval,1,20.7,New Zealand,Bangladesh,TWM Latham,NT Broom,Shakib Al Hasan,1,0,,,,,,,,,
1019973,2016/17,2016-12-26,Hagley Oval,1,21.1,New Zealand,Bangladesh,TWM Latham,NT Broom,Mosaddek Hossain,1,0,,,,,,,,,
1019973,2016/17,2016-12-26,Hagley Oval,1,21.2,New Zealand,Bangladesh,NT Broom,TWM Latham,Mosaddek Hossain,0,0,,,,,,,,,
1019973,2016/17,2016-12-26,Hagley Oval,1,21.3,New Zealand,Bangladesh,NT Broom,TWM Latham,Mosaddek Hossain,1,0,,,,,,,,,
1019973,2016/17,2016-12-26,Hagley Oval,1,21.4,New Zealand,Bangladesh,TWM Latham,NT Broom,Mosaddek Hossain,1,0,,,,,,,,,
1019973,2016/17,2016-12-26,Hagley Oval,1,21.5,New Zealand,Bangladesh,NT Broom,TWM Latham,Mosaddek Hossain,0,0,,,,,,,,,
1019973,2016/17,2016-12-26,Hagley Oval,1,21.6,New Zealand,Bangladesh,NT Broom,TWM Latham,Mosaddek Hossain,0,0,,,,,,,,,
1019973,2016/17,2016-12-26,Hagley Oval,1,22.1,New Zealand,Bangladesh,TWM Latham,NT Broom,Shakib Al Hasan,0,0,,,,,,,,,
1019973,2016/17,2016-12-26,Hagley Oval,1,22.2,New Zealand,Bangladesh,TWM Latham,NT Broom,Shakib Al Hasan,1,0,,,,,,,,,
1019973,2016/17,2016-12-26,Hagley Oval,1,22.3,New Zealand,Bangladesh,NT Broom,TWM Latham,Shakib Al Hasan,2,0,,,,,,,,,
1019973,2016/17,2016-12-26,Hagley Oval,1,22.4,New Zealand,Bangladesh,NT Broom,TWM Latham,Shakib Al Hasan,0,0,,,,,,,,,
1019973,2016/17,2016-12-26,Hagley Oval,1,22.5,New Zealand,Bangladesh,NT Broom,TWM Latham,Shakib Al Hasan,1,0,,,,,,,,,
1019973,2016/17,2016-12-26,Hagley Oval,1,22.6,New Zealand,Bangladesh,TWM Latham,NT Broom,Shakib Al Hasan,1,0,,,,,,,,,
1019973,2016/17,2016-12-26,Hagley Oval,1,23.1,New Zealand,Bangladesh,TWM Latham,NT Broom,Mosaddek Hossain,3,0,,,,,,,,,
1019973,2016/17,2016-12-26,Hagley Oval,1,23.2,New Zealand,Bangladesh,NT Broom,TWM Latham,Mosaddek Hossain,1,0,,,,,,,,,
1019973,2016/17,2016-12-26,Hagley Oval,1,23.3,New Zealand,Bangladesh,TWM Latham,NT Broom,Mosaddek Hossain,0,0,,,,,,,,,
1019973,2016/17,2016-12-26,Hagley Oval,1,23.4,New Zealand,Bangladesh,TWM Latham,NT Broom,Mosaddek Hossain,1,0,,,,,,,,,
1019973,2016/17,2016-12-26,Hagley Oval,1,23.5,New Zealand,Bangladesh,NT Broom,TWM Latham,Mosaddek Hossain,1,0,,,,,,,,,
1019973,2016/17,2016-12-26,Hagley Oval,1,23.6,New Zealand,Bangladesh,TWM Latham,NT Broom,Mosaddek Hossain,1,0,,,,,,,,,
1019973,2016/17,2016-12-26,Hagley Oval,1,24.1,New Zealand,Bangladesh,TWM Latham,NT Broom,Shakib Al Hasan,1,0,,,,,,,,,
1019973,2016/17,2016-12-26,Hagley Oval,1,24.2,New Zealand,Bangladesh,NT Broom,TWM Latham,Shakib Al Hasan,0,0,,,,,,,,,
1019973,2016/17,2016-12-26,Hagley Oval,1,24.3,New Zealand,Bangladesh,NT Broom,TWM Latham,Shakib Al Hasan,0,0,,,,,,lbw,NT Broom,,
1019973,2016/17,2016-12-26,Hagley Oval,1,24.4,New Zealand,Bangladesh,JDS Neesham,TWM Latham,Shakib Al Hasan,4,0,,,,,,,,,
1019973,2016/17,2016-12-26,Hagley Oval,1,24.5,New Zealand,Bangladesh,JDS Neesham,TWM Latham,Shakib Al Hasan,1,0,,,,,,,,,
1019973,2016/17,2016-12-26,Hagley Oval,1,24.6,New Zealand,Bangladesh,TWM Latham,JDS Neesham,Shakib Al Hasan,0,0,,,,,,,,,
1019973,2016/17,2016-12-26,Hagley Oval,1,25.1,New Zealand,Bangladesh,JDS Neesham,TWM Latham,Mosaddek Hossain,0,0,,,,,,,,,
1019973,2016/17,2016-12-26,Hagley Oval,1,25.2,New Zealand,Bangladesh,JDS Neesham,TWM Latham,Mosaddek Hossain,0,0,,,,,,,,,
1019973,2016/17,2016-12-26,Hagley Oval,1,25.3,New Zealand,Bangladesh,JDS Neesham,TWM Latham,Mosaddek Hossain,1,0,,,,,,,,,
1019973,2016/17,2016-12-26,Hagley Oval,1,25.4,New Zealand,Bangladesh,TWM Latham,JDS Neesham,Mosaddek Hossain,1,0,,,,,,,,,
1019973,2016/17,2016-12-26,Hagley Oval,1,25.5,New Zealand,Bangladesh,JDS Neesham,TWM Latham,Mosaddek Hossain,0,0,,,,,,,,,
1019973,2016/17,2016-12-26,Hagley Oval,1,25.6,New Zealand,Bangladesh,JDS Neesham,TWM Latham,Mosaddek Hossain,0,0,,,,,,,,,
1019973,2016/17,2016-12-26,Hagley Oval,1,26.1,New Zealand,Bangladesh,TWM Latham,JDS Neesham,Shakib Al Hasan,0,0,,,,,,,,,
1019973,2016/17,2016-12-26,Hagley Oval,1,26.2,New Zealand,Bangladesh,TWM Latham,JDS Neesham,Shakib Al Hasan,0,0,,,,,,,,,
1019973,2016/17,2016-12-26,Hagley Oval,1,26.3,New Zealand,Bangladesh,TWM Latham,JDS Neesham,Shakib Al Hasan,1,0,,,,,,,,,
1019973,2016/17,2016-12-26,Hagley Oval,1,26.4,New Zealand,Bangladesh,JDS Neesham,TWM Latham,Shakib Al Hasan,0,0,,,,,,,,,
1019973,2016/17,2016-12-26,Hagley Oval,1,26.5,New Zealand,Bangladesh,JDS Neesham,TWM Latham,Shakib Al Hasan,1,0,,,,,,,,,
1019973,2016/17,2016-12-26,Hagley Oval,1,26.6,New Zealand,Bangladesh,TWM Latham,JDS Neesham,Shakib Al Hasan,1,0,,,,,,,,,
1019973,2016/17,2016-12-26,Hagley Oval,1,27.1,New Zealand,Bangladesh,TWM Latham,JDS Neesham,Mosaddek Hossain,4,0,,,,,,,,,
1019973,2016/17,2016-12-26,Hagley Oval,1,27.2,New Zealand,Bangladesh,TWM Latham,JDS Neesham,Mosaddek Hossain,1,0,,,,,,,,,
1019973,2016/17,2016-12-26,Hagley Oval,1,27.3,New Zealand,Bangladesh,JDS Neesham,TWM Latham,Mosaddek Hossain,1,0,,,,,,,,,
1019973,2016/17,2016-12-26,Hagley Oval,1,27.4,New Zealand,Bangladesh,TWM Latham,JDS Neesham,Mosaddek Hossain,0,0,,,,,,,,,
1019973,2016/17,2016-12-26,Hagley Oval,1,27.5,New Zealand,Bangladesh,TWM Latham,JDS Neesham,Mosaddek Hossain,2,0,,,,,,,,,
1019973,2016/17,2016-12-26,Hagley Oval,1,27.6,New Zealand,Bangladesh,TWM Latham,JDS Neesham,Mosaddek Hossain,1,0,,,,,,,,,
1019973,2016/17,2016-12-26,Hagley Oval,1,28.1,New Zealand,Bangladesh,TWM Latham,JDS Neesham,Shakib Al Hasan,1,0,,,,,,,,,
1019973,2016/17,2016-12-26,Hagley Oval,1,28.2,New Zealand,Bangladesh,JDS Neesham,TWM Latham,Shakib Al Hasan,4,0,,,,,,,,,
1019973,2016/17,2016-12-26,Hagley Oval,1,28.3,New Zealand,Bangladesh,JDS Neesham,TWM Latham,Shakib Al Hasan,0,0,,,,,,,,,
1019973,2016/17,2016-12-26,Hagley Oval,1,28.4,New Zealand,Bangladesh,JDS Neesham,TWM Latham,Shakib Al Hasan,0,0,,,,,,lbw,JDS Neesham,,
1019973,2016/17,2016-12-26,Hagley Oval,1,28.5,New Zealand,Bangladesh,C Munro,TWM Latham,Shakib Al Hasan,0,0,,,,,,,,,
1019973,2016/17,2016-12-26,Hagley Oval,1,28.6,New Zealand,Bangladesh,C Munro,TWM Latham,Shakib Al Hasan,0,0,,,,,,,,,
1019973,2016/17,2016-12-26,Hagley Oval,1,29.1,New Zealand,Bangladesh,TWM Latham,C Munro,Mosaddek Hossain,1,0,,,,,,,,,
1019973,2016/17,2016-12-26,Hagley Oval,1,29.2,New Zealand,Bangladesh,C Munro,TWM Latham,Mosaddek Hossain,1,0,,,,,,,,,
1019973,2016/17,2016-12-26,Hagley Oval,1,29.3,New Zealand,Bangladesh,TWM Latham,C Munro,Mosaddek Hossain,1,0,,,,,,,,,
1019973,2016/17,2016-12-26,Hagley Oval,1,29.4,New Zealand,Bangladesh,C Munro,TWM Latham,Mosaddek Hossain,0,0,,,,,,,,,
1019973,2016/17,2016-12-26,Hagley Oval,1,29.5,New Zealand,Bangladesh,C Munro,TWM Latham,Mosaddek Hossain,6,0,,,,,,,,,
1019973,2016/17,2016-12-26,Hagley Oval,1,29.6,New Zealand,Bangladesh,C Munro,TWM Latham,Mosaddek Hossain,1,0,,,,,,,,,
1019973,2016/17,2016-12-26,Hagley Oval,1,30.1,New Zealand,Bangladesh,C Munro,TWM Latham,Shakib Al Hasan,2,0,,,,,,,,,
1019973,2016/17,2016-12-26,Hagley Oval,1,30.2,New Zealand,Bangladesh,C Munro,TWM Latham,Shakib Al Hasan,4,0,,,,,,,,,
1019973,2016/17,2016-12-26,Hagley Oval,1,30.3,New Zealand,Bangladesh,C Munro,TWM Latham,Shakib Al Hasan,0,0,,,,,,,,,
1019973,2016/17,2016-12-26,Hagley Oval,1,30.4,New Zealand,Bangladesh,C Munro,TWM Latham,Shakib Al Hasan,0,0,,,,,,,,,
1019973,2016/17,2016-12-26,Hagley Oval,1,30.5,New Zealand,Bangladesh,C Munro,TWM Latham,Shakib Al Hasan,0,0,,,,,,,,,
1019973,2016/17,2016-12-26,Hagley Oval,1,30.6,New Zealand,Bangladesh,C Munro,TWM Latham,Shakib Al Hasan,2,0,,,,,,,,,
1019973,2016/17,2016-12-26,Hagley Oval,1,31.1,New Zealand,Bangladesh,TWM Latham,C Munro,Mosaddek Hossain,2,0,,,,,,,,,
1019973,2016/17,2016-12-26,Hagley Oval,1,31.2,New Zealand,Bangladesh,TWM Latham,C Munro,Mosaddek Hossain,0,0,,,,,,,,,
1019973,2016/17,2016-12-26,Hagley Oval,1,31.3,New Zealand,Bangladesh,TWM Latham,C Munro,Mosaddek Hossain,2,0,,,,,,,,,
1019973,2016/17,2016-12-26,Hagley Oval,1,31.4,New Zealand,Bangladesh,TWM Latham,C Munro,Mosaddek Hossain,1,0,,,,,,,,,
1019973,2016/17,2016-12-26,Hagley Oval,1,31.5,New Zealand,Bangladesh,C Munro,TWM Latham,Mosaddek Hossain,0,0,,,,,,,,,
1019973,2016/17,2016-12-26,Hagley Oval,1,31.6,New Zealand,Bangladesh,C Munro,TWM Latham,Mosaddek Hossain,0,0,,,,,,,,,
1019973,2016/17,2016-12-26,Hagley Oval,1,32.1,New Zealand,Bangladesh,TWM Latham,C Munro,Mashrafe Mortaza,0,0,,,,,,,,,
1019973,2016/17,2016-12-26,Hagley Oval,1,32.2,New Zealand,Bangladesh,TWM Latham,C Munro,Mashrafe Mortaza,0,0,,,,,,,,,
1019973,2016/17,2016-12-26,Hagley Oval,1,32.3,New Zealand,Bangladesh,TWM Latham,C Munro,Mashrafe Mortaza,0,0,,,,,,,,,
1019973,2016/17,2016-12-26,Hagley Oval,1,32.4,New Zealand,Bangladesh,TWM Latham,C Munro,Mashrafe Mortaza,1,0,,,,,,,,,
1019973,2016/17,2016-12-26,Hagley Oval,1,32.5,New Zealand,Bangladesh,C Munro,TWM Latham,Mashrafe Mortaza,1,0,,,,,,,,,
1019973,2016/17,2016-12-26,Hagley Oval,1,32.6,New Zealand,Bangladesh,TWM Latham,C Munro,Mashrafe Mortaza,0,0,,,,,,,,,
1019973,2016/17,2016-12-26,Hagley Oval,1,33.1,New Zealand,Bangladesh,C Munro,TWM Latham,Mustafizur Rahman,0,0,,,,,,,,,
1019973,2016/17,2016-12-26,Hagley Oval,1,33.2,New Zealand,Bangladesh,C Munro,TWM Latham,Mustafizur Rahman,1,0,,,,,,,,,
1019973,2016/17,2016-12-26,Hagley Oval,1,33.3,New Zealand,Bangladesh,TWM Latham,C Munro,Mustafizur Rahman,1,0,,,,,,,,,
1019973,2016/17,2016-12-26,Hagley Oval,1,33.4,New Zealand,Bangladesh,C Munro,TWM Latham,Mustafizur Rahman,0,0,,,,,,,,,
1019973,2016/17,2016-12-26,Hagley Oval,1,33.5,New Zealand,Bangladesh,C Munro,TWM Latham,Mustafizur Rahman,0,0,,,,,,,,,
1019973,2016/17,2016-12-26,Hagley Oval,1,33.6,New Zealand,Bangladesh,C Munro,TWM Latham,Mustafizur Rahman,0,0,,,,,,,,,
1019973,2016/17,2016-12-26,Hagley Oval,1,34.1,New Zealand,Bangladesh,TWM Latham,C Munro,Mashrafe Mortaza,0,0,,,,,,,,,
1019973,2016/17,2016-12-26,Hagley Oval,1,34.2,New Zealand,Bangladesh,TWM Latham,C Munro,Mashrafe Mortaza,1,0,,,,,,,,,
1019973,2016/17,2016-12-26,Hagley Oval,1,34.3,New Zealand,Bangladesh,C Munro,TWM Latham,Mashrafe Mortaza,0,0,,,,,,,,,
1019973,2016/17,2016-12-26,Hagley Oval,1,34.4,New Zealand,Bangladesh,C Munro,TWM Latham,Mashrafe Mortaza,0,0,,,,,,,,,
1019973,2016/17,2016-12-26,Hagley Oval,1,34.5,New Zealand,Bangladesh,C Munro,TWM Latham,Mashrafe Mortaza,0,0,,,,,,,,,
1019973,2016/17,2016-12-26,Hagley Oval,1,34.6,New Zealand,Bangladesh,C Munro,TWM Latham,Mashrafe Mortaza,0,0,,,,,,,,,
1019973,2016/17,2016-12-26,Hagley Oval,1,35.1,New Zealand,Bangladesh,TWM Latham,C Munro,Mustafizur Rahman,1,0,,,,,,,,,
1019973,2016/17,2016-12-26,Hagley Oval,1,35.2,New Zealand,Bangladesh,C Munro,TWM Latham,Mustafizur Rahman,2,0,,,,,,,,,
1019973,2016/17,2016-12-26,Hagley Oval,1,35.3,New Zealand,Bangladesh,C Munro,TWM Latham,Mustafizur Rahman,0,0,,,,,,,,,
1019973,2016/17,2016-12-26,Hagley Oval,1,35.4,New Zealand,Bangladesh,C Munro,TWM Latham,Mustafizur Rahman,1,0,,,,,,,,,
1019973,2016/17,2016-12-26,Hagley Oval,1,35.5,New Zealand,Bangladesh,TWM Latham,C Munro,Mustafizur Rahman,4,0,,,,,,,,,
1019973,2016/17,2016-12-26,Hagley Oval,1,35.6,New Zealand,Bangladesh,TWM Latham,C Munro,Mustafizur Rahman,4,0,,,,,,,,,
1019973,2016/17,2016-12-26,Hagley Oval,1,36.1,New Zealand,Bangladesh,C Munro,TWM Latham,Mashrafe Mortaza,4,0,,,,,,,,,
1019973,2016/17,2016-12-26,Hagley Oval,1,36.2,New Zealand,Bangladesh,C Munro,TWM Latham,Mashrafe Mortaza,1,0,,,,,,,,,
1019973,2016/17,2016-12-26,Hagley Oval,1,36.3,New Zealand,Bangladesh,TWM Latham,C Munro,Mashrafe Mortaza,1,0,,,,,,,,,
1019973,2016/17,2016-12-26,Hagley Oval,1,36.4,New Zealand,Bangladesh,C Munro,TWM Latham,Mashrafe Mortaza,1,0,,,,,,,,,
1019973,2016/17,2016-12-26,Hagley Oval,1,36.5,New Zealand,Bangladesh,TWM Latham,C Munro,Mashrafe Mortaza,0,0,,,,,,,,,
1019973,2016/17,2016-12-26,Hagley Oval,1,36.6,New Zealand,Bangladesh,TWM Latham,C Munro,Mashrafe Mortaza,1,0,,,,,,,,,
1019973,2016/17,2016-12-26,Hagley Oval,1,37.1,New Zealand,Bangladesh,TWM Latham,C Munro,Mustafizur Rahman,0,0,,,,,,,,,
1019973,2016/17,2016-12-26,Hagley Oval,1,37.2,New Zealand,Bangladesh,TWM Latham,C Munro,Mustafizur Rahman,6,0,,,,,,,,,
1019973,2016/17,2016-12-26,Hagley Oval,1,37.3,New Zealand,Bangladesh,TWM Latham,C Munro,Mustafizur Rahman,2,0,,,,,,,,,
1019973,2016/17,2016-12-26,Hagley Oval,1,37.4,New Zealand,Bangladesh,TWM Latham,C Munro,Mustafizur Rahman,0,0,,,,,,,,,
1019973,2016/17,2016-12-26,Hagley Oval,1,37.5,New Zealand,Bangladesh,TWM Latham,C Munro,Mustafizur Rahman,0,0,,,,,,,,,
1019973,2016/17,2016-12-26,Hagley Oval,1,37.6,New Zealand,Bangladesh,TWM Latham,C Munro,Mustafizur Rahman,0,0,,,,,,,,,
1019973,2016/17,2016-12-26,Hagley Oval,1,38.1,New Zealand,Bangladesh,C Munro,TWM Latham,Shakib Al Hasan,1,0,,,,,,,,,
1019973,2016/17,2016-12-26,Hagley Oval,1,38.2,New Zealand,Bangladesh,TWM Latham,C Munro,Shakib Al Hasan,1,0,,,,,,,,,
1019973,2016/17,2016-12-26,Hagley Oval,1,38.3,New Zealand,Bangladesh,C Munro,TWM Latham,Shakib Al Hasan,4,0,,,,,,,,,
1019973,2016/17,2016-12-26,Hagley Oval,1,38.4,New Zealand,Bangladesh,C Munro,TWM Latham,Shakib Al Hasan,0,0,,,,,,,,,
1019973,2016/17,2016-12-26,Hagley Oval,1,38.5,New Zealand,Bangladesh,C Munro,TWM Latham,Shakib Al Hasan,6,0,,,,,,,,,
1019973,2016/17,2016-12-26,Hagley Oval,1,38.6,New Zealand,Bangladesh,C Munro,TWM Latham,Shakib Al Hasan,1,0,,,,,,,,,
1019973,2016/17,2016-12-26,Hagley Oval,1,39.1,New Zealand,Bangladesh,C Munro,TWM Latham,Taskin Ahmed,0,0,,,,,,,,,
1019973,2016/17,2016-12-26,Hagley Oval,1,39.2,New Zealand,Bangladesh,C Munro,TWM Latham,Taskin Ahmed,1,0,,,,,,,,,
1019973,2016/17,2016-12-26,Hagley Oval,1,39.3,New Zealand,Bangladesh,TWM Latham,C Munro,Taskin Ahmed,6,0,,,,,,,,,
1019973,2016/17,2016-12-26,Hagley Oval,1,39.4,New Zealand,Bangladesh,TWM Latham,C Munro,Taskin Ahmed,2,0,,,,,,,,,
1019973,2016/17,2016-12-26,Hagley Oval,1,39.5,New Zealand,Bangladesh,TWM Latham,C Munro,Taskin Ahmed,1,0,,,,,,,,,
1019973,2016/17,2016-12-26,Hagley Oval,1,39.6,New Zealand,Bangladesh,C Munro,TWM Latham,Taskin Ahmed,1,0,,,,,,,,,
1019973,2016/17,2016-12-26,Hagley Oval,1,40.1,New Zealand,Bangladesh,C Munro,TWM Latham,Shakib Al Hasan,1,0,,,,,,,,,
1019973,2016/17,2016-12-26,Hagley Oval,1,40.2,New Zealand,Bangladesh,TWM Latham,C Munro,Shakib Al Hasan,1,0,,,,,,,,,
1019973,2016/17,2016-12-26,Hagley Oval,1,40.3,New Zealand,Bangladesh,C Munro,TWM Latham,Shakib Al Hasan,1,0,,,,,,,,,
1019973,2016/17,2016-12-26,Hagley Oval,1,40.4,New Zealand,Bangladesh,TWM Latham,C Munro,Shakib Al Hasan,1,0,,,,,,,,,
1019973,2016/17,2016-12-26,Hagley Oval,1,40.5,New Zealand,Bangladesh,C Munro,TWM Latham,Shakib Al Hasan,1,0,,,,,,,,,
1019973,2016/17,2016-12-26,Hagley Oval,1,40.6,New Zealand,Bangladesh,TWM Latham,C Munro,Shakib Al Hasan,2,0,,,,,,,,,
1019973,2016/17,2016-12-26,Hagley Oval,1,41.1,New Zealand,Bangladesh,C Munro,TWM Latham,Taskin Ahmed,1,0,,,,,,,,,
1019973,2016/17,2016-12-26,Hagley Oval,1,41.2,New Zealand,Bangladesh,TWM Latham,C Munro,Taskin Ahmed,4,0,,,,,,,,,
1019973,2016/17,2016-12-26,Hagley Oval,1,41.3,New Zealand,Bangladesh,TWM Latham,C Munro,Taskin Ahmed,0,1,,,,1,,,,,
1019973,2016/17,2016-12-26,Hagley Oval,1,41.4,New Zealand,Bangladesh,C Munro,TWM Latham,Taskin Ahmed,0,0,,,,,,,,,
1019973,2016/17,2016-12-26,Hagley Oval,1,41.5,New Zealand,Bangladesh,C Munro,TWM Latham,Taskin Ahmed,6,0,,,,,,,,,
1019973,2016/17,2016-12-26,Hagley Oval,1,41.6,New Zealand,Bangladesh,C Munro,TWM Latham,Taskin Ahmed,1,0,,,,,,,,,
1019973,2016/17,2016-12-26,Hagley Oval,1,42.1,New Zealand,Bangladesh,C Munro,TWM Latham,Mashrafe Mortaza,1,0,,,,,,,,,
1019973,2016/17,2016-12-26,Hagley Oval,1,42.2,New Zealand,Bangladesh,TWM Latham,C Munro,Mashrafe Mortaza,2,0,,,,,,,,,
1019973,2016/17,2016-12-26,Hagley Oval,1,42.3,New Zealand,Bangladesh,TWM Latham,C Munro,Mashrafe Mortaza,1,0,,,,,,,,,
1019973,2016/17,2016-12-26,Hagley Oval,1,42.4,New Zealand,Bangladesh,C Munro,TWM Latham,Mashrafe Mortaza,4,0,,,,,,,,,
1019973,2016/17,2016-12-26,Hagley Oval,1,42.5,New Zealand,Bangladesh,C Munro,TWM Latham,Mashrafe Mortaza,1,0,,,,,,,,,
1019973,2016/17,2016-12-26,Hagley Oval,1,42.6,New Zealand,Bangladesh,TWM Latham,C Munro,Mashrafe Mortaza,2,0,,,,,,,,,
1019973,2016/17,2016-12-26,Hagley Oval,1,43.1,New Zealand,Bangladesh,C Munro,TWM Latham,Taskin Ahmed,1,0,,,,,,,,,
1019973,2016/17,2016-12-26,Hagley Oval,1,43.2,New Zealand,Bangladesh,TWM Latham,C Munro,Taskin Ahmed,1,0,,,,,,,,,
1019973,2016/17,2016-12-26,Hagley Oval,1,43.3,New Zealand,Bangladesh,C Munro,TWM Latham,Taskin Ahmed,4,0,,,,,,,,,
1019973,2016/17,2016-12-26,Hagley Oval,1,43.4,New Zealand,Bangladesh,C Munro,TWM Latham,Taskin Ahmed,6,0,,,,,,,,,
1019973,2016/17,2016-12-26,Hagley Oval,1,43.5,New Zealand,Bangladesh,C Munro,TWM Latham,Taskin Ahmed,1,0,,,,,,,,,
1019973,2016/17,2016-12-26,Hagley Oval,1,43.6,New Zealand,Bangladesh,TWM Latham,C Munro,Taskin Ahmed,1,0,,,,,,,,,
1019973,2016/17,2016-12-26,Hagley Oval,1,44.1,New Zealand,Bangladesh,TWM Latham,C Munro,Mustafizur Rahman,1,0,,,,,,,,,
1019973,2016/17,2016-12-26,Hagley Oval,1,44.2,New Zealand,Bangladesh,C Munro,TWM Latham,Mustafizur Rahman,2,0,,,,,,,,,
1019973,2016/17,2016-12-26,Hagley Oval,1,44.3,New Zealand,Bangladesh,C Munro,TWM Latham,Mustafizur Rahman,1,0,,,,,,,,,
1019973,2016/17,2016-12-26,Hagley Oval,1,44.4,New Zealand,Bangladesh,TWM Latham,C Munro,Mustafizur Rahman,1,0,,,,,,,,,
1019973,2016/17,2016-12-26,Hagley Oval,1,44.5,New Zealand,Bangladesh,C Munro,TWM Latham,Mustafizur Rahman,4,0,,,,,,,,,
1019973,2016/17,2016-12-26,Hagley Oval,1,44.6,New Zealand,Bangladesh,C Munro,TWM Latham,Mustafizur Rahman,2,0,,,,,,,,,
1019973,2016/17,2016-12-26,Hagley Oval,1,45.1,New Zealand,Bangladesh,TWM Latham,C Munro,Mashrafe Mortaza,6,0,,,,,,,,,
1019973,2016/17,2016-12-26,Hagley Oval,1,45.2,New Zealand,Bangladesh,TWM Latham,C Munro,Mashrafe Mortaza,1,0,,,,,,,,,
1019973,2016/17,2016-12-26,Hagley Oval,1,45.3,New Zealand,Bangladesh,C Munro,TWM Latham,Mashrafe Mortaza,4,0,,,,,,,,,
1019973,2016/17,2016-12-26,Hagley Oval,1,45.4,New Zealand,Bangladesh,C Munro,TWM Latham,Mashrafe Mortaza,0,1,,,1,,,,,,
1019973,2016/17,2016-12-26,Hagley Oval,1,45.5,New Zealand,Bangladesh,TWM Latham,C Munro,Mashrafe Mortaza,4,0,,,,,,,,,
1019973,2016/17,2016-12-26,Hagley Oval,1,45.6,New Zealand,Bangladesh,TWM Latham,C Munro,Mashrafe Mortaza,2,0,,,,,,,,,
1019973,2016/17,2016-12-26,Hagley Oval,1,46.1,New Zealand,Bangladesh,C Munro,TWM Latham,Shakib Al Hasan,4,0,,,,,,,,,
1019973,2016/17,2016-12-26,Hagley Oval,1,46.2,New Zealand,Bangladesh,C Munro,TWM Latham,Shakib Al Hasan,0,0,,,,,,,,,
1019973,2016/17,2016-12-26,Hagley Oval,1,46.3,New Zealand,Bangladesh,C Munro,TWM Latham,Shakib Al Hasan,0,0,,,,,,caught,C Munro,,
1019973,2016/17,2016-12-26,Hagley Oval,1,46.4,New Zealand,Bangladesh,TWM Latham,L Ronchi,Shakib Al Hasan,1,0,,,,,,,,,
1019973,2016/17,2016-12-26,Hagley Oval,1,46.5,New Zealand,Bangladesh,L Ronchi,TWM Latham,Shakib Al Hasan,1,0,,,,,,,,,
1019973,2016/17,2016-12-26,Hagley Oval,1,46.6,New Zealand,Bangladesh,TWM Latham,L Ronchi,Shakib Al Hasan,2,0,,,,,,,,,
1019973,2016/17,2016-12-26,Hagley Oval,1,47.1,New Zealand,Bangladesh,L Ronchi,TWM Latham,Mustafizur Rahman,2,0,,,,,,,,,
1019973,2016/17,2016-12-26,Hagley Oval,1,47.2,New Zealand,Bangladesh,L Ronchi,TWM Latham,Mustafizur Rahman,1,0,,,,,,,,,
1019973,2016/17,2016-12-26,Hagley Oval,1,47.3,New Zealand,Bangladesh,TWM Latham,L Ronchi,Mustafizur Rahman,0,0,,,,,,caught,TWM Latham,,
1019973,2016/17,2016-12-26,Hagley Oval,1,47.4,New Zealand,Bangladesh,MJ Santner,L Ronchi,Mustafizur Rahman,2,0,,,,,,,,,
1019973,2016/17,2016-12-26,Hagley Oval,1,47.5,New Zealand,Bangladesh,MJ Santner,L Ronchi,Mustafizur Rahman,1,0,,,,,,,,,
1019973,2016/17,2016-12-26,Hagley Oval,1,47.6,New Zealand,Bangladesh,L Ronchi,MJ Santner,Mustafizur Rahman,1,0,,,,,,,,,
1019973,2016/17,2016-12-26,Hagley Oval,1,48.1,New Zealand,Bangladesh,L Ronchi,MJ Santner,Taskin Ahmed,0,0,,,,,,,,,
1019973,2016/17,2016-12-26,Hagley Oval,1,48.2,New Zealand,Bangladesh,L Ronchi,MJ Santner,Taskin Ahmed,0,0,,,,,,bowled,L Ronchi,,
1019973,2016/17,2016-12-26,Hagley Oval,1,48.3,New Zealand,Bangladesh,TG Southee,MJ Santner,Taskin Ahmed,1,0,,,,,,,,,
1019973,2016/17,2016-12-26,Hagley Oval,1,48.4,New Zealand,Bangladesh,MJ Santner,TG Southee,Taskin Ahmed,2,0,,,,,,,,,
1019973,2016/17,2016-12-26,Hagley Oval,1,48.5,New Zealand,Bangladesh,MJ Santner,TG Southee,Taskin Ahmed,0,0,,,,,,,,,
1019973,2016/17,2016-12-26,Hagley Oval,1,48.6,New Zealand,Bangladesh,MJ Santner,TG Southee,Taskin Ahmed,0,0,,,,,,,,,
1019973,2016/17,2016-12-26,Hagley Oval,1,49.1,New Zealand,Bangladesh,TG Southee,MJ Santner,Mustafizur Rahman,0,1,,,,1,,,,,
1019973,2016/17,2016-12-26,Hagley Oval,1,49.2,New Zealand,Bangladesh,MJ Santner,TG Southee,Mustafizur Rahman,2,0,,,,,,,,,
1019973,2016/17,2016-12-26,Hagley Oval,1,49.3,New Zealand,Bangladesh,MJ Santner,TG Southee,Mustafizur Rahman,1,0,,,,,,,,,
1019973,2016/17,2016-12-26,Hagley Oval,1,49.4,New Zealand,Bangladesh,TG Southee,MJ Santner,Mustafizur Rahman,4,0,,,,,,,,,
1019973,2016/17,2016-12-26,Hagley Oval,1,49.5,New Zealand,Bangladesh,TG Southee,MJ Santner,Mustafizur Rahman,2,0,,,,,,,,,
1019973,2016/17,2016-12-26,Hagley Oval,1,49.6,New Zealand,Bangladesh,TG Southee,MJ Santner,Mustafizur Rahman,0,1,,,1,,,,,,
1019973,2016/17,2016-12-26,Hagley Oval,2,0.1,Bangladesh,New Zealand,Tamim Iqbal,Imrul Kayes,TA Boult,0,0,,,,,,,,,
1019973,2016/17,2016-12-26,Hagley Oval,2,0.2,Bangladesh,New Zealand,Tamim Iqbal,Imrul Kayes,TA Boult,0,0,,,,,,,,,
1019973,2016/17,2016-12-26,Hagley Oval,2,0.3,Bangladesh,New Zealand,Tamim Iqbal,Imrul Kayes,TA Boult,0,0,,,,,,,,,
1019973,2016/17,2016-12-26,Hagley Oval,2,0.4,Bangladesh,New Zealand,Tamim Iqbal,Imrul Kayes,TA Boult,0,0,,,,,,,,,
1019973,2016/17,2016-12-26,Hagley Oval,2,0.5,Bangladesh,New Zealand,Tamim Iqbal,Imrul Kayes,TA Boult,4,0,,,,,,,,,
1019973,2016/17,2016-12-26,Hagley Oval,2,0.6,Bangladesh,New Zealand,Tamim Iqbal,Imrul Kayes,TA Boult,0,0,,,,,,,,,
1019973,2016/17,2016-12-26,Hagley Oval,2,1.1,Bangladesh,New Zealand,Imrul Kayes,Tamim Iqbal,TG Southee,0,0,,,,,,,,,
1019973,2016/17,2016-12-26,Hagley Oval,2,1.2,Bangladesh,New Zealand,Imrul Kayes,Tamim Iqbal,TG Southee,0,0,,,,,,,,,
1019973,2016/17,2016-12-26,Hagley Oval,2,1.3,Bangladesh,New Zealand,Imrul Kayes,Tamim Iqbal,TG Southee,0,1,1,,,,,,,,
1019973,2016/17,2016-12-26,Hagley Oval,2,1.4,Bangladesh,New Zealand,Imrul Kayes,Tamim Iqbal,TG Southee,6,0,,,,,,,,,
1019973,2016/17,2016-12-26,Hagley Oval,2,1.5,Bangladesh,New Zealand,Imrul Kayes,Tamim Iqbal,TG Southee,0,0,,,,,,,,,
1019973,2016/17,2016-12-26,Hagley Oval,2,1.6,Bangladesh,New Zealand,Imrul Kayes,Tamim Iqbal,TG Southee,4,0,,,,,,,,,
1019973,2016/17,2016-12-26,Hagley Oval,2,1.7,Bangladesh,New Zealand,Imrul Kayes,Tamim Iqbal,TG Southee,0,0,,,,,,,,,
1019973,2016/17,2016-12-26,Hagley Oval,2,2.1,Bangladesh,New Zealand,Tamim Iqbal,Imrul Kayes,TA Boult,0,0,,,,,,,,,
1019973,2016/17,2016-12-26,Hagley Oval,2,2.2,Bangladesh,New Zealand,Tamim Iqbal,Imrul Kayes,TA Boult,0,1,,,,1,,,,,
1019973,2016/17,2016-12-26,Hagley Oval,2,2.3,Bangladesh,New Zealand,Imrul Kayes,Tamim Iqbal,TA Boult,0,0,,,,,,,,,
1019973,2016/17,2016-12-26,Hagley Oval,2,2.4,Bangladesh,New Zealand,Imrul Kayes,Tamim Iqbal,TA Boult,0,0,,,,,,,,,
1019973,2016/17,2016-12-26,Hagley Oval,2,2.5,Bangladesh,New Zealand,Imrul Kayes,Tamim Iqbal,TA Boult,2,0,,,,,,,,,
1019973,2016/17,2016-12-26,Hagley Oval,2,2.6,Bangladesh,New Zealand,Imrul Kayes,Tamim Iqbal,TA Boult,0,0,,,,,,,,,
1019973,2016/17,2016-12-26,Hagley Oval,2,3.1,Bangladesh,New Zealand,Tamim Iqbal,Imrul Kayes,TG Southee,0,0,,,,,,,,,
1019973,2016/17,2016-12-26,Hagley Oval,2,3.2,Bangladesh,New Zealand,Tamim Iqbal,Imrul Kayes,TG Southee,0,0,,,,,,,,,
1019973,2016/17,2016-12-26,Hagley Oval,2,3.3,Bangladesh,New Zealand,Tamim Iqbal,Imrul Kayes,TG Southee,0,0,,,,,,,,,
1019973,2016/17,2016-12-26,Hagley Oval,2,3.4,Bangladesh,New Zealand,Tamim Iqbal,Imrul Kayes,TG Southee,1,0,,,,,,,,,
1019973,2016/17,2016-12-26,Hagley Oval,2,3.5,Bangladesh,New Zealand,Imrul Kayes,Tamim Iqbal,TG Southee,0,0,,,,,,,,,
1019973,2016/17,2016-12-26,Hagley Oval,2,3.6,Bangladesh,New Zealand,Imrul Kayes,Tamim Iqbal,TG Southee,0,0,,,,,,,,,
1019973,2016/17,2016-12-26,Hagley Oval,2,4.1,Bangladesh,New Zealand,Tamim Iqbal,Imrul Kayes,TA Boult,0,0,,,,,,,,,
1019973,2016/17,2016-12-26,Hagley Oval,2,4.2,Bangladesh,New Zealand,Tamim Iqbal,Imrul Kayes,TA Boult,4,0,,,,,,,,,
1019973,2016/17,2016-12-26,Hagley Oval,2,4.3,Bangladesh,New Zealand,Tamim Iqbal,Imrul Kayes,TA Boult,0,0,,,,,,,,,
1019973,2016/17,2016-12-26,Hagley Oval,2,4.4,Bangladesh,New Zealand,Tamim Iqbal,Imrul Kayes,TA Boult,0,0,,,,,,,,,
1019973,2016/17,2016-12-26,Hagley Oval,2,4.5,Bangladesh,New Zealand,Tamim Iqbal,Imrul Kayes,TA Boult,0,1,1,,,,,,,,
1019973,2016/17,2016-12-26,Hagley Oval,2,4.6,Bangladesh,New Zealand,Tamim Iqbal,Imrul Kayes,TA Boult,2,0,,,,,,,,,
1019973,2016/17,2016-12-26,Hagley Oval,2,4.7,Bangladesh,New Zealand,Tamim Iqbal,Imrul Kayes,TA Boult,0,0,,,,,,,,,
1019973,2016/17,2016-12-26,Hagley Oval,2,5.1,Bangladesh,New Zealand,Imrul Kayes,Tamim Iqbal,TG Southee,0,0,,,,,,,,,
1019973,2016/17,2016-12-26,Hagley Oval,2,5.2,Bangladesh,New Zealand,Imrul Kayes,Tamim Iqbal,TG Southee,0,0,,,,,,,,,
1019973,2016/17,2016-12-26,Hagley Oval,2,5.3,Bangladesh,New Zealand,Imrul Kayes,Tamim Iqbal,TG Southee,0,0,,,,,,,,,
1019973,2016/17,2016-12-26,Hagley Oval,2,5.4,Bangladesh,New Zealand,Imrul Kayes,Tamim Iqbal,TG Southee,0,0,,,,,,,,,
1019973,2016/17,2016-12-26,Hagley Oval,2,5.5,Bangladesh,New Zealand,Imrul Kayes,Tamim Iqbal,TG Southee,0,0,,,,,,,,,
1019973,2016/17,2016-12-26,Hagley Oval,2,5.6,Bangladesh,New Zealand,Imrul Kayes,Tamim Iqbal,TG Southee,0,0,,,,,,,,,
1019973,2016/17,2016-12-26,Hagley Oval,2,6.1,Bangladesh,New Zealand,Tamim Iqbal,Imrul Kayes,TA Boult,0,0,,,,,,,,,
1019973,2016/17,2016-12-26,Hagley Oval,2,6.2,Bangladesh,New Zealand,Tamim Iqbal,Imrul Kayes,TA Boult,0,0,,,,,,,,,
1019973,2016/17,2016-12-26,Hagley Oval,2,6.3,Bangladesh,New Zealand,Tamim Iqbal,Imrul Kayes,TA Boult,4,0,,,,,,,,,
1019973,2016/17,2016-12-26,Hagley Oval,2,6.4,Bangladesh,New Zealand,Tamim Iqbal,Imrul Kayes,TA Boult,0,0,,,,,,,,,
1019973,2016/17,2016-12-26,Hagley Oval,2,6.5,Bangladesh,New Zealand,Tamim Iqbal,Imrul Kayes,TA Boult,0,0,,,,,,,,,
1019973,2016/17,2016-12-26,Hagley Oval,2,6.6,Bangladesh,New Zealand,Tamim Iqbal,Imrul Kayes,TA Boult,0,0,,,,,,,,,
1019973,2016/17,2016-12-26,Hagley Oval,2,7.1,Bangladesh,New Zealand,Imrul Kayes,Tamim Iqbal,TG Southee,0,0,,,,,,,,,
1019973,2016/17,2016-12-26,Hagley Oval,2,7.2,Bangladesh,New Zealand,Imrul Kayes,Tamim Iqbal,TG Southee,4,0,,,,,,,,,
1019973,2016/17,2016-12-26,Hagley Oval,2,7.3,Bangladesh,New Zealand,Imrul Kayes,Tamim Iqbal,TG Southee,0,0,,,,,,caught,Imrul Kayes,,
1019973,2016/17,2016-12-26,Hagley Oval,2,7.4,Bangladesh,New Zealand,Soumya Sarkar,Tamim Iqbal,TG Southee,0,0,,,,,,,,,
1019973,2016/17,2016-12-26,Hagley Oval,2,7.5,Bangladesh,New Zealand,Soumya Sarkar,Tamim Iqbal,TG Southee,0,0,,,,,,,,,
1019973,2016/17,2016-12-26,Hagley Oval,2,7.6,Bangladesh,New Zealand,Soumya Sarkar,Tamim Iqbal,TG Southee,0,0,,,,,,,,,
1019973,2016/17,2016-12-26,Hagley Oval,2,8.1,Bangladesh,New Zealand,Tamim Iqbal,Soumya Sarkar,LH Ferguson,0,0,,,,,,,,,
1019973,2016/17,2016-12-26,Hagley Oval,2,8.2,Bangladesh,New Zealand,Tamim Iqbal,Soumya Sarkar,LH Ferguson,0,0,,,,,,,,,
1019973,2016/17,2016-12-26,Hagley Oval,2,8.3,Bangladesh,New Zealand,Tamim Iqbal,Soumya Sarkar,LH Ferguson,0,1,1,,,,,,,,
1019973,2016/17,2016-12-26,Hagley Oval,2,8.4,Bangladesh,New Zealand,Tamim Iqbal,Soumya Sarkar,LH Ferguson,0,1,1,,,,,,,,
1019973,2016/17,2016-12-26,Hagley Oval,2,8.5,Bangladesh,New Zealand,Tamim Iqbal,Soumya Sarkar,LH Ferguson,0,0,,,,,,,,,
1019973,2016/17,2016-12-26,Hagley Oval,2,8.6,Bangladesh,New Zealand,Tamim Iqbal,Soumya Sarkar,LH Ferguson,1,0,,,,,,,,,
1019973,2016/17,2016-12-26,Hagley Oval,2,8.7,Bangladesh,New Zealand,Soumya Sarkar,Tamim Iqbal,LH Ferguson,0,0,,,,,,,,,
1019973,2016/17,2016-12-26,Hagley Oval,2,8.8,Bangladesh,New Zealand,Soumya Sarkar,Tamim Iqbal,LH Ferguson,0,0,,,,,,,,,
1019973,2016/17,2016-12-26,Hagley Oval,2,9.1,Bangladesh,New Zealand,Tamim Iqbal,Soumya Sarkar,TG Southee,4,0,,,,,,,,,
1019973,2016/17,2016-12-26,Hagley Oval,2,9.2,Bangladesh,New Zealand,Tamim Iqbal,Soumya Sarkar,TG Southee,0,0,,,,,,,,,
1019973,2016/17,2016-12-26,Hagley Oval,2,9.3,Bangladesh,New Zealand,Tamim Iqbal,Soumya Sarkar,TG Southee,2,0,,,,,,,,,
1019973,2016/17,2016-12-26,Hagley Oval,2,9.4,Bangladesh,New Zealand,Tamim Iqbal,Soumya Sarkar,TG Southee,0,0,,,,,,,,,
1019973,2016/17,2016-12-26,Hagley Oval,2,9.5,Bangladesh,New Zealand,Tamim Iqbal,Soumya Sarkar,TG Southee,0,0,,,,,,,,,
1019973,2016/17,2016-12-26,Hagley Oval,2,9.6,Bangladesh,New Zealand,Tamim Iqbal,Soumya Sarkar,TG Southee,0,0,,,,,,,,,
1019973,2016/17,2016-12-26,Hagley Oval,2,10.1,Bangladesh,New Zealand,Soumya Sarkar,Tamim Iqbal,LH Ferguson,1,0,,,,,,,,,
1019973,2016/17,2016-12-26,Hagley Oval,2,10.2,Bangladesh,New Zealand,Tamim Iqbal,Soumya Sarkar,LH Ferguson,0,4,,,,4,,,,,
1019973,2016/17,2016-12-26,Hagley Oval,2,10.3,Bangladesh,New Zealand,Tamim Iqbal,Soumya Sarkar,LH Ferguson,0,0,,,,,,,,,
1019973,2016/17,2016-12-26,Hagley Oval,2,10.4,Bangladesh,New Zealand,Tamim Iqbal,Soumya Sarkar,LH Ferguson,0,0,,,,,,,,,
1019973,2016/17,2016-12-26,Hagley Oval,2,10.5,Bangladesh,New Zealand,Tamim Iqbal,Soumya Sarkar,LH Ferguson,0,0,,,,,,,,,
1019973,2016/17,2016-12-26,Hagley Oval,2,10.6,Bangladesh,New Zealand,Tamim Iqbal,Soumya Sarkar,LH Ferguson,0,0,,,,,,,,,
1019973,2016/17,2016-12-26,Hagley Oval,2,11.1,Bangladesh,New Zealand,Soumya Sarkar,Tamim Iqbal,JDS Neesham,0,0,,,,,,,,,
1019973,2016/17,2016-12-26,Hagley Oval,2,11.2,Bangladesh,New Zealand,Soumya Sarkar,Tamim Iqbal,JDS Neesham,0,0,,,,,,caught,Soumya Sarkar,,
1019973,2016/17,2016-12-26,Hagley Oval,2,11.3,Bangladesh,New Zealand,Mahmudullah,Tamim Iqbal,JDS Neesham,0,0,,,,,,,,,
1019973,2016/17,2016-12-26,Hagley Oval,2,11.4,Bangladesh,New Zealand,Mahmudullah,Tamim Iqbal,JDS Neesham,0,0,,,,,,,,,
1019973,2016/17,2016-12-26,Hagley Oval,2,11.5,Bangladesh,New Zealand,Mahmudullah,Tamim Iqbal,JDS Neesham,0,0,,,,,,caught,Mahmudullah,,
1019973,2016/17,2016-12-26,Hagley Oval,2,11.6,Bangladesh,New Zealand,Shakib Al Hasan,Tamim Iqbal,JDS Neesham,0,0,,,,,,,,,
1019973,2016/17,2016-12-26,Hagley Oval,2,12.1,Bangladesh,New Zealand,Tamim Iqbal,Shakib Al Hasan,LH Ferguson,1,0,,,,,,,,,
1019973,2016/17,2016-12-26,Hagley Oval,2,12.2,Bangladesh,New Zealand,Shakib Al Hasan,Tamim Iqbal,LH Ferguson,1,0,,,,,,,,,
1019973,2016/17,2016-12-26,Hagley Oval,2,12.3,Bangladesh,New Zealand,Tamim Iqbal,Shakib Al Hasan,LH Ferguson,1,0,,,,,,,,,
1019973,2016/17,2016-12-26,Hagley Oval,2,12.4,Bangladesh,New Zealand,Shakib Al Hasan,Tamim Iqbal,LH Ferguson,0,1,1,,,,,,,,
1019973,2016/17,2016-12-26,Hagley Oval,2,12.5,Bangladesh,New Zealand,Shakib Al Hasan,Tamim Iqbal,LH Ferguson,1,0,,,,,,,,,
1019973,2016/17,2016-12-26,Hagley Oval,2,12.6,Bangladesh,New Zealand,Tamim Iqbal,Shakib Al Hasan,LH Ferguson,1,0,,,,,,,,,
1019973,2016/17,2016-12-26,Hagley Oval,2,12.7,Bangladesh,New Zealand,Shakib Al Hasan,Tamim Iqbal,LH Ferguson,1,0,,,,,,,,,
1019973,2016/17,2016-12-26,Hagley Oval,2,13.1,Bangladesh,New Zealand,Shakib Al Hasan,Tamim Iqbal,JDS Neesham,1,0,,,,,,,,,
1019973,2016/17,2016-12-26,Hagley Oval,2,13.2,Bangladesh,New Zealand,Tamim Iqbal,Shakib Al Hasan,JDS Neesham,0,0,,,,,,,,,
1019973,2016/17,2016-12-26,Hagley Oval,2,13.3,Bangladesh,New Zealand,Tamim Iqbal,Shakib Al Hasan,JDS Neesham,0,0,,,,,,,,,
1019973,2016/17,2016-12-26,Hagley Oval,2,13.4,Bangladesh,New Zealand,Tamim Iqbal,Shakib Al Hasan,JDS Neesham,1,0,,,,,,,,,
1019973,2016/17,2016-12-26,Hagley Oval,2,13.5,Bangladesh,New Zealand,Shakib Al Hasan,Tamim Iqbal,JDS Neesham,0,0,,,,,,,,,
1019973,2016/17,2016-12-26,Hagley Oval,2,13.6,Bangladesh,New Zealand,Shakib Al Hasan,Tamim Iqbal,JDS Neesham,1,0,,,,,,,,,
1019973,2016/17,2016-12-26,Hagley Oval,2,14.1,Bangladesh,New Zealand,Shakib Al Hasan,Tamim Iqbal,LH Ferguson,1,0,,,,,,,,,
1019973,2016/17,2016-12-26,Hagley Oval,2,14.2,Bangladesh,New Zealand,Tamim Iqbal,Shakib Al Hasan,LH Ferguson,4,0,,,,,,,,,
1019973,2016/17,2016-12-26,Hagley Oval,2,14.3,Bangladesh,New Zealand,Tamim Iqbal,Shakib Al Hasan,LH Ferguson,0,0,,,,,,,,,
1019973,2016/17,2016-12-26,Hagley Oval,2,14.4,Bangladesh,New Zealand,Tamim Iqbal,Shakib Al Hasan,LH Ferguson,0,0,,,,,,,,,
1019973,2016/17,2016-12-26,Hagley Oval,2,14.5,Bangladesh,New Zealand,Tamim Iqbal,Shakib Al Hasan,LH Ferguson,0,0,,,,,,,,,
1019973,2016/17,2016-12-26,Hagley Oval,2,14.6,Bangladesh,New Zealand,Tamim Iqbal,Shakib Al Hasan,LH Ferguson,1,0,,,,,,,,,
1019973,2016/17,2016-12-26,Hagley Oval,2,15.1,Bangladesh,New Zealand,Tamim Iqbal,Shakib Al Hasan,JDS Neesham,2,0,,,,,,,,,
1019973,2016/17,2016-12-26,Hagley Oval,2,15.2,Bangladesh,New Zealand,Tamim Iqbal,Shakib Al Hasan,JDS Neesham,1,0,,,,,,,,,
1019973,2016/17,2016-12-26,Hagley Oval,2,15.3,Bangladesh,New Zealand,Shakib Al Hasan,Tamim Iqbal,JDS Neesham,0,0,,,,,,,,,
1019973,2016/17,2016-12-26,Hagley Oval,2,15.4,Bangladesh,New Zealand,Shakib Al Hasan,Tamim Iqbal,JDS Neesham,0,0,,,,,,,,,
1019973,2016/17,2016-12-26,Hagley Oval,2,15.5,Bangladesh,New Zealand,Shakib Al Hasan,Tamim Iqbal,JDS Neesham,1,0,,,,,,,,,
1019973,2016/17,2016-12-26,Hagley Oval,2,15.6,Bangladesh,New Zealand,Tamim Iqbal,Shakib Al Hasan,JDS Neesham,1,0,,,,,,,,,
1019973,2016/17,2016-12-26,Hagley Oval,2,16.1,Bangladesh,New Zealand,Tamim Iqbal,Shakib Al Hasan,TA Boult,1,0,,,,,,,,,
1019973,2016/17,2016-12-26,Hagley Oval,2,16.2,Bangladesh,New Zealand,Shakib Al Hasan,Tamim Iqbal,TA Boult,1,0,,,,,,,,,
1019973,2016/17,2016-12-26,Hagley Oval,2,16.3,Bangladesh,New Zealand,Tamim Iqbal,Shakib Al Hasan,TA Boult,0,0,,,,,,,,,
1019973,2016/17,2016-12-26,Hagley Oval,2,16.4,Bangladesh,New Zealand,Tamim Iqbal,Shakib Al Hasan,TA Boult,1,0,,,,,,,,,
1019973,2016/17,2016-12-26,Hagley Oval,2,16.5,Bangladesh,New Zealand,Shakib Al Hasan,Tamim Iqbal,TA Boult,0,1,1,,,,,,,,
1019973,2016/17,2016-12-26,Hagley Oval,2,16.6,Bangladesh,New Zealand,Shakib Al Hasan,Tamim Iqbal,TA Boult,0,0,,,,,,,,,
1019973,2016/17,2016-12-26,Hagley Oval,2,16.7,Bangladesh,New Zealand,Shakib Al Hasan,Tamim Iqbal,TA Boult,0,0,,,,,,,,,
1019973,2016/17,2016-12-26,Hagley Oval,2,17.1,Bangladesh,New Zealand,Tamim Iqbal,Shakib Al Hasan,JDS Neesham,1,0,,,,,,,,,
1019973,2016/17,2016-12-26,Hagley Oval,2,17.2,Bangladesh,New Zealand,Shakib Al Hasan,Tamim Iqbal,JDS Neesham,0,1,,1,,,,,,,
1019973,2016/17,2016-12-26,Hagley Oval,2,17.3,Bangladesh,New Zealand,Shakib Al Hasan,Tamim Iqbal,JDS Neesham,0,0,,,,,,,,,
1019973,2016/17,2016-12-26,Hagley Oval,2,17.4,Bangladesh,New Zealand,Shakib Al Hasan,Tamim Iqbal,JDS Neesham,0,0,,,,,,,,,
1019973,2016/17,2016-12-26,Hagley Oval,2,17.5,Bangladesh,New Zealand,Shakib Al Hasan,Tamim Iqbal,JDS Neesham,4,0,,,,,,,,,
1019973,2016/17,2016-12-26,Hagley Oval,2,17.6,Bangladesh,New Zealand,Shakib Al Hasan,Tamim Iqbal,JDS Neesham,0,2,2,,,,,,,,
1019973,2016/17,2016-12-26,Hagley Oval,2,17.7,Bangladesh,New Zealand,Tamim Iqbal,Shakib Al Hasan,JDS Neesham,0,0,,,,,,,,,
1019973,2016/17,2016-12-26,Hagley Oval,2,17.8,Bangladesh,New Zealand,Tamim Iqbal,Shakib Al Hasan,JDS Neesham,0,0,,,,,,caught,Tamim Iqbal,,
1019973,2016/17,2016-12-26,Hagley Oval,2,18.1,Bangladesh,New Zealand,Shakib Al Hasan,Mushfiqur Rahim,TA Boult,0,0,,,,,,,,,
1019973,2016/17,2016-12-26,Hagley Oval,2,18.2,Bangladesh,New Zealand,Shakib Al Hasan,Mushfiqur Rahim,TA Boult,1,0,,,,,,,,,
1019973,2016/17,2016-12-26,Hagley Oval,2,18.3,Bangladesh,New Zealand,Mushfiqur Rahim,Shakib Al Hasan,TA Boult,0,0,,,,,,,,,
1019973,2016/17,2016-12-26,Hagley Oval,2,18.4,Bangladesh,New Zealand,Mushfiqur Rahim,Shakib Al Hasan,TA Boult,0,0,,,,,,,,,
1019973,2016/17,2016-12-26,Hagley Oval,2,18.5,Bangladesh,New Zealand,Mushfiqur Rahim,Shakib Al Hasan,TA Boult,1,0,,,,,,,,,
1019973,2016/17,2016-12-26,Hagley Oval,2,18.6,Bangladesh,New Zealand,Shakib Al Hasan,Mushfiqur Rahim,TA Boult,0,0,,,,,,,,,
1019973,2016/17,2016-12-26,Hagley Oval,2,19.1,Bangladesh,New Zealand,Mushfiqur Rahim,Shakib Al Hasan,JDS Neesham,0,1,,,,1,,,,,
1019973,2016/17,2016-12-26,Hagley Oval,2,19.2,Bangladesh,New Zealand,Shakib Al Hasan,Mushfiqur Rahim,JDS Neesham,0,1,1,,,,,,,,
1019973,2016/17,2016-12-26,Hagley Oval,2,19.3,Bangladesh,New Zealand,Shakib Al Hasan,Mushfiqur Rahim,JDS Neesham,1,0,,,,,,,,,
1019973,2016/17,2016-12-26,Hagley Oval,2,19.4,Bangladesh,New Zealand,Mushfiqur Rahim,Shakib Al Hasan,JDS Neesham,0,0,,,,,,,,,
1019973,2016/17,2016-12-26,Hagley Oval,2,19.5,Bangladesh,New Zealand,Mushfiqur Rahim,Shakib Al Hasan,JDS Neesham,0,0,,,,,,,,,
1019973,2016/17,2016-12-26,Hagley Oval,2,19.6,Bangladesh,New Zealand,Mushfiqur Rahim,Shakib Al Hasan,JDS Neesham,0,0,,,,,,,,,
1019973,2016/17,2016-12-26,Hagley Oval,2,19.7,Bangladesh,New Zealand,Mushfiqur Rahim,Shakib Al Hasan,JDS Neesham,0,0,,,,,,,,,
1019973,2016/17,2016-12-26,Hagley Oval,2,20.1,Bangladesh,New Zealand,Shakib Al Hasan,Mushfiqur Rahim,TA Boult,0,0,,,,,,,,,
1019973,2016/17,2016-12-26,Hagley Oval,2,20.2,Bangladesh,New Zealand,Shakib Al Hasan,Mushfiqur Rahim,TA Boult,1,0,,,,,,,,,
1019973,2016/17,2016-12-26,Hagley Oval,2,20.3,Bangladesh,New Zealand,Mushfiqur Rahim,Shakib Al Hasan,TA Boult,0,0,,,,,,,,,
1019973,2016/17,2016-12-26,Hagley Oval,2,20.4,Bangladesh,New Zealand,Mushfiqur Rahim,Shakib Al Hasan,TA Boult,0,0,,,,,,,,,
1019973,2016/17,2016-12-26,Hagley Oval,2,20.5,Bangladesh,New Zealand,Mushfiqur Rahim,Shakib Al Hasan,TA Boult,0,0,,,,,,,,,
1019973,2016/17,2016-12-26,Hagley Oval,2,20.6,Bangladesh,New Zealand,Mushfiqur Rahim,Shakib Al Hasan,TA Boult,0,0,,,,,,,,,
1019973,2016/17,2016-12-26,Hagley Oval,2,21.1,Bangladesh,New Zealand,Shakib Al Hasan,Mushfiqur Rahim,TG Southee,1,0,,,,,,,,,
1019973,2016/17,2016-12-26,Hagley Oval,2,21.2,Bangladesh,New Zealand,Mushfiqur Rahim,Shakib Al Hasan,TG Southee,3,0,,,,,,,,,
1019973,2016/17,2016-12-26,Hagley Oval,2,21.3,Bangladesh,New Zealand,Shakib Al Hasan,Mushfiqur Rahim,TG Southee,0,0,,,,,,,,,
1019973,2016/17,2016-12-26,Hagley Oval,2,21.4,Bangladesh,New Zealand,Shakib Al Hasan,Mushfiqur Rahim,TG Southee,0,0,,,,,,,,,
1019973,2016/17,2016-12-26,Hagley Oval,2,21.5,Bangladesh,New Zealand,Shakib Al Hasan,Mushfiqur Rahim,TG Southee,4,0,,,,,,,,,
1019973,2016/17,2016-12-26,Hagley Oval,2,21.6,Bangladesh,New Zealand,Shakib Al Hasan,Mushfiqur Rahim,TG Southee,1,0,,,,,,,,,
1019973,2016/17,2016-12-26,Hagley Oval,2,22.1,Bangladesh,New Zealand,Shakib Al Hasan,Mushfiqur Rahim,MJ Santner,2,0,,,,,,,,,
1019973,2016/17,2016-12-26,Hagley Oval,2,22.2,Bangladesh,New Zealand,Shakib Al Hasan,Mushfiqur Rahim,MJ Santner,4,0,,,,,,,,,
1019973,2016/17,2016-12-26,Hagley Oval,2,22.3,Bangladesh,New Zealand,Shakib Al Hasan,Mushfiqur Rahim,MJ Santner,1,0,,,,,,,,,
1019973,2016/17,2016-12-26,Hagley Oval,2,22.4,Bangladesh,New Zealand,Mushfiqur Rahim,Shakib Al Hasan,MJ Santner,2,0,,,,,,,,,
1019973,2016/17,2016-12-26,Hagley Oval,2,22.5,Bangladesh,New Zealand,Mushfiqur Rahim,Shakib Al Hasan,MJ Santner,1,0,,,,,,,,,
1019973,2016/17,2016-12-26,Hagley Oval,2,22.6,Bangladesh,New Zealand,Shakib Al Hasan,Mushfiqur Rahim,MJ Santner,1,0,,,,,,,,,
1019973,2016/17,2016-12-26,Hagley Oval,2,23.1,Bangladesh,New Zealand,Shakib Al Hasan,Mushfiqur Rahim,TG Southee,0,0,,,,,,,,,
1019973,2016/17,2016-12-26,Hagley Oval,2,23.2,Bangladesh,New Zealand,Shakib Al Hasan,Mushfiqur Rahim,TG Southee,4,0,,,,,,,,,
1019973,2016/17,2016-12-26,Hagley Oval,2,23.3,Bangladesh,New Zealand,Shakib Al Hasan,Mushfiqur Rahim,TG Southee,0,0,,,,,,,,,
1019973,2016/17,2016-12-26,Hagley Oval,2,23.4,Bangladesh,New Zealand,Shakib Al Hasan,Mushfiqur Rahim,TG Southee,4,0,,,,,,,,,
1019973,2016/17,2016-12-26,Hagley Oval,2,23.5,Bangladesh,New Zealand,Shakib Al Hasan,Mushfiqur Rahim,TG Southee,0,0,,,,,,,,,
1019973,2016/17,2016-12-26,Hagley Oval,2,23.6,Bangladesh,New Zealand,Shakib Al Hasan,Mushfiqur Rahim,TG Southee,1,0,,,,,,,,,
1019973,2016/17,2016-12-26,Hagley Oval,2,24.1,Bangladesh,New Zealand,Shakib Al Hasan,Mushfiqur Rahim,MJ Santner,0,0,,,,,,,,,
1019973,2016/17,2016-12-26,Hagley Oval,2,24.2,Bangladesh,New Zealand,Shakib Al Hasan,Mushfiqur Rahim,MJ Santner,1,0,,,,,,,,,
1019973,2016/17,2016-12-26,Hagley Oval,2,24.3,Bangladesh,New Zealand,Mushfiqur Rahim,Shakib Al Hasan,MJ Santner,1,0,,,,,,,,,
1019973,2016/17,2016-12-26,Hagley Oval,2,24.4,Bangladesh,New Zealand,Shakib Al Hasan,Mushfiqur Rahim,MJ Santner,0,0,,,,,,,,,
1019973,2016/17,2016-12-26,Hagley Oval,2,24.5,Bangladesh,New Zealand,Shakib Al Hasan,Mushfiqur Rahim,MJ Santner,0,0,,,,,,,,,
1019973,2016/17,2016-12-26,Hagley Oval,2,24.6,Bangladesh,New Zealand,Shakib Al Hasan,Mushfiqur Rahim,MJ Santner,0,0,,,,,,,,,
1019973,2016/17,2016-12-26,Hagley Oval,2,25.1,Bangladesh,New Zealand,Mushfiqur Rahim,Shakib Al Hasan,LH Ferguson,0,0,,,,,,,,,
1019973,2016/17,2016-12-26,Hagley Oval,2,25.2,Bangladesh,New Zealand,Mushfiqur Rahim,Shakib Al Hasan,LH Ferguson,1,0,,,,,,,,,
1019973,2016/17,2016-12-26,Hagley Oval,2,25.3,Bangladesh,New Zealand,Shakib Al Hasan,Mushfiqur Rahim,LH Ferguson,0,0,,,,,,,,,
1019973,2016/17,2016-12-26,Hagley Oval,2,25.4,Bangladesh,New Zealand,Shakib Al Hasan,Mushfiqur Rahim,LH Ferguson,6,0,,,,,,,,,
1019973,2016/17,2016-12-26,Hagley Oval,2,25.5,Bangladesh,New Zealand,Shakib Al Hasan,Mushfiqur Rahim,LH Ferguson,2,0,,,,,,,,,
1019973,2016/17,2016-12-26,Hagley Oval,2,25.6,Bangladesh,New Zealand,Shakib Al Hasan,Mushfiqur Rahim,LH Ferguson,1,0,,,,,,,,,
1019973,2016/17,2016-12-26,Hagley Oval,2,26.1,Bangladesh,New Zealand,Shakib Al Hasan,Mushfiqur Rahim,MJ Santner,1,0,,,,,,,,,
1019973,2016/17,2016-12-26,Hagley Oval,2,26.2,Bangladesh,New Zealand,Mushfiqur Rahim,Shakib Al Hasan,MJ Santner,0,0,,,,,,,,,
1019973,2016/17,2016-12-26,Hagley Oval,2,26.3,Bangladesh,New Zealand,Mushfiqur Rahim,Shakib Al Hasan,MJ Santner,1,0,,,,,,,,,
1019973,2016/17,2016-12-26,Hagley Oval,2,26.4,Bangladesh,New Zealand,Shakib Al Hasan,Mushfiqur Rahim,MJ Santner,0,1,1,,,,,,,,
1019973,2016/17,2016-12-26,Hagley Oval,2,26.5,Bangladesh,New Zealand,Shakib Al Hasan,Mushfiqur Rahim,MJ Santner,1,0,,,,,,,,,
1019973,2016/17,2016-12-26,Hagley Oval,2,26.6,Bangladesh,New Zealand,Mushfiqur Rahim,Shakib Al Hasan,MJ Santner,3,0,,,,,,,,,
1019973,2016/17,2016-12-26,Hagley Oval,2,26.7,Bangladesh,New Zealand,Shakib Al Hasan,Mushfiqur Rahim,MJ Santner,1,0,,,,,,,,,
1019973,2016/17,2016-12-26,Hagley Oval,2,27.1,Bangladesh,New Zealand,Shakib Al Hasan,Mushfiqur Rahim,LH Ferguson,2,0,,,,,,,,,
1019973,2016/17,2016-12-26,Hagley Oval,2,27.2,Bangladesh,New Zealand,Shakib Al Hasan,Mushfiqur Rahim,LH Ferguson,6,0,,,,,,,,,
1019973,2016/17,2016-12-26,Hagley Oval,2,27.3,Bangladesh,New Zealand,Shakib Al Hasan,Mushfiqur Rahim,LH Ferguson,0,0,,,,,,caught,Shakib Al Hasan,,
1019973,2016/17,2016-12-26,Hagley Oval,2,27.4,Bangladesh,New Zealand,Sabbir Rahman,Mushfiqur Rahim,LH Ferguson,2,0,,,,,,,,,
1019973,2016/17,2016-12-26,Hagley Oval,2,27.5,Bangladesh,New Zealand,Sabbir Rahman,Mushfiqur Rahim,LH Ferguson,1,0,,,,,,,,,
1019973,2016/17,2016-12-26,Hagley Oval,2,27.6,Bangladesh,New Zealand,Mushfiqur Rahim,Sabbir Rahman,LH Ferguson,0,1,1,,,,,,,,
1019973,2016/17,2016-12-26,Hagley Oval,2,27.7,Bangladesh,New Zealand,Mushfiqur Rahim,Sabbir Rahman,LH Ferguson,0,0,,,,,,,,,
1019973,2016/17,2016-12-26,Hagley Oval,2,28.1,Bangladesh,New Zealand,Sabbir Rahman,Mushfiqur Rahim,JDS Neesham,1,0,,,,,,,,,
1019973,2016/17,2016-12-26,Hagley Oval,2,28.2,Bangladesh,New Zealand,Mushfiqur Rahim,Sabbir Rahman,JDS Neesham,1,0,,,,,,,,,
1019973,2016/17,2016-12-26,Hagley Oval,2,28.3,Bangladesh,New Zealand,Sabbir Rahman,Mushfiqur Rahim,JDS Neesham,3,0,,,,,,,,,
1019973,2016/17,2016-12-26,Hagley Oval,2,28.4,Bangladesh,New Zealand,Mushfiqur Rahim,Sabbir Rahman,JDS Neesham,0,1,1,,,,,,,,
1019973,2016/17,2016-12-26,Hagley Oval,2,28.5,Bangladesh,New Zealand,Mushfiqur Rahim,Sabbir Rahman,JDS Neesham,2,0,,,,,,,,,
1019973,2016/17,2016-12-26,Hagley Oval,2,28.6,Bangladesh,New Zealand,Mushfiqur Rahim,Sabbir Rahman,JDS Neesham,1,0,,,,,,,,,
1019973,2016/17,2016-12-26,Hagley Oval,2,28.7,Bangladesh,New Zealand,Sabbir Rahman,Mushfiqur Rahim,JDS Neesham,1,0,,,,,,,,,
1019973,2016/17,2016-12-26,Hagley Oval,2,29.1,Bangladesh,New Zealand,Sabbir Rahman,Mushfiqur Rahim,MJ Santner,0,0,,,,,,,,,
1019973,2016/17,2016-12-26,Hagley Oval,2,29.2,Bangladesh,New Zealand,Sabbir Rahman,Mushfiqur Rahim,MJ Santner,0,0,,,,,,,,,
1019973,2016/17,2016-12-26,Hagley Oval,2,29.3,Bangladesh,New Zealand,Sabbir Rahman,Mushfiqur Rahim,MJ Santner,1,0,,,,,,,,,
1019973,2016/17,2016-12-26,Hagley Oval,2,29.4,Bangladesh,New Zealand,Mushfiqur Rahim,Sabbir Rahman,MJ Santner,0,0,,,,,,,,,
1019973,2016/17,2016-12-26,Hagley Oval,2,29.5,Bangladesh,New Zealand,Mushfiqur Rahim,Sabbir Rahman,MJ Santner,0,0,,,,,,,,,
1019973,2016/17,2016-12-26,Hagley Oval,2,29.6,Bangladesh,New Zealand,Mushfiqur Rahim,Sabbir Rahman,MJ Santner,0,0,,,,,,,,,
1019973,2016/17,2016-12-26,Hagley Oval,2,30.1,Bangladesh,New Zealand,Sabbir Rahman,Mushfiqur Rahim,LH Ferguson,1,0,,,,,,,,,
1019973,2016/17,2016-12-26,Hagley Oval,2,30.2,Bangladesh,New Zealand,Mushfiqur Rahim,Sabbir Rahman,LH Ferguson,1,0,,,,,,,,,
1019973,2016/17,2016-12-26,Hagley Oval,2,30.3,Bangladesh,New Zealand,Sabbir Rahman,Mushfiqur Rahim,LH Ferguson,6,0,,,,,,,,,
1019973,2016/17,2016-12-26,Hagley Oval,2,30.4,Bangladesh,New Zealand,Sabbir Rahman,Mushfiqur Rahim,LH Ferguson,0,0,,,,,,caught,Sabbir Rahman,,
1019973,2016/17,2016-12-26,Hagley Oval,2,30.5,Bangladesh,New Zealand,Mosaddek Hossain,Mushfiqur Rahim,LH Ferguson,0,0,,,,,,,,,
1019973,2016/17,2016-12-26,Hagley Oval,2,30.6,Bangladesh,New Zealand,Mosaddek Hossain,Mushfiqur Rahim,LH Ferguson,0,0,,,,,,,,,
1019973,2016/17,2016-12-26,Hagley Oval,2,31.1,Bangladesh,New Zealand,Mushfiqur Rahim,Mosaddek Hossain,MJ Santner,0,0,,,,,,,,,
1019973,2016/17,2016-12-26,Hagley Oval,2,31.2,Bangladesh,New Zealand,Mushfiqur Rahim,Mosaddek Hossain,MJ Santner,4,0,,,,,,,,,
1019973,2016/17,2016-12-26,Hagley Oval,2,31.3,Bangladesh,New Zealand,Mushfiqur Rahim,Mosaddek Hossain,MJ Santner,2,0,,,,,,,,,
1019973,2016/17,2016-12-26,Hagley Oval,2,31.4,Bangladesh,New Zealand,Mushfiqur Rahim,Mosaddek Hossain,MJ Santner,1,0,,,,,,,,,
1019973,2016/17,2016-12-26,Hagley Oval,2,31.5,Bangladesh,New Zealand,Mosaddek Hossain,Mushfiqur Rahim,MJ Santner,0,0,,,,,,,,,
1019973,2016/17,2016-12-26,Hagley Oval,2,31.6,Bangladesh,New Zealand,Mosaddek Hossain,Mushfiqur Rahim,MJ Santner,1,0,,,,,,,,,
1019973,2016/17,2016-12-26,Hagley Oval,2,32.1,Bangladesh,New Zealand,Mosaddek Hossain,Mushfiqur Rahim,LH Ferguson,0,1,1,,,,,,,,
1019973,2016/17,2016-12-26,Hagley Oval,2,32.2,Bangladesh,New Zealand,Mosaddek Hossain,Mushfiqur Rahim,LH Ferguson,0,0,,,,,,,,,
1019973,2016/17,2016-12-26,Hagley Oval,2,32.3,Bangladesh,New Zealand,Mosaddek Hossain,Mushfiqur Rahim,LH Ferguson,0,0,,,,,,,,,
1019973,2016/17,2016-12-26,Hagley Oval,2,32.4,Bangladesh,New Zealand,Mosaddek Hossain,Mushfiqur Rahim,LH Ferguson,4,0,,,,,,,,,
1019973,2016/17,2016-12-26,Hagley Oval,2,32.5,Bangladesh,New Zealand,Mosaddek Hossain,Mushfiqur Rahim,LH Ferguson,0,0,,,,,,,,,
1019973,2016/17,2016-12-26,Hagley Oval,2,32.6,Bangladesh,New Zealand,Mosaddek Hossain,Mushfiqur Rahim,LH Ferguson,1,0,,,,,,,,,
1019973,2016/17,2016-12-26,Hagley Oval,2,32.7,Bangladesh,New Zealand,Mushfiqur Rahim,Mosaddek Hossain,LH Ferguson,0,1,,,1,,,,,,
1019973,2016/17,2016-12-26,Hagley Oval,2,33.1,Bangladesh,New Zealand,Mushfiqur Rahim,Mosaddek Hossain,MJ Santner,1,0,,,,,,,,,
1019973,2016/17,2016-12-26,Hagley Oval,2,33.2,Bangladesh,New Zealand,Mosaddek Hossain,Mushfiqur Rahim,MJ Santner,0,0,,,,,,,,,
1019973,2016/17,2016-12-26,Hagley Oval,2,33.3,Bangladesh,New Zealand,Mosaddek Hossain,Mushfiqur Rahim,MJ Santner,0,0,,,,,,,,,
1019973,2016/17,2016-12-26,Hagley Oval,2,33.4,Bangladesh,New Zealand,Mosaddek Hossain,Mushfiqur Rahim,MJ Santner,0,0,,,,,,,,,
1019973,2016/17,2016-12-26,Hagley Oval,2,33.5,Bangladesh,New Zealand,Mosaddek Hossain,Mushfiqur Rahim,MJ Santner,6,0,,,,,,,,,
1019973,2016/17,2016-12-26,Hagley Oval,2,33.6,Bangladesh,New Zealand,Mosaddek Hossain,Mushfiqur Rahim,MJ Santner,0,0,,,,,,,,,
1019973,2016/17,2016-12-26,Hagley Oval,2,34.1,Bangladesh,New Zealand,Mushfiqur Rahim,Mosaddek Hossain,TA Boult,2,0,,,,,,,,,
1019973,2016/17,2016-12-26,Hagley Oval,2,34.2,Bangladesh,New Zealand,Mushfiqur Rahim,Mosaddek Hossain,TA Boult,0,0,,,,,,,,,
1019973,2016/17,2016-12-26,Hagley Oval,2,34.3,Bangladesh,New Zealand,Mushfiqur Rahim,Mosaddek Hossain,TA Boult,2,0,,,,,,,,,
1019973,2016/17,2016-12-26,Hagley Oval,2,34.4,Bangladesh,New Zealand,Mushfiqur Rahim,Mosaddek Hossain,TA Boult,0,1,1,,,,,,,,
1019973,2016/17,2016-12-26,Hagley Oval,2,34.5,Bangladesh,New Zealand,Mushfiqur Rahim,Mosaddek Hossain,TA Boult,0,0,,,,,,,,,
1019973,2016/17,2016-12-26,Hagley Oval,2,34.6,Bangladesh,New Zealand,Mushfiqur Rahim,Mosaddek Hossain,TA Boult,4,0,,,,,,,,,
1019973,2016/17,2016-12-26,Hagley Oval,2,34.7,Bangladesh,New Zealand,Mushfiqur Rahim,Mosaddek Hossain,TA Boult,4,0,,,,,,,,,
1019973,2016/17,2016-12-26,Hagley Oval,2,35.1,Bangladesh,New Zealand,Mosaddek Hossain,Mushfiqur Rahim,MJ Santner,0,0,,,,,,,,,
1019973,2016/17,2016-12-26,Hagley Oval,2,35.2,Bangladesh,New Zealand,Mosaddek Hossain,Mushfiqur Rahim,MJ Santner,0,1,1,,,,,,,,
1019973,2016/17,2016-12-26,Hagley Oval,2,35.3,Bangladesh,New Zealand,Mosaddek Hossain,Mushfiqur Rahim,MJ Santner,0,0,,,,,,,,,
1019973,2016/17,2016-12-26,Hagley Oval,2,35.4,Bangladesh,New Zealand,Mosaddek Hossain,Mushfiqur Rahim,MJ Santner,0,0,,,,,,,,,
1019973,2016/17,2016-12-26,Hagley Oval,2,35.5,Bangladesh,New Zealand,Mosaddek Hossain,Mushfiqur Rahim,MJ Santner,1,0,,,,,,,,,
1019973,2016/17,2016-12-26,Hagley Oval,2,35.6,Bangladesh,New Zealand,Mushfiqur Rahim,Mosaddek Hossain,MJ Santner,1,0,,,,,,,,,
1019973,2016/17,2016-12-26,Hagley Oval,2,35.7,Bangladesh,New Zealand,Mosaddek Hossain,Mushfiqur Rahim,MJ Santner,1,0,,,,,,,,,
1019973,2016/17,2016-12-26,Hagley Oval,2,36.1,Bangladesh,New Zealand,Mosaddek Hossain,Mushfiqur Rahim,TA Boult,1,0,,,,,,,,,
1019973,2016/17,2016-12-26,Hagley Oval,2,36.2,Bangladesh,New Zealand,Mushfiqur Rahim,Mosaddek Hossain,TA Boult,0,0,,,,,,,,,
1019973,2016/17,2016-12-26,Hagley Oval,2,36.3,Bangladesh,New Zealand,Mushfiqur Rahim,Mosaddek Hossain,TA Boult,1,0,,,,,,,,,
1019973,2016/17,2016-12-26,Hagley Oval,2,36.4,Bangladesh,New Zealand,Mosaddek Hossain,Mushfiqur Rahim,TA Boult,4,0,,,,,,,,,
1019973,2016/17,2016-12-26,Hagley Oval,2,36.5,Bangladesh,New Zealand,Mosaddek Hossain,Mushfiqur Rahim,TA Boult,0,0,,,,,,,,,
1019973,2016/17,2016-12-26,Hagley Oval,2,36.6,Bangladesh,New Zealand,Mosaddek Hossain,Mushfiqur Rahim,TA Boult,0,0,,,,,,,,,
1019973,2016/17,2016-12-26,Hagley Oval,2,37.1,Bangladesh,New Zealand,Mushfiqur Rahim,Mosaddek Hossain,MJ Santner,0,0,,,,,,,,,
1019973,2016/17,2016-12-26,Hagley Oval,2,37.2,Bangladesh,New Zealand,Mushfiqur Rahim,Mosaddek Hossain,MJ Santner,1,0,,,,,,,,,
1019973,2016/17,2016-12-26,Hagley Oval,2,37.3,Bangladesh,New Zealand,Mosaddek Hossain,Mushfiqur Rahim,MJ Santner,0,0,,,,,,,,,
1019973,2016/17,2016-12-26,Hagley Oval,2,37.4,Bangladesh,New Zealand,Mosaddek Hossain,Mushfiqur Rahim,MJ Santner,0,0,,,,,,,,,
1019973,2016/17,2016-12-26,Hagley Oval,2,37.5,Bangladesh,New Zealand,Mosaddek Hossain,Mushfiqur Rahim,MJ Santner,0,0,,,,,,,,,
1019973,2016/17,2016-12-26,Hagley Oval,2,37.6,Bangladesh,New Zealand,Mosaddek Hossain,Mushfiqur Rahim,MJ Santner,0,1,1,,,,,,,,
1019973,2016/17,2016-12-26,Hagley Oval,2,37.7,Bangladesh,New Zealand,Mosaddek Hossain,Mushfiqur Rahim,MJ Santner,0,0,,,,,,,,,
1019973,2016/17,2016-12-26,Hagley Oval,2,38.1,Bangladesh,New Zealand,Mushfiqur Rahim,Mosaddek Hossain,TG Southee,0,0,,,,,,,,,
1019973,2016/17,2016-12-26,Hagley Oval,2,38.2,Bangladesh,New Zealand,Mushfiqur Rahim,Mosaddek Hossain,TG Southee,1,0,,,,,,,,,
1019973,2016/17,2016-12-26,Hagley Oval,2,38.3,Bangladesh,New Zealand,Mosaddek Hossain,Mushfiqur Rahim,TG Southee,4,0,,,,,,retired hurt,Mushfiqur Rahim,,
1019973,2016/17,2016-12-26,Hagley Oval,2,38.4,Bangladesh,New Zealand,Mosaddek Hossain,Mashrafe Mortaza,TG Southee,1,0,,,,,,,,,
1019973,2016/17,2016-12-26,Hagley Oval,2,38.5,Bangladesh,New Zealand,Mashrafe Mortaza,Mosaddek Hossain,TG Southee,0,0,,,,,,,,,
1019973,2016/17,2016-12-26,Hagley Oval,2,38.6,Bangladesh,New Zealand,Mashrafe Mortaza,Mosaddek Hossain,TG Southee,0,1,1,,,,,,,,
1019973,2016/17,2016-12-26,Hagley Oval,2,38.7,Bangladesh,New Zealand,Mashrafe Mortaza,Mosaddek Hossain,TG Southee,4,0,,,,,,,,,
1019973,2016/17,2016-12-26,Hagley Oval,2,39.1,Bangladesh,New Zealand,Mosaddek Hossain,Mashrafe Mortaza,MJ Santner,4,0,,,,,,,,,
1019973,2016/17,2016-12-26,Hagley Oval,2,39.2,Bangladesh,New Zealand,Mosaddek Hossain,Mashrafe Mortaza,MJ Santner,0,0,,,,,,,,,
1019973,2016/17,2016-12-26,Hagley Oval,2,39.3,Bangladesh,New Zealand,Mosaddek Hossain,Mashrafe Mortaza,MJ Santner,1,0,,,,,,,,,
1019973,2016/17,2016-12-26,Hagley Oval,2,39.4,Bangladesh,New Zealand,Mashrafe Mortaza,Mosaddek Hossain,MJ Santner,0,0,,,,,,,,,
1019973,2016/17,2016-12-26,Hagley Oval,2,39.5,Bangladesh,New Zealand,Mashrafe Mortaza,Mosaddek Hossain,MJ Santner,0,0,,,,,,,,,
1019973,2016/17,2016-12-26,Hagley Oval,2,39.6,Bangladesh,New Zealand,Mashrafe Mortaza,Mosaddek Hossain,MJ Santner,4,0,,,,,,,,,
1019973,2016/17,2016-12-26,Hagley Oval,2,40.1,Bangladesh,New Zealand,Mosaddek Hossain,Mashrafe Mortaza,JDS Neesham,1,0,,,,,,,,,
1019973,2016/17,2016-12-26,Hagley Oval,2,40.2,Bangladesh,New Zealand,Mashrafe Mortaza,Mosaddek Hossain,JDS Neesham,4,0,,,,,,,,,
1019973,2016/17,2016-12-26,Hagley Oval,2,40.3,Bangladesh,New Zealand,Mashrafe Mortaza,Mosaddek Hossain,JDS Neesham,0,0,,,,,,,,,
1019973,2016/17,2016-12-26,Hagley Oval,2,40.4,Bangladesh,New Zealand,Mashrafe Mortaza,Mosaddek Hossain,JDS Neesham,1,0,,,,,,,,,
1019973,2016/17,2016-12-26,Hagley Oval,2,40.5,Bangladesh,New Zealand,Mosaddek Hossain,Mashrafe Mortaza,JDS Neesham,1,0,,,,,,,,,
1019973,2016/17,2016-12-26,Hagley Oval,2,40.6,Bangladesh,New Zealand,Mashrafe Mortaza,Mosaddek Hossain,JDS Neesham,1,0,,,,,,,,,
1019973,2016/17,2016-12-26,Hagley Oval,2,41.1,Bangladesh,New Zealand,Mashrafe Mortaza,Mosaddek Hossain,MJ Santner,0,0,,,,,,caught,Mashrafe Mortaza,,
1019973,2016/17,2016-12-26,Hagley Oval,2,41.2,Bangladesh,New Zealand,Taskin Ahmed,Mosaddek Hossain,MJ Santner,1,0,,,,,,,,,
1019973,2016/17,2016-12-26,Hagley Oval,2,41.3,Bangladesh,New Zealand,Mosaddek Hossain,Taskin Ahmed,MJ Santner,0,0,,,,,,,,,
1019973,2016/17,2016-12-26,Hagley Oval,2,41.4,Bangladesh,New Zealand,Mosaddek Hossain,Taskin Ahmed,MJ Santner,6,0,,,,,,,,,
1019973,2016/17,2016-12-26,Hagley Oval,2,41.5,Bangladesh,New Zealand,Mosaddek Hossain,Taskin Ahmed,MJ Santner,1,0,,,,,,,,,
1019973,2016/17,2016-12-26,Hagley Oval,2,41.6,Bangladesh,New Zealand,Taskin Ahmed,Mosaddek Hossain,MJ Santner,1,0,,,,,,,,,
1019973,2016/17,2016-12-26,Hagley Oval,2,42.1,Bangladesh,New Zealand,Taskin Ahmed,Mosaddek Hossain,TG Southee,0,0,,,,,,,,,
1019973,2016/17,2016-12-26,Hagley Oval,2,42.2,Bangladesh,New Zealand,Taskin Ahmed,Mosaddek Hossain,TG Southee,0,0,,,,,,,,,
1019973,2016/17,2016-12-26,Hagley Oval,2,42.3,Bangladesh,New Zealand,Taskin Ahmed,Mosaddek Hossain,TG Southee,0,0,,,,,,,,,
1019973,2016/17,2016-12-26,Hagley Oval,2,42.4,Bangladesh,New Zealand,Taskin Ahmed,Mosaddek Hossain,TG Southee,0,0,,,,,,,,,
1019973,2016/17,2016-12-26,Hagley Oval,2,42.5,Bangladesh,New Zealand,Taskin Ahmed,Mosaddek Hossain,TG Southee,0,0,,,,,,,,,
1019973,2016/17,2016-12-26,Hagley Oval,2,42.6,Bangladesh,New Zealand,Taskin Ahmed,Mosaddek Hossain,TG Southee,0,0,,,,,,,,,
1019973,2016/17,2016-12-26,Hagley Oval,2,43.1,Bangladesh,New Zealand,Mosaddek Hossain,Taskin Ahmed,LH Ferguson,0,0,,,,,,,,,
1019973,2016/17,2016-12-26,Hagley Oval,2,43.2,Bangladesh,New Zealand,Mosaddek Hossain,Taskin Ahmed,LH Ferguson,0,0,,,,,,,,,
1019973,2016/17,2016-12-26,Hagley Oval,2,43.3,Bangladesh,New Zealand,Mosaddek Hossain,Taskin Ahmed,LH Ferguson,1,0,,,,,,,,,
1019973,2016/17,2016-12-26,Hagley Oval,2,43.4,Bangladesh,New Zealand,Taskin Ahmed,Mosaddek Hossain,LH Ferguson,0,0,,,,,,,,,
1019973,2016/17,2016-12-26,Hagley Oval,2,43.5,Bangladesh,New Zealand,Taskin Ahmed,Mosaddek Hossain,LH Ferguson,0,0,,,,,,,,,
1019973,2016/17,2016-12-26,Hagley Oval,2,43.6,Bangladesh,New Zealand,Taskin Ahmed,Mosaddek Hossain,LH Ferguson,0,0,,,,,,caught,Taskin Ahmed,,
1019973,2016/17,2016-12-26,Hagley Oval,2,44.1,Bangladesh,New Zealand,Mosaddek Hossain,Mustafizur Rahman,TG Southee,0,0,,,,,,,,,
1019973,2016/17,2016-12-26,Hagley Oval,2,44.2,Bangladesh,New Zealand,Mosaddek Hossain,Mustafizur Rahman,TG Southee,4,0,,,,,,,,,
1019973,2016/17,2016-12-26,Hagley Oval,2,44.3,Bangladesh,New Zealand,Mosaddek Hossain,Mustafizur Rahman,TG Southee,6,0,,,,,,,,,
1019973,2016/17,2016-12-26,Hagley Oval,2,44.4,Bangladesh,New Zealand,Mosaddek Hossain,Mustafizur Rahman,TG Southee,0,1,1,,,,,,,,
1019973,2016/17,2016-12-26,Hagley Oval,2,44.5,Bangladesh,New Zealand,Mosaddek Hossain,Mustafizur Rahman,TG Southee,1,0,,,,,,,,,
1019973,2016/17,2016-12-26,Hagley Oval,2,44.6,Bangladesh,New Zealand,Mustafizur Rahman,Mosaddek Hossain,TG Southee,0,0,,,,,,bowled,Mustafizur Rahman,,
