match_id,season,start_date,venue,innings,ball,batting_team,bowling_team,striker,non_striker,bowler,runs_off_bat,extras,wides,noballs,byes,legbyes,penalty,wicket_type,player_dismissed,other_wicket_type,other_player_dismissed
1020039,2016/17,2017-03-04,Eden Park,1,0.1,New Zealand,South Africa,MJ Guptill,DG Brownlie,K Rabada,0,0,,,,,,,,,
1020039,2016/17,2017-03-04,Eden Park,1,0.2,New Zealand,South Africa,MJ Guptill,DG Brownlie,K Rabada,0,0,,,,,,,,,
1020039,2016/17,2017-03-04,Eden Park,1,0.3,New Zealand,South Africa,MJ Guptill,DG Brownlie,K Rabada,0,0,,,,,,,,,
1020039,2016/17,2017-03-04,Eden Park,1,0.4,New Zealand,South Africa,MJ Guptill,DG Brownlie,K Rabada,0,0,,,,,,,,,
1020039,2016/17,2017-03-04,Eden Park,1,0.5,New Zealand,South Africa,MJ Guptill,DG Brownlie,K Rabada,0,0,,,,,,,,,
1020039,2016/17,2017-03-04,Eden Park,1,0.6,New Zealand,South Africa,MJ Guptill,DG Brownlie,K Rabada,0,0,,,,,,,,,
1020039,2016/17,2017-03-04,Eden Park,1,1.1,New Zealand,South Africa,DG Brownlie,MJ Guptill,CH Morris,0,0,,,,,,,,,
1020039,2016/17,2017-03-04,Eden Park,1,1.2,New Zealand,South Africa,DG Brownlie,MJ Guptill,CH Morris,4,0,,,,,,,,,
1020039,2016/17,2017-03-04,Eden Park,1,1.3,New Zealand,South Africa,DG Brownlie,MJ Guptill,CH Morris,1,0,,,,,,,,,
1020039,2016/17,2017-03-04,Eden Park,1,1.4,New Zealand,South Africa,MJ Guptill,DG Brownlie,CH Morris,0,0,,,,,,,,,
1020039,2016/17,2017-03-04,Eden Park,1,1.5,New Zealand,South Africa,MJ Guptill,DG Brownlie,CH Morris,0,0,,,,,,,,,
1020039,2016/17,2017-03-04,Eden Park,1,1.6,New Zealand,South Africa,MJ Guptill,DG Brownlie,CH Morris,0,0,,,,,,,,,
1020039,2016/17,2017-03-04,Eden Park,1,2.1,New Zealand,South Africa,DG Brownlie,MJ Guptill,K Rabada,2,0,,,,,,,,,
1020039,2016/17,2017-03-04,Eden Park,1,2.2,New Zealand,South Africa,DG Brownlie,MJ Guptill,K Rabada,0,0,,,,,,,,,
1020039,2016/17,2017-03-04,Eden Park,1,2.3,New Zealand,South Africa,DG Brownlie,MJ Guptill,K Rabada,0,0,,,,,,,,,
1020039,2016/17,2017-03-04,Eden Park,1,2.4,New Zealand,South Africa,DG Brownlie,MJ Guptill,K Rabada,2,0,,,,,,,,,
1020039,2016/17,2017-03-04,Eden Park,1,2.5,New Zealand,South Africa,DG Brownlie,MJ Guptill,K Rabada,0,0,,,,,,,,,
1020039,2016/17,2017-03-04,Eden Park,1,2.6,New Zealand,South Africa,DG Brownlie,MJ Guptill,K Rabada,0,0,,,,,,,,,
1020039,2016/17,2017-03-04,Eden Park,1,3.1,New Zealand,South Africa,MJ Guptill,DG Brownlie,CH Morris,0,0,,,,,,,,,
1020039,2016/17,2017-03-04,Eden Park,1,3.2,New Zealand,South Africa,MJ Guptill,DG Brownlie,CH Morris,4,0,,,,,,,,,
1020039,2016/17,2017-03-04,Eden Park,1,3.3,New Zealand,South Africa,MJ Guptill,DG Brownlie,CH Morris,0,0,,,,,,,,,
1020039,2016/17,2017-03-04,Eden Park,1,3.4,New Zealand,South Africa,MJ Guptill,DG Brownlie,CH Morris,0,0,,,,,,,,,
1020039,2016/17,2017-03-04,Eden Park,1,3.5,New Zealand,South Africa,MJ Guptill,DG Brownlie,CH Morris,0,0,,,,,,,,,
1020039,2016/17,2017-03-04,Eden Park,1,3.6,New Zealand,South Africa,MJ Guptill,DG Brownlie,CH Morris,0,2,2,,,,,,,,
1020039,2016/17,2017-03-04,Eden Park,1,3.7,New Zealand,South Africa,DG Brownlie,MJ Guptill,CH Morris,1,0,,,,,,,,,
1020039,2016/17,2017-03-04,Eden Park,1,4.1,New Zealand,South Africa,DG Brownlie,MJ Guptill,K Rabada,1,0,,,,,,,,,
1020039,2016/17,2017-03-04,Eden Park,1,4.2,New Zealand,South Africa,MJ Guptill,DG Brownlie,K Rabada,0,0,,,,,,,,,
1020039,2016/17,2017-03-04,Eden Park,1,4.3,New Zealand,South Africa,MJ Guptill,DG Brownlie,K Rabada,0,0,,,,,,bowled,MJ Guptill,,
1020039,2016/17,2017-03-04,Eden Park,1,4.4,New Zealand,South Africa,KS Williamson,DG Brownlie,K Rabada,0,0,,,,,,,,,
1020039,2016/17,2017-03-04,Eden Park,1,4.5,New Zealand,South Africa,KS Williamson,DG Brownlie,K Rabada,4,0,,,,,,,,,
1020039,2016/17,2017-03-04,Eden Park,1,4.6,New Zealand,South Africa,KS Williamson,DG Brownlie,K Rabada,1,0,,,,,,,,,
1020039,2016/17,2017-03-04,Eden Park,1,5.1,New Zealand,South Africa,KS Williamson,DG Brownlie,CH Morris,0,0,,,,,,,,,
1020039,2016/17,2017-03-04,Eden Park,1,5.2,New Zealand,South Africa,KS Williamson,DG Brownlie,CH Morris,0,0,,,,,,,,,
1020039,2016/17,2017-03-04,Eden Park,1,5.3,New Zealand,South Africa,KS Williamson,DG Brownlie,CH Morris,0,0,,,,,,,,,
1020039,2016/17,2017-03-04,Eden Park,1,5.4,New Zealand,South Africa,KS Williamson,DG Brownlie,CH Morris,2,0,,,,,,,,,
1020039,2016/17,2017-03-04,Eden Park,1,5.5,New Zealand,South Africa,KS Williamson,DG Brownlie,CH Morris,0,0,,,,,,,,,
1020039,2016/17,2017-03-04,Eden Park,1,5.6,New Zealand,South Africa,KS Williamson,DG Brownlie,CH Morris,0,0,,,,,,,,,
1020039,2016/17,2017-03-04,Eden Park,1,6.1,New Zealand,South Africa,DG Brownlie,KS Williamson,K Rabada,0,1,1,,,,,,,,
1020039,2016/17,2017-03-04,Eden Park,1,6.2,New Zealand,South Africa,DG Brownlie,KS Williamson,K Rabada,0,0,,,,,,,,,
1020039,2016/17,2017-03-04,Eden Park,1,6.3,New Zealand,South Africa,DG Brownlie,KS Williamson,K Rabada,0,0,,,,,,,,,
1020039,2016/17,2017-03-04,Eden Park,1,6.4,New Zealand,South Africa,DG Brownlie,KS Williamson,K Rabada,4,0,,,,,,,,,
1020039,2016/17,2017-03-04,Eden Park,1,6.5,New Zealand,South Africa,DG Brownlie,KS Williamson,K Rabada,0,0,,,,,,,,,
1020039,2016/17,2017-03-04,Eden Park,1,6.6,New Zealand,South Africa,DG Brownlie,KS Williamson,K Rabada,0,0,,,,,,,,,
1020039,2016/17,2017-03-04,Eden Park,1,6.7,New Zealand,South Africa,DG Brownlie,KS Williamson,K Rabada,0,1,1,,,,,,,,
1020039,2016/17,2017-03-04,Eden Park,1,6.8,New Zealand,South Africa,DG Brownlie,KS Williamson,K Rabada,0,0,,,,,,,,,
1020039,2016/17,2017-03-04,Eden Park,1,7.1,New Zealand,South Africa,KS Williamson,DG Brownlie,CH Morris,0,1,,,,1,,,,,
1020039,2016/17,2017-03-04,Eden Park,1,7.2,New Zealand,South Africa,DG Brownlie,KS Williamson,CH Morris,0,0,,,,,,,,,
1020039,2016/17,2017-03-04,Eden Park,1,7.3,New Zealand,South Africa,DG Brownlie,KS Williamson,CH Morris,0,0,,,,,,,,,
1020039,2016/17,2017-03-04,Eden Park,1,7.4,New Zealand,South Africa,DG Brownlie,KS Williamson,CH Morris,0,0,,,,,,,,,
1020039,2016/17,2017-03-04,Eden Park,1,7.5,New Zealand,South Africa,DG Brownlie,KS Williamson,CH Morris,0,0,,,,,,,,,
1020039,2016/17,2017-03-04,Eden Park,1,7.6,New Zealand,South Africa,DG Brownlie,KS Williamson,CH Morris,1,0,,,,,,,,,
1020039,2016/17,2017-03-04,Eden Park,1,8.1,New Zealand,South Africa,DG Brownlie,KS Williamson,K Rabada,0,0,,,,,,,,,
1020039,2016/17,2017-03-04,Eden Park,1,8.2,New Zealand,South Africa,DG Brownlie,KS Williamson,K Rabada,0,0,,,,,,,,,
1020039,2016/17,2017-03-04,Eden Park,1,8.3,New Zealand,South Africa,DG Brownlie,KS Williamson,K Rabada,1,0,,,,,,,,,
1020039,2016/17,2017-03-04,Eden Park,1,8.4,New Zealand,South Africa,KS Williamson,DG Brownlie,K Rabada,0,0,,,,,,,,,
1020039,2016/17,2017-03-04,Eden Park,1,8.5,New Zealand,South Africa,KS Williamson,DG Brownlie,K Rabada,0,0,,,,,,,,,
1020039,2016/17,2017-03-04,Eden Park,1,8.6,New Zealand,South Africa,KS Williamson,DG Brownlie,K Rabada,0,0,,,,,,,,,
1020039,2016/17,2017-03-04,Eden Park,1,9.1,New Zealand,South Africa,DG Brownlie,KS Williamson,CH Morris,1,0,,,,,,,,,
1020039,2016/17,2017-03-04,Eden Park,1,9.2,New Zealand,South Africa,KS Williamson,DG Brownlie,CH Morris,1,0,,,,,,,,,
1020039,2016/17,2017-03-04,Eden Park,1,9.3,New Zealand,South Africa,DG Brownlie,KS Williamson,CH Morris,0,0,,,,,,,,,
1020039,2016/17,2017-03-04,Eden Park,1,9.4,New Zealand,South Africa,DG Brownlie,KS Williamson,CH Morris,4,0,,,,,,,,,
1020039,2016/17,2017-03-04,Eden Park,1,9.5,New Zealand,South Africa,DG Brownlie,KS Williamson,CH Morris,0,0,,,,,,,,,
1020039,2016/17,2017-03-04,Eden Park,1,9.6,New Zealand,South Africa,DG Brownlie,KS Williamson,CH Morris,2,0,,,,,,,,,
1020039,2016/17,2017-03-04,Eden Park,1,10.1,New Zealand,South Africa,KS Williamson,DG Brownlie,Imran Tahir,0,0,,,,,,,,,
1020039,2016/17,2017-03-04,Eden Park,1,10.2,New Zealand,South Africa,KS Williamson,DG Brownlie,Imran Tahir,1,0,,,,,,,,,
1020039,2016/17,2017-03-04,Eden Park,1,10.3,New Zealand,South Africa,DG Brownlie,KS Williamson,Imran Tahir,0,0,,,,,,,,,
1020039,2016/17,2017-03-04,Eden Park,1,10.4,New Zealand,South Africa,DG Brownlie,KS Williamson,Imran Tahir,0,0,,,,,,,,,
1020039,2016/17,2017-03-04,Eden Park,1,10.5,New Zealand,South Africa,DG Brownlie,KS Williamson,Imran Tahir,0,0,,,,,,,,,
1020039,2016/17,2017-03-04,Eden Park,1,10.6,New Zealand,South Africa,DG Brownlie,KS Williamson,Imran Tahir,0,0,,,,,,run out,KS Williamson,,
1020039,2016/17,2017-03-04,Eden Park,1,11.1,New Zealand,South Africa,DG Brownlie,LRPL Taylor,AL Phehlukwayo,0,0,,,,,,,,,
1020039,2016/17,2017-03-04,Eden Park,1,11.2,New Zealand,South Africa,DG Brownlie,LRPL Taylor,AL Phehlukwayo,0,0,,,,,,,,,
1020039,2016/17,2017-03-04,Eden Park,1,11.3,New Zealand,South Africa,DG Brownlie,LRPL Taylor,AL Phehlukwayo,0,0,,,,,,lbw,DG Brownlie,,
1020039,2016/17,2017-03-04,Eden Park,1,11.4,New Zealand,South Africa,L Ronchi,LRPL Taylor,AL Phehlukwayo,0,0,,,,,,,,,
1020039,2016/17,2017-03-04,Eden Park,1,11.5,New Zealand,South Africa,L Ronchi,LRPL Taylor,AL Phehlukwayo,0,0,,,,,,,,,
1020039,2016/17,2017-03-04,Eden Park,1,11.6,New Zealand,South Africa,L Ronchi,LRPL Taylor,AL Phehlukwayo,0,0,,,,,,,,,
1020039,2016/17,2017-03-04,Eden Park,1,12.1,New Zealand,South Africa,LRPL Taylor,L Ronchi,Imran Tahir,0,0,,,,,,,,,
1020039,2016/17,2017-03-04,Eden Park,1,12.2,New Zealand,South Africa,LRPL Taylor,L Ronchi,Imran Tahir,1,0,,,,,,,,,
1020039,2016/17,2017-03-04,Eden Park,1,12.3,New Zealand,South Africa,L Ronchi,LRPL Taylor,Imran Tahir,0,0,,,,,,,,,
1020039,2016/17,2017-03-04,Eden Park,1,12.4,New Zealand,South Africa,L Ronchi,LRPL Taylor,Imran Tahir,0,0,,,,,,,,,
1020039,2016/17,2017-03-04,Eden Park,1,12.5,New Zealand,South Africa,L Ronchi,LRPL Taylor,Imran Tahir,0,0,,,,,,,,,
1020039,2016/17,2017-03-04,Eden Park,1,12.6,New Zealand,South Africa,L Ronchi,LRPL Taylor,Imran Tahir,0,0,,,,,,,,,
1020039,2016/17,2017-03-04,Eden Park,1,13.1,New Zealand,South Africa,LRPL Taylor,L Ronchi,AL Phehlukwayo,0,0,,,,,,,,,
1020039,2016/17,2017-03-04,Eden Park,1,13.2,New Zealand,South Africa,LRPL Taylor,L Ronchi,AL Phehlukwayo,4,0,,,,,,,,,
1020039,2016/17,2017-03-04,Eden Park,1,13.3,New Zealand,South Africa,LRPL Taylor,L Ronchi,AL Phehlukwayo,1,0,,,,,,,,,
1020039,2016/17,2017-03-04,Eden Park,1,13.4,New Zealand,South Africa,L Ronchi,LRPL Taylor,AL Phehlukwayo,0,0,,,,,,,,,
1020039,2016/17,2017-03-04,Eden Park,1,13.5,New Zealand,South Africa,L Ronchi,LRPL Taylor,AL Phehlukwayo,0,0,,,,,,,,,
1020039,2016/17,2017-03-04,Eden Park,1,13.6,New Zealand,South Africa,L Ronchi,LRPL Taylor,AL Phehlukwayo,0,0,,,,,,,,,
1020039,2016/17,2017-03-04,Eden Park,1,14.1,New Zealand,South Africa,LRPL Taylor,L Ronchi,Imran Tahir,0,0,,,,,,,,,
1020039,2016/17,2017-03-04,Eden Park,1,14.2,New Zealand,South Africa,LRPL Taylor,L Ronchi,Imran Tahir,0,0,,,,,,,,,
1020039,2016/17,2017-03-04,Eden Park,1,14.3,New Zealand,South Africa,LRPL Taylor,L Ronchi,Imran Tahir,1,0,,,,,,,,,
1020039,2016/17,2017-03-04,Eden Park,1,14.4,New Zealand,South Africa,L Ronchi,LRPL Taylor,Imran Tahir,0,0,,,,,,,,,
1020039,2016/17,2017-03-04,Eden Park,1,14.5,New Zealand,South Africa,L Ronchi,LRPL Taylor,Imran Tahir,0,0,,,,,,,,,
1020039,2016/17,2017-03-04,Eden Park,1,14.6,New Zealand,South Africa,L Ronchi,LRPL Taylor,Imran Tahir,0,0,,,,,,,,,
1020039,2016/17,2017-03-04,Eden Park,1,15.1,New Zealand,South Africa,LRPL Taylor,L Ronchi,AL Phehlukwayo,0,0,,,,,,,,,
1020039,2016/17,2017-03-04,Eden Park,1,15.2,New Zealand,South Africa,LRPL Taylor,L Ronchi,AL Phehlukwayo,1,0,,,,,,,,,
1020039,2016/17,2017-03-04,Eden Park,1,15.3,New Zealand,South Africa,L Ronchi,LRPL Taylor,AL Phehlukwayo,0,0,,,,,,,,,
1020039,2016/17,2017-03-04,Eden Park,1,15.4,New Zealand,South Africa,L Ronchi,LRPL Taylor,AL Phehlukwayo,1,0,,,,,,,,,
1020039,2016/17,2017-03-04,Eden Park,1,15.5,New Zealand,South Africa,LRPL Taylor,L Ronchi,AL Phehlukwayo,0,0,,,,,,,,,
1020039,2016/17,2017-03-04,Eden Park,1,15.6,New Zealand,South Africa,LRPL Taylor,L Ronchi,AL Phehlukwayo,0,0,,,,,,lbw,LRPL Taylor,,
1020039,2016/17,2017-03-04,Eden Park,1,16.1,New Zealand,South Africa,L Ronchi,JDS Neesham,Imran Tahir,1,0,,,,,,,,,
1020039,2016/17,2017-03-04,Eden Park,1,16.2,New Zealand,South Africa,JDS Neesham,L Ronchi,Imran Tahir,0,0,,,,,,,,,
1020039,2016/17,2017-03-04,Eden Park,1,16.3,New Zealand,South Africa,JDS Neesham,L Ronchi,Imran Tahir,0,0,,,,,,,,,
1020039,2016/17,2017-03-04,Eden Park,1,16.4,New Zealand,South Africa,JDS Neesham,L Ronchi,Imran Tahir,0,0,,,,,,,,,
1020039,2016/17,2017-03-04,Eden Park,1,16.5,New Zealand,South Africa,JDS Neesham,L Ronchi,Imran Tahir,0,0,,,,,,,,,
1020039,2016/17,2017-03-04,Eden Park,1,16.6,New Zealand,South Africa,JDS Neesham,L Ronchi,Imran Tahir,0,0,,,,,,,,,
1020039,2016/17,2017-03-04,Eden Park,1,17.1,New Zealand,South Africa,L Ronchi,JDS Neesham,AL Phehlukwayo,1,0,,,,,,,,,
1020039,2016/17,2017-03-04,Eden Park,1,17.2,New Zealand,South Africa,JDS Neesham,L Ronchi,AL Phehlukwayo,0,0,,,,,,,,,
1020039,2016/17,2017-03-04,Eden Park,1,17.3,New Zealand,South Africa,JDS Neesham,L Ronchi,AL Phehlukwayo,0,0,,,,,,,,,
1020039,2016/17,2017-03-04,Eden Park,1,17.4,New Zealand,South Africa,JDS Neesham,L Ronchi,AL Phehlukwayo,2,0,,,,,,,,,
1020039,2016/17,2017-03-04,Eden Park,1,17.5,New Zealand,South Africa,JDS Neesham,L Ronchi,AL Phehlukwayo,0,0,,,,,,,,,
1020039,2016/17,2017-03-04,Eden Park,1,17.6,New Zealand,South Africa,JDS Neesham,L Ronchi,AL Phehlukwayo,4,0,,,,,,,,,
1020039,2016/17,2017-03-04,Eden Park,1,18.1,New Zealand,South Africa,L Ronchi,JDS Neesham,D Pretorius,1,0,,,,,,,,,
1020039,2016/17,2017-03-04,Eden Park,1,18.2,New Zealand,South Africa,JDS Neesham,L Ronchi,D Pretorius,4,0,,,,,,,,,
1020039,2016/17,2017-03-04,Eden Park,1,18.3,New Zealand,South Africa,JDS Neesham,L Ronchi,D Pretorius,0,0,,,,,,,,,
1020039,2016/17,2017-03-04,Eden Park,1,18.4,New Zealand,South Africa,JDS Neesham,L Ronchi,D Pretorius,0,0,,,,,,,,,
1020039,2016/17,2017-03-04,Eden Park,1,18.5,New Zealand,South Africa,JDS Neesham,L Ronchi,D Pretorius,0,0,,,,,,,,,
1020039,2016/17,2017-03-04,Eden Park,1,18.6,New Zealand,South Africa,JDS Neesham,L Ronchi,D Pretorius,4,0,,,,,,,,,
1020039,2016/17,2017-03-04,Eden Park,1,19.1,New Zealand,South Africa,L Ronchi,JDS Neesham,CH Morris,4,0,,,,,,,,,
1020039,2016/17,2017-03-04,Eden Park,1,19.2,New Zealand,South Africa,L Ronchi,JDS Neesham,CH Morris,0,0,,,,,,caught,L Ronchi,,
1020039,2016/17,2017-03-04,Eden Park,1,19.3,New Zealand,South Africa,MJ Santner,JDS Neesham,CH Morris,0,0,,,,,,,,,
1020039,2016/17,2017-03-04,Eden Park,1,19.4,New Zealand,South Africa,MJ Santner,JDS Neesham,CH Morris,0,0,,,,,,,,,
1020039,2016/17,2017-03-04,Eden Park,1,19.5,New Zealand,South Africa,MJ Santner,JDS Neesham,CH Morris,0,0,,,,,,,,,
1020039,2016/17,2017-03-04,Eden Park,1,19.6,New Zealand,South Africa,MJ Santner,JDS Neesham,CH Morris,0,0,,,,,,,,,
1020039,2016/17,2017-03-04,Eden Park,1,20.1,New Zealand,South Africa,JDS Neesham,MJ Santner,D Pretorius,4,0,,,,,,,,,
1020039,2016/17,2017-03-04,Eden Park,1,20.2,New Zealand,South Africa,JDS Neesham,MJ Santner,D Pretorius,0,0,,,,,,,,,
1020039,2016/17,2017-03-04,Eden Park,1,20.3,New Zealand,South Africa,JDS Neesham,MJ Santner,D Pretorius,0,0,,,,,,,,,
1020039,2016/17,2017-03-04,Eden Park,1,20.4,New Zealand,South Africa,JDS Neesham,MJ Santner,D Pretorius,6,0,,,,,,,,,
1020039,2016/17,2017-03-04,Eden Park,1,20.5,New Zealand,South Africa,JDS Neesham,MJ Santner,D Pretorius,0,0,,,,,,,,,
1020039,2016/17,2017-03-04,Eden Park,1,20.6,New Zealand,South Africa,JDS Neesham,MJ Santner,D Pretorius,0,0,,,,,,,,,
1020039,2016/17,2017-03-04,Eden Park,1,21.1,New Zealand,South Africa,MJ Santner,JDS Neesham,CH Morris,0,0,,,,,,,,,
1020039,2016/17,2017-03-04,Eden Park,1,21.2,New Zealand,South Africa,MJ Santner,JDS Neesham,CH Morris,0,1,1,,,,,,,,
1020039,2016/17,2017-03-04,Eden Park,1,21.3,New Zealand,South Africa,MJ Santner,JDS Neesham,CH Morris,0,0,,,,,,,,,
1020039,2016/17,2017-03-04,Eden Park,1,21.4,New Zealand,South Africa,MJ Santner,JDS Neesham,CH Morris,0,0,,,,,,,,,
1020039,2016/17,2017-03-04,Eden Park,1,21.5,New Zealand,South Africa,MJ Santner,JDS Neesham,CH Morris,4,0,,,,,,,,,
1020039,2016/17,2017-03-04,Eden Park,1,21.6,New Zealand,South Africa,MJ Santner,JDS Neesham,CH Morris,0,0,,,,,,,,,
1020039,2016/17,2017-03-04,Eden Park,1,21.7,New Zealand,South Africa,MJ Santner,JDS Neesham,CH Morris,0,0,,,,,,,,,
1020039,2016/17,2017-03-04,Eden Park,1,22.1,New Zealand,South Africa,JDS Neesham,MJ Santner,K Rabada,0,0,,,,,,,,,
1020039,2016/17,2017-03-04,Eden Park,1,22.2,New Zealand,South Africa,JDS Neesham,MJ Santner,K Rabada,0,0,,,,,,,,,
1020039,2016/17,2017-03-04,Eden Park,1,22.3,New Zealand,South Africa,JDS Neesham,MJ Santner,K Rabada,0,0,,,,,,caught,JDS Neesham,,
1020039,2016/17,2017-03-04,Eden Park,1,22.4,New Zealand,South Africa,C de Grandhomme,MJ Santner,K Rabada,1,0,,,,,,,,,
1020039,2016/17,2017-03-04,Eden Park,1,22.5,New Zealand,South Africa,MJ Santner,C de Grandhomme,K Rabada,0,0,,,,,,,,,
1020039,2016/17,2017-03-04,Eden Park,1,22.6,New Zealand,South Africa,MJ Santner,C de Grandhomme,K Rabada,2,0,,,,,,,,,
1020039,2016/17,2017-03-04,Eden Park,1,23.1,New Zealand,South Africa,C de Grandhomme,MJ Santner,D Pretorius,1,0,,,,,,,,,
1020039,2016/17,2017-03-04,Eden Park,1,23.2,New Zealand,South Africa,MJ Santner,C de Grandhomme,D Pretorius,0,0,,,,,,,,,
1020039,2016/17,2017-03-04,Eden Park,1,23.3,New Zealand,South Africa,MJ Santner,C de Grandhomme,D Pretorius,0,0,,,,,,,,,
1020039,2016/17,2017-03-04,Eden Park,1,23.4,New Zealand,South Africa,MJ Santner,C de Grandhomme,D Pretorius,1,0,,,,,,,,,
1020039,2016/17,2017-03-04,Eden Park,1,23.5,New Zealand,South Africa,C de Grandhomme,MJ Santner,D Pretorius,0,0,,,,,,,,,
1020039,2016/17,2017-03-04,Eden Park,1,23.6,New Zealand,South Africa,C de Grandhomme,MJ Santner,D Pretorius,1,0,,,,,,,,,
1020039,2016/17,2017-03-04,Eden Park,1,24.1,New Zealand,South Africa,C de Grandhomme,MJ Santner,K Rabada,0,0,,,,,,,,,
1020039,2016/17,2017-03-04,Eden Park,1,24.2,New Zealand,South Africa,C de Grandhomme,MJ Santner,K Rabada,0,0,,,,,,,,,
1020039,2016/17,2017-03-04,Eden Park,1,24.3,New Zealand,South Africa,C de Grandhomme,MJ Santner,K Rabada,0,0,,,,,,,,,
1020039,2016/17,2017-03-04,Eden Park,1,24.4,New Zealand,South Africa,C de Grandhomme,MJ Santner,K Rabada,0,0,,,,,,,,,
1020039,2016/17,2017-03-04,Eden Park,1,24.5,New Zealand,South Africa,C de Grandhomme,MJ Santner,K Rabada,4,0,,,,,,,,,
1020039,2016/17,2017-03-04,Eden Park,1,24.6,New Zealand,South Africa,C de Grandhomme,MJ Santner,K Rabada,1,0,,,,,,,,,
1020039,2016/17,2017-03-04,Eden Park,1,25.1,New Zealand,South Africa,C de Grandhomme,MJ Santner,D Pretorius,0,0,,,,,,,,,
1020039,2016/17,2017-03-04,Eden Park,1,25.2,New Zealand,South Africa,C de Grandhomme,MJ Santner,D Pretorius,0,0,,,,,,,,,
1020039,2016/17,2017-03-04,Eden Park,1,25.3,New Zealand,South Africa,C de Grandhomme,MJ Santner,D Pretorius,0,0,,,,,,,,,
1020039,2016/17,2017-03-04,Eden Park,1,25.4,New Zealand,South Africa,C de Grandhomme,MJ Santner,D Pretorius,1,0,,,,,,,,,
1020039,2016/17,2017-03-04,Eden Park,1,25.5,New Zealand,South Africa,MJ Santner,C de Grandhomme,D Pretorius,0,0,,,,,,,,,
1020039,2016/17,2017-03-04,Eden Park,1,25.6,New Zealand,South Africa,MJ Santner,C de Grandhomme,D Pretorius,0,0,,,,,,,,,
1020039,2016/17,2017-03-04,Eden Park,1,26.1,New Zealand,South Africa,C de Grandhomme,MJ Santner,Imran Tahir,0,0,,,,,,,,,
1020039,2016/17,2017-03-04,Eden Park,1,26.2,New Zealand,South Africa,C de Grandhomme,MJ Santner,Imran Tahir,1,0,,,,,,,,,
1020039,2016/17,2017-03-04,Eden Park,1,26.3,New Zealand,South Africa,MJ Santner,C de Grandhomme,Imran Tahir,0,0,,,,,,,,,
1020039,2016/17,2017-03-04,Eden Park,1,26.4,New Zealand,South Africa,MJ Santner,C de Grandhomme,Imran Tahir,0,0,,,,,,,,,
1020039,2016/17,2017-03-04,Eden Park,1,26.5,New Zealand,South Africa,MJ Santner,C de Grandhomme,Imran Tahir,1,0,,,,,,,,,
1020039,2016/17,2017-03-04,Eden Park,1,26.6,New Zealand,South Africa,C de Grandhomme,MJ Santner,Imran Tahir,0,0,,,,,,,,,
1020039,2016/17,2017-03-04,Eden Park,1,27.1,New Zealand,South Africa,MJ Santner,C de Grandhomme,D Pretorius,1,0,,,,,,,,,
1020039,2016/17,2017-03-04,Eden Park,1,27.2,New Zealand,South Africa,C de Grandhomme,MJ Santner,D Pretorius,0,0,,,,,,,,,
1020039,2016/17,2017-03-04,Eden Park,1,27.3,New Zealand,South Africa,C de Grandhomme,MJ Santner,D Pretorius,0,0,,,,,,,,,
1020039,2016/17,2017-03-04,Eden Park,1,27.4,New Zealand,South Africa,C de Grandhomme,MJ Santner,D Pretorius,0,0,,,,,,,,,
1020039,2016/17,2017-03-04,Eden Park,1,27.5,New Zealand,South Africa,C de Grandhomme,MJ Santner,D Pretorius,1,0,,,,,,,,,
1020039,2016/17,2017-03-04,Eden Park,1,27.6,New Zealand,South Africa,MJ Santner,C de Grandhomme,D Pretorius,1,0,,,,,,,,,
1020039,2016/17,2017-03-04,Eden Park,1,28.1,New Zealand,South Africa,MJ Santner,C de Grandhomme,Imran Tahir,0,0,,,,,,,,,
1020039,2016/17,2017-03-04,Eden Park,1,28.2,New Zealand,South Africa,MJ Santner,C de Grandhomme,Imran Tahir,0,0,,,,,,,,,
1020039,2016/17,2017-03-04,Eden Park,1,28.3,New Zealand,South Africa,MJ Santner,C de Grandhomme,Imran Tahir,0,0,,,,,,,,,
1020039,2016/17,2017-03-04,Eden Park,1,28.4,New Zealand,South Africa,MJ Santner,C de Grandhomme,Imran Tahir,0,0,,,,,,,,,
1020039,2016/17,2017-03-04,Eden Park,1,28.5,New Zealand,South Africa,MJ Santner,C de Grandhomme,Imran Tahir,1,0,,,,,,,,,
1020039,2016/17,2017-03-04,Eden Park,1,28.6,New Zealand,South Africa,C de Grandhomme,MJ Santner,Imran Tahir,0,0,,,,,,,,,
1020039,2016/17,2017-03-04,Eden Park,1,29.1,New Zealand,South Africa,MJ Santner,C de Grandhomme,D Pretorius,1,0,,,,,,,,,
1020039,2016/17,2017-03-04,Eden Park,1,29.2,New Zealand,South Africa,C de Grandhomme,MJ Santner,D Pretorius,1,0,,,,,,,,,
1020039,2016/17,2017-03-04,Eden Park,1,29.3,New Zealand,South Africa,MJ Santner,C de Grandhomme,D Pretorius,0,0,,,,,,,,,
1020039,2016/17,2017-03-04,Eden Park,1,29.4,New Zealand,South Africa,MJ Santner,C de Grandhomme,D Pretorius,0,0,,,,,,,,,
1020039,2016/17,2017-03-04,Eden Park,1,29.5,New Zealand,South Africa,MJ Santner,C de Grandhomme,D Pretorius,0,0,,,,,,,,,
1020039,2016/17,2017-03-04,Eden Park,1,29.6,New Zealand,South Africa,MJ Santner,C de Grandhomme,D Pretorius,0,0,,,,,,,,,
1020039,2016/17,2017-03-04,Eden Park,1,30.1,New Zealand,South Africa,C de Grandhomme,MJ Santner,Imran Tahir,0,0,,,,,,,,,
1020039,2016/17,2017-03-04,Eden Park,1,30.2,New Zealand,South Africa,C de Grandhomme,MJ Santner,Imran Tahir,0,0,,,,,,,,,
1020039,2016/17,2017-03-04,Eden Park,1,30.3,New Zealand,South Africa,C de Grandhomme,MJ Santner,Imran Tahir,1,0,,,,,,,,,
1020039,2016/17,2017-03-04,Eden Park,1,30.4,New Zealand,South Africa,MJ Santner,C de Grandhomme,Imran Tahir,0,0,,,,,,,,,
1020039,2016/17,2017-03-04,Eden Park,1,30.5,New Zealand,South Africa,MJ Santner,C de Grandhomme,Imran Tahir,1,0,,,,,,,,,
1020039,2016/17,2017-03-04,Eden Park,1,30.6,New Zealand,South Africa,C de Grandhomme,MJ Santner,Imran Tahir,1,0,,,,,,,,,
1020039,2016/17,2017-03-04,Eden Park,1,31.1,New Zealand,South Africa,C de Grandhomme,MJ Santner,AL Phehlukwayo,1,0,,,,,,,,,
1020039,2016/17,2017-03-04,Eden Park,1,31.2,New Zealand,South Africa,MJ Santner,C de Grandhomme,AL Phehlukwayo,0,0,,,,,,,,,
1020039,2016/17,2017-03-04,Eden Park,1,31.3,New Zealand,South Africa,MJ Santner,C de Grandhomme,AL Phehlukwayo,0,0,,,,,,,,,
1020039,2016/17,2017-03-04,Eden Park,1,31.4,New Zealand,South Africa,MJ Santner,C de Grandhomme,AL Phehlukwayo,4,0,,,,,,,,,
1020039,2016/17,2017-03-04,Eden Park,1,31.5,New Zealand,South Africa,MJ Santner,C de Grandhomme,AL Phehlukwayo,0,0,,,,,,,,,
1020039,2016/17,2017-03-04,Eden Park,1,31.6,New Zealand,South Africa,MJ Santner,C de Grandhomme,AL Phehlukwayo,0,0,,,,,,,,,
1020039,2016/17,2017-03-04,Eden Park,1,32.1,New Zealand,South Africa,C de Grandhomme,MJ Santner,D Pretorius,1,0,,,,,,,,,
1020039,2016/17,2017-03-04,Eden Park,1,32.2,New Zealand,South Africa,MJ Santner,C de Grandhomme,D Pretorius,0,0,,,,,,,,,
1020039,2016/17,2017-03-04,Eden Park,1,32.3,New Zealand,South Africa,MJ Santner,C de Grandhomme,D Pretorius,0,0,,,,,,,,,
1020039,2016/17,2017-03-04,Eden Park,1,32.4,New Zealand,South Africa,MJ Santner,C de Grandhomme,D Pretorius,2,0,,,,,,,,,
1020039,2016/17,2017-03-04,Eden Park,1,32.5,New Zealand,South Africa,MJ Santner,C de Grandhomme,D Pretorius,0,0,,,,,,,,,
1020039,2016/17,2017-03-04,Eden Park,1,32.6,New Zealand,South Africa,MJ Santner,C de Grandhomme,D Pretorius,0,0,,,,,,,,,
1020039,2016/17,2017-03-04,Eden Park,1,33.1,New Zealand,South Africa,C de Grandhomme,MJ Santner,AL Phehlukwayo,0,0,,,,,,,,,
1020039,2016/17,2017-03-04,Eden Park,1,33.2,New Zealand,South Africa,C de Grandhomme,MJ Santner,AL Phehlukwayo,0,0,,,,,,,,,
1020039,2016/17,2017-03-04,Eden Park,1,33.3,New Zealand,South Africa,C de Grandhomme,MJ Santner,AL Phehlukwayo,6,0,,,,,,,,,
1020039,2016/17,2017-03-04,Eden Park,1,33.4,New Zealand,South Africa,C de Grandhomme,MJ Santner,AL Phehlukwayo,1,0,,,,,,,,,
1020039,2016/17,2017-03-04,Eden Park,1,33.5,New Zealand,South Africa,MJ Santner,C de Grandhomme,AL Phehlukwayo,1,0,,,,,,,,,
1020039,2016/17,2017-03-04,Eden Park,1,33.6,New Zealand,South Africa,C de Grandhomme,MJ Santner,AL Phehlukwayo,1,0,,,,,,,,,
1020039,2016/17,2017-03-04,Eden Park,1,34.1,New Zealand,South Africa,C de Grandhomme,MJ Santner,D Pretorius,1,0,,,,,,,,,
1020039,2016/17,2017-03-04,Eden Park,1,34.2,New Zealand,South Africa,MJ Santner,C de Grandhomme,D Pretorius,4,0,,,,,,,,,
1020039,2016/17,2017-03-04,Eden Park,1,34.3,New Zealand,South Africa,MJ Santner,C de Grandhomme,D Pretorius,0,0,,,,,,,,,
1020039,2016/17,2017-03-04,Eden Park,1,34.4,New Zealand,South Africa,MJ Santner,C de Grandhomme,D Pretorius,0,0,,,,,,,,,
1020039,2016/17,2017-03-04,Eden Park,1,34.5,New Zealand,South Africa,MJ Santner,C de Grandhomme,D Pretorius,0,0,,,,,,,,,
1020039,2016/17,2017-03-04,Eden Park,1,34.6,New Zealand,South Africa,MJ Santner,C de Grandhomme,D Pretorius,0,0,,,,,,run out,MJ Santner,,
1020039,2016/17,2017-03-04,Eden Park,1,35.1,New Zealand,South Africa,C de Grandhomme,TG Southee,AL Phehlukwayo,1,0,,,,,,,,,
1020039,2016/17,2017-03-04,Eden Park,1,35.2,New Zealand,South Africa,TG Southee,C de Grandhomme,AL Phehlukwayo,0,0,,,,,,,,,
1020039,2016/17,2017-03-04,Eden Park,1,35.3,New Zealand,South Africa,TG Southee,C de Grandhomme,AL Phehlukwayo,0,0,,,,,,,,,
1020039,2016/17,2017-03-04,Eden Park,1,35.4,New Zealand,South Africa,TG Southee,C de Grandhomme,AL Phehlukwayo,0,0,,,,,,,,,
1020039,2016/17,2017-03-04,Eden Park,1,35.5,New Zealand,South Africa,TG Southee,C de Grandhomme,AL Phehlukwayo,0,0,,,,,,,,,
1020039,2016/17,2017-03-04,Eden Park,1,35.6,New Zealand,South Africa,TG Southee,C de Grandhomme,AL Phehlukwayo,6,0,,,,,,,,,
1020039,2016/17,2017-03-04,Eden Park,1,36.1,New Zealand,South Africa,C de Grandhomme,TG Southee,Imran Tahir,1,0,,,,,,,,,
1020039,2016/17,2017-03-04,Eden Park,1,36.2,New Zealand,South Africa,TG Southee,C de Grandhomme,Imran Tahir,0,0,,,,,,,,,
1020039,2016/17,2017-03-04,Eden Park,1,36.3,New Zealand,South Africa,TG Southee,C de Grandhomme,Imran Tahir,0,0,,,,,,caught and bowled,TG Southee,,
1020039,2016/17,2017-03-04,Eden Park,1,36.4,New Zealand,South Africa,C de Grandhomme,JS Patel,Imran Tahir,0,0,,,,,,,,,
1020039,2016/17,2017-03-04,Eden Park,1,36.5,New Zealand,South Africa,C de Grandhomme,JS Patel,Imran Tahir,1,0,,,,,,,,,
1020039,2016/17,2017-03-04,Eden Park,1,36.6,New Zealand,South Africa,JS Patel,C de Grandhomme,Imran Tahir,0,0,,,,,,,,,
1020039,2016/17,2017-03-04,Eden Park,1,37.1,New Zealand,South Africa,C de Grandhomme,JS Patel,CH Morris,0,0,,,,,,,,,
1020039,2016/17,2017-03-04,Eden Park,1,37.2,New Zealand,South Africa,C de Grandhomme,JS Patel,CH Morris,0,0,,,,,,,,,
1020039,2016/17,2017-03-04,Eden Park,1,37.3,New Zealand,South Africa,C de Grandhomme,JS Patel,CH Morris,1,0,,,,,,,,,
1020039,2016/17,2017-03-04,Eden Park,1,37.4,New Zealand,South Africa,JS Patel,C de Grandhomme,CH Morris,0,4,,,,4,,,,,
1020039,2016/17,2017-03-04,Eden Park,1,37.5,New Zealand,South Africa,JS Patel,C de Grandhomme,CH Morris,0,0,,,,,,,,,
1020039,2016/17,2017-03-04,Eden Park,1,37.6,New Zealand,South Africa,JS Patel,C de Grandhomme,CH Morris,0,0,,,,,,,,,
1020039,2016/17,2017-03-04,Eden Park,1,38.1,New Zealand,South Africa,C de Grandhomme,JS Patel,Imran Tahir,1,0,,,,,,,,,
1020039,2016/17,2017-03-04,Eden Park,1,38.2,New Zealand,South Africa,JS Patel,C de Grandhomme,Imran Tahir,0,0,,,,,,lbw,JS Patel,,
1020039,2016/17,2017-03-04,Eden Park,1,38.3,New Zealand,South Africa,TA Boult,C de Grandhomme,Imran Tahir,0,0,,,,,,,,,
1020039,2016/17,2017-03-04,Eden Park,1,38.4,New Zealand,South Africa,TA Boult,C de Grandhomme,Imran Tahir,0,0,,,,,,,,,
1020039,2016/17,2017-03-04,Eden Park,1,38.5,New Zealand,South Africa,TA Boult,C de Grandhomme,Imran Tahir,0,0,,,,,,,,,
1020039,2016/17,2017-03-04,Eden Park,1,38.6,New Zealand,South Africa,TA Boult,C de Grandhomme,Imran Tahir,0,0,,,,,,,,,
1020039,2016/17,2017-03-04,Eden Park,1,39.1,New Zealand,South Africa,C de Grandhomme,TA Boult,CH Morris,0,0,,,,,,,,,
1020039,2016/17,2017-03-04,Eden Park,1,39.2,New Zealand,South Africa,C de Grandhomme,TA Boult,CH Morris,0,0,,,,,,,,,
1020039,2016/17,2017-03-04,Eden Park,1,39.3,New Zealand,South Africa,C de Grandhomme,TA Boult,CH Morris,1,0,,,,,,,,,
1020039,2016/17,2017-03-04,Eden Park,1,39.4,New Zealand,South Africa,TA Boult,C de Grandhomme,CH Morris,0,0,,,,,,,,,
1020039,2016/17,2017-03-04,Eden Park,1,39.5,New Zealand,South Africa,TA Boult,C de Grandhomme,CH Morris,0,0,,,,,,,,,
1020039,2016/17,2017-03-04,Eden Park,1,39.6,New Zealand,South Africa,TA Boult,C de Grandhomme,CH Morris,0,0,,,,,,,,,
1020039,2016/17,2017-03-04,Eden Park,1,40.1,New Zealand,South Africa,C de Grandhomme,TA Boult,Imran Tahir,1,0,,,,,,,,,
1020039,2016/17,2017-03-04,Eden Park,1,40.2,New Zealand,South Africa,TA Boult,C de Grandhomme,Imran Tahir,0,0,,,,,,,,,
1020039,2016/17,2017-03-04,Eden Park,1,40.3,New Zealand,South Africa,TA Boult,C de Grandhomme,Imran Tahir,0,0,,,,,,,,,
1020039,2016/17,2017-03-04,Eden Park,1,40.4,New Zealand,South Africa,TA Boult,C de Grandhomme,Imran Tahir,0,0,,,,,,,,,
1020039,2016/17,2017-03-04,Eden Park,1,40.5,New Zealand,South Africa,TA Boult,C de Grandhomme,Imran Tahir,0,0,,,,,,,,,
1020039,2016/17,2017-03-04,Eden Park,1,40.6,New Zealand,South Africa,TA Boult,C de Grandhomme,Imran Tahir,0,0,,,,,,,,,
1020039,2016/17,2017-03-04,Eden Park,1,41.1,New Zealand,South Africa,C de Grandhomme,TA Boult,K Rabada,0,0,,,,,,caught,C de Grandhomme,,
1020039,2016/17,2017-03-04,Eden Park,2,0.1,South Africa,New Zealand,Q de Kock,HM Amla,JS Patel,0,0,,,,,,,,,
1020039,2016/17,2017-03-04,Eden Park,2,0.2,South Africa,New Zealand,Q de Kock,HM Amla,JS Patel,0,0,,,,,,,,,
1020039,2016/17,2017-03-04,Eden Park,2,0.3,South Africa,New Zealand,Q de Kock,HM Amla,JS Patel,0,0,,,,,,,,,
1020039,2016/17,2017-03-04,Eden Park,2,0.4,South Africa,New Zealand,Q de Kock,HM Amla,JS Patel,0,0,,,,,,,,,
1020039,2016/17,2017-03-04,Eden Park,2,0.5,South Africa,New Zealand,Q de Kock,HM Amla,JS Patel,1,0,,,,,,,,,
1020039,2016/17,2017-03-04,Eden Park,2,0.6,South Africa,New Zealand,HM Amla,Q de Kock,JS Patel,0,0,,,,,,,,,
1020039,2016/17,2017-03-04,Eden Park,2,1.1,South Africa,New Zealand,Q de Kock,HM Amla,TA Boult,0,0,,,,,,,,,
1020039,2016/17,2017-03-04,Eden Park,2,1.2,South Africa,New Zealand,Q de Kock,HM Amla,TA Boult,4,0,,,,,,,,,
1020039,2016/17,2017-03-04,Eden Park,2,1.3,South Africa,New Zealand,Q de Kock,HM Amla,TA Boult,0,0,,,,,,,,,
1020039,2016/17,2017-03-04,Eden Park,2,1.4,South Africa,New Zealand,Q de Kock,HM Amla,TA Boult,1,0,,,,,,,,,
1020039,2016/17,2017-03-04,Eden Park,2,1.5,South Africa,New Zealand,HM Amla,Q de Kock,TA Boult,0,0,,,,,,,,,
1020039,2016/17,2017-03-04,Eden Park,2,1.6,South Africa,New Zealand,HM Amla,Q de Kock,TA Boult,0,0,,,,,,,,,
1020039,2016/17,2017-03-04,Eden Park,2,2.1,South Africa,New Zealand,Q de Kock,HM Amla,JS Patel,0,0,,,,,,caught,Q de Kock,,
1020039,2016/17,2017-03-04,Eden Park,2,2.2,South Africa,New Zealand,HM Amla,F du Plessis,JS Patel,0,0,,,,,,,,,
1020039,2016/17,2017-03-04,Eden Park,2,2.3,South Africa,New Zealand,HM Amla,F du Plessis,JS Patel,1,0,,,,,,,,,
1020039,2016/17,2017-03-04,Eden Park,2,2.4,South Africa,New Zealand,F du Plessis,HM Amla,JS Patel,0,0,,,,,,,,,
1020039,2016/17,2017-03-04,Eden Park,2,2.5,South Africa,New Zealand,F du Plessis,HM Amla,JS Patel,0,0,,,,,,,,,
1020039,2016/17,2017-03-04,Eden Park,2,2.6,South Africa,New Zealand,F du Plessis,HM Amla,JS Patel,0,0,,,,,,,,,
1020039,2016/17,2017-03-04,Eden Park,2,3.1,South Africa,New Zealand,HM Amla,F du Plessis,TA Boult,0,0,,,,,,,,,
1020039,2016/17,2017-03-04,Eden Park,2,3.2,South Africa,New Zealand,HM Amla,F du Plessis,TA Boult,4,0,,,,,,,,,
1020039,2016/17,2017-03-04,Eden Park,2,3.3,South Africa,New Zealand,HM Amla,F du Plessis,TA Boult,0,0,,,,,,,,,
1020039,2016/17,2017-03-04,Eden Park,2,3.4,South Africa,New Zealand,HM Amla,F du Plessis,TA Boult,0,0,,,,,,,,,
1020039,2016/17,2017-03-04,Eden Park,2,3.5,South Africa,New Zealand,HM Amla,F du Plessis,TA Boult,0,1,1,,,,,,,,
1020039,2016/17,2017-03-04,Eden Park,2,3.6,South Africa,New Zealand,HM Amla,F du Plessis,TA Boult,0,0,,,,,,,,,
1020039,2016/17,2017-03-04,Eden Park,2,3.7,South Africa,New Zealand,HM Amla,F du Plessis,TA Boult,0,0,,,,,,,,,
1020039,2016/17,2017-03-04,Eden Park,2,4.1,South Africa,New Zealand,F du Plessis,HM Amla,TG Southee,0,0,,,,,,,,,
1020039,2016/17,2017-03-04,Eden Park,2,4.2,South Africa,New Zealand,F du Plessis,HM Amla,TG Southee,0,0,,,,,,,,,
1020039,2016/17,2017-03-04,Eden Park,2,4.3,South Africa,New Zealand,F du Plessis,HM Amla,TG Southee,0,0,,,,,,,,,
1020039,2016/17,2017-03-04,Eden Park,2,4.4,South Africa,New Zealand,F du Plessis,HM Amla,TG Southee,0,0,,,,,,,,,
1020039,2016/17,2017-03-04,Eden Park,2,4.5,South Africa,New Zealand,F du Plessis,HM Amla,TG Southee,0,0,,,,,,,,,
1020039,2016/17,2017-03-04,Eden Park,2,4.6,South Africa,New Zealand,F du Plessis,HM Amla,TG Southee,1,0,,,,,,,,,
1020039,2016/17,2017-03-04,Eden Park,2,5.1,South Africa,New Zealand,F du Plessis,HM Amla,TA Boult,0,0,,,,,,,,,
1020039,2016/17,2017-03-04,Eden Park,2,5.2,South Africa,New Zealand,F du Plessis,HM Amla,TA Boult,0,0,,,,,,,,,
1020039,2016/17,2017-03-04,Eden Park,2,5.3,South Africa,New Zealand,F du Plessis,HM Amla,TA Boult,0,0,,,,,,,,,
1020039,2016/17,2017-03-04,Eden Park,2,5.4,South Africa,New Zealand,F du Plessis,HM Amla,TA Boult,0,0,,,,,,,,,
1020039,2016/17,2017-03-04,Eden Park,2,5.5,South Africa,New Zealand,F du Plessis,HM Amla,TA Boult,1,0,,,,,,,,,
1020039,2016/17,2017-03-04,Eden Park,2,5.6,South Africa,New Zealand,HM Amla,F du Plessis,TA Boult,0,0,,,,,,,,,
1020039,2016/17,2017-03-04,Eden Park,2,6.1,South Africa,New Zealand,F du Plessis,HM Amla,TG Southee,0,0,,,,,,,,,
1020039,2016/17,2017-03-04,Eden Park,2,6.2,South Africa,New Zealand,F du Plessis,HM Amla,TG Southee,0,0,,,,,,,,,
1020039,2016/17,2017-03-04,Eden Park,2,6.3,South Africa,New Zealand,F du Plessis,HM Amla,TG Southee,0,0,,,,,,,,,
1020039,2016/17,2017-03-04,Eden Park,2,6.4,South Africa,New Zealand,F du Plessis,HM Amla,TG Southee,0,0,,,,,,,,,
1020039,2016/17,2017-03-04,Eden Park,2,6.5,South Africa,New Zealand,F du Plessis,HM Amla,TG Southee,0,0,,,,,,,,,
1020039,2016/17,2017-03-04,Eden Park,2,6.6,South Africa,New Zealand,F du Plessis,HM Amla,TG Southee,1,0,,,,,,,,,
1020039,2016/17,2017-03-04,Eden Park,2,7.1,South Africa,New Zealand,F du Plessis,HM Amla,TA Boult,0,0,,,,,,,,,
1020039,2016/17,2017-03-04,Eden Park,2,7.2,South Africa,New Zealand,F du Plessis,HM Amla,TA Boult,0,0,,,,,,,,,
1020039,2016/17,2017-03-04,Eden Park,2,7.3,South Africa,New Zealand,F du Plessis,HM Amla,TA Boult,1,0,,,,,,,,,
1020039,2016/17,2017-03-04,Eden Park,2,7.4,South Africa,New Zealand,HM Amla,F du Plessis,TA Boult,0,0,,,,,,,,,
1020039,2016/17,2017-03-04,Eden Park,2,7.5,South Africa,New Zealand,HM Amla,F du Plessis,TA Boult,1,0,,,,,,,,,
1020039,2016/17,2017-03-04,Eden Park,2,7.6,South Africa,New Zealand,F du Plessis,HM Amla,TA Boult,4,0,,,,,,,,,
1020039,2016/17,2017-03-04,Eden Park,2,8.1,South Africa,New Zealand,HM Amla,F du Plessis,TG Southee,0,0,,,,,,,,,
1020039,2016/17,2017-03-04,Eden Park,2,8.2,South Africa,New Zealand,HM Amla,F du Plessis,TG Southee,0,0,,,,,,,,,
1020039,2016/17,2017-03-04,Eden Park,2,8.3,South Africa,New Zealand,HM Amla,F du Plessis,TG Southee,0,0,,,,,,,,,
1020039,2016/17,2017-03-04,Eden Park,2,8.4,South Africa,New Zealand,HM Amla,F du Plessis,TG Southee,2,0,,,,,,,,,
1020039,2016/17,2017-03-04,Eden Park,2,8.5,South Africa,New Zealand,HM Amla,F du Plessis,TG Southee,0,0,,,,,,,,,
1020039,2016/17,2017-03-04,Eden Park,2,8.6,South Africa,New Zealand,HM Amla,F du Plessis,TG Southee,0,0,,,,,,,,,
1020039,2016/17,2017-03-04,Eden Park,2,9.1,South Africa,New Zealand,F du Plessis,HM Amla,TA Boult,0,0,,,,,,,,,
1020039,2016/17,2017-03-04,Eden Park,2,9.2,South Africa,New Zealand,F du Plessis,HM Amla,TA Boult,0,0,,,,,,,,,
1020039,2016/17,2017-03-04,Eden Park,2,9.3,South Africa,New Zealand,F du Plessis,HM Amla,TA Boult,0,0,,,,,,,,,
1020039,2016/17,2017-03-04,Eden Park,2,9.4,South Africa,New Zealand,F du Plessis,HM Amla,TA Boult,0,1,1,,,,,,,,
1020039,2016/17,2017-03-04,Eden Park,2,9.5,South Africa,New Zealand,F du Plessis,HM Amla,TA Boult,0,0,,,,,,,,,
1020039,2016/17,2017-03-04,Eden Park,2,9.6,South Africa,New Zealand,F du Plessis,HM Amla,TA Boult,4,0,,,,,,,,,
1020039,2016/17,2017-03-04,Eden Park,2,9.7,South Africa,New Zealand,F du Plessis,HM Amla,TA Boult,0,4,,,,4,,,,,
1020039,2016/17,2017-03-04,Eden Park,2,10.1,South Africa,New Zealand,HM Amla,F du Plessis,TG Southee,0,0,,,,,,,,,
1020039,2016/17,2017-03-04,Eden Park,2,10.2,South Africa,New Zealand,HM Amla,F du Plessis,TG Southee,0,0,,,,,,,,,
1020039,2016/17,2017-03-04,Eden Park,2,10.3,South Africa,New Zealand,HM Amla,F du Plessis,TG Southee,0,0,,,,,,,,,
1020039,2016/17,2017-03-04,Eden Park,2,10.4,South Africa,New Zealand,HM Amla,F du Plessis,TG Southee,0,0,,,,,,,,,
1020039,2016/17,2017-03-04,Eden Park,2,10.5,South Africa,New Zealand,HM Amla,F du Plessis,TG Southee,0,1,1,,,,,,,,
1020039,2016/17,2017-03-04,Eden Park,2,10.6,South Africa,New Zealand,HM Amla,F du Plessis,TG Southee,0,0,,,,,,,,,
1020039,2016/17,2017-03-04,Eden Park,2,10.7,South Africa,New Zealand,HM Amla,F du Plessis,TG Southee,0,0,,,,,,,,,
1020039,2016/17,2017-03-04,Eden Park,2,11.1,South Africa,New Zealand,F du Plessis,HM Amla,C de Grandhomme,0,0,,,,,,,,,
1020039,2016/17,2017-03-04,Eden Park,2,11.2,South Africa,New Zealand,F du Plessis,HM Amla,C de Grandhomme,0,0,,,,,,,,,
1020039,2016/17,2017-03-04,Eden Park,2,11.3,South Africa,New Zealand,F du Plessis,HM Amla,C de Grandhomme,1,0,,,,,,,,,
1020039,2016/17,2017-03-04,Eden Park,2,11.4,South Africa,New Zealand,HM Amla,F du Plessis,C de Grandhomme,0,1,1,,,,,,,,
1020039,2016/17,2017-03-04,Eden Park,2,11.5,South Africa,New Zealand,HM Amla,F du Plessis,C de Grandhomme,0,0,,,,,,,,,
1020039,2016/17,2017-03-04,Eden Park,2,11.6,South Africa,New Zealand,HM Amla,F du Plessis,C de Grandhomme,0,0,,,,,,caught,HM Amla,,
1020039,2016/17,2017-03-04,Eden Park,2,11.7,South Africa,New Zealand,JP Duminy,F du Plessis,C de Grandhomme,0,0,,,,,,,,,
1020039,2016/17,2017-03-04,Eden Park,2,12.1,South Africa,New Zealand,F du Plessis,JP Duminy,TG Southee,0,0,,,,,,,,,
1020039,2016/17,2017-03-04,Eden Park,2,12.2,South Africa,New Zealand,F du Plessis,JP Duminy,TG Southee,0,0,,,,,,,,,
1020039,2016/17,2017-03-04,Eden Park,2,12.3,South Africa,New Zealand,F du Plessis,JP Duminy,TG Southee,0,0,,,,,,,,,
1020039,2016/17,2017-03-04,Eden Park,2,12.4,South Africa,New Zealand,F du Plessis,JP Duminy,TG Southee,0,0,,,,,,,,,
1020039,2016/17,2017-03-04,Eden Park,2,12.5,South Africa,New Zealand,F du Plessis,JP Duminy,TG Southee,0,1,,,,1,,,,,
1020039,2016/17,2017-03-04,Eden Park,2,12.6,South Africa,New Zealand,JP Duminy,F du Plessis,TG Southee,0,0,,,,,,,,,
1020039,2016/17,2017-03-04,Eden Park,2,13.1,South Africa,New Zealand,F du Plessis,JP Duminy,C de Grandhomme,2,0,,,,,,,,,
1020039,2016/17,2017-03-04,Eden Park,2,13.2,South Africa,New Zealand,F du Plessis,JP Duminy,C de Grandhomme,0,0,,,,,,,,,
1020039,2016/17,2017-03-04,Eden Park,2,13.3,South Africa,New Zealand,F du Plessis,JP Duminy,C de Grandhomme,1,0,,,,,,,,,
1020039,2016/17,2017-03-04,Eden Park,2,13.4,South Africa,New Zealand,JP Duminy,F du Plessis,C de Grandhomme,2,0,,,,,,,,,
1020039,2016/17,2017-03-04,Eden Park,2,13.5,South Africa,New Zealand,JP Duminy,F du Plessis,C de Grandhomme,0,0,,,,,,,,,
1020039,2016/17,2017-03-04,Eden Park,2,13.6,South Africa,New Zealand,JP Duminy,F du Plessis,C de Grandhomme,0,0,,,,,,,,,
1020039,2016/17,2017-03-04,Eden Park,2,14.1,South Africa,New Zealand,F du Plessis,JP Duminy,TG Southee,0,0,,,,,,,,,
1020039,2016/17,2017-03-04,Eden Park,2,14.2,South Africa,New Zealand,F du Plessis,JP Duminy,TG Southee,4,0,,,,,,,,,
1020039,2016/17,2017-03-04,Eden Park,2,14.3,South Africa,New Zealand,F du Plessis,JP Duminy,TG Southee,1,0,,,,,,,,,
1020039,2016/17,2017-03-04,Eden Park,2,14.4,South Africa,New Zealand,JP Duminy,F du Plessis,TG Southee,0,0,,,,,,,,,
1020039,2016/17,2017-03-04,Eden Park,2,14.5,South Africa,New Zealand,JP Duminy,F du Plessis,TG Southee,0,0,,,,,,,,,
1020039,2016/17,2017-03-04,Eden Park,2,14.6,South Africa,New Zealand,JP Duminy,F du Plessis,TG Southee,1,0,,,,,,,,,
1020039,2016/17,2017-03-04,Eden Park,2,15.1,South Africa,New Zealand,JP Duminy,F du Plessis,JS Patel,0,1,1,,,,,,,,
1020039,2016/17,2017-03-04,Eden Park,2,15.2,South Africa,New Zealand,JP Duminy,F du Plessis,JS Patel,0,0,,,,,,,,,
1020039,2016/17,2017-03-04,Eden Park,2,15.3,South Africa,New Zealand,JP Duminy,F du Plessis,JS Patel,0,0,,,,,,caught,JP Duminy,,
1020039,2016/17,2017-03-04,Eden Park,2,15.4,South Africa,New Zealand,AB de Villiers,F du Plessis,JS Patel,0,0,,,,,,,,,
1020039,2016/17,2017-03-04,Eden Park,2,15.5,South Africa,New Zealand,AB de Villiers,F du Plessis,JS Patel,0,0,,,,,,,,,
1020039,2016/17,2017-03-04,Eden Park,2,15.6,South Africa,New Zealand,AB de Villiers,F du Plessis,JS Patel,4,0,,,,,,,,,
1020039,2016/17,2017-03-04,Eden Park,2,15.7,South Africa,New Zealand,AB de Villiers,F du Plessis,JS Patel,0,0,,,,,,,,,
1020039,2016/17,2017-03-04,Eden Park,2,16.1,South Africa,New Zealand,F du Plessis,AB de Villiers,TG Southee,0,1,1,,,,,,,,
1020039,2016/17,2017-03-04,Eden Park,2,16.2,South Africa,New Zealand,F du Plessis,AB de Villiers,TG Southee,4,0,,,,,,,,,
1020039,2016/17,2017-03-04,Eden Park,2,16.3,South Africa,New Zealand,F du Plessis,AB de Villiers,TG Southee,0,0,,,,,,,,,
1020039,2016/17,2017-03-04,Eden Park,2,16.4,South Africa,New Zealand,F du Plessis,AB de Villiers,TG Southee,1,0,,,,,,,,,
1020039,2016/17,2017-03-04,Eden Park,2,16.5,South Africa,New Zealand,AB de Villiers,F du Plessis,TG Southee,1,0,,,,,,,,,
1020039,2016/17,2017-03-04,Eden Park,2,16.6,South Africa,New Zealand,F du Plessis,AB de Villiers,TG Southee,1,0,,,,,,,,,
1020039,2016/17,2017-03-04,Eden Park,2,16.7,South Africa,New Zealand,AB de Villiers,F du Plessis,TG Southee,0,0,,,,,,,,,
1020039,2016/17,2017-03-04,Eden Park,2,17.1,South Africa,New Zealand,F du Plessis,AB de Villiers,JS Patel,0,0,,,,,,,,,
1020039,2016/17,2017-03-04,Eden Park,2,17.2,South Africa,New Zealand,F du Plessis,AB de Villiers,JS Patel,0,0,,,,,,,,,
1020039,2016/17,2017-03-04,Eden Park,2,17.3,South Africa,New Zealand,F du Plessis,AB de Villiers,JS Patel,0,0,,,,,,,,,
1020039,2016/17,2017-03-04,Eden Park,2,17.4,South Africa,New Zealand,F du Plessis,AB de Villiers,JS Patel,1,0,,,,,,,,,
1020039,2016/17,2017-03-04,Eden Park,2,17.5,South Africa,New Zealand,AB de Villiers,F du Plessis,JS Patel,6,0,,,,,,,,,
1020039,2016/17,2017-03-04,Eden Park,2,17.6,South Africa,New Zealand,AB de Villiers,F du Plessis,JS Patel,0,0,,,,,,,,,
1020039,2016/17,2017-03-04,Eden Park,2,18.1,South Africa,New Zealand,F du Plessis,AB de Villiers,C de Grandhomme,1,0,,,,,,,,,
1020039,2016/17,2017-03-04,Eden Park,2,18.2,South Africa,New Zealand,AB de Villiers,F du Plessis,C de Grandhomme,0,0,,,,,,,,,
1020039,2016/17,2017-03-04,Eden Park,2,18.3,South Africa,New Zealand,AB de Villiers,F du Plessis,C de Grandhomme,0,0,,,,,,,,,
1020039,2016/17,2017-03-04,Eden Park,2,18.4,South Africa,New Zealand,AB de Villiers,F du Plessis,C de Grandhomme,0,0,,,,,,,,,
1020039,2016/17,2017-03-04,Eden Park,2,18.5,South Africa,New Zealand,AB de Villiers,F du Plessis,C de Grandhomme,0,0,,,,,,,,,
1020039,2016/17,2017-03-04,Eden Park,2,18.6,South Africa,New Zealand,AB de Villiers,F du Plessis,C de Grandhomme,4,0,,,,,,,,,
1020039,2016/17,2017-03-04,Eden Park,2,19.1,South Africa,New Zealand,F du Plessis,AB de Villiers,MJ Santner,0,0,,,,,,,,,
1020039,2016/17,2017-03-04,Eden Park,2,19.2,South Africa,New Zealand,F du Plessis,AB de Villiers,MJ Santner,1,0,,,,,,,,,
1020039,2016/17,2017-03-04,Eden Park,2,19.3,South Africa,New Zealand,AB de Villiers,F du Plessis,MJ Santner,0,0,,,,,,,,,
1020039,2016/17,2017-03-04,Eden Park,2,19.4,South Africa,New Zealand,AB de Villiers,F du Plessis,MJ Santner,6,0,,,,,,,,,
1020039,2016/17,2017-03-04,Eden Park,2,19.5,South Africa,New Zealand,AB de Villiers,F du Plessis,MJ Santner,0,0,,,,,,,,,
1020039,2016/17,2017-03-04,Eden Park,2,19.6,South Africa,New Zealand,AB de Villiers,F du Plessis,MJ Santner,0,0,,,,,,,,,
1020039,2016/17,2017-03-04,Eden Park,2,20.1,South Africa,New Zealand,F du Plessis,AB de Villiers,C de Grandhomme,0,0,,,,,,,,,
1020039,2016/17,2017-03-04,Eden Park,2,20.2,South Africa,New Zealand,F du Plessis,AB de Villiers,C de Grandhomme,1,0,,,,,,,,,
1020039,2016/17,2017-03-04,Eden Park,2,20.3,South Africa,New Zealand,AB de Villiers,F du Plessis,C de Grandhomme,1,0,,,,,,,,,
1020039,2016/17,2017-03-04,Eden Park,2,20.4,South Africa,New Zealand,F du Plessis,AB de Villiers,C de Grandhomme,0,1,1,,,,,,,,
1020039,2016/17,2017-03-04,Eden Park,2,20.5,South Africa,New Zealand,F du Plessis,AB de Villiers,C de Grandhomme,0,0,,,,,,,,,
1020039,2016/17,2017-03-04,Eden Park,2,20.6,South Africa,New Zealand,F du Plessis,AB de Villiers,C de Grandhomme,0,0,,,,,,,,,
1020039,2016/17,2017-03-04,Eden Park,2,20.7,South Africa,New Zealand,F du Plessis,AB de Villiers,C de Grandhomme,0,1,1,,,,,,,,
1020039,2016/17,2017-03-04,Eden Park,2,20.8,South Africa,New Zealand,F du Plessis,AB de Villiers,C de Grandhomme,0,0,,,,,,,,,
1020039,2016/17,2017-03-04,Eden Park,2,21.1,South Africa,New Zealand,AB de Villiers,F du Plessis,JDS Neesham,0,0,,,,,,,,,
1020039,2016/17,2017-03-04,Eden Park,2,21.2,South Africa,New Zealand,AB de Villiers,F du Plessis,JDS Neesham,1,0,,,,,,,,,
1020039,2016/17,2017-03-04,Eden Park,2,21.3,South Africa,New Zealand,F du Plessis,AB de Villiers,JDS Neesham,0,0,,,,,,,,,
1020039,2016/17,2017-03-04,Eden Park,2,21.4,South Africa,New Zealand,F du Plessis,AB de Villiers,JDS Neesham,0,1,1,,,,,,,,
1020039,2016/17,2017-03-04,Eden Park,2,21.5,South Africa,New Zealand,F du Plessis,AB de Villiers,JDS Neesham,2,0,,,,,,,,,
1020039,2016/17,2017-03-04,Eden Park,2,21.6,South Africa,New Zealand,F du Plessis,AB de Villiers,JDS Neesham,1,0,,,,,,,,,
1020039,2016/17,2017-03-04,Eden Park,2,21.7,South Africa,New Zealand,AB de Villiers,F du Plessis,JDS Neesham,0,0,,,,,,caught,AB de Villiers,,
1020039,2016/17,2017-03-04,Eden Park,2,22.1,South Africa,New Zealand,F du Plessis,DA Miller,TA Boult,0,0,,,,,,,,,
1020039,2016/17,2017-03-04,Eden Park,2,22.2,South Africa,New Zealand,F du Plessis,DA Miller,TA Boult,0,0,,,,,,,,,
1020039,2016/17,2017-03-04,Eden Park,2,22.3,South Africa,New Zealand,F du Plessis,DA Miller,TA Boult,0,0,,,,,,,,,
1020039,2016/17,2017-03-04,Eden Park,2,22.4,South Africa,New Zealand,F du Plessis,DA Miller,TA Boult,0,0,,,,,,,,,
1020039,2016/17,2017-03-04,Eden Park,2,22.5,South Africa,New Zealand,F du Plessis,DA Miller,TA Boult,1,0,,,,,,,,,
1020039,2016/17,2017-03-04,Eden Park,2,22.6,South Africa,New Zealand,DA Miller,F du Plessis,TA Boult,0,0,,,,,,,,,
1020039,2016/17,2017-03-04,Eden Park,2,23.1,South Africa,New Zealand,F du Plessis,DA Miller,JDS Neesham,0,0,,,,,,,,,
1020039,2016/17,2017-03-04,Eden Park,2,23.2,South Africa,New Zealand,F du Plessis,DA Miller,JDS Neesham,0,0,,,,,,,,,
1020039,2016/17,2017-03-04,Eden Park,2,23.3,South Africa,New Zealand,F du Plessis,DA Miller,JDS Neesham,0,0,,,,,,,,,
1020039,2016/17,2017-03-04,Eden Park,2,23.4,South Africa,New Zealand,F du Plessis,DA Miller,JDS Neesham,1,0,,,,,,,,,
1020039,2016/17,2017-03-04,Eden Park,2,23.5,South Africa,New Zealand,DA Miller,F du Plessis,JDS Neesham,4,0,,,,,,,,,
1020039,2016/17,2017-03-04,Eden Park,2,23.6,South Africa,New Zealand,DA Miller,F du Plessis,JDS Neesham,0,0,,,,,,,,,
1020039,2016/17,2017-03-04,Eden Park,2,24.1,South Africa,New Zealand,F du Plessis,DA Miller,TA Boult,1,0,,,,,,,,,
1020039,2016/17,2017-03-04,Eden Park,2,24.2,South Africa,New Zealand,DA Miller,F du Plessis,TA Boult,0,0,,,,,,,,,
1020039,2016/17,2017-03-04,Eden Park,2,24.3,South Africa,New Zealand,DA Miller,F du Plessis,TA Boult,0,0,,,,,,,,,
1020039,2016/17,2017-03-04,Eden Park,2,24.4,South Africa,New Zealand,DA Miller,F du Plessis,TA Boult,0,0,,,,,,,,,
1020039,2016/17,2017-03-04,Eden Park,2,24.5,South Africa,New Zealand,DA Miller,F du Plessis,TA Boult,1,0,,,,,,,,,
1020039,2016/17,2017-03-04,Eden Park,2,24.6,South Africa,New Zealand,F du Plessis,DA Miller,TA Boult,0,0,,,,,,,,,
1020039,2016/17,2017-03-04,Eden Park,2,25.1,South Africa,New Zealand,DA Miller,F du Plessis,TG Southee,0,0,,,,,,,,,
1020039,2016/17,2017-03-04,Eden Park,2,25.2,South Africa,New Zealand,DA Miller,F du Plessis,TG Southee,0,0,,,,,,,,,
1020039,2016/17,2017-03-04,Eden Park,2,25.3,South Africa,New Zealand,DA Miller,F du Plessis,TG Southee,0,0,,,,,,,,,
1020039,2016/17,2017-03-04,Eden Park,2,25.4,South Africa,New Zealand,DA Miller,F du Plessis,TG Southee,4,0,,,,,,,,,
1020039,2016/17,2017-03-04,Eden Park,2,25.5,South Africa,New Zealand,DA Miller,F du Plessis,TG Southee,0,0,,,,,,,,,
1020039,2016/17,2017-03-04,Eden Park,2,25.6,South Africa,New Zealand,DA Miller,F du Plessis,TG Southee,1,0,,,,,,,,,
1020039,2016/17,2017-03-04,Eden Park,2,26.1,South Africa,New Zealand,DA Miller,F du Plessis,JS Patel,0,0,,,,,,,,,
1020039,2016/17,2017-03-04,Eden Park,2,26.2,South Africa,New Zealand,DA Miller,F du Plessis,JS Patel,6,0,,,,,,,,,
1020039,2016/17,2017-03-04,Eden Park,2,26.3,South Africa,New Zealand,DA Miller,F du Plessis,JS Patel,4,0,,,,,,,,,
1020039,2016/17,2017-03-04,Eden Park,2,26.4,South Africa,New Zealand,DA Miller,F du Plessis,JS Patel,1,0,,,,,,,,,
1020039,2016/17,2017-03-04,Eden Park,2,26.5,South Africa,New Zealand,F du Plessis,DA Miller,JS Patel,1,0,,,,,,,,,
1020039,2016/17,2017-03-04,Eden Park,2,26.6,South Africa,New Zealand,DA Miller,F du Plessis,JS Patel,0,0,,,,,,,,,
1020039,2016/17,2017-03-04,Eden Park,2,27.1,South Africa,New Zealand,F du Plessis,DA Miller,TG Southee,1,0,,,,,,,,,
1020039,2016/17,2017-03-04,Eden Park,2,27.2,South Africa,New Zealand,DA Miller,F du Plessis,TG Southee,1,0,,,,,,,,,
1020039,2016/17,2017-03-04,Eden Park,2,27.3,South Africa,New Zealand,F du Plessis,DA Miller,TG Southee,1,0,,,,,,,,,
1020039,2016/17,2017-03-04,Eden Park,2,27.4,South Africa,New Zealand,DA Miller,F du Plessis,TG Southee,0,0,,,,,,,,,
1020039,2016/17,2017-03-04,Eden Park,2,27.5,South Africa,New Zealand,DA Miller,F du Plessis,TG Southee,1,0,,,,,,,,,
1020039,2016/17,2017-03-04,Eden Park,2,27.6,South Africa,New Zealand,F du Plessis,DA Miller,TG Southee,0,0,,,,,,,,,
1020039,2016/17,2017-03-04,Eden Park,2,28.1,South Africa,New Zealand,DA Miller,F du Plessis,TA Boult,0,0,,,,,,,,,
1020039,2016/17,2017-03-04,Eden Park,2,28.2,South Africa,New Zealand,DA Miller,F du Plessis,TA Boult,4,0,,,,,,,,,
1020039,2016/17,2017-03-04,Eden Park,2,28.3,South Africa,New Zealand,DA Miller,F du Plessis,TA Boult,0,0,,,,,,,,,
1020039,2016/17,2017-03-04,Eden Park,2,28.4,South Africa,New Zealand,DA Miller,F du Plessis,TA Boult,4,0,,,,,,,,,
1020039,2016/17,2017-03-04,Eden Park,2,28.5,South Africa,New Zealand,DA Miller,F du Plessis,TA Boult,1,0,,,,,,,,,
1020039,2016/17,2017-03-04,Eden Park,2,28.6,South Africa,New Zealand,F du Plessis,DA Miller,TA Boult,0,0,,,,,,,,,
1020039,2016/17,2017-03-04,Eden Park,2,29.1,South Africa,New Zealand,DA Miller,F du Plessis,TG Southee,1,0,,,,,,,,,
1020039,2016/17,2017-03-04,Eden Park,2,29.2,South Africa,New Zealand,F du Plessis,DA Miller,TG Southee,1,0,,,,,,,,,
1020039,2016/17,2017-03-04,Eden Park,2,29.3,South Africa,New Zealand,DA Miller,F du Plessis,TG Southee,0,0,,,,,,,,,
1020039,2016/17,2017-03-04,Eden Park,2,29.4,South Africa,New Zealand,DA Miller,F du Plessis,TG Southee,4,0,,,,,,,,,
1020039,2016/17,2017-03-04,Eden Park,2,29.5,South Africa,New Zealand,DA Miller,F du Plessis,TG Southee,6,0,,,,,,,,,
1020039,2016/17,2017-03-04,Eden Park,2,29.6,South Africa,New Zealand,DA Miller,F du Plessis,TG Southee,0,0,,,,,,,,,
1020039,2016/17,2017-03-04,Eden Park,2,30.1,South Africa,New Zealand,F du Plessis,DA Miller,TA Boult,4,0,,,,,,,,,
1020039,2016/17,2017-03-04,Eden Park,2,30.2,South Africa,New Zealand,F du Plessis,DA Miller,TA Boult,0,0,,,,,,,,,
1020039,2016/17,2017-03-04,Eden Park,2,30.3,South Africa,New Zealand,F du Plessis,DA Miller,TA Boult,0,0,,,,,,,,,
1020039,2016/17,2017-03-04,Eden Park,2,30.4,South Africa,New Zealand,F du Plessis,DA Miller,TA Boult,1,0,,,,,,,,,
1020039,2016/17,2017-03-04,Eden Park,2,30.5,South Africa,New Zealand,DA Miller,F du Plessis,TA Boult,0,0,,,,,,,,,
1020039,2016/17,2017-03-04,Eden Park,2,30.6,South Africa,New Zealand,DA Miller,F du Plessis,TA Boult,0,0,,,,,,,,,
1020039,2016/17,2017-03-04,Eden Park,2,31.1,South Africa,New Zealand,F du Plessis,DA Miller,MJ Santner,0,0,,,,,,,,,
1020039,2016/17,2017-03-04,Eden Park,2,31.2,South Africa,New Zealand,F du Plessis,DA Miller,MJ Santner,1,0,,,,,,,,,
1020039,2016/17,2017-03-04,Eden Park,2,31.3,South Africa,New Zealand,DA Miller,F du Plessis,MJ Santner,1,0,,,,,,,,,
1020039,2016/17,2017-03-04,Eden Park,2,31.4,South Africa,New Zealand,F du Plessis,DA Miller,MJ Santner,0,0,,,,,,,,,
1020039,2016/17,2017-03-04,Eden Park,2,31.5,South Africa,New Zealand,F du Plessis,DA Miller,MJ Santner,0,0,,,,,,,,,
1020039,2016/17,2017-03-04,Eden Park,2,31.6,South Africa,New Zealand,F du Plessis,DA Miller,MJ Santner,0,0,,,,,,,,,
1020039,2016/17,2017-03-04,Eden Park,2,32.1,South Africa,New Zealand,DA Miller,F du Plessis,TA Boult,1,0,,,,,,,,,
1020039,2016/17,2017-03-04,Eden Park,2,32.2,South Africa,New Zealand,F du Plessis,DA Miller,TA Boult,4,0,,,,,,,,,
