match_id,season,start_date,venue,innings,ball,batting_team,bowling_team,striker,non_striker,bowler,runs_off_bat,extras,wides,noballs,byes,legbyes,penalty,wicket_type,player_dismissed,other_wicket_type,other_player_dismissed
1022367,2017,2017-06-11,Kennington Oval,1,0.1,South Africa,India,Q de Kock,HM Amla,B Kumar,0,1,1,,,,,,,,
1022367,2017,2017-06-11,Kennington Oval,1,0.2,South Africa,India,Q de Kock,HM Amla,B Kumar,1,0,,,,,,,,,
1022367,2017,2017-06-11,Kennington Oval,1,0.3,South Africa,India,HM Amla,Q de Kock,B Kumar,0,0,,,,,,,,,
1022367,2017,2017-06-11,Kennington Oval,1,0.4,South Africa,India,HM Amla,Q de Kock,B Kumar,0,0,,,,,,,,,
1022367,2017,2017-06-11,Kennington Oval,1,0.5,South Africa,India,HM Amla,Q de Kock,B Kumar,0,0,,,,,,,,,
1022367,2017,2017-06-11,Kennington Oval,1,0.6,South Africa,India,HM Amla,Q de Kock,B Kumar,0,0,,,,,,,,,
1022367,2017,2017-06-11,Kennington Oval,1,0.7,South Africa,India,HM Amla,Q de Kock,B Kumar,1,0,,,,,,,,,
1022367,2017,2017-06-11,Kennington Oval,1,1.1,South Africa,India,HM Amla,Q de Kock,JJ Bumrah,0,0,,,,,,,,,
1022367,2017,2017-06-11,Kennington Oval,1,1.2,South Africa,India,HM Amla,Q de Kock,JJ Bumrah,1,0,,,,,,,,,
1022367,2017,2017-06-11,Kennington Oval,1,1.3,South Africa,India,Q de Kock,HM Amla,JJ Bumrah,0,0,,,,,,,,,
1022367,2017,2017-06-11,Kennington Oval,1,1.4,South Africa,India,Q de Kock,HM Amla,JJ Bumrah,0,0,,,,,,,,,
1022367,2017,2017-06-11,Kennington Oval,1,1.5,South Africa,India,Q de Kock,HM Amla,JJ Bumrah,0,0,,,,,,,,,
1022367,2017,2017-06-11,Kennington Oval,1,1.6,South Africa,India,Q de Kock,HM Amla,JJ Bumrah,0,0,,,,,,,,,
1022367,2017,2017-06-11,Kennington Oval,1,2.1,South Africa,India,HM Amla,Q de Kock,B Kumar,0,0,,,,,,,,,
1022367,2017,2017-06-11,Kennington Oval,1,2.2,South Africa,India,HM Amla,Q de Kock,B Kumar,0,0,,,,,,,,,
1022367,2017,2017-06-11,Kennington Oval,1,2.3,South Africa,India,HM Amla,Q de Kock,B Kumar,1,0,,,,,,,,,
1022367,2017,2017-06-11,Kennington Oval,1,2.4,South Africa,India,Q de Kock,HM Amla,B Kumar,0,1,1,,,,,,,,
1022367,2017,2017-06-11,Kennington Oval,1,2.5,South Africa,India,Q de Kock,HM Amla,B Kumar,2,0,,,,,,,,,
1022367,2017,2017-06-11,Kennington Oval,1,2.6,South Africa,India,Q de Kock,HM Amla,B Kumar,0,0,,,,,,,,,
1022367,2017,2017-06-11,Kennington Oval,1,2.7,South Africa,India,Q de Kock,HM Amla,B Kumar,1,0,,,,,,,,,
1022367,2017,2017-06-11,Kennington Oval,1,3.1,South Africa,India,Q de Kock,HM Amla,JJ Bumrah,4,0,,,,,,,,,
1022367,2017,2017-06-11,Kennington Oval,1,3.2,South Africa,India,Q de Kock,HM Amla,JJ Bumrah,1,0,,,,,,,,,
1022367,2017,2017-06-11,Kennington Oval,1,3.3,South Africa,India,HM Amla,Q de Kock,JJ Bumrah,0,0,,,,,,,,,
1022367,2017,2017-06-11,Kennington Oval,1,3.4,South Africa,India,HM Amla,Q de Kock,JJ Bumrah,0,0,,,,,,,,,
1022367,2017,2017-06-11,Kennington Oval,1,3.5,South Africa,India,HM Amla,Q de Kock,JJ Bumrah,1,0,,,,,,,,,
1022367,2017,2017-06-11,Kennington Oval,1,3.6,South Africa,India,Q de Kock,HM Amla,JJ Bumrah,1,0,,,,,,,,,
1022367,2017,2017-06-11,Kennington Oval,1,4.1,South Africa,India,Q de Kock,HM Amla,B Kumar,0,0,,,,,,,,,
1022367,2017,2017-06-11,Kennington Oval,1,4.2,South Africa,India,Q de Kock,HM Amla,B Kumar,4,0,,,,,,,,,
1022367,2017,2017-06-11,Kennington Oval,1,4.3,South Africa,India,Q de Kock,HM Amla,B Kumar,1,0,,,,,,,,,
1022367,2017,2017-06-11,Kennington Oval,1,4.4,South Africa,India,HM Amla,Q de Kock,B Kumar,0,0,,,,,,,,,
1022367,2017,2017-06-11,Kennington Oval,1,4.5,South Africa,India,HM Amla,Q de Kock,B Kumar,0,0,,,,,,,,,
1022367,2017,2017-06-11,Kennington Oval,1,4.6,South Africa,India,HM Amla,Q de Kock,B Kumar,0,0,,,,,,,,,
1022367,2017,2017-06-11,Kennington Oval,1,5.1,South Africa,India,Q de Kock,HM Amla,JJ Bumrah,0,0,,,,,,,,,
1022367,2017,2017-06-11,Kennington Oval,1,5.2,South Africa,India,Q de Kock,HM Amla,JJ Bumrah,0,0,,,,,,,,,
1022367,2017,2017-06-11,Kennington Oval,1,5.3,South Africa,India,Q de Kock,HM Amla,JJ Bumrah,0,0,,,,,,,,,
1022367,2017,2017-06-11,Kennington Oval,1,5.4,South Africa,India,Q de Kock,HM Amla,JJ Bumrah,1,0,,,,,,,,,
1022367,2017,2017-06-11,Kennington Oval,1,5.5,South Africa,India,HM Amla,Q de Kock,JJ Bumrah,4,0,,,,,,,,,
1022367,2017,2017-06-11,Kennington Oval,1,5.6,South Africa,India,HM Amla,Q de Kock,JJ Bumrah,0,0,,,,,,,,,
1022367,2017,2017-06-11,Kennington Oval,1,6.1,South Africa,India,Q de Kock,HM Amla,B Kumar,1,0,,,,,,,,,
1022367,2017,2017-06-11,Kennington Oval,1,6.2,South Africa,India,HM Amla,Q de Kock,B Kumar,1,0,,,,,,,,,
1022367,2017,2017-06-11,Kennington Oval,1,6.3,South Africa,India,Q de Kock,HM Amla,B Kumar,0,0,,,,,,,,,
1022367,2017,2017-06-11,Kennington Oval,1,6.4,South Africa,India,Q de Kock,HM Amla,B Kumar,0,0,,,,,,,,,
1022367,2017,2017-06-11,Kennington Oval,1,6.5,South Africa,India,Q de Kock,HM Amla,B Kumar,0,0,,,,,,,,,
1022367,2017,2017-06-11,Kennington Oval,1,6.6,South Africa,India,Q de Kock,HM Amla,B Kumar,0,0,,,,,,,,,
1022367,2017,2017-06-11,Kennington Oval,1,7.1,South Africa,India,HM Amla,Q de Kock,JJ Bumrah,1,0,,,,,,,,,
1022367,2017,2017-06-11,Kennington Oval,1,7.2,South Africa,India,Q de Kock,HM Amla,JJ Bumrah,0,0,,,,,,,,,
1022367,2017,2017-06-11,Kennington Oval,1,7.3,South Africa,India,Q de Kock,HM Amla,JJ Bumrah,0,0,,,,,,,,,
1022367,2017,2017-06-11,Kennington Oval,1,7.4,South Africa,India,Q de Kock,HM Amla,JJ Bumrah,0,1,,,,1,,,,,
1022367,2017,2017-06-11,Kennington Oval,1,7.5,South Africa,India,HM Amla,Q de Kock,JJ Bumrah,0,0,,,,,,,,,
1022367,2017,2017-06-11,Kennington Oval,1,7.6,South Africa,India,HM Amla,Q de Kock,JJ Bumrah,0,0,,,,,,,,,
1022367,2017,2017-06-11,Kennington Oval,1,8.1,South Africa,India,Q de Kock,HM Amla,B Kumar,1,0,,,,,,,,,
1022367,2017,2017-06-11,Kennington Oval,1,8.2,South Africa,India,HM Amla,Q de Kock,B Kumar,0,0,,,,,,,,,
1022367,2017,2017-06-11,Kennington Oval,1,8.3,South Africa,India,HM Amla,Q de Kock,B Kumar,1,0,,,,,,,,,
1022367,2017,2017-06-11,Kennington Oval,1,8.4,South Africa,India,Q de Kock,HM Amla,B Kumar,1,0,,,,,,,,,
1022367,2017,2017-06-11,Kennington Oval,1,8.5,South Africa,India,HM Amla,Q de Kock,B Kumar,0,0,,,,,,,,,
1022367,2017,2017-06-11,Kennington Oval,1,8.6,South Africa,India,HM Amla,Q de Kock,B Kumar,0,0,,,,,,,,,
1022367,2017,2017-06-11,Kennington Oval,1,9.1,South Africa,India,Q de Kock,HM Amla,R Ashwin,1,0,,,,,,,,,
1022367,2017,2017-06-11,Kennington Oval,1,9.2,South Africa,India,HM Amla,Q de Kock,R Ashwin,0,0,,,,,,,,,
1022367,2017,2017-06-11,Kennington Oval,1,9.3,South Africa,India,HM Amla,Q de Kock,R Ashwin,0,0,,,,,,,,,
1022367,2017,2017-06-11,Kennington Oval,1,9.4,South Africa,India,HM Amla,Q de Kock,R Ashwin,0,0,,,,,,,,,
1022367,2017,2017-06-11,Kennington Oval,1,9.5,South Africa,India,HM Amla,Q de Kock,R Ashwin,0,1,1,,,,,,,,
1022367,2017,2017-06-11,Kennington Oval,1,9.6,South Africa,India,HM Amla,Q de Kock,R Ashwin,0,0,,,,,,,,,
1022367,2017,2017-06-11,Kennington Oval,1,9.7,South Africa,India,HM Amla,Q de Kock,R Ashwin,0,0,,,,,,,,,
1022367,2017,2017-06-11,Kennington Oval,1,10.1,South Africa,India,Q de Kock,HM Amla,HH Pandya,0,1,,,,1,,,,,
1022367,2017,2017-06-11,Kennington Oval,1,10.2,South Africa,India,HM Amla,Q de Kock,HH Pandya,1,0,,,,,,,,,
1022367,2017,2017-06-11,Kennington Oval,1,10.3,South Africa,India,Q de Kock,HM Amla,HH Pandya,2,0,,,,,,,,,
1022367,2017,2017-06-11,Kennington Oval,1,10.4,South Africa,India,Q de Kock,HM Amla,HH Pandya,1,0,,,,,,,,,
1022367,2017,2017-06-11,Kennington Oval,1,10.5,South Africa,India,HM Amla,Q de Kock,HH Pandya,1,0,,,,,,,,,
1022367,2017,2017-06-11,Kennington Oval,1,10.6,South Africa,India,Q de Kock,HM Amla,HH Pandya,0,0,,,,,,,,,
1022367,2017,2017-06-11,Kennington Oval,1,11.1,South Africa,India,HM Amla,Q de Kock,R Ashwin,1,0,,,,,,,,,
1022367,2017,2017-06-11,Kennington Oval,1,11.2,South Africa,India,Q de Kock,HM Amla,R Ashwin,1,0,,,,,,,,,
1022367,2017,2017-06-11,Kennington Oval,1,11.3,South Africa,India,HM Amla,Q de Kock,R Ashwin,1,0,,,,,,,,,
1022367,2017,2017-06-11,Kennington Oval,1,11.4,South Africa,India,Q de Kock,HM Amla,R Ashwin,0,0,,,,,,,,,
1022367,2017,2017-06-11,Kennington Oval,1,11.5,South Africa,India,Q de Kock,HM Amla,R Ashwin,0,0,,,,,,,,,
1022367,2017,2017-06-11,Kennington Oval,1,11.6,South Africa,India,Q de Kock,HM Amla,R Ashwin,4,0,,,,,,,,,
1022367,2017,2017-06-11,Kennington Oval,1,12.1,South Africa,India,HM Amla,Q de Kock,HH Pandya,0,0,,,,,,,,,
1022367,2017,2017-06-11,Kennington Oval,1,12.2,South Africa,India,HM Amla,Q de Kock,HH Pandya,0,0,,,,,,,,,
1022367,2017,2017-06-11,Kennington Oval,1,12.3,South Africa,India,HM Amla,Q de Kock,HH Pandya,0,0,,,,,,,,,
1022367,2017,2017-06-11,Kennington Oval,1,12.4,South Africa,India,HM Amla,Q de Kock,HH Pandya,1,0,,,,,,,,,
1022367,2017,2017-06-11,Kennington Oval,1,12.5,South Africa,India,Q de Kock,HM Amla,HH Pandya,1,0,,,,,,,,,
1022367,2017,2017-06-11,Kennington Oval,1,12.6,South Africa,India,HM Amla,Q de Kock,HH Pandya,0,0,,,,,,,,,
1022367,2017,2017-06-11,Kennington Oval,1,13.1,South Africa,India,Q de Kock,HM Amla,R Ashwin,0,0,,,,,,,,,
1022367,2017,2017-06-11,Kennington Oval,1,13.2,South Africa,India,Q de Kock,HM Amla,R Ashwin,0,0,,,,,,,,,
1022367,2017,2017-06-11,Kennington Oval,1,13.3,South Africa,India,Q de Kock,HM Amla,R Ashwin,0,0,,,,,,,,,
1022367,2017,2017-06-11,Kennington Oval,1,13.4,South Africa,India,Q de Kock,HM Amla,R Ashwin,1,0,,,,,,,,,
1022367,2017,2017-06-11,Kennington Oval,1,13.5,South Africa,India,HM Amla,Q de Kock,R Ashwin,1,0,,,,,,,,,
1022367,2017,2017-06-11,Kennington Oval,1,13.6,South Africa,India,Q de Kock,HM Amla,R Ashwin,0,0,,,,,,,,,
1022367,2017,2017-06-11,Kennington Oval,1,14.1,South Africa,India,HM Amla,Q de Kock,HH Pandya,6,0,,,,,,,,,
1022367,2017,2017-06-11,Kennington Oval,1,14.2,South Africa,India,HM Amla,Q de Kock,HH Pandya,0,0,,,,,,,,,
1022367,2017,2017-06-11,Kennington Oval,1,14.3,South Africa,India,HM Amla,Q de Kock,HH Pandya,0,0,,,,,,,,,
1022367,2017,2017-06-11,Kennington Oval,1,14.4,South Africa,India,HM Amla,Q de Kock,HH Pandya,0,0,,,,,,,,,
1022367,2017,2017-06-11,Kennington Oval,1,14.5,South Africa,India,HM Amla,Q de Kock,HH Pandya,4,0,,,,,,,,,
1022367,2017,2017-06-11,Kennington Oval,1,14.6,South Africa,India,HM Amla,Q de Kock,HH Pandya,0,0,,,,,,,,,
1022367,2017,2017-06-11,Kennington Oval,1,15.1,South Africa,India,Q de Kock,HM Amla,R Ashwin,1,0,,,,,,,,,
1022367,2017,2017-06-11,Kennington Oval,1,15.2,South Africa,India,HM Amla,Q de Kock,R Ashwin,1,0,,,,,,,,,
1022367,2017,2017-06-11,Kennington Oval,1,15.3,South Africa,India,Q de Kock,HM Amla,R Ashwin,0,0,,,,,,,,,
1022367,2017,2017-06-11,Kennington Oval,1,15.4,South Africa,India,Q de Kock,HM Amla,R Ashwin,1,0,,,,,,,,,
1022367,2017,2017-06-11,Kennington Oval,1,15.5,South Africa,India,HM Amla,Q de Kock,R Ashwin,1,0,,,,,,,,,
1022367,2017,2017-06-11,Kennington Oval,1,15.6,South Africa,India,Q de Kock,HM Amla,R Ashwin,1,0,,,,,,,,,
1022367,2017,2017-06-11,Kennington Oval,1,16.1,South Africa,India,Q de Kock,HM Amla,RA Jadeja,1,0,,,,,,,,,
1022367,2017,2017-06-11,Kennington Oval,1,16.2,South Africa,India,HM Amla,Q de Kock,RA Jadeja,1,0,,,,,,,,,
1022367,2017,2017-06-11,Kennington Oval,1,16.3,South Africa,India,Q de Kock,HM Amla,RA Jadeja,1,0,,,,,,,,,
1022367,2017,2017-06-11,Kennington Oval,1,16.4,South Africa,India,HM Amla,Q de Kock,RA Jadeja,1,0,,,,,,,,,
1022367,2017,2017-06-11,Kennington Oval,1,16.5,South Africa,India,Q de Kock,HM Amla,RA Jadeja,0,0,,,,,,,,,
1022367,2017,2017-06-11,Kennington Oval,1,16.6,South Africa,India,Q de Kock,HM Amla,RA Jadeja,0,0,,,,,,,,,
1022367,2017,2017-06-11,Kennington Oval,1,17.1,South Africa,India,HM Amla,Q de Kock,R Ashwin,0,1,1,,,,,,,,
1022367,2017,2017-06-11,Kennington Oval,1,17.2,South Africa,India,HM Amla,Q de Kock,R Ashwin,4,0,,,,,,,,,
1022367,2017,2017-06-11,Kennington Oval,1,17.3,South Africa,India,HM Amla,Q de Kock,R Ashwin,0,0,,,,,,,,,
1022367,2017,2017-06-11,Kennington Oval,1,17.4,South Africa,India,HM Amla,Q de Kock,R Ashwin,0,0,,,,,,caught,HM Amla,,
1022367,2017,2017-06-11,Kennington Oval,1,17.5,South Africa,India,F du Plessis,Q de Kock,R Ashwin,1,0,,,,,,,,,
1022367,2017,2017-06-11,Kennington Oval,1,17.6,South Africa,India,Q de Kock,F du Plessis,R Ashwin,0,0,,,,,,,,,
1022367,2017,2017-06-11,Kennington Oval,1,17.7,South Africa,India,Q de Kock,F du Plessis,R Ashwin,0,0,,,,,,,,,
1022367,2017,2017-06-11,Kennington Oval,1,18.1,South Africa,India,F du Plessis,Q de Kock,RA Jadeja,1,0,,,,,,,,,
1022367,2017,2017-06-11,Kennington Oval,1,18.2,South Africa,India,Q de Kock,F du Plessis,RA Jadeja,1,0,,,,,,,,,
1022367,2017,2017-06-11,Kennington Oval,1,18.3,South Africa,India,F du Plessis,Q de Kock,RA Jadeja,1,0,,,,,,,,,
1022367,2017,2017-06-11,Kennington Oval,1,18.4,South Africa,India,Q de Kock,F du Plessis,RA Jadeja,1,0,,,,,,,,,
1022367,2017,2017-06-11,Kennington Oval,1,18.5,South Africa,India,F du Plessis,Q de Kock,RA Jadeja,2,0,,,,,,,,,
1022367,2017,2017-06-11,Kennington Oval,1,18.6,South Africa,India,F du Plessis,Q de Kock,RA Jadeja,1,0,,,,,,,,,
1022367,2017,2017-06-11,Kennington Oval,1,19.1,South Africa,India,F du Plessis,Q de Kock,R Ashwin,1,0,,,,,,,,,
1022367,2017,2017-06-11,Kennington Oval,1,19.2,South Africa,India,Q de Kock,F du Plessis,R Ashwin,4,0,,,,,,,,,
1022367,2017,2017-06-11,Kennington Oval,1,19.3,South Africa,India,Q de Kock,F du Plessis,R Ashwin,1,0,,,,,,,,,
1022367,2017,2017-06-11,Kennington Oval,1,19.4,South Africa,India,F du Plessis,Q de Kock,R Ashwin,2,0,,,,,,,,,
1022367,2017,2017-06-11,Kennington Oval,1,19.5,South Africa,India,F du Plessis,Q de Kock,R Ashwin,0,0,,,,,,,,,
1022367,2017,2017-06-11,Kennington Oval,1,19.6,South Africa,India,F du Plessis,Q de Kock,R Ashwin,0,1,1,,,,,,,,
1022367,2017,2017-06-11,Kennington Oval,1,19.7,South Africa,India,F du Plessis,Q de Kock,R Ashwin,1,0,,,,,,,,,
1022367,2017,2017-06-11,Kennington Oval,1,20.1,South Africa,India,F du Plessis,Q de Kock,RA Jadeja,1,0,,,,,,,,,
1022367,2017,2017-06-11,Kennington Oval,1,20.2,South Africa,India,Q de Kock,F du Plessis,RA Jadeja,1,0,,,,,,,,,
1022367,2017,2017-06-11,Kennington Oval,1,20.3,South Africa,India,F du Plessis,Q de Kock,RA Jadeja,1,0,,,,,,,,,
1022367,2017,2017-06-11,Kennington Oval,1,20.4,South Africa,India,Q de Kock,F du Plessis,RA Jadeja,0,0,,,,,,,,,
1022367,2017,2017-06-11,Kennington Oval,1,20.5,South Africa,India,Q de Kock,F du Plessis,RA Jadeja,1,0,,,,,,,,,
1022367,2017,2017-06-11,Kennington Oval,1,20.6,South Africa,India,F du Plessis,Q de Kock,RA Jadeja,1,0,,,,,,,,,
1022367,2017,2017-06-11,Kennington Oval,1,21.1,South Africa,India,F du Plessis,Q de Kock,HH Pandya,0,0,,,,,,,,,
1022367,2017,2017-06-11,Kennington Oval,1,21.2,South Africa,India,F du Plessis,Q de Kock,HH Pandya,0,1,1,,,,,,,,
1022367,2017,2017-06-11,Kennington Oval,1,21.3,South Africa,India,F du Plessis,Q de Kock,HH Pandya,1,0,,,,,,,,,
1022367,2017,2017-06-11,Kennington Oval,1,21.4,South Africa,India,Q de Kock,F du Plessis,HH Pandya,0,0,,,,,,,,,
1022367,2017,2017-06-11,Kennington Oval,1,21.5,South Africa,India,Q de Kock,F du Plessis,HH Pandya,0,0,,,,,,,,,
1022367,2017,2017-06-11,Kennington Oval,1,21.6,South Africa,India,Q de Kock,F du Plessis,HH Pandya,2,0,,,,,,,,,
1022367,2017,2017-06-11,Kennington Oval,1,21.7,South Africa,India,Q de Kock,F du Plessis,HH Pandya,1,0,,,,,,,,,
1022367,2017,2017-06-11,Kennington Oval,1,22.1,South Africa,India,Q de Kock,F du Plessis,RA Jadeja,1,0,,,,,,,,,
1022367,2017,2017-06-11,Kennington Oval,1,22.2,South Africa,India,F du Plessis,Q de Kock,RA Jadeja,3,0,,,,,,,,,
1022367,2017,2017-06-11,Kennington Oval,1,22.3,South Africa,India,Q de Kock,F du Plessis,RA Jadeja,1,0,,,,,,,,,
1022367,2017,2017-06-11,Kennington Oval,1,22.4,South Africa,India,F du Plessis,Q de Kock,RA Jadeja,0,0,,,,,,,,,
1022367,2017,2017-06-11,Kennington Oval,1,22.5,South Africa,India,F du Plessis,Q de Kock,RA Jadeja,1,0,,,,,,,,,
1022367,2017,2017-06-11,Kennington Oval,1,22.6,South Africa,India,Q de Kock,F du Plessis,RA Jadeja,0,0,,,,,,,,,
1022367,2017,2017-06-11,Kennington Oval,1,23.1,South Africa,India,F du Plessis,Q de Kock,HH Pandya,1,0,,,,,,,,,
1022367,2017,2017-06-11,Kennington Oval,1,23.2,South Africa,India,Q de Kock,F du Plessis,HH Pandya,1,0,,,,,,,,,
1022367,2017,2017-06-11,Kennington Oval,1,23.3,South Africa,India,F du Plessis,Q de Kock,HH Pandya,1,0,,,,,,,,,
1022367,2017,2017-06-11,Kennington Oval,1,23.4,South Africa,India,Q de Kock,F du Plessis,HH Pandya,2,0,,,,,,,,,
1022367,2017,2017-06-11,Kennington Oval,1,23.5,South Africa,India,Q de Kock,F du Plessis,HH Pandya,1,0,,,,,,,,,
1022367,2017,2017-06-11,Kennington Oval,1,23.6,South Africa,India,F du Plessis,Q de Kock,HH Pandya,0,0,,,,,,,,,
1022367,2017,2017-06-11,Kennington Oval,1,24.1,South Africa,India,Q de Kock,F du Plessis,RA Jadeja,0,0,,,,,,,,,
1022367,2017,2017-06-11,Kennington Oval,1,24.2,South Africa,India,Q de Kock,F du Plessis,RA Jadeja,0,0,,,,,,bowled,Q de Kock,,
1022367,2017,2017-06-11,Kennington Oval,1,24.3,South Africa,India,AB de Villiers,F du Plessis,RA Jadeja,2,0,,,,,,,,,
1022367,2017,2017-06-11,Kennington Oval,1,24.4,South Africa,India,AB de Villiers,F du Plessis,RA Jadeja,1,0,,,,,,,,,
1022367,2017,2017-06-11,Kennington Oval,1,24.5,South Africa,India,F du Plessis,AB de Villiers,RA Jadeja,0,0,,,,,,,,,
1022367,2017,2017-06-11,Kennington Oval,1,24.6,South Africa,India,F du Plessis,AB de Villiers,RA Jadeja,0,0,,,,,,,,,
1022367,2017,2017-06-11,Kennington Oval,1,25.1,South Africa,India,AB de Villiers,F du Plessis,HH Pandya,4,0,,,,,,,,,
1022367,2017,2017-06-11,Kennington Oval,1,25.2,South Africa,India,AB de Villiers,F du Plessis,HH Pandya,1,0,,,,,,,,,
1022367,2017,2017-06-11,Kennington Oval,1,25.3,South Africa,India,F du Plessis,AB de Villiers,HH Pandya,4,0,,,,,,,,,
1022367,2017,2017-06-11,Kennington Oval,1,25.4,South Africa,India,F du Plessis,AB de Villiers,HH Pandya,1,0,,,,,,,,,
1022367,2017,2017-06-11,Kennington Oval,1,25.5,South Africa,India,AB de Villiers,F du Plessis,HH Pandya,0,1,1,,,,,,,,
1022367,2017,2017-06-11,Kennington Oval,1,25.6,South Africa,India,AB de Villiers,F du Plessis,HH Pandya,0,0,,,,,,,,,
1022367,2017,2017-06-11,Kennington Oval,1,25.7,South Africa,India,AB de Villiers,F du Plessis,HH Pandya,1,0,,,,,,,,,
1022367,2017,2017-06-11,Kennington Oval,1,26.1,South Africa,India,AB de Villiers,F du Plessis,RA Jadeja,1,0,,,,,,,,,
1022367,2017,2017-06-11,Kennington Oval,1,26.2,South Africa,India,F du Plessis,AB de Villiers,RA Jadeja,0,0,,,,,,,,,
1022367,2017,2017-06-11,Kennington Oval,1,26.3,South Africa,India,F du Plessis,AB de Villiers,RA Jadeja,0,0,,,,,,,,,
1022367,2017,2017-06-11,Kennington Oval,1,26.4,South Africa,India,F du Plessis,AB de Villiers,RA Jadeja,0,0,,,,,,,,,
1022367,2017,2017-06-11,Kennington Oval,1,26.5,South Africa,India,F du Plessis,AB de Villiers,RA Jadeja,0,0,,,,,,,,,
1022367,2017,2017-06-11,Kennington Oval,1,26.6,South Africa,India,F du Plessis,AB de Villiers,RA Jadeja,0,0,,,,,,,,,
1022367,2017,2017-06-11,Kennington Oval,1,27.1,South Africa,India,AB de Villiers,F du Plessis,JJ Bumrah,1,0,,,,,,,,,
1022367,2017,2017-06-11,Kennington Oval,1,27.2,South Africa,India,F du Plessis,AB de Villiers,JJ Bumrah,1,0,,,,,,,,,
1022367,2017,2017-06-11,Kennington Oval,1,27.3,South Africa,India,AB de Villiers,F du Plessis,JJ Bumrah,1,0,,,,,,,,,
1022367,2017,2017-06-11,Kennington Oval,1,27.4,South Africa,India,F du Plessis,AB de Villiers,JJ Bumrah,1,0,,,,,,,,,
1022367,2017,2017-06-11,Kennington Oval,1,27.5,South Africa,India,AB de Villiers,F du Plessis,JJ Bumrah,2,0,,,,,,,,,
1022367,2017,2017-06-11,Kennington Oval,1,27.6,South Africa,India,AB de Villiers,F du Plessis,JJ Bumrah,1,0,,,,,,,,,
1022367,2017,2017-06-11,Kennington Oval,1,28.1,South Africa,India,AB de Villiers,F du Plessis,RA Jadeja,1,0,,,,,,,,,
1022367,2017,2017-06-11,Kennington Oval,1,28.2,South Africa,India,F du Plessis,AB de Villiers,RA Jadeja,0,0,,,,,,run out,AB de Villiers,,
1022367,2017,2017-06-11,Kennington Oval,1,28.3,South Africa,India,DA Miller,F du Plessis,RA Jadeja,0,0,,,,,,,,,
1022367,2017,2017-06-11,Kennington Oval,1,28.4,South Africa,India,DA Miller,F du Plessis,RA Jadeja,1,0,,,,,,,,,
1022367,2017,2017-06-11,Kennington Oval,1,28.5,South Africa,India,F du Plessis,DA Miller,RA Jadeja,1,0,,,,,,,,,
1022367,2017,2017-06-11,Kennington Oval,1,28.6,South Africa,India,DA Miller,F du Plessis,RA Jadeja,0,0,,,,,,,,,
1022367,2017,2017-06-11,Kennington Oval,1,29.1,South Africa,India,F du Plessis,DA Miller,R Ashwin,0,0,,,,,,run out,DA Miller,,
1022367,2017,2017-06-11,Kennington Oval,1,29.2,South Africa,India,F du Plessis,JP Duminy,R Ashwin,0,0,,,,,,,,,
1022367,2017,2017-06-11,Kennington Oval,1,29.3,South Africa,India,F du Plessis,JP Duminy,R Ashwin,1,0,,,,,,,,,
1022367,2017,2017-06-11,Kennington Oval,1,29.4,South Africa,India,JP Duminy,F du Plessis,R Ashwin,1,0,,,,,,,,,
1022367,2017,2017-06-11,Kennington Oval,1,29.5,South Africa,India,F du Plessis,JP Duminy,R Ashwin,0,0,,,,,,,,,
1022367,2017,2017-06-11,Kennington Oval,1,29.6,South Africa,India,F du Plessis,JP Duminy,R Ashwin,1,0,,,,,,,,,
1022367,2017,2017-06-11,Kennington Oval,1,30.1,South Africa,India,F du Plessis,JP Duminy,RA Jadeja,1,0,,,,,,,,,
1022367,2017,2017-06-11,Kennington Oval,1,30.2,South Africa,India,JP Duminy,F du Plessis,RA Jadeja,0,0,,,,,,,,,
1022367,2017,2017-06-11,Kennington Oval,1,30.3,South Africa,India,JP Duminy,F du Plessis,RA Jadeja,1,0,,,,,,,,,
1022367,2017,2017-06-11,Kennington Oval,1,30.4,South Africa,India,F du Plessis,JP Duminy,RA Jadeja,0,0,,,,,,,,,
1022367,2017,2017-06-11,Kennington Oval,1,30.5,South Africa,India,F du Plessis,JP Duminy,RA Jadeja,0,0,,,,,,,,,
1022367,2017,2017-06-11,Kennington Oval,1,30.6,South Africa,India,F du Plessis,JP Duminy,RA Jadeja,1,0,,,,,,,,,
1022367,2017,2017-06-11,Kennington Oval,1,31.1,South Africa,India,F du Plessis,JP Duminy,HH Pandya,0,0,,,,,,,,,
1022367,2017,2017-06-11,Kennington Oval,1,31.2,South Africa,India,F du Plessis,JP Duminy,HH Pandya,0,0,,,,,,,,,
1022367,2017,2017-06-11,Kennington Oval,1,31.3,South Africa,India,F du Plessis,JP Duminy,HH Pandya,0,1,1,,,,,,,,
1022367,2017,2017-06-11,Kennington Oval,1,31.4,South Africa,India,F du Plessis,JP Duminy,HH Pandya,1,0,,,,,,,,,
1022367,2017,2017-06-11,Kennington Oval,1,31.5,South Africa,India,JP Duminy,F du Plessis,HH Pandya,1,0,,,,,,,,,
1022367,2017,2017-06-11,Kennington Oval,1,31.6,South Africa,India,F du Plessis,JP Duminy,HH Pandya,0,0,,,,,,,,,
1022367,2017,2017-06-11,Kennington Oval,1,31.7,South Africa,India,F du Plessis,JP Duminy,HH Pandya,1,0,,,,,,,,,
1022367,2017,2017-06-11,Kennington Oval,1,32.1,South Africa,India,F du Plessis,JP Duminy,RA Jadeja,1,0,,,,,,,,,
1022367,2017,2017-06-11,Kennington Oval,1,32.2,South Africa,India,JP Duminy,F du Plessis,RA Jadeja,0,0,,,,,,,,,
1022367,2017,2017-06-11,Kennington Oval,1,32.3,South Africa,India,JP Duminy,F du Plessis,RA Jadeja,0,0,,,,,,,,,
1022367,2017,2017-06-11,Kennington Oval,1,32.4,South Africa,India,JP Duminy,F du Plessis,RA Jadeja,1,0,,,,,,,,,
1022367,2017,2017-06-11,Kennington Oval,1,32.5,South Africa,India,F du Plessis,JP Duminy,RA Jadeja,1,0,,,,,,,,,
1022367,2017,2017-06-11,Kennington Oval,1,32.6,South Africa,India,JP Duminy,F du Plessis,RA Jadeja,1,0,,,,,,,,,
1022367,2017,2017-06-11,Kennington Oval,1,33.1,South Africa,India,JP Duminy,F du Plessis,HH Pandya,0,0,,,,,,,,,
1022367,2017,2017-06-11,Kennington Oval,1,33.2,South Africa,India,JP Duminy,F du Plessis,HH Pandya,1,0,,,,,,,,,
1022367,2017,2017-06-11,Kennington Oval,1,33.3,South Africa,India,F du Plessis,JP Duminy,HH Pandya,0,0,,,,,,bowled,F du Plessis,,
1022367,2017,2017-06-11,Kennington Oval,1,33.4,South Africa,India,CH Morris,JP Duminy,HH Pandya,0,0,,,,,,,,,
1022367,2017,2017-06-11,Kennington Oval,1,33.5,South Africa,India,CH Morris,JP Duminy,HH Pandya,0,0,,,,,,,,,
1022367,2017,2017-06-11,Kennington Oval,1,33.6,South Africa,India,CH Morris,JP Duminy,HH Pandya,2,0,,,,,,,,,
1022367,2017,2017-06-11,Kennington Oval,1,34.1,South Africa,India,JP Duminy,CH Morris,RA Jadeja,0,0,,,,,,,,,
1022367,2017,2017-06-11,Kennington Oval,1,34.2,South Africa,India,JP Duminy,CH Morris,RA Jadeja,0,0,,,,,,,,,
1022367,2017,2017-06-11,Kennington Oval,1,34.3,South Africa,India,JP Duminy,CH Morris,RA Jadeja,1,0,,,,,,,,,
1022367,2017,2017-06-11,Kennington Oval,1,34.4,South Africa,India,CH Morris,JP Duminy,RA Jadeja,1,0,,,,,,,,,
1022367,2017,2017-06-11,Kennington Oval,1,34.5,South Africa,India,JP Duminy,CH Morris,RA Jadeja,0,0,,,,,,,,,
1022367,2017,2017-06-11,Kennington Oval,1,34.6,South Africa,India,JP Duminy,CH Morris,RA Jadeja,1,0,,,,,,,,,
1022367,2017,2017-06-11,Kennington Oval,1,35.1,South Africa,India,JP Duminy,CH Morris,HH Pandya,0,0,,,,,,,,,
1022367,2017,2017-06-11,Kennington Oval,1,35.2,South Africa,India,JP Duminy,CH Morris,HH Pandya,0,0,,,,,,,,,
1022367,2017,2017-06-11,Kennington Oval,1,35.3,South Africa,India,JP Duminy,CH Morris,HH Pandya,1,0,,,,,,,,,
1022367,2017,2017-06-11,Kennington Oval,1,35.4,South Africa,India,CH Morris,JP Duminy,HH Pandya,1,0,,,,,,,,,
1022367,2017,2017-06-11,Kennington Oval,1,35.5,South Africa,India,JP Duminy,CH Morris,HH Pandya,1,0,,,,,,,,,
1022367,2017,2017-06-11,Kennington Oval,1,35.6,South Africa,India,CH Morris,JP Duminy,HH Pandya,0,0,,,,,,,,,
1022367,2017,2017-06-11,Kennington Oval,1,36.1,South Africa,India,JP Duminy,CH Morris,JJ Bumrah,0,1,1,,,,,,,,
1022367,2017,2017-06-11,Kennington Oval,1,36.2,South Africa,India,JP Duminy,CH Morris,JJ Bumrah,0,0,,,,,,,,,
1022367,2017,2017-06-11,Kennington Oval,1,36.3,South Africa,India,JP Duminy,CH Morris,JJ Bumrah,1,0,,,,,,,,,
1022367,2017,2017-06-11,Kennington Oval,1,36.4,South Africa,India,CH Morris,JP Duminy,JJ Bumrah,0,0,,,,,,,,,
1022367,2017,2017-06-11,Kennington Oval,1,36.5,South Africa,India,CH Morris,JP Duminy,JJ Bumrah,0,0,,,,,,caught,CH Morris,,
1022367,2017,2017-06-11,Kennington Oval,1,36.6,South Africa,India,JP Duminy,AL Phehlukwayo,JJ Bumrah,0,0,,,,,,,,,
1022367,2017,2017-06-11,Kennington Oval,1,36.7,South Africa,India,JP Duminy,AL Phehlukwayo,JJ Bumrah,0,0,,,,,,,,,
1022367,2017,2017-06-11,Kennington Oval,1,37.1,South Africa,India,AL Phehlukwayo,JP Duminy,HH Pandya,1,0,,,,,,,,,
1022367,2017,2017-06-11,Kennington Oval,1,37.2,South Africa,India,JP Duminy,AL Phehlukwayo,HH Pandya,0,0,,,,,,,,,
1022367,2017,2017-06-11,Kennington Oval,1,37.3,South Africa,India,JP Duminy,AL Phehlukwayo,HH Pandya,0,0,,,,,,,,,
1022367,2017,2017-06-11,Kennington Oval,1,37.4,South Africa,India,JP Duminy,AL Phehlukwayo,HH Pandya,0,0,,,,,,,,,
1022367,2017,2017-06-11,Kennington Oval,1,37.5,South Africa,India,JP Duminy,AL Phehlukwayo,HH Pandya,1,0,,,,,,,,,
1022367,2017,2017-06-11,Kennington Oval,1,37.6,South Africa,India,AL Phehlukwayo,JP Duminy,HH Pandya,0,0,,,,,,,,,
1022367,2017,2017-06-11,Kennington Oval,1,38.1,South Africa,India,JP Duminy,AL Phehlukwayo,R Ashwin,4,0,,,,,,,,,
1022367,2017,2017-06-11,Kennington Oval,1,38.2,South Africa,India,JP Duminy,AL Phehlukwayo,R Ashwin,0,0,,,,,,,,,
1022367,2017,2017-06-11,Kennington Oval,1,38.3,South Africa,India,JP Duminy,AL Phehlukwayo,R Ashwin,1,0,,,,,,,,,
1022367,2017,2017-06-11,Kennington Oval,1,38.4,South Africa,India,AL Phehlukwayo,JP Duminy,R Ashwin,0,0,,,,,,,,,
1022367,2017,2017-06-11,Kennington Oval,1,38.5,South Africa,India,AL Phehlukwayo,JP Duminy,R Ashwin,0,0,,,,,,,,,
1022367,2017,2017-06-11,Kennington Oval,1,38.6,South Africa,India,AL Phehlukwayo,JP Duminy,R Ashwin,1,0,,,,,,,,,
1022367,2017,2017-06-11,Kennington Oval,1,39.1,South Africa,India,AL Phehlukwayo,JP Duminy,B Kumar,1,0,,,,,,,,,
1022367,2017,2017-06-11,Kennington Oval,1,39.2,South Africa,India,JP Duminy,AL Phehlukwayo,B Kumar,1,0,,,,,,,,,
1022367,2017,2017-06-11,Kennington Oval,1,39.3,South Africa,India,AL Phehlukwayo,JP Duminy,B Kumar,0,0,,,,,,,,,
1022367,2017,2017-06-11,Kennington Oval,1,39.4,South Africa,India,AL Phehlukwayo,JP Duminy,B Kumar,0,0,,,,,,,,,
1022367,2017,2017-06-11,Kennington Oval,1,39.5,South Africa,India,AL Phehlukwayo,JP Duminy,B Kumar,0,0,,,,,,,,,
1022367,2017,2017-06-11,Kennington Oval,1,39.6,South Africa,India,AL Phehlukwayo,JP Duminy,B Kumar,1,0,,,,,,,,,
1022367,2017,2017-06-11,Kennington Oval,1,40.1,South Africa,India,AL Phehlukwayo,JP Duminy,JJ Bumrah,0,0,,,,,,lbw,AL Phehlukwayo,,
1022367,2017,2017-06-11,Kennington Oval,1,40.2,South Africa,India,K Rabada,JP Duminy,JJ Bumrah,0,0,,,,,,,,,
1022367,2017,2017-06-11,Kennington Oval,1,40.3,South Africa,India,K Rabada,JP Duminy,JJ Bumrah,0,0,,,,,,,,,
1022367,2017,2017-06-11,Kennington Oval,1,40.4,South Africa,India,K Rabada,JP Duminy,JJ Bumrah,0,0,,,,,,,,,
1022367,2017,2017-06-11,Kennington Oval,1,40.5,South Africa,India,K Rabada,JP Duminy,JJ Bumrah,4,0,,,,,,,,,
1022367,2017,2017-06-11,Kennington Oval,1,40.6,South Africa,India,K Rabada,JP Duminy,JJ Bumrah,0,0,,,,,,,,,
1022367,2017,2017-06-11,Kennington Oval,1,41.1,South Africa,India,JP Duminy,K Rabada,R Ashwin,0,0,,,,,,,,,
1022367,2017,2017-06-11,Kennington Oval,1,41.2,South Africa,India,JP Duminy,K Rabada,R Ashwin,0,0,,,,,,,,,
1022367,2017,2017-06-11,Kennington Oval,1,41.3,South Africa,India,JP Duminy,K Rabada,R Ashwin,0,0,,,,,,,,,
1022367,2017,2017-06-11,Kennington Oval,1,41.4,South Africa,India,JP Duminy,K Rabada,R Ashwin,0,0,,,,,,,,,
1022367,2017,2017-06-11,Kennington Oval,1,41.5,South Africa,India,JP Duminy,K Rabada,R Ashwin,1,0,,,,,,,,,
1022367,2017,2017-06-11,Kennington Oval,1,41.6,South Africa,India,K Rabada,JP Duminy,R Ashwin,1,0,,,,,,,,,
1022367,2017,2017-06-11,Kennington Oval,1,42.1,South Africa,India,K Rabada,JP Duminy,B Kumar,0,0,,,,,,,,,
1022367,2017,2017-06-11,Kennington Oval,1,42.2,South Africa,India,K Rabada,JP Duminy,B Kumar,0,0,,,,,,caught,K Rabada,,
1022367,2017,2017-06-11,Kennington Oval,1,42.3,South Africa,India,M Morkel,JP Duminy,B Kumar,0,0,,,,,,caught,M Morkel,,
1022367,2017,2017-06-11,Kennington Oval,1,42.4,South Africa,India,Imran Tahir,JP Duminy,B Kumar,1,0,,,,,,,,,
1022367,2017,2017-06-11,Kennington Oval,1,42.5,South Africa,India,JP Duminy,Imran Tahir,B Kumar,0,4,,,,4,,,,,
1022367,2017,2017-06-11,Kennington Oval,1,42.6,South Africa,India,JP Duminy,Imran Tahir,B Kumar,0,0,,,,,,,,,
1022367,2017,2017-06-11,Kennington Oval,1,43.1,South Africa,India,Imran Tahir,JP Duminy,JJ Bumrah,0,1,1,,,,,,,,
1022367,2017,2017-06-11,Kennington Oval,1,43.2,South Africa,India,Imran Tahir,JP Duminy,JJ Bumrah,0,0,,,,,,,,,
1022367,2017,2017-06-11,Kennington Oval,1,43.3,South Africa,India,Imran Tahir,JP Duminy,JJ Bumrah,0,0,,,,,,,,,
1022367,2017,2017-06-11,Kennington Oval,1,43.4,South Africa,India,Imran Tahir,JP Duminy,JJ Bumrah,0,0,,,,,,,,,
1022367,2017,2017-06-11,Kennington Oval,1,43.5,South Africa,India,Imran Tahir,JP Duminy,JJ Bumrah,0,0,,,,,,,,,
1022367,2017,2017-06-11,Kennington Oval,1,43.6,South Africa,India,Imran Tahir,JP Duminy,JJ Bumrah,0,0,,,,,,,,,
1022367,2017,2017-06-11,Kennington Oval,1,43.7,South Africa,India,Imran Tahir,JP Duminy,JJ Bumrah,0,0,,,,,,,,,
1022367,2017,2017-06-11,Kennington Oval,1,44.1,South Africa,India,JP Duminy,Imran Tahir,B Kumar,0,0,,,,,,,,,
1022367,2017,2017-06-11,Kennington Oval,1,44.2,South Africa,India,JP Duminy,Imran Tahir,B Kumar,0,0,,,,,,,,,
1022367,2017,2017-06-11,Kennington Oval,1,44.3,South Africa,India,JP Duminy,Imran Tahir,B Kumar,1,0,,,,,,run out,Imran Tahir,,
1022367,2017,2017-06-11,Kennington Oval,2,0.1,India,South Africa,RG Sharma,S Dhawan,K Rabada,0,0,,,,,,,,,
1022367,2017,2017-06-11,Kennington Oval,2,0.2,India,South Africa,RG Sharma,S Dhawan,K Rabada,0,0,,,,,,,,,
1022367,2017,2017-06-11,Kennington Oval,2,0.3,India,South Africa,RG Sharma,S Dhawan,K Rabada,0,0,,,,,,,,,
1022367,2017,2017-06-11,Kennington Oval,2,0.4,India,South Africa,RG Sharma,S Dhawan,K Rabada,0,0,,,,,,,,,
1022367,2017,2017-06-11,Kennington Oval,2,0.5,India,South Africa,RG Sharma,S Dhawan,K Rabada,0,0,,,,,,,,,
1022367,2017,2017-06-11,Kennington Oval,2,0.6,India,South Africa,RG Sharma,S Dhawan,K Rabada,0,0,,,,,,,,,
1022367,2017,2017-06-11,Kennington Oval,2,1.1,India,South Africa,S Dhawan,RG Sharma,M Morkel,0,0,,,,,,,,,
1022367,2017,2017-06-11,Kennington Oval,2,1.2,India,South Africa,S Dhawan,RG Sharma,M Morkel,1,0,,,,,,,,,
1022367,2017,2017-06-11,Kennington Oval,2,1.3,India,South Africa,RG Sharma,S Dhawan,M Morkel,0,0,,,,,,,,,
1022367,2017,2017-06-11,Kennington Oval,2,1.4,India,South Africa,RG Sharma,S Dhawan,M Morkel,0,0,,,,,,,,,
1022367,2017,2017-06-11,Kennington Oval,2,1.5,India,South Africa,RG Sharma,S Dhawan,M Morkel,1,0,,,,,,,,,
1022367,2017,2017-06-11,Kennington Oval,2,1.6,India,South Africa,S Dhawan,RG Sharma,M Morkel,0,0,,,,,,,,,
1022367,2017,2017-06-11,Kennington Oval,2,2.1,India,South Africa,RG Sharma,S Dhawan,K Rabada,0,0,,,,,,,,,
1022367,2017,2017-06-11,Kennington Oval,2,2.2,India,South Africa,RG Sharma,S Dhawan,K Rabada,0,0,,,,,,,,,
1022367,2017,2017-06-11,Kennington Oval,2,2.3,India,South Africa,RG Sharma,S Dhawan,K Rabada,0,0,,,,,,,,,
1022367,2017,2017-06-11,Kennington Oval,2,2.4,India,South Africa,RG Sharma,S Dhawan,K Rabada,0,0,,,,,,,,,
1022367,2017,2017-06-11,Kennington Oval,2,2.5,India,South Africa,RG Sharma,S Dhawan,K Rabada,4,0,,,,,,,,,
1022367,2017,2017-06-11,Kennington Oval,2,2.6,India,South Africa,RG Sharma,S Dhawan,K Rabada,6,0,,,,,,,,,
1022367,2017,2017-06-11,Kennington Oval,2,3.1,India,South Africa,S Dhawan,RG Sharma,M Morkel,0,0,,,,,,,,,
1022367,2017,2017-06-11,Kennington Oval,2,3.2,India,South Africa,S Dhawan,RG Sharma,M Morkel,0,0,,,,,,,,,
1022367,2017,2017-06-11,Kennington Oval,2,3.3,India,South Africa,S Dhawan,RG Sharma,M Morkel,0,0,,,,,,,,,
1022367,2017,2017-06-11,Kennington Oval,2,3.4,India,South Africa,S Dhawan,RG Sharma,M Morkel,6,0,,,,,,,,,
1022367,2017,2017-06-11,Kennington Oval,2,3.5,India,South Africa,S Dhawan,RG Sharma,M Morkel,0,0,,,,,,,,,
1022367,2017,2017-06-11,Kennington Oval,2,3.6,India,South Africa,S Dhawan,RG Sharma,M Morkel,0,0,,,,,,,,,
1022367,2017,2017-06-11,Kennington Oval,2,4.1,India,South Africa,RG Sharma,S Dhawan,K Rabada,0,0,,,,,,,,,
1022367,2017,2017-06-11,Kennington Oval,2,4.2,India,South Africa,RG Sharma,S Dhawan,K Rabada,1,0,,,,,,,,,
1022367,2017,2017-06-11,Kennington Oval,2,4.3,India,South Africa,S Dhawan,RG Sharma,K Rabada,0,0,,,,,,,,,
1022367,2017,2017-06-11,Kennington Oval,2,4.4,India,South Africa,S Dhawan,RG Sharma,K Rabada,4,0,,,,,,,,,
1022367,2017,2017-06-11,Kennington Oval,2,4.5,India,South Africa,S Dhawan,RG Sharma,K Rabada,0,0,,,,,,,,,
1022367,2017,2017-06-11,Kennington Oval,2,4.6,India,South Africa,S Dhawan,RG Sharma,K Rabada,0,0,,,,,,,,,
1022367,2017,2017-06-11,Kennington Oval,2,5.1,India,South Africa,RG Sharma,S Dhawan,M Morkel,0,0,,,,,,,,,
1022367,2017,2017-06-11,Kennington Oval,2,5.2,India,South Africa,RG Sharma,S Dhawan,M Morkel,0,0,,,,,,,,,
1022367,2017,2017-06-11,Kennington Oval,2,5.3,India,South Africa,RG Sharma,S Dhawan,M Morkel,0,0,,,,,,caught,RG Sharma,,
1022367,2017,2017-06-11,Kennington Oval,2,5.4,India,South Africa,V Kohli,S Dhawan,M Morkel,1,0,,,,,,,,,
1022367,2017,2017-06-11,Kennington Oval,2,5.5,India,South Africa,S Dhawan,V Kohli,M Morkel,0,0,,,,,,,,,
1022367,2017,2017-06-11,Kennington Oval,2,5.6,India,South Africa,S Dhawan,V Kohli,M Morkel,0,0,,,,,,,,,
1022367,2017,2017-06-11,Kennington Oval,2,6.1,India,South Africa,V Kohli,S Dhawan,K Rabada,0,0,,,,,,,,,
1022367,2017,2017-06-11,Kennington Oval,2,6.2,India,South Africa,V Kohli,S Dhawan,K Rabada,0,0,,,,,,,,,
1022367,2017,2017-06-11,Kennington Oval,2,6.3,India,South Africa,V Kohli,S Dhawan,K Rabada,0,0,,,,,,,,,
1022367,2017,2017-06-11,Kennington Oval,2,6.4,India,South Africa,V Kohli,S Dhawan,K Rabada,0,0,,,,,,,,,
1022367,2017,2017-06-11,Kennington Oval,2,6.5,India,South Africa,V Kohli,S Dhawan,K Rabada,0,0,,,,,,,,,
1022367,2017,2017-06-11,Kennington Oval,2,6.6,India,South Africa,V Kohli,S Dhawan,K Rabada,0,0,,,,,,,,,
1022367,2017,2017-06-11,Kennington Oval,2,7.1,India,South Africa,S Dhawan,V Kohli,M Morkel,0,0,,,,,,,,,
1022367,2017,2017-06-11,Kennington Oval,2,7.2,India,South Africa,S Dhawan,V Kohli,M Morkel,0,0,,,,,,,,,
1022367,2017,2017-06-11,Kennington Oval,2,7.3,India,South Africa,S Dhawan,V Kohli,M Morkel,0,0,,,,,,,,,
1022367,2017,2017-06-11,Kennington Oval,2,7.4,India,South Africa,S Dhawan,V Kohli,M Morkel,0,0,,,,,,,,,
1022367,2017,2017-06-11,Kennington Oval,2,7.5,India,South Africa,S Dhawan,V Kohli,M Morkel,0,0,,,,,,,,,
1022367,2017,2017-06-11,Kennington Oval,2,7.6,India,South Africa,S Dhawan,V Kohli,M Morkel,0,0,,,,,,,,,
1022367,2017,2017-06-11,Kennington Oval,2,8.1,India,South Africa,V Kohli,S Dhawan,K Rabada,0,0,,,,,,,,,
1022367,2017,2017-06-11,Kennington Oval,2,8.2,India,South Africa,V Kohli,S Dhawan,K Rabada,0,0,,,,,,,,,
1022367,2017,2017-06-11,Kennington Oval,2,8.3,India,South Africa,V Kohli,S Dhawan,K Rabada,0,0,,,,,,,,,
1022367,2017,2017-06-11,Kennington Oval,2,8.4,India,South Africa,V Kohli,S Dhawan,K Rabada,1,0,,,,,,,,,
1022367,2017,2017-06-11,Kennington Oval,2,8.5,India,South Africa,S Dhawan,V Kohli,K Rabada,1,0,,,,,,,,,
1022367,2017,2017-06-11,Kennington Oval,2,8.6,India,South Africa,V Kohli,S Dhawan,K Rabada,0,0,,,,,,,,,
1022367,2017,2017-06-11,Kennington Oval,2,9.1,India,South Africa,S Dhawan,V Kohli,M Morkel,0,0,,,,,,,,,
1022367,2017,2017-06-11,Kennington Oval,2,9.2,India,South Africa,S Dhawan,V Kohli,M Morkel,4,0,,,,,,,,,
1022367,2017,2017-06-11,Kennington Oval,2,9.3,India,South Africa,S Dhawan,V Kohli,M Morkel,4,0,,,,,,,,,
1022367,2017,2017-06-11,Kennington Oval,2,9.4,India,South Africa,S Dhawan,V Kohli,M Morkel,0,0,,,,,,,,,
1022367,2017,2017-06-11,Kennington Oval,2,9.5,India,South Africa,S Dhawan,V Kohli,M Morkel,0,1,,1,,,,,,,
1022367,2017,2017-06-11,Kennington Oval,2,9.6,India,South Africa,S Dhawan,V Kohli,M Morkel,2,0,,,,,,,,,
1022367,2017,2017-06-11,Kennington Oval,2,9.7,India,South Africa,S Dhawan,V Kohli,M Morkel,0,0,,,,,,,,,
1022367,2017,2017-06-11,Kennington Oval,2,10.1,India,South Africa,V Kohli,S Dhawan,K Rabada,0,0,,,,,,,,,
1022367,2017,2017-06-11,Kennington Oval,2,10.2,India,South Africa,V Kohli,S Dhawan,K Rabada,0,0,,,,,,,,,
1022367,2017,2017-06-11,Kennington Oval,2,10.3,India,South Africa,V Kohli,S Dhawan,K Rabada,1,0,,,,,,,,,
1022367,2017,2017-06-11,Kennington Oval,2,10.4,India,South Africa,S Dhawan,V Kohli,K Rabada,0,0,,,,,,,,,
1022367,2017,2017-06-11,Kennington Oval,2,10.5,India,South Africa,S Dhawan,V Kohli,K Rabada,2,0,,,,,,,,,
1022367,2017,2017-06-11,Kennington Oval,2,10.6,India,South Africa,S Dhawan,V Kohli,K Rabada,1,0,,,,,,,,,
1022367,2017,2017-06-11,Kennington Oval,2,11.1,India,South Africa,S Dhawan,V Kohli,AL Phehlukwayo,3,0,,,,,,,,,
1022367,2017,2017-06-11,Kennington Oval,2,11.2,India,South Africa,V Kohli,S Dhawan,AL Phehlukwayo,0,0,,,,,,,,,
1022367,2017,2017-06-11,Kennington Oval,2,11.3,India,South Africa,V Kohli,S Dhawan,AL Phehlukwayo,2,0,,,,,,,,,
1022367,2017,2017-06-11,Kennington Oval,2,11.4,India,South Africa,V Kohli,S Dhawan,AL Phehlukwayo,0,0,,,,,,,,,
1022367,2017,2017-06-11,Kennington Oval,2,11.5,India,South Africa,V Kohli,S Dhawan,AL Phehlukwayo,1,0,,,,,,,,,
1022367,2017,2017-06-11,Kennington Oval,2,11.6,India,South Africa,S Dhawan,V Kohli,AL Phehlukwayo,0,0,,,,,,,,,
1022367,2017,2017-06-11,Kennington Oval,2,12.1,India,South Africa,V Kohli,S Dhawan,CH Morris,2,0,,,,,,,,,
1022367,2017,2017-06-11,Kennington Oval,2,12.2,India,South Africa,V Kohli,S Dhawan,CH Morris,0,0,,,,,,,,,
1022367,2017,2017-06-11,Kennington Oval,2,12.3,India,South Africa,V Kohli,S Dhawan,CH Morris,0,0,,,,,,,,,
1022367,2017,2017-06-11,Kennington Oval,2,12.4,India,South Africa,V Kohli,S Dhawan,CH Morris,0,0,,,,,,,,,
1022367,2017,2017-06-11,Kennington Oval,2,12.5,India,South Africa,V Kohli,S Dhawan,CH Morris,1,0,,,,,,,,,
1022367,2017,2017-06-11,Kennington Oval,2,12.6,India,South Africa,S Dhawan,V Kohli,CH Morris,0,0,,,,,,,,,
1022367,2017,2017-06-11,Kennington Oval,2,13.1,India,South Africa,V Kohli,S Dhawan,AL Phehlukwayo,6,0,,,,,,,,,
1022367,2017,2017-06-11,Kennington Oval,2,13.2,India,South Africa,V Kohli,S Dhawan,AL Phehlukwayo,1,0,,,,,,,,,
1022367,2017,2017-06-11,Kennington Oval,2,13.3,India,South Africa,S Dhawan,V Kohli,AL Phehlukwayo,1,0,,,,,,,,,
1022367,2017,2017-06-11,Kennington Oval,2,13.4,India,South Africa,V Kohli,S Dhawan,AL Phehlukwayo,0,0,,,,,,,,,
1022367,2017,2017-06-11,Kennington Oval,2,13.5,India,South Africa,V Kohli,S Dhawan,AL Phehlukwayo,0,0,,,,,,,,,
1022367,2017,2017-06-11,Kennington Oval,2,13.6,India,South Africa,V Kohli,S Dhawan,AL Phehlukwayo,0,0,,,,,,,,,
1022367,2017,2017-06-11,Kennington Oval,2,14.1,India,South Africa,S Dhawan,V Kohli,CH Morris,1,0,,,,,,,,,
1022367,2017,2017-06-11,Kennington Oval,2,14.2,India,South Africa,V Kohli,S Dhawan,CH Morris,4,0,,,,,,,,,
1022367,2017,2017-06-11,Kennington Oval,2,14.3,India,South Africa,V Kohli,S Dhawan,CH Morris,0,1,1,,,,,,,,
1022367,2017,2017-06-11,Kennington Oval,2,14.4,India,South Africa,V Kohli,S Dhawan,CH Morris,0,0,,,,,,,,,
1022367,2017,2017-06-11,Kennington Oval,2,14.5,India,South Africa,V Kohli,S Dhawan,CH Morris,0,0,,,,,,,,,
1022367,2017,2017-06-11,Kennington Oval,2,14.6,India,South Africa,V Kohli,S Dhawan,CH Morris,1,0,,,,,,,,,
1022367,2017,2017-06-11,Kennington Oval,2,14.7,India,South Africa,S Dhawan,V Kohli,CH Morris,0,0,,,,,,,,,
1022367,2017,2017-06-11,Kennington Oval,2,15.1,India,South Africa,V Kohli,S Dhawan,AL Phehlukwayo,0,0,,,,,,,,,
1022367,2017,2017-06-11,Kennington Oval,2,15.2,India,South Africa,V Kohli,S Dhawan,AL Phehlukwayo,0,0,,,,,,,,,
1022367,2017,2017-06-11,Kennington Oval,2,15.3,India,South Africa,V Kohli,S Dhawan,AL Phehlukwayo,0,0,,,,,,,,,
1022367,2017,2017-06-11,Kennington Oval,2,15.4,India,South Africa,V Kohli,S Dhawan,AL Phehlukwayo,1,0,,,,,,,,,
1022367,2017,2017-06-11,Kennington Oval,2,15.5,India,South Africa,S Dhawan,V Kohli,AL Phehlukwayo,1,0,,,,,,,,,
1022367,2017,2017-06-11,Kennington Oval,2,15.6,India,South Africa,V Kohli,S Dhawan,AL Phehlukwayo,3,0,,,,,,,,,
1022367,2017,2017-06-11,Kennington Oval,2,16.1,India,South Africa,V Kohli,S Dhawan,Imran Tahir,1,0,,,,,,,,,
1022367,2017,2017-06-11,Kennington Oval,2,16.2,India,South Africa,S Dhawan,V Kohli,Imran Tahir,0,0,,,,,,,,,
1022367,2017,2017-06-11,Kennington Oval,2,16.3,India,South Africa,S Dhawan,V Kohli,Imran Tahir,0,0,,,,,,,,,
1022367,2017,2017-06-11,Kennington Oval,2,16.4,India,South Africa,S Dhawan,V Kohli,Imran Tahir,4,0,,,,,,,,,
1022367,2017,2017-06-11,Kennington Oval,2,16.5,India,South Africa,S Dhawan,V Kohli,Imran Tahir,0,0,,,,,,,,,
1022367,2017,2017-06-11,Kennington Oval,2,16.6,India,South Africa,S Dhawan,V Kohli,Imran Tahir,0,0,,,,,,,,,
1022367,2017,2017-06-11,Kennington Oval,2,17.1,India,South Africa,V Kohli,S Dhawan,AL Phehlukwayo,0,0,,,,,,,,,
1022367,2017,2017-06-11,Kennington Oval,2,17.2,India,South Africa,V Kohli,S Dhawan,AL Phehlukwayo,0,0,,,,,,,,,
1022367,2017,2017-06-11,Kennington Oval,2,17.3,India,South Africa,V Kohli,S Dhawan,AL Phehlukwayo,1,0,,,,,,,,,
1022367,2017,2017-06-11,Kennington Oval,2,17.4,India,South Africa,S Dhawan,V Kohli,AL Phehlukwayo,0,0,,,,,,,,,
1022367,2017,2017-06-11,Kennington Oval,2,17.5,India,South Africa,S Dhawan,V Kohli,AL Phehlukwayo,0,0,,,,,,,,,
1022367,2017,2017-06-11,Kennington Oval,2,17.6,India,South Africa,S Dhawan,V Kohli,AL Phehlukwayo,0,0,,,,,,,,,
1022367,2017,2017-06-11,Kennington Oval,2,18.1,India,South Africa,V Kohli,S Dhawan,Imran Tahir,0,0,,,,,,,,,
1022367,2017,2017-06-11,Kennington Oval,2,18.2,India,South Africa,V Kohli,S Dhawan,Imran Tahir,0,0,,,,,,,,,
1022367,2017,2017-06-11,Kennington Oval,2,18.3,India,South Africa,V Kohli,S Dhawan,Imran Tahir,1,0,,,,,,,,,
1022367,2017,2017-06-11,Kennington Oval,2,18.4,India,South Africa,S Dhawan,V Kohli,Imran Tahir,4,0,,,,,,,,,
1022367,2017,2017-06-11,Kennington Oval,2,18.5,India,South Africa,S Dhawan,V Kohli,Imran Tahir,4,0,,,,,,,,,
1022367,2017,2017-06-11,Kennington Oval,2,18.6,India,South Africa,S Dhawan,V Kohli,Imran Tahir,0,0,,,,,,,,,
1022367,2017,2017-06-11,Kennington Oval,2,19.1,India,South Africa,V Kohli,S Dhawan,AL Phehlukwayo,0,0,,,,,,,,,
1022367,2017,2017-06-11,Kennington Oval,2,19.2,India,South Africa,V Kohli,S Dhawan,AL Phehlukwayo,1,0,,,,,,,,,
1022367,2017,2017-06-11,Kennington Oval,2,19.3,India,South Africa,S Dhawan,V Kohli,AL Phehlukwayo,0,0,,,,,,,,,
1022367,2017,2017-06-11,Kennington Oval,2,19.4,India,South Africa,S Dhawan,V Kohli,AL Phehlukwayo,0,0,,,,,,,,,
1022367,2017,2017-06-11,Kennington Oval,2,19.5,India,South Africa,S Dhawan,V Kohli,AL Phehlukwayo,4,0,,,,,,,,,
1022367,2017,2017-06-11,Kennington Oval,2,19.6,India,South Africa,S Dhawan,V Kohli,AL Phehlukwayo,0,0,,,,,,,,,
1022367,2017,2017-06-11,Kennington Oval,2,20.1,India,South Africa,V Kohli,S Dhawan,M Morkel,0,0,,,,,,,,,
1022367,2017,2017-06-11,Kennington Oval,2,20.2,India,South Africa,V Kohli,S Dhawan,M Morkel,1,0,,,,,,,,,
1022367,2017,2017-06-11,Kennington Oval,2,20.3,India,South Africa,S Dhawan,V Kohli,M Morkel,1,0,,,,,,,,,
1022367,2017,2017-06-11,Kennington Oval,2,20.4,India,South Africa,V Kohli,S Dhawan,M Morkel,4,0,,,,,,,,,
1022367,2017,2017-06-11,Kennington Oval,2,20.5,India,South Africa,V Kohli,S Dhawan,M Morkel,4,0,,,,,,,,,
1022367,2017,2017-06-11,Kennington Oval,2,20.6,India,South Africa,V Kohli,S Dhawan,M Morkel,0,0,,,,,,,,,
1022367,2017,2017-06-11,Kennington Oval,2,21.1,India,South Africa,S Dhawan,V Kohli,CH Morris,0,0,,,,,,,,,
1022367,2017,2017-06-11,Kennington Oval,2,21.2,India,South Africa,S Dhawan,V Kohli,CH Morris,0,0,,,,,,,,,
1022367,2017,2017-06-11,Kennington Oval,2,21.3,India,South Africa,S Dhawan,V Kohli,CH Morris,1,0,,,,,,,,,
1022367,2017,2017-06-11,Kennington Oval,2,21.4,India,South Africa,V Kohli,S Dhawan,CH Morris,0,0,,,,,,,,,
1022367,2017,2017-06-11,Kennington Oval,2,21.5,India,South Africa,V Kohli,S Dhawan,CH Morris,0,0,,,,,,,,,
1022367,2017,2017-06-11,Kennington Oval,2,21.6,India,South Africa,V Kohli,S Dhawan,CH Morris,1,0,,,,,,,,,
1022367,2017,2017-06-11,Kennington Oval,2,22.1,India,South Africa,V Kohli,S Dhawan,M Morkel,0,0,,,,,,,,,
1022367,2017,2017-06-11,Kennington Oval,2,22.2,India,South Africa,V Kohli,S Dhawan,M Morkel,0,0,,,,,,,,,
1022367,2017,2017-06-11,Kennington Oval,2,22.3,India,South Africa,V Kohli,S Dhawan,M Morkel,4,0,,,,,,,,,
1022367,2017,2017-06-11,Kennington Oval,2,22.4,India,South Africa,V Kohli,S Dhawan,M Morkel,0,0,,,,,,,,,
1022367,2017,2017-06-11,Kennington Oval,2,22.5,India,South Africa,V Kohli,S Dhawan,M Morkel,4,0,,,,,,,,,
1022367,2017,2017-06-11,Kennington Oval,2,22.6,India,South Africa,V Kohli,S Dhawan,M Morkel,0,0,,,,,,,,,
1022367,2017,2017-06-11,Kennington Oval,2,23.1,India,South Africa,S Dhawan,V Kohli,CH Morris,0,0,,,,,,,,,
1022367,2017,2017-06-11,Kennington Oval,2,23.2,India,South Africa,S Dhawan,V Kohli,CH Morris,0,0,,,,,,,,,
1022367,2017,2017-06-11,Kennington Oval,2,23.3,India,South Africa,S Dhawan,V Kohli,CH Morris,4,0,,,,,,,,,
1022367,2017,2017-06-11,Kennington Oval,2,23.4,India,South Africa,S Dhawan,V Kohli,CH Morris,0,0,,,,,,,,,
1022367,2017,2017-06-11,Kennington Oval,2,23.5,India,South Africa,S Dhawan,V Kohli,CH Morris,1,0,,,,,,,,,
1022367,2017,2017-06-11,Kennington Oval,2,23.6,India,South Africa,V Kohli,S Dhawan,CH Morris,0,0,,,,,,,,,
1022367,2017,2017-06-11,Kennington Oval,2,24.1,India,South Africa,S Dhawan,V Kohli,K Rabada,0,2,,,,2,,,,,
1022367,2017,2017-06-11,Kennington Oval,2,24.2,India,South Africa,S Dhawan,V Kohli,K Rabada,1,0,,,,,,,,,
1022367,2017,2017-06-11,Kennington Oval,2,24.3,India,South Africa,V Kohli,S Dhawan,K Rabada,0,0,,,,,,,,,
1022367,2017,2017-06-11,Kennington Oval,2,24.4,India,South Africa,V Kohli,S Dhawan,K Rabada,0,0,,,,,,,,,
1022367,2017,2017-06-11,Kennington Oval,2,24.5,India,South Africa,V Kohli,S Dhawan,K Rabada,0,0,,,,,,,,,
1022367,2017,2017-06-11,Kennington Oval,2,24.6,India,South Africa,V Kohli,S Dhawan,K Rabada,0,0,,,,,,,,,
1022367,2017,2017-06-11,Kennington Oval,2,25.1,India,South Africa,S Dhawan,V Kohli,CH Morris,1,0,,,,,,,,,
1022367,2017,2017-06-11,Kennington Oval,2,25.2,India,South Africa,V Kohli,S Dhawan,CH Morris,1,0,,,,,,,,,
1022367,2017,2017-06-11,Kennington Oval,2,25.3,India,South Africa,S Dhawan,V Kohli,CH Morris,4,0,,,,,,,,,
1022367,2017,2017-06-11,Kennington Oval,2,25.4,India,South Africa,S Dhawan,V Kohli,CH Morris,0,0,,,,,,,,,
1022367,2017,2017-06-11,Kennington Oval,2,25.5,India,South Africa,S Dhawan,V Kohli,CH Morris,1,0,,,,,,,,,
1022367,2017,2017-06-11,Kennington Oval,2,25.6,India,South Africa,V Kohli,S Dhawan,CH Morris,0,0,,,,,,,,,
1022367,2017,2017-06-11,Kennington Oval,2,26.1,India,South Africa,S Dhawan,V Kohli,K Rabada,4,0,,,,,,,,,
1022367,2017,2017-06-11,Kennington Oval,2,26.2,India,South Africa,S Dhawan,V Kohli,K Rabada,0,0,,,,,,,,,
1022367,2017,2017-06-11,Kennington Oval,2,26.3,India,South Africa,S Dhawan,V Kohli,K Rabada,0,0,,,,,,,,,
1022367,2017,2017-06-11,Kennington Oval,2,26.4,India,South Africa,S Dhawan,V Kohli,K Rabada,1,0,,,,,,,,,
1022367,2017,2017-06-11,Kennington Oval,2,26.5,India,South Africa,V Kohli,S Dhawan,K Rabada,0,0,,,,,,,,,
1022367,2017,2017-06-11,Kennington Oval,2,26.6,India,South Africa,V Kohli,S Dhawan,K Rabada,1,0,,,,,,,,,
1022367,2017,2017-06-11,Kennington Oval,2,27.1,India,South Africa,V Kohli,S Dhawan,CH Morris,1,0,,,,,,,,,
1022367,2017,2017-06-11,Kennington Oval,2,27.2,India,South Africa,S Dhawan,V Kohli,CH Morris,4,0,,,,,,,,,
1022367,2017,2017-06-11,Kennington Oval,2,27.3,India,South Africa,S Dhawan,V Kohli,CH Morris,0,0,,,,,,,,,
1022367,2017,2017-06-11,Kennington Oval,2,27.4,India,South Africa,S Dhawan,V Kohli,CH Morris,4,0,,,,,,,,,
1022367,2017,2017-06-11,Kennington Oval,2,27.5,India,South Africa,S Dhawan,V Kohli,CH Morris,1,0,,,,,,,,,
1022367,2017,2017-06-11,Kennington Oval,2,27.6,India,South Africa,V Kohli,S Dhawan,CH Morris,1,0,,,,,,,,,
1022367,2017,2017-06-11,Kennington Oval,2,28.1,India,South Africa,V Kohli,S Dhawan,K Rabada,0,0,,,,,,,,,
1022367,2017,2017-06-11,Kennington Oval,2,28.2,India,South Africa,V Kohli,S Dhawan,K Rabada,1,0,,,,,,,,,
1022367,2017,2017-06-11,Kennington Oval,2,28.3,India,South Africa,S Dhawan,V Kohli,K Rabada,1,0,,,,,,,,,
1022367,2017,2017-06-11,Kennington Oval,2,28.4,India,South Africa,V Kohli,S Dhawan,K Rabada,3,0,,,,,,,,,
1022367,2017,2017-06-11,Kennington Oval,2,28.5,India,South Africa,S Dhawan,V Kohli,K Rabada,0,0,,,,,,,,,
1022367,2017,2017-06-11,Kennington Oval,2,28.6,India,South Africa,S Dhawan,V Kohli,K Rabada,1,0,,,,,,,,,
1022367,2017,2017-06-11,Kennington Oval,2,29.1,India,South Africa,S Dhawan,V Kohli,CH Morris,0,0,,,,,,,,,
1022367,2017,2017-06-11,Kennington Oval,2,29.2,India,South Africa,S Dhawan,V Kohli,CH Morris,1,0,,,,,,,,,
1022367,2017,2017-06-11,Kennington Oval,2,29.3,India,South Africa,V Kohli,S Dhawan,CH Morris,0,0,,,,,,,,,
1022367,2017,2017-06-11,Kennington Oval,2,29.4,India,South Africa,V Kohli,S Dhawan,CH Morris,0,0,,,,,,,,,
1022367,2017,2017-06-11,Kennington Oval,2,29.5,India,South Africa,V Kohli,S Dhawan,CH Morris,0,0,,,,,,,,,
1022367,2017,2017-06-11,Kennington Oval,2,29.6,India,South Africa,V Kohli,S Dhawan,CH Morris,2,0,,,,,,,,,
1022367,2017,2017-06-11,Kennington Oval,2,30.1,India,South Africa,S Dhawan,V Kohli,Imran Tahir,0,0,,,,,,caught,S Dhawan,,
1022367,2017,2017-06-11,Kennington Oval,2,30.2,India,South Africa,V Kohli,Yuvraj Singh,Imran Tahir,0,0,,,,,,,,,
1022367,2017,2017-06-11,Kennington Oval,2,30.3,India,South Africa,V Kohli,Yuvraj Singh,Imran Tahir,1,0,,,,,,,,,
1022367,2017,2017-06-11,Kennington Oval,2,30.4,India,South Africa,Yuvraj Singh,V Kohli,Imran Tahir,1,0,,,,,,,,,
1022367,2017,2017-06-11,Kennington Oval,2,30.5,India,South Africa,V Kohli,Yuvraj Singh,Imran Tahir,0,0,,,,,,,,,
1022367,2017,2017-06-11,Kennington Oval,2,30.6,India,South Africa,V Kohli,Yuvraj Singh,Imran Tahir,1,0,,,,,,,,,
1022367,2017,2017-06-11,Kennington Oval,2,31.1,India,South Africa,V Kohli,Yuvraj Singh,CH Morris,0,0,,,,,,,,,
1022367,2017,2017-06-11,Kennington Oval,2,31.2,India,South Africa,V Kohli,Yuvraj Singh,CH Morris,0,0,,,,,,,,,
1022367,2017,2017-06-11,Kennington Oval,2,31.3,India,South Africa,V Kohli,Yuvraj Singh,CH Morris,0,0,,,,,,,,,
1022367,2017,2017-06-11,Kennington Oval,2,31.4,India,South Africa,V Kohli,Yuvraj Singh,CH Morris,2,0,,,,,,,,,
1022367,2017,2017-06-11,Kennington Oval,2,31.5,India,South Africa,V Kohli,Yuvraj Singh,CH Morris,0,0,,,,,,,,,
1022367,2017,2017-06-11,Kennington Oval,2,31.6,India,South Africa,V Kohli,Yuvraj Singh,CH Morris,0,0,,,,,,,,,
1022367,2017,2017-06-11,Kennington Oval,2,32.1,India,South Africa,Yuvraj Singh,V Kohli,Imran Tahir,0,0,,,,,,,,,
1022367,2017,2017-06-11,Kennington Oval,2,32.2,India,South Africa,Yuvraj Singh,V Kohli,Imran Tahir,0,0,,,,,,,,,
1022367,2017,2017-06-11,Kennington Oval,2,32.3,India,South Africa,Yuvraj Singh,V Kohli,Imran Tahir,1,0,,,,,,,,,
1022367,2017,2017-06-11,Kennington Oval,2,32.4,India,South Africa,V Kohli,Yuvraj Singh,Imran Tahir,1,0,,,,,,,,,
1022367,2017,2017-06-11,Kennington Oval,2,32.5,India,South Africa,Yuvraj Singh,V Kohli,Imran Tahir,4,0,,,,,,,,,
1022367,2017,2017-06-11,Kennington Oval,2,32.6,India,South Africa,Yuvraj Singh,V Kohli,Imran Tahir,0,0,,,,,,,,,
1022367,2017,2017-06-11,Kennington Oval,2,33.1,India,South Africa,V Kohli,Yuvraj Singh,JP Duminy,0,0,,,,,,,,,
1022367,2017,2017-06-11,Kennington Oval,2,33.2,India,South Africa,V Kohli,Yuvraj Singh,JP Duminy,1,0,,,,,,,,,
1022367,2017,2017-06-11,Kennington Oval,2,33.3,India,South Africa,Yuvraj Singh,V Kohli,JP Duminy,0,0,,,,,,,,,
1022367,2017,2017-06-11,Kennington Oval,2,33.4,India,South Africa,Yuvraj Singh,V Kohli,JP Duminy,1,0,,,,,,,,,
1022367,2017,2017-06-11,Kennington Oval,2,33.5,India,South Africa,V Kohli,Yuvraj Singh,JP Duminy,1,0,,,,,,,,,
1022367,2017,2017-06-11,Kennington Oval,2,33.6,India,South Africa,Yuvraj Singh,V Kohli,JP Duminy,1,0,,,,,,,,,
1022367,2017,2017-06-11,Kennington Oval,2,34.1,India,South Africa,Yuvraj Singh,V Kohli,Imran Tahir,1,0,,,,,,,,,
1022367,2017,2017-06-11,Kennington Oval,2,34.2,India,South Africa,V Kohli,Yuvraj Singh,Imran Tahir,4,0,,,,,,,,,
1022367,2017,2017-06-11,Kennington Oval,2,34.3,India,South Africa,V Kohli,Yuvraj Singh,Imran Tahir,1,0,,,,,,,,,
1022367,2017,2017-06-11,Kennington Oval,2,34.4,India,South Africa,Yuvraj Singh,V Kohli,Imran Tahir,0,0,,,,,,,,,
1022367,2017,2017-06-11,Kennington Oval,2,34.5,India,South Africa,Yuvraj Singh,V Kohli,Imran Tahir,1,0,,,,,,,,,
1022367,2017,2017-06-11,Kennington Oval,2,34.6,India,South Africa,V Kohli,Yuvraj Singh,Imran Tahir,0,0,,,,,,,,,
1022367,2017,2017-06-11,Kennington Oval,2,35.1,India,South Africa,Yuvraj Singh,V Kohli,JP Duminy,1,0,,,,,,,,,
1022367,2017,2017-06-11,Kennington Oval,2,35.2,India,South Africa,V Kohli,Yuvraj Singh,JP Duminy,1,0,,,,,,,,,
1022367,2017,2017-06-11,Kennington Oval,2,35.3,India,South Africa,Yuvraj Singh,V Kohli,JP Duminy,0,0,,,,,,,,,
1022367,2017,2017-06-11,Kennington Oval,2,35.4,India,South Africa,Yuvraj Singh,V Kohli,JP Duminy,0,0,,,,,,,,,
1022367,2017,2017-06-11,Kennington Oval,2,35.5,India,South Africa,Yuvraj Singh,V Kohli,JP Duminy,1,0,,,,,,,,,
1022367,2017,2017-06-11,Kennington Oval,2,35.6,India,South Africa,V Kohli,Yuvraj Singh,JP Duminy,0,0,,,,,,,,,
1022367,2017,2017-06-11,Kennington Oval,2,36.1,India,South Africa,Yuvraj Singh,V Kohli,Imran Tahir,0,0,,,,,,,,,
1022367,2017,2017-06-11,Kennington Oval,2,36.2,India,South Africa,Yuvraj Singh,V Kohli,Imran Tahir,1,0,,,,,,,,,
1022367,2017,2017-06-11,Kennington Oval,2,36.3,India,South Africa,V Kohli,Yuvraj Singh,Imran Tahir,4,0,,,,,,,,,
1022367,2017,2017-06-11,Kennington Oval,2,36.4,India,South Africa,V Kohli,Yuvraj Singh,Imran Tahir,1,0,,,,,,,,,
1022367,2017,2017-06-11,Kennington Oval,2,36.5,India,South Africa,Yuvraj Singh,V Kohli,Imran Tahir,0,0,,,,,,,,,
1022367,2017,2017-06-11,Kennington Oval,2,36.6,India,South Africa,Yuvraj Singh,V Kohli,Imran Tahir,1,0,,,,,,,,,
1022367,2017,2017-06-11,Kennington Oval,2,37.1,India,South Africa,Yuvraj Singh,V Kohli,JP Duminy,0,0,,,,,,,,,
1022367,2017,2017-06-11,Kennington Oval,2,37.2,India,South Africa,Yuvraj Singh,V Kohli,JP Duminy,2,0,,,,,,,,,
1022367,2017,2017-06-11,Kennington Oval,2,37.3,India,South Africa,Yuvraj Singh,V Kohli,JP Duminy,1,0,,,,,,,,,
1022367,2017,2017-06-11,Kennington Oval,2,37.4,India,South Africa,V Kohli,Yuvraj Singh,JP Duminy,1,0,,,,,,,,,
1022367,2017,2017-06-11,Kennington Oval,2,37.5,India,South Africa,Yuvraj Singh,V Kohli,JP Duminy,0,0,,,,,,,,,
1022367,2017,2017-06-11,Kennington Oval,2,37.6,India,South Africa,Yuvraj Singh,V Kohli,JP Duminy,6,0,,,,,,,,,
