match_id,season,start_date,venue,innings,ball,batting_team,bowling_team,striker,non_striker,bowler,runs_off_bat,extras,wides,noballs,byes,legbyes,penalty,wicket_type,player_dismissed,other_wicket_type,other_player_dismissed
1022353,2017,2017-06-04,Edgbaston,1,0.1,India,Pakistan,RG Sharma,S Dhawan,Mohammad Amir,0,0,,,,,,,,,
1022353,2017,2017-06-04,Edgbaston,1,0.2,India,Pakistan,RG Sharma,S Dhawan,Mohammad Amir,0,0,,,,,,,,,
1022353,2017,2017-06-04,Edgbaston,1,0.3,India,Pakistan,RG Sharma,S Dhawan,Mohammad Amir,0,0,,,,,,,,,
1022353,2017,2017-06-04,Edgbaston,1,0.4,India,Pakistan,RG Sharma,S Dhawan,Mohammad Amir,0,0,,,,,,,,,
1022353,2017,2017-06-04,Edgbaston,1,0.5,India,Pakistan,RG Sharma,S Dhawan,Mohammad Amir,0,0,,,,,,,,,
1022353,2017,2017-06-04,Edgbaston,1,0.6,India,Pakistan,RG Sharma,S Dhawan,Mohammad Amir,0,0,,,,,,,,,
1022353,2017,2017-06-04,Edgbaston,1,1.1,India,Pakistan,S Dhawan,RG Sharma,Imad Wasim,2,0,,,,,,,,,
1022353,2017,2017-06-04,Edgbaston,1,1.2,India,Pakistan,S Dhawan,RG Sharma,Imad Wasim,0,1,1,,,,,,,,
1022353,2017,2017-06-04,Edgbaston,1,1.3,India,Pakistan,S Dhawan,RG Sharma,Imad Wasim,0,0,,,,,,,,,
1022353,2017,2017-06-04,Edgbaston,1,1.4,India,Pakistan,S Dhawan,RG Sharma,Imad Wasim,0,0,,,,,,,,,
1022353,2017,2017-06-04,Edgbaston,1,1.5,India,Pakistan,S Dhawan,RG Sharma,Imad Wasim,0,0,,,,,,,,,
1022353,2017,2017-06-04,Edgbaston,1,1.6,India,Pakistan,S Dhawan,RG Sharma,Imad Wasim,0,0,,,,,,,,,
1022353,2017,2017-06-04,Edgbaston,1,1.7,India,Pakistan,S Dhawan,RG Sharma,Imad Wasim,0,0,,,,,,,,,
1022353,2017,2017-06-04,Edgbaston,1,2.1,India,Pakistan,RG Sharma,S Dhawan,Mohammad Amir,0,0,,,,,,,,,
1022353,2017,2017-06-04,Edgbaston,1,2.2,India,Pakistan,RG Sharma,S Dhawan,Mohammad Amir,2,0,,,,,,,,,
1022353,2017,2017-06-04,Edgbaston,1,2.3,India,Pakistan,RG Sharma,S Dhawan,Mohammad Amir,0,0,,,,,,,,,
1022353,2017,2017-06-04,Edgbaston,1,2.4,India,Pakistan,RG Sharma,S Dhawan,Mohammad Amir,0,0,,,,,,,,,
1022353,2017,2017-06-04,Edgbaston,1,2.5,India,Pakistan,RG Sharma,S Dhawan,Mohammad Amir,0,0,,,,,,,,,
1022353,2017,2017-06-04,Edgbaston,1,2.6,India,Pakistan,RG Sharma,S Dhawan,Mohammad Amir,0,0,,,,,,,,,
1022353,2017,2017-06-04,Edgbaston,1,3.1,India,Pakistan,S Dhawan,RG Sharma,Imad Wasim,1,0,,,,,,,,,
1022353,2017,2017-06-04,Edgbaston,1,3.2,India,Pakistan,RG Sharma,S Dhawan,Imad Wasim,1,0,,,,,,,,,
1022353,2017,2017-06-04,Edgbaston,1,3.3,India,Pakistan,S Dhawan,RG Sharma,Imad Wasim,0,0,,,,,,,,,
1022353,2017,2017-06-04,Edgbaston,1,3.4,India,Pakistan,S Dhawan,RG Sharma,Imad Wasim,1,0,,,,,,,,,
1022353,2017,2017-06-04,Edgbaston,1,3.5,India,Pakistan,RG Sharma,S Dhawan,Imad Wasim,0,0,,,,,,,,,
1022353,2017,2017-06-04,Edgbaston,1,3.6,India,Pakistan,RG Sharma,S Dhawan,Imad Wasim,1,0,,,,,,,,,
1022353,2017,2017-06-04,Edgbaston,1,4.1,India,Pakistan,RG Sharma,S Dhawan,Mohammad Amir,0,0,,,,,,,,,
1022353,2017,2017-06-04,Edgbaston,1,4.2,India,Pakistan,RG Sharma,S Dhawan,Mohammad Amir,4,0,,,,,,,,,
1022353,2017,2017-06-04,Edgbaston,1,4.3,India,Pakistan,RG Sharma,S Dhawan,Mohammad Amir,1,0,,,,,,,,,
1022353,2017,2017-06-04,Edgbaston,1,4.4,India,Pakistan,S Dhawan,RG Sharma,Mohammad Amir,1,0,,,,,,,,,
1022353,2017,2017-06-04,Edgbaston,1,4.5,India,Pakistan,RG Sharma,S Dhawan,Mohammad Amir,0,0,,,,,,,,,
1022353,2017,2017-06-04,Edgbaston,1,4.6,India,Pakistan,RG Sharma,S Dhawan,Mohammad Amir,0,0,,,,,,,,,
1022353,2017,2017-06-04,Edgbaston,1,5.1,India,Pakistan,S Dhawan,RG Sharma,Imad Wasim,0,0,,,,,,,,,
1022353,2017,2017-06-04,Edgbaston,1,5.2,India,Pakistan,S Dhawan,RG Sharma,Imad Wasim,0,0,,,,,,,,,
1022353,2017,2017-06-04,Edgbaston,1,5.3,India,Pakistan,S Dhawan,RG Sharma,Imad Wasim,1,0,,,,,,,,,
1022353,2017,2017-06-04,Edgbaston,1,5.4,India,Pakistan,RG Sharma,S Dhawan,Imad Wasim,4,0,,,,,,,,,
1022353,2017,2017-06-04,Edgbaston,1,5.5,India,Pakistan,RG Sharma,S Dhawan,Imad Wasim,1,0,,,,,,,,,
1022353,2017,2017-06-04,Edgbaston,1,5.6,India,Pakistan,S Dhawan,RG Sharma,Imad Wasim,0,0,,,,,,,,,
1022353,2017,2017-06-04,Edgbaston,1,6.1,India,Pakistan,RG Sharma,S Dhawan,Mohammad Amir,4,0,,,,,,,,,
1022353,2017,2017-06-04,Edgbaston,1,6.2,India,Pakistan,RG Sharma,S Dhawan,Mohammad Amir,0,0,,,,,,,,,
1022353,2017,2017-06-04,Edgbaston,1,6.3,India,Pakistan,RG Sharma,S Dhawan,Mohammad Amir,0,0,,,,,,,,,
1022353,2017,2017-06-04,Edgbaston,1,6.4,India,Pakistan,RG Sharma,S Dhawan,Mohammad Amir,1,0,,,,,,,,,
1022353,2017,2017-06-04,Edgbaston,1,6.5,India,Pakistan,S Dhawan,RG Sharma,Mohammad Amir,0,0,,,,,,,,,
1022353,2017,2017-06-04,Edgbaston,1,6.6,India,Pakistan,S Dhawan,RG Sharma,Mohammad Amir,1,0,,,,,,,,,
1022353,2017,2017-06-04,Edgbaston,1,7.1,India,Pakistan,S Dhawan,RG Sharma,Imad Wasim,1,0,,,,,,,,,
1022353,2017,2017-06-04,Edgbaston,1,7.2,India,Pakistan,RG Sharma,S Dhawan,Imad Wasim,1,0,,,,,,,,,
1022353,2017,2017-06-04,Edgbaston,1,7.3,India,Pakistan,S Dhawan,RG Sharma,Imad Wasim,2,0,,,,,,,,,
1022353,2017,2017-06-04,Edgbaston,1,7.4,India,Pakistan,S Dhawan,RG Sharma,Imad Wasim,1,0,,,,,,,,,
1022353,2017,2017-06-04,Edgbaston,1,7.5,India,Pakistan,RG Sharma,S Dhawan,Imad Wasim,0,0,,,,,,,,,
1022353,2017,2017-06-04,Edgbaston,1,7.6,India,Pakistan,RG Sharma,S Dhawan,Imad Wasim,0,0,,,,,,,,,
1022353,2017,2017-06-04,Edgbaston,1,8.1,India,Pakistan,S Dhawan,RG Sharma,Hasan Ali,0,0,,,,,,,,,
1022353,2017,2017-06-04,Edgbaston,1,8.2,India,Pakistan,S Dhawan,RG Sharma,Hasan Ali,0,0,,,,,,,,,
1022353,2017,2017-06-04,Edgbaston,1,8.3,India,Pakistan,S Dhawan,RG Sharma,Hasan Ali,1,0,,,,,,,,,
1022353,2017,2017-06-04,Edgbaston,1,8.4,India,Pakistan,RG Sharma,S Dhawan,Hasan Ali,4,0,,,,,,,,,
1022353,2017,2017-06-04,Edgbaston,1,8.5,India,Pakistan,RG Sharma,S Dhawan,Hasan Ali,0,0,,,,,,,,,
1022353,2017,2017-06-04,Edgbaston,1,8.6,India,Pakistan,RG Sharma,S Dhawan,Hasan Ali,0,0,,,,,,,,,
1022353,2017,2017-06-04,Edgbaston,1,9.1,India,Pakistan,S Dhawan,RG Sharma,Imad Wasim,4,0,,,,,,,,,
1022353,2017,2017-06-04,Edgbaston,1,9.2,India,Pakistan,S Dhawan,RG Sharma,Imad Wasim,3,0,,,,,,,,,
1022353,2017,2017-06-04,Edgbaston,1,9.3,India,Pakistan,RG Sharma,S Dhawan,Imad Wasim,0,0,,,,,,,,,
1022353,2017,2017-06-04,Edgbaston,1,9.4,India,Pakistan,RG Sharma,S Dhawan,Imad Wasim,1,0,,,,,,,,,
1022353,2017,2017-06-04,Edgbaston,1,9.5,India,Pakistan,S Dhawan,RG Sharma,Imad Wasim,1,0,,,,,,,,,
1022353,2017,2017-06-04,Edgbaston,1,9.6,India,Pakistan,RG Sharma,S Dhawan,Imad Wasim,0,0,,,,,,,,,
1022353,2017,2017-06-04,Edgbaston,1,10.1,India,Pakistan,S Dhawan,RG Sharma,Hasan Ali,0,0,,,,,,,,,
1022353,2017,2017-06-04,Edgbaston,1,10.2,India,Pakistan,S Dhawan,RG Sharma,Hasan Ali,0,0,,,,,,,,,
1022353,2017,2017-06-04,Edgbaston,1,10.3,India,Pakistan,S Dhawan,RG Sharma,Hasan Ali,1,0,,,,,,,,,
1022353,2017,2017-06-04,Edgbaston,1,10.4,India,Pakistan,RG Sharma,S Dhawan,Hasan Ali,0,1,,1,,,,,,,
1022353,2017,2017-06-04,Edgbaston,1,10.5,India,Pakistan,RG Sharma,S Dhawan,Hasan Ali,4,0,,,,,,,,,
1022353,2017,2017-06-04,Edgbaston,1,10.6,India,Pakistan,RG Sharma,S Dhawan,Hasan Ali,0,0,,,,,,,,,
1022353,2017,2017-06-04,Edgbaston,1,10.7,India,Pakistan,RG Sharma,S Dhawan,Hasan Ali,0,0,,,,,,,,,
1022353,2017,2017-06-04,Edgbaston,1,11.1,India,Pakistan,S Dhawan,RG Sharma,Imad Wasim,1,0,,,,,,,,,
1022353,2017,2017-06-04,Edgbaston,1,11.2,India,Pakistan,RG Sharma,S Dhawan,Imad Wasim,1,0,,,,,,,,,
1022353,2017,2017-06-04,Edgbaston,1,11.3,India,Pakistan,S Dhawan,RG Sharma,Imad Wasim,1,0,,,,,,,,,
1022353,2017,2017-06-04,Edgbaston,1,11.4,India,Pakistan,RG Sharma,S Dhawan,Imad Wasim,0,0,,,,,,,,,
1022353,2017,2017-06-04,Edgbaston,1,11.5,India,Pakistan,RG Sharma,S Dhawan,Imad Wasim,0,0,,,,,,,,,
1022353,2017,2017-06-04,Edgbaston,1,11.6,India,Pakistan,RG Sharma,S Dhawan,Imad Wasim,0,0,,,,,,,,,
1022353,2017,2017-06-04,Edgbaston,1,12.1,India,Pakistan,S Dhawan,RG Sharma,Hasan Ali,0,0,,,,,,,,,
1022353,2017,2017-06-04,Edgbaston,1,12.2,India,Pakistan,S Dhawan,RG Sharma,Hasan Ali,2,0,,,,,,,,,
1022353,2017,2017-06-04,Edgbaston,1,12.3,India,Pakistan,S Dhawan,RG Sharma,Hasan Ali,0,1,,,,1,,,,,
1022353,2017,2017-06-04,Edgbaston,1,12.4,India,Pakistan,RG Sharma,S Dhawan,Hasan Ali,0,0,,,,,,,,,
1022353,2017,2017-06-04,Edgbaston,1,12.5,India,Pakistan,RG Sharma,S Dhawan,Hasan Ali,1,0,,,,,,,,,
1022353,2017,2017-06-04,Edgbaston,1,12.6,India,Pakistan,S Dhawan,RG Sharma,Hasan Ali,0,0,,,,,,,,,
1022353,2017,2017-06-04,Edgbaston,1,13.1,India,Pakistan,RG Sharma,S Dhawan,Wahab Riaz,0,0,,,,,,,,,
1022353,2017,2017-06-04,Edgbaston,1,13.2,India,Pakistan,RG Sharma,S Dhawan,Wahab Riaz,0,0,,,,,,,,,
1022353,2017,2017-06-04,Edgbaston,1,13.3,India,Pakistan,RG Sharma,S Dhawan,Wahab Riaz,0,0,,,,,,,,,
1022353,2017,2017-06-04,Edgbaston,1,13.4,India,Pakistan,RG Sharma,S Dhawan,Wahab Riaz,1,0,,,,,,,,,
1022353,2017,2017-06-04,Edgbaston,1,13.5,India,Pakistan,S Dhawan,RG Sharma,Wahab Riaz,1,0,,,,,,,,,
1022353,2017,2017-06-04,Edgbaston,1,13.6,India,Pakistan,RG Sharma,S Dhawan,Wahab Riaz,1,0,,,,,,,,,
1022353,2017,2017-06-04,Edgbaston,1,14.1,India,Pakistan,RG Sharma,S Dhawan,Hasan Ali,0,0,,,,,,,,,
1022353,2017,2017-06-04,Edgbaston,1,14.2,India,Pakistan,RG Sharma,S Dhawan,Hasan Ali,2,0,,,,,,,,,
1022353,2017,2017-06-04,Edgbaston,1,14.3,India,Pakistan,RG Sharma,S Dhawan,Hasan Ali,0,0,,,,,,,,,
1022353,2017,2017-06-04,Edgbaston,1,14.4,India,Pakistan,RG Sharma,S Dhawan,Hasan Ali,0,0,,,,,,,,,
1022353,2017,2017-06-04,Edgbaston,1,14.5,India,Pakistan,RG Sharma,S Dhawan,Hasan Ali,1,0,,,,,,,,,
1022353,2017,2017-06-04,Edgbaston,1,14.6,India,Pakistan,S Dhawan,RG Sharma,Hasan Ali,1,0,,,,,,,,,
1022353,2017,2017-06-04,Edgbaston,1,15.1,India,Pakistan,S Dhawan,RG Sharma,Wahab Riaz,1,0,,,,,,,,,
1022353,2017,2017-06-04,Edgbaston,1,15.2,India,Pakistan,RG Sharma,S Dhawan,Wahab Riaz,1,0,,,,,,,,,
1022353,2017,2017-06-04,Edgbaston,1,15.3,India,Pakistan,S Dhawan,RG Sharma,Wahab Riaz,1,0,,,,,,,,,
1022353,2017,2017-06-04,Edgbaston,1,15.4,India,Pakistan,RG Sharma,S Dhawan,Wahab Riaz,4,0,,,,,,,,,
1022353,2017,2017-06-04,Edgbaston,1,15.5,India,Pakistan,RG Sharma,S Dhawan,Wahab Riaz,1,0,,,,,,,,,
1022353,2017,2017-06-04,Edgbaston,1,15.6,India,Pakistan,S Dhawan,RG Sharma,Wahab Riaz,0,1,1,,,,,,,,
1022353,2017,2017-06-04,Edgbaston,1,15.7,India,Pakistan,S Dhawan,RG Sharma,Wahab Riaz,4,0,,,,,,,,,
1022353,2017,2017-06-04,Edgbaston,1,16.1,India,Pakistan,RG Sharma,S Dhawan,Shadab Khan,1,0,,,,,,,,,
1022353,2017,2017-06-04,Edgbaston,1,16.2,India,Pakistan,S Dhawan,RG Sharma,Shadab Khan,1,0,,,,,,,,,
1022353,2017,2017-06-04,Edgbaston,1,16.3,India,Pakistan,RG Sharma,S Dhawan,Shadab Khan,1,0,,,,,,,,,
1022353,2017,2017-06-04,Edgbaston,1,16.4,India,Pakistan,S Dhawan,RG Sharma,Shadab Khan,1,0,,,,,,,,,
1022353,2017,2017-06-04,Edgbaston,1,16.5,India,Pakistan,RG Sharma,S Dhawan,Shadab Khan,0,0,,,,,,,,,
1022353,2017,2017-06-04,Edgbaston,1,16.6,India,Pakistan,RG Sharma,S Dhawan,Shadab Khan,1,0,,,,,,,,,
1022353,2017,2017-06-04,Edgbaston,1,17.1,India,Pakistan,RG Sharma,S Dhawan,Wahab Riaz,0,0,,,,,,,,,
1022353,2017,2017-06-04,Edgbaston,1,17.2,India,Pakistan,RG Sharma,S Dhawan,Wahab Riaz,0,0,,,,,,,,,
1022353,2017,2017-06-04,Edgbaston,1,17.3,India,Pakistan,RG Sharma,S Dhawan,Wahab Riaz,1,0,,,,,,,,,
1022353,2017,2017-06-04,Edgbaston,1,17.4,India,Pakistan,S Dhawan,RG Sharma,Wahab Riaz,1,0,,,,,,,,,
1022353,2017,2017-06-04,Edgbaston,1,17.5,India,Pakistan,RG Sharma,S Dhawan,Wahab Riaz,1,0,,,,,,,,,
1022353,2017,2017-06-04,Edgbaston,1,17.6,India,Pakistan,S Dhawan,RG Sharma,Wahab Riaz,0,0,,,,,,,,,
1022353,2017,2017-06-04,Edgbaston,1,18.1,India,Pakistan,RG Sharma,S Dhawan,Shadab Khan,0,0,,,,,,,,,
1022353,2017,2017-06-04,Edgbaston,1,18.2,India,Pakistan,RG Sharma,S Dhawan,Shadab Khan,0,0,,,,,,,,,
1022353,2017,2017-06-04,Edgbaston,1,18.3,India,Pakistan,RG Sharma,S Dhawan,Shadab Khan,2,0,,,,,,,,,
1022353,2017,2017-06-04,Edgbaston,1,18.4,India,Pakistan,RG Sharma,S Dhawan,Shadab Khan,0,0,,,,,,,,,
1022353,2017,2017-06-04,Edgbaston,1,18.5,India,Pakistan,RG Sharma,S Dhawan,Shadab Khan,6,0,,,,,,,,,
1022353,2017,2017-06-04,Edgbaston,1,18.6,India,Pakistan,RG Sharma,S Dhawan,Shadab Khan,0,0,,,,,,,,,
1022353,2017,2017-06-04,Edgbaston,1,19.1,India,Pakistan,S Dhawan,RG Sharma,Wahab Riaz,0,0,,,,,,,,,
1022353,2017,2017-06-04,Edgbaston,1,19.2,India,Pakistan,S Dhawan,RG Sharma,Wahab Riaz,4,0,,,,,,,,,
1022353,2017,2017-06-04,Edgbaston,1,19.3,India,Pakistan,S Dhawan,RG Sharma,Wahab Riaz,4,0,,,,,,,,,
1022353,2017,2017-06-04,Edgbaston,1,19.4,India,Pakistan,S Dhawan,RG Sharma,Wahab Riaz,4,0,,,,,,,,,
1022353,2017,2017-06-04,Edgbaston,1,19.5,India,Pakistan,S Dhawan,RG Sharma,Wahab Riaz,2,0,,,,,,,,,
1022353,2017,2017-06-04,Edgbaston,1,19.6,India,Pakistan,S Dhawan,RG Sharma,Wahab Riaz,1,0,,,,,,,,,
1022353,2017,2017-06-04,Edgbaston,1,20.1,India,Pakistan,S Dhawan,RG Sharma,Shadab Khan,6,0,,,,,,,,,
1022353,2017,2017-06-04,Edgbaston,1,20.2,India,Pakistan,S Dhawan,RG Sharma,Shadab Khan,1,0,,,,,,,,,
1022353,2017,2017-06-04,Edgbaston,1,20.3,India,Pakistan,RG Sharma,S Dhawan,Shadab Khan,1,0,,,,,,,,,
1022353,2017,2017-06-04,Edgbaston,1,20.4,India,Pakistan,S Dhawan,RG Sharma,Shadab Khan,1,0,,,,,,,,,
1022353,2017,2017-06-04,Edgbaston,1,20.5,India,Pakistan,RG Sharma,S Dhawan,Shadab Khan,0,0,,,,,,,,,
1022353,2017,2017-06-04,Edgbaston,1,20.6,India,Pakistan,RG Sharma,S Dhawan,Shadab Khan,2,0,,,,,,,,,
1022353,2017,2017-06-04,Edgbaston,1,21.1,India,Pakistan,S Dhawan,RG Sharma,Shoaib Malik,1,0,,,,,,,,,
1022353,2017,2017-06-04,Edgbaston,1,21.2,India,Pakistan,RG Sharma,S Dhawan,Shoaib Malik,1,0,,,,,,,,,
1022353,2017,2017-06-04,Edgbaston,1,21.3,India,Pakistan,S Dhawan,RG Sharma,Shoaib Malik,0,0,,,,,,,,,
1022353,2017,2017-06-04,Edgbaston,1,21.4,India,Pakistan,S Dhawan,RG Sharma,Shoaib Malik,1,0,,,,,,,,,
1022353,2017,2017-06-04,Edgbaston,1,21.5,India,Pakistan,RG Sharma,S Dhawan,Shoaib Malik,0,0,,,,,,,,,
1022353,2017,2017-06-04,Edgbaston,1,21.6,India,Pakistan,RG Sharma,S Dhawan,Shoaib Malik,1,0,,,,,,,,,
1022353,2017,2017-06-04,Edgbaston,1,22.1,India,Pakistan,RG Sharma,S Dhawan,Shadab Khan,1,0,,,,,,,,,
1022353,2017,2017-06-04,Edgbaston,1,22.2,India,Pakistan,S Dhawan,RG Sharma,Shadab Khan,0,0,,,,,,,,,
1022353,2017,2017-06-04,Edgbaston,1,22.3,India,Pakistan,S Dhawan,RG Sharma,Shadab Khan,1,0,,,,,,,,,
1022353,2017,2017-06-04,Edgbaston,1,22.4,India,Pakistan,RG Sharma,S Dhawan,Shadab Khan,1,0,,,,,,,,,
1022353,2017,2017-06-04,Edgbaston,1,22.5,India,Pakistan,S Dhawan,RG Sharma,Shadab Khan,0,0,,,,,,,,,
1022353,2017,2017-06-04,Edgbaston,1,22.6,India,Pakistan,S Dhawan,RG Sharma,Shadab Khan,1,0,,,,,,,,,
1022353,2017,2017-06-04,Edgbaston,1,23.1,India,Pakistan,S Dhawan,RG Sharma,Shoaib Malik,1,0,,,,,,,,,
1022353,2017,2017-06-04,Edgbaston,1,23.2,India,Pakistan,RG Sharma,S Dhawan,Shoaib Malik,0,0,,,,,,,,,
1022353,2017,2017-06-04,Edgbaston,1,23.3,India,Pakistan,RG Sharma,S Dhawan,Shoaib Malik,1,0,,,,,,,,,
1022353,2017,2017-06-04,Edgbaston,1,23.4,India,Pakistan,S Dhawan,RG Sharma,Shoaib Malik,0,0,,,,,,,,,
1022353,2017,2017-06-04,Edgbaston,1,23.5,India,Pakistan,S Dhawan,RG Sharma,Shoaib Malik,4,0,,,,,,,,,
1022353,2017,2017-06-04,Edgbaston,1,23.6,India,Pakistan,S Dhawan,RG Sharma,Shoaib Malik,0,0,,,,,,,,,
1022353,2017,2017-06-04,Edgbaston,1,24.1,India,Pakistan,RG Sharma,S Dhawan,Shadab Khan,1,0,,,,,,,,,
1022353,2017,2017-06-04,Edgbaston,1,24.2,India,Pakistan,S Dhawan,RG Sharma,Shadab Khan,0,0,,,,,,,,,
1022353,2017,2017-06-04,Edgbaston,1,24.3,India,Pakistan,S Dhawan,RG Sharma,Shadab Khan,0,0,,,,,,caught,S Dhawan,,
1022353,2017,2017-06-04,Edgbaston,1,24.4,India,Pakistan,V Kohli,RG Sharma,Shadab Khan,0,0,,,,,,,,,
1022353,2017,2017-06-04,Edgbaston,1,24.5,India,Pakistan,V Kohli,RG Sharma,Shadab Khan,1,0,,,,,,,,,
1022353,2017,2017-06-04,Edgbaston,1,24.6,India,Pakistan,RG Sharma,V Kohli,Shadab Khan,1,0,,,,,,,,,
1022353,2017,2017-06-04,Edgbaston,1,25.1,India,Pakistan,RG Sharma,V Kohli,Imad Wasim,1,0,,,,,,,,,
1022353,2017,2017-06-04,Edgbaston,1,25.2,India,Pakistan,V Kohli,RG Sharma,Imad Wasim,0,0,,,,,,,,,
1022353,2017,2017-06-04,Edgbaston,1,25.3,India,Pakistan,V Kohli,RG Sharma,Imad Wasim,0,0,,,,,,,,,
1022353,2017,2017-06-04,Edgbaston,1,25.4,India,Pakistan,V Kohli,RG Sharma,Imad Wasim,0,0,,,,,,,,,
1022353,2017,2017-06-04,Edgbaston,1,25.5,India,Pakistan,V Kohli,RG Sharma,Imad Wasim,1,0,,,,,,,,,
1022353,2017,2017-06-04,Edgbaston,1,25.6,India,Pakistan,RG Sharma,V Kohli,Imad Wasim,1,0,,,,,,,,,
1022353,2017,2017-06-04,Edgbaston,1,26.1,India,Pakistan,RG Sharma,V Kohli,Shadab Khan,1,0,,,,,,,,,
1022353,2017,2017-06-04,Edgbaston,1,26.2,India,Pakistan,V Kohli,RG Sharma,Shadab Khan,1,0,,,,,,,,,
1022353,2017,2017-06-04,Edgbaston,1,26.3,India,Pakistan,RG Sharma,V Kohli,Shadab Khan,1,0,,,,,,,,,
1022353,2017,2017-06-04,Edgbaston,1,26.4,India,Pakistan,V Kohli,RG Sharma,Shadab Khan,1,0,,,,,,,,,
1022353,2017,2017-06-04,Edgbaston,1,26.5,India,Pakistan,RG Sharma,V Kohli,Shadab Khan,1,0,,,,,,,,,
1022353,2017,2017-06-04,Edgbaston,1,26.6,India,Pakistan,V Kohli,RG Sharma,Shadab Khan,1,0,,,,,,,,,
1022353,2017,2017-06-04,Edgbaston,1,27.1,India,Pakistan,V Kohli,RG Sharma,Imad Wasim,1,0,,,,,,,,,
1022353,2017,2017-06-04,Edgbaston,1,27.2,India,Pakistan,RG Sharma,V Kohli,Imad Wasim,1,0,,,,,,,,,
1022353,2017,2017-06-04,Edgbaston,1,27.3,India,Pakistan,V Kohli,RG Sharma,Imad Wasim,4,0,,,,,,,,,
1022353,2017,2017-06-04,Edgbaston,1,27.4,India,Pakistan,V Kohli,RG Sharma,Imad Wasim,1,0,,,,,,,,,
1022353,2017,2017-06-04,Edgbaston,1,27.5,India,Pakistan,RG Sharma,V Kohli,Imad Wasim,1,0,,,,,,,,,
1022353,2017,2017-06-04,Edgbaston,1,27.6,India,Pakistan,V Kohli,RG Sharma,Imad Wasim,2,0,,,,,,,,,
1022353,2017,2017-06-04,Edgbaston,1,28.1,India,Pakistan,RG Sharma,V Kohli,Shadab Khan,1,0,,,,,,,,,
1022353,2017,2017-06-04,Edgbaston,1,28.2,India,Pakistan,V Kohli,RG Sharma,Shadab Khan,1,0,,,,,,,,,
1022353,2017,2017-06-04,Edgbaston,1,28.3,India,Pakistan,RG Sharma,V Kohli,Shadab Khan,0,0,,,,,,,,,
1022353,2017,2017-06-04,Edgbaston,1,28.4,India,Pakistan,RG Sharma,V Kohli,Shadab Khan,1,0,,,,,,,,,
1022353,2017,2017-06-04,Edgbaston,1,28.5,India,Pakistan,V Kohli,RG Sharma,Shadab Khan,0,0,,,,,,,,,
1022353,2017,2017-06-04,Edgbaston,1,28.6,India,Pakistan,V Kohli,RG Sharma,Shadab Khan,1,0,,,,,,,,,
1022353,2017,2017-06-04,Edgbaston,1,29.1,India,Pakistan,V Kohli,RG Sharma,Mohammad Amir,0,0,,,,,,,,,
1022353,2017,2017-06-04,Edgbaston,1,29.2,India,Pakistan,V Kohli,RG Sharma,Mohammad Amir,1,0,,,,,,,,,
1022353,2017,2017-06-04,Edgbaston,1,29.3,India,Pakistan,RG Sharma,V Kohli,Mohammad Amir,0,0,,,,,,,,,
1022353,2017,2017-06-04,Edgbaston,1,29.4,India,Pakistan,RG Sharma,V Kohli,Mohammad Amir,0,0,,,,,,,,,
1022353,2017,2017-06-04,Edgbaston,1,29.5,India,Pakistan,RG Sharma,V Kohli,Mohammad Amir,0,0,,,,,,,,,
1022353,2017,2017-06-04,Edgbaston,1,29.6,India,Pakistan,RG Sharma,V Kohli,Mohammad Amir,0,0,,,,,,,,,
1022353,2017,2017-06-04,Edgbaston,1,30.1,India,Pakistan,V Kohli,RG Sharma,Hasan Ali,0,0,,,,,,,,,
1022353,2017,2017-06-04,Edgbaston,1,30.2,India,Pakistan,V Kohli,RG Sharma,Hasan Ali,0,0,,,,,,,,,
1022353,2017,2017-06-04,Edgbaston,1,30.3,India,Pakistan,V Kohli,RG Sharma,Hasan Ali,1,0,,,,,,,,,
1022353,2017,2017-06-04,Edgbaston,1,30.4,India,Pakistan,RG Sharma,V Kohli,Hasan Ali,0,0,,,,,,,,,
1022353,2017,2017-06-04,Edgbaston,1,30.5,India,Pakistan,RG Sharma,V Kohli,Hasan Ali,0,0,,,,,,,,,
1022353,2017,2017-06-04,Edgbaston,1,30.6,India,Pakistan,RG Sharma,V Kohli,Hasan Ali,0,0,,,,,,,,,
1022353,2017,2017-06-04,Edgbaston,1,31.1,India,Pakistan,V Kohli,RG Sharma,Mohammad Amir,1,0,,,,,,,,,
1022353,2017,2017-06-04,Edgbaston,1,31.2,India,Pakistan,RG Sharma,V Kohli,Mohammad Amir,1,0,,,,,,,,,
1022353,2017,2017-06-04,Edgbaston,1,31.3,India,Pakistan,V Kohli,RG Sharma,Mohammad Amir,1,0,,,,,,,,,
1022353,2017,2017-06-04,Edgbaston,1,31.4,India,Pakistan,RG Sharma,V Kohli,Mohammad Amir,0,0,,,,,,,,,
1022353,2017,2017-06-04,Edgbaston,1,31.5,India,Pakistan,RG Sharma,V Kohli,Mohammad Amir,1,0,,,,,,,,,
1022353,2017,2017-06-04,Edgbaston,1,31.6,India,Pakistan,V Kohli,RG Sharma,Mohammad Amir,4,0,,,,,,,,,
1022353,2017,2017-06-04,Edgbaston,1,32.1,India,Pakistan,RG Sharma,V Kohli,Hasan Ali,0,0,,,,,,,,,
1022353,2017,2017-06-04,Edgbaston,1,32.2,India,Pakistan,RG Sharma,V Kohli,Hasan Ali,0,0,,,,,,,,,
1022353,2017,2017-06-04,Edgbaston,1,32.3,India,Pakistan,RG Sharma,V Kohli,Hasan Ali,0,0,,,,,,,,,
1022353,2017,2017-06-04,Edgbaston,1,32.4,India,Pakistan,RG Sharma,V Kohli,Hasan Ali,1,0,,,,,,,,,
1022353,2017,2017-06-04,Edgbaston,1,32.5,India,Pakistan,V Kohli,RG Sharma,Hasan Ali,0,0,,,,,,,,,
1022353,2017,2017-06-04,Edgbaston,1,32.6,India,Pakistan,V Kohli,RG Sharma,Hasan Ali,1,0,,,,,,,,,
1022353,2017,2017-06-04,Edgbaston,1,33.1,India,Pakistan,V Kohli,RG Sharma,Mohammad Amir,0,0,,,,,,,,,
1022353,2017,2017-06-04,Edgbaston,1,33.2,India,Pakistan,V Kohli,RG Sharma,Mohammad Amir,1,0,,,,,,,,,
1022353,2017,2017-06-04,Edgbaston,1,33.3,India,Pakistan,RG Sharma,V Kohli,Mohammad Amir,0,0,,,,,,,,,
1022353,2017,2017-06-04,Edgbaston,1,33.4,India,Pakistan,RG Sharma,V Kohli,Mohammad Amir,0,0,,,,,,,,,
1022353,2017,2017-06-04,Edgbaston,1,33.5,India,Pakistan,RG Sharma,V Kohli,Mohammad Amir,0,0,,,,,,,,,
1022353,2017,2017-06-04,Edgbaston,1,33.6,India,Pakistan,RG Sharma,V Kohli,Mohammad Amir,0,0,,,,,,,,,
1022353,2017,2017-06-04,Edgbaston,1,34.1,India,Pakistan,V Kohli,RG Sharma,Shadab Khan,0,0,,,,,,,,,
1022353,2017,2017-06-04,Edgbaston,1,34.2,India,Pakistan,V Kohli,RG Sharma,Shadab Khan,0,0,,,,,,,,,
1022353,2017,2017-06-04,Edgbaston,1,34.3,India,Pakistan,V Kohli,RG Sharma,Shadab Khan,2,0,,,,,,,,,
1022353,2017,2017-06-04,Edgbaston,1,34.4,India,Pakistan,V Kohli,RG Sharma,Shadab Khan,0,0,,,,,,,,,
1022353,2017,2017-06-04,Edgbaston,1,34.5,India,Pakistan,V Kohli,RG Sharma,Shadab Khan,0,0,,,,,,,,,
1022353,2017,2017-06-04,Edgbaston,1,34.6,India,Pakistan,V Kohli,RG Sharma,Shadab Khan,0,0,,,,,,,,,
1022353,2017,2017-06-04,Edgbaston,1,35.1,India,Pakistan,RG Sharma,V Kohli,Wahab Riaz,0,0,,,,,,,,,
1022353,2017,2017-06-04,Edgbaston,1,35.2,India,Pakistan,RG Sharma,V Kohli,Wahab Riaz,1,0,,,,,,,,,
1022353,2017,2017-06-04,Edgbaston,1,35.3,India,Pakistan,V Kohli,RG Sharma,Wahab Riaz,1,0,,,,,,,,,
1022353,2017,2017-06-04,Edgbaston,1,35.4,India,Pakistan,RG Sharma,V Kohli,Wahab Riaz,4,0,,,,,,,,,
1022353,2017,2017-06-04,Edgbaston,1,35.5,India,Pakistan,RG Sharma,V Kohli,Wahab Riaz,6,0,,,,,,,,,
1022353,2017,2017-06-04,Edgbaston,1,35.6,India,Pakistan,RG Sharma,V Kohli,Wahab Riaz,1,0,,,,,,,,,
1022353,2017,2017-06-04,Edgbaston,1,36.1,India,Pakistan,RG Sharma,V Kohli,Shadab Khan,1,0,,,,,,,,,
1022353,2017,2017-06-04,Edgbaston,1,36.2,India,Pakistan,V Kohli,RG Sharma,Shadab Khan,1,0,,,,,,,,,
1022353,2017,2017-06-04,Edgbaston,1,36.3,India,Pakistan,RG Sharma,V Kohli,Shadab Khan,1,0,,,,,,,,,
1022353,2017,2017-06-04,Edgbaston,1,36.4,India,Pakistan,V Kohli,RG Sharma,Shadab Khan,0,0,,,,,,run out,RG Sharma,,
1022353,2017,2017-06-04,Edgbaston,1,36.5,India,Pakistan,Yuvraj Singh,V Kohli,Shadab Khan,1,0,,,,,,,,,
1022353,2017,2017-06-04,Edgbaston,1,36.6,India,Pakistan,V Kohli,Yuvraj Singh,Shadab Khan,1,0,,,,,,,,,
1022353,2017,2017-06-04,Edgbaston,1,37.1,India,Pakistan,V Kohli,Yuvraj Singh,Wahab Riaz,1,0,,,,,,,,,
1022353,2017,2017-06-04,Edgbaston,1,37.2,India,Pakistan,Yuvraj Singh,V Kohli,Wahab Riaz,1,0,,,,,,,,,
1022353,2017,2017-06-04,Edgbaston,1,37.3,India,Pakistan,V Kohli,Yuvraj Singh,Wahab Riaz,1,0,,,,,,,,,
1022353,2017,2017-06-04,Edgbaston,1,37.4,India,Pakistan,Yuvraj Singh,V Kohli,Wahab Riaz,0,0,,,,,,,,,
1022353,2017,2017-06-04,Edgbaston,1,37.5,India,Pakistan,Yuvraj Singh,V Kohli,Wahab Riaz,4,0,,,,,,,,,
1022353,2017,2017-06-04,Edgbaston,1,37.6,India,Pakistan,Yuvraj Singh,V Kohli,Wahab Riaz,1,0,,,,,,,,,
1022353,2017,2017-06-04,Edgbaston,1,38.1,India,Pakistan,Yuvraj Singh,V Kohli,Shadab Khan,0,0,,,,,,,,,
1022353,2017,2017-06-04,Edgbaston,1,38.2,India,Pakistan,Yuvraj Singh,V Kohli,Shadab Khan,1,0,,,,,,,,,
1022353,2017,2017-06-04,Edgbaston,1,38.3,India,Pakistan,V Kohli,Yuvraj Singh,Shadab Khan,1,0,,,,,,,,,
1022353,2017,2017-06-04,Edgbaston,1,38.4,India,Pakistan,Yuvraj Singh,V Kohli,Shadab Khan,1,0,,,,,,,,,
1022353,2017,2017-06-04,Edgbaston,1,38.5,India,Pakistan,V Kohli,Yuvraj Singh,Shadab Khan,1,0,,,,,,,,,
1022353,2017,2017-06-04,Edgbaston,1,38.6,India,Pakistan,Yuvraj Singh,V Kohli,Shadab Khan,0,0,,,,,,,,,
1022353,2017,2017-06-04,Edgbaston,1,39.1,India,Pakistan,V Kohli,Yuvraj Singh,Wahab Riaz,1,0,,,,,,,,,
1022353,2017,2017-06-04,Edgbaston,1,39.2,India,Pakistan,Yuvraj Singh,V Kohli,Wahab Riaz,0,0,,,,,,,,,
1022353,2017,2017-06-04,Edgbaston,1,39.3,India,Pakistan,Yuvraj Singh,V Kohli,Wahab Riaz,2,0,,,,,,,,,
1022353,2017,2017-06-04,Edgbaston,1,39.4,India,Pakistan,Yuvraj Singh,V Kohli,Wahab Riaz,0,0,,,,,,,,,
1022353,2017,2017-06-04,Edgbaston,1,39.5,India,Pakistan,Yuvraj Singh,V Kohli,Wahab Riaz,0,0,,,,,,,,,
1022353,2017,2017-06-04,Edgbaston,1,39.6,India,Pakistan,Yuvraj Singh,V Kohli,Wahab Riaz,4,0,,,,,,,,,
1022353,2017,2017-06-04,Edgbaston,1,40.1,India,Pakistan,V Kohli,Yuvraj Singh,Hasan Ali,2,0,,,,,,,,,
1022353,2017,2017-06-04,Edgbaston,1,40.2,India,Pakistan,V Kohli,Yuvraj Singh,Hasan Ali,0,0,,,,,,,,,
1022353,2017,2017-06-04,Edgbaston,1,40.3,India,Pakistan,V Kohli,Yuvraj Singh,Hasan Ali,1,0,,,,,,,,,
1022353,2017,2017-06-04,Edgbaston,1,40.4,India,Pakistan,Yuvraj Singh,V Kohli,Hasan Ali,4,0,,,,,,,,,
1022353,2017,2017-06-04,Edgbaston,1,40.5,India,Pakistan,Yuvraj Singh,V Kohli,Hasan Ali,1,0,,,,,,,,,
1022353,2017,2017-06-04,Edgbaston,1,40.6,India,Pakistan,V Kohli,Yuvraj Singh,Hasan Ali,1,0,,,,,,,,,
1022353,2017,2017-06-04,Edgbaston,1,41.1,India,Pakistan,V Kohli,Yuvraj Singh,Mohammad Amir,0,0,,,,,,,,,
1022353,2017,2017-06-04,Edgbaston,1,41.2,India,Pakistan,V Kohli,Yuvraj Singh,Mohammad Amir,1,0,,,,,,,,,
1022353,2017,2017-06-04,Edgbaston,1,41.3,India,Pakistan,Yuvraj Singh,V Kohli,Mohammad Amir,1,0,,,,,,,,,
1022353,2017,2017-06-04,Edgbaston,1,41.4,India,Pakistan,V Kohli,Yuvraj Singh,Mohammad Amir,1,0,,,,,,,,,
1022353,2017,2017-06-04,Edgbaston,1,41.5,India,Pakistan,Yuvraj Singh,V Kohli,Mohammad Amir,4,0,,,,,,,,,
1022353,2017,2017-06-04,Edgbaston,1,41.6,India,Pakistan,Yuvraj Singh,V Kohli,Mohammad Amir,1,0,,,,,,,,,
1022353,2017,2017-06-04,Edgbaston,1,42.1,India,Pakistan,Yuvraj Singh,V Kohli,Hasan Ali,1,0,,,,,,,,,
1022353,2017,2017-06-04,Edgbaston,1,42.2,India,Pakistan,V Kohli,Yuvraj Singh,Hasan Ali,0,0,,,,,,,,,
1022353,2017,2017-06-04,Edgbaston,1,42.3,India,Pakistan,V Kohli,Yuvraj Singh,Hasan Ali,1,0,,,,,,,,,
1022353,2017,2017-06-04,Edgbaston,1,42.4,India,Pakistan,Yuvraj Singh,V Kohli,Hasan Ali,4,0,,,,,,,,,
1022353,2017,2017-06-04,Edgbaston,1,42.5,India,Pakistan,Yuvraj Singh,V Kohli,Hasan Ali,0,0,,,,,,,,,
1022353,2017,2017-06-04,Edgbaston,1,42.6,India,Pakistan,Yuvraj Singh,V Kohli,Hasan Ali,6,0,,,,,,,,,
1022353,2017,2017-06-04,Edgbaston,1,43.1,India,Pakistan,V Kohli,Yuvraj Singh,Mohammad Amir,0,1,,,,1,,,,,
1022353,2017,2017-06-04,Edgbaston,1,43.2,India,Pakistan,Yuvraj Singh,V Kohli,Wahab Riaz,1,0,,,,,,,,,
1022353,2017,2017-06-04,Edgbaston,1,43.3,India,Pakistan,V Kohli,Yuvraj Singh,Wahab Riaz,1,0,,,,,,,,,
1022353,2017,2017-06-04,Edgbaston,1,43.4,India,Pakistan,Yuvraj Singh,V Kohli,Wahab Riaz,1,0,,,,,,,,,
1022353,2017,2017-06-04,Edgbaston,1,43.5,India,Pakistan,V Kohli,Yuvraj Singh,Wahab Riaz,0,0,,,,,,,,,
1022353,2017,2017-06-04,Edgbaston,1,43.6,India,Pakistan,V Kohli,Yuvraj Singh,Wahab Riaz,1,0,,,,,,,,,
1022353,2017,2017-06-04,Edgbaston,1,44.1,India,Pakistan,V Kohli,Yuvraj Singh,Hasan Ali,1,0,,,,,,,,,
1022353,2017,2017-06-04,Edgbaston,1,44.2,India,Pakistan,Yuvraj Singh,V Kohli,Hasan Ali,4,0,,,,,,,,,
1022353,2017,2017-06-04,Edgbaston,1,44.3,India,Pakistan,Yuvraj Singh,V Kohli,Hasan Ali,1,0,,,,,,,,,
1022353,2017,2017-06-04,Edgbaston,1,44.4,India,Pakistan,V Kohli,Yuvraj Singh,Hasan Ali,6,0,,,,,,,,,
1022353,2017,2017-06-04,Edgbaston,1,44.5,India,Pakistan,V Kohli,Yuvraj Singh,Hasan Ali,1,0,,,,,,,,,
1022353,2017,2017-06-04,Edgbaston,1,44.6,India,Pakistan,Yuvraj Singh,V Kohli,Hasan Ali,4,0,,,,,,,,,
1022353,2017,2017-06-04,Edgbaston,1,45.1,India,Pakistan,V Kohli,Yuvraj Singh,Wahab Riaz,4,1,,1,,,,,,,
1022353,2017,2017-06-04,Edgbaston,1,45.2,India,Pakistan,V Kohli,Yuvraj Singh,Wahab Riaz,4,0,,,,,,,,,
1022353,2017,2017-06-04,Edgbaston,1,45.3,India,Pakistan,V Kohli,Yuvraj Singh,Wahab Riaz,6,0,,,,,,,,,
1022353,2017,2017-06-04,Edgbaston,1,45.4,India,Pakistan,V Kohli,Yuvraj Singh,Wahab Riaz,1,0,,,,,,,,,
1022353,2017,2017-06-04,Edgbaston,1,45.5,India,Pakistan,Yuvraj Singh,V Kohli,Wahab Riaz,4,0,,,,,,,,,
1022353,2017,2017-06-04,Edgbaston,1,45.6,India,Pakistan,Yuvraj Singh,V Kohli,Wahab Riaz,1,0,,,,,,,,,
1022353,2017,2017-06-04,Edgbaston,1,45.7,India,Pakistan,V Kohli,Yuvraj Singh,Imad Wasim,0,0,,,,,,,,,
1022353,2017,2017-06-04,Edgbaston,1,46.1,India,Pakistan,Yuvraj Singh,V Kohli,Hasan Ali,0,0,,,,,,,,,
1022353,2017,2017-06-04,Edgbaston,1,46.2,India,Pakistan,Yuvraj Singh,V Kohli,Hasan Ali,0,0,,,,,,lbw,Yuvraj Singh,,
1022353,2017,2017-06-04,Edgbaston,1,46.3,India,Pakistan,HH Pandya,V Kohli,Hasan Ali,1,0,,,,,,,,,
1022353,2017,2017-06-04,Edgbaston,1,46.4,India,Pakistan,V Kohli,HH Pandya,Hasan Ali,4,0,,,,,,,,,
1022353,2017,2017-06-04,Edgbaston,1,46.5,India,Pakistan,V Kohli,HH Pandya,Hasan Ali,6,0,,,,,,,,,
1022353,2017,2017-06-04,Edgbaston,1,46.6,India,Pakistan,V Kohli,HH Pandya,Hasan Ali,0,0,,,,,,,,,
1022353,2017,2017-06-04,Edgbaston,1,47.1,India,Pakistan,HH Pandya,V Kohli,Imad Wasim,6,0,,,,,,,,,
1022353,2017,2017-06-04,Edgbaston,1,47.2,India,Pakistan,HH Pandya,V Kohli,Imad Wasim,6,0,,,,,,,,,
1022353,2017,2017-06-04,Edgbaston,1,47.3,India,Pakistan,HH Pandya,V Kohli,Imad Wasim,6,0,,,,,,,,,
1022353,2017,2017-06-04,Edgbaston,1,47.4,India,Pakistan,HH Pandya,V Kohli,Imad Wasim,0,0,,,,,,,,,
1022353,2017,2017-06-04,Edgbaston,1,47.5,India,Pakistan,HH Pandya,V Kohli,Imad Wasim,1,0,,,,,,,,,
1022353,2017,2017-06-04,Edgbaston,1,47.6,India,Pakistan,V Kohli,HH Pandya,Imad Wasim,4,0,,,,,,,,,
1022353,2017,2017-06-04,Edgbaston,2,0.1,Pakistan,India,Azhar Ali,Ahmed Shehzad,B Kumar,0,1,1,,,,,,,,
1022353,2017,2017-06-04,Edgbaston,2,0.2,Pakistan,India,Azhar Ali,Ahmed Shehzad,B Kumar,0,0,,,,,,,,,
1022353,2017,2017-06-04,Edgbaston,2,0.3,Pakistan,India,Azhar Ali,Ahmed Shehzad,B Kumar,0,0,,,,,,,,,
1022353,2017,2017-06-04,Edgbaston,2,0.4,Pakistan,India,Azhar Ali,Ahmed Shehzad,B Kumar,0,1,1,,,,,,,,
1022353,2017,2017-06-04,Edgbaston,2,0.5,Pakistan,India,Azhar Ali,Ahmed Shehzad,B Kumar,0,0,,,,,,,,,
1022353,2017,2017-06-04,Edgbaston,2,0.6,Pakistan,India,Azhar Ali,Ahmed Shehzad,B Kumar,2,0,,,,,,,,,
1022353,2017,2017-06-04,Edgbaston,2,0.7,Pakistan,India,Azhar Ali,Ahmed Shehzad,B Kumar,0,0,,,,,,,,,
1022353,2017,2017-06-04,Edgbaston,2,0.8,Pakistan,India,Azhar Ali,Ahmed Shehzad,B Kumar,0,0,,,,,,,,,
1022353,2017,2017-06-04,Edgbaston,2,1.1,Pakistan,India,Ahmed Shehzad,Azhar Ali,UT Yadav,0,0,,,,,,,,,
1022353,2017,2017-06-04,Edgbaston,2,1.2,Pakistan,India,Ahmed Shehzad,Azhar Ali,UT Yadav,4,0,,,,,,,,,
1022353,2017,2017-06-04,Edgbaston,2,1.3,Pakistan,India,Ahmed Shehzad,Azhar Ali,UT Yadav,0,0,,,,,,,,,
1022353,2017,2017-06-04,Edgbaston,2,1.4,Pakistan,India,Ahmed Shehzad,Azhar Ali,UT Yadav,1,0,,,,,,,,,
1022353,2017,2017-06-04,Edgbaston,2,1.5,Pakistan,India,Azhar Ali,Ahmed Shehzad,UT Yadav,0,0,,,,,,,,,
1022353,2017,2017-06-04,Edgbaston,2,1.6,Pakistan,India,Azhar Ali,Ahmed Shehzad,UT Yadav,1,0,,,,,,,,,
1022353,2017,2017-06-04,Edgbaston,2,2.1,Pakistan,India,Azhar Ali,Ahmed Shehzad,B Kumar,0,0,,,,,,,,,
1022353,2017,2017-06-04,Edgbaston,2,2.2,Pakistan,India,Azhar Ali,Ahmed Shehzad,B Kumar,1,0,,,,,,,,,
1022353,2017,2017-06-04,Edgbaston,2,2.3,Pakistan,India,Ahmed Shehzad,Azhar Ali,B Kumar,1,0,,,,,,,,,
1022353,2017,2017-06-04,Edgbaston,2,2.4,Pakistan,India,Azhar Ali,Ahmed Shehzad,B Kumar,3,0,,,,,,,,,
1022353,2017,2017-06-04,Edgbaston,2,2.5,Pakistan,India,Ahmed Shehzad,Azhar Ali,B Kumar,0,0,,,,,,,,,
1022353,2017,2017-06-04,Edgbaston,2,2.6,Pakistan,India,Ahmed Shehzad,Azhar Ali,B Kumar,0,0,,,,,,,,,
1022353,2017,2017-06-04,Edgbaston,2,3.1,Pakistan,India,Azhar Ali,Ahmed Shehzad,UT Yadav,0,0,,,,,,,,,
1022353,2017,2017-06-04,Edgbaston,2,3.2,Pakistan,India,Azhar Ali,Ahmed Shehzad,UT Yadav,0,0,,,,,,,,,
1022353,2017,2017-06-04,Edgbaston,2,3.3,Pakistan,India,Azhar Ali,Ahmed Shehzad,UT Yadav,1,0,,,,,,,,,
1022353,2017,2017-06-04,Edgbaston,2,3.4,Pakistan,India,Ahmed Shehzad,Azhar Ali,UT Yadav,1,0,,,,,,,,,
1022353,2017,2017-06-04,Edgbaston,2,3.5,Pakistan,India,Azhar Ali,Ahmed Shehzad,UT Yadav,0,0,,,,,,,,,
1022353,2017,2017-06-04,Edgbaston,2,3.6,Pakistan,India,Azhar Ali,Ahmed Shehzad,UT Yadav,4,0,,,,,,,,,
1022353,2017,2017-06-04,Edgbaston,2,4.1,Pakistan,India,Ahmed Shehzad,Azhar Ali,B Kumar,0,0,,,,,,,,,
1022353,2017,2017-06-04,Edgbaston,2,4.2,Pakistan,India,Ahmed Shehzad,Azhar Ali,B Kumar,0,0,,,,,,,,,
1022353,2017,2017-06-04,Edgbaston,2,4.3,Pakistan,India,Ahmed Shehzad,Azhar Ali,B Kumar,0,0,,,,,,,,,
1022353,2017,2017-06-04,Edgbaston,2,4.4,Pakistan,India,Ahmed Shehzad,Azhar Ali,B Kumar,0,1,,,,1,,,,,
1022353,2017,2017-06-04,Edgbaston,2,4.5,Pakistan,India,Azhar Ali,Ahmed Shehzad,B Kumar,0,0,,,,,,,,,
1022353,2017,2017-06-04,Edgbaston,2,4.6,Pakistan,India,Azhar Ali,Ahmed Shehzad,B Kumar,0,0,,,,,,,,,
1022353,2017,2017-06-04,Edgbaston,2,5.1,Pakistan,India,Ahmed Shehzad,Azhar Ali,JJ Bumrah,0,0,,,,,,,,,
1022353,2017,2017-06-04,Edgbaston,2,5.2,Pakistan,India,Ahmed Shehzad,Azhar Ali,JJ Bumrah,1,0,,,,,,,,,
1022353,2017,2017-06-04,Edgbaston,2,5.3,Pakistan,India,Azhar Ali,Ahmed Shehzad,JJ Bumrah,0,0,,,,,,,,,
1022353,2017,2017-06-04,Edgbaston,2,5.4,Pakistan,India,Azhar Ali,Ahmed Shehzad,JJ Bumrah,0,0,,,,,,,,,
1022353,2017,2017-06-04,Edgbaston,2,5.5,Pakistan,India,Azhar Ali,Ahmed Shehzad,JJ Bumrah,0,0,,,,,,,,,
1022353,2017,2017-06-04,Edgbaston,2,5.6,Pakistan,India,Azhar Ali,Ahmed Shehzad,JJ Bumrah,4,0,,,,,,,,,
1022353,2017,2017-06-04,Edgbaston,2,6.1,Pakistan,India,Ahmed Shehzad,Azhar Ali,B Kumar,1,0,,,,,,,,,
1022353,2017,2017-06-04,Edgbaston,2,6.2,Pakistan,India,Azhar Ali,Ahmed Shehzad,B Kumar,1,0,,,,,,,,,
1022353,2017,2017-06-04,Edgbaston,2,6.3,Pakistan,India,Ahmed Shehzad,Azhar Ali,B Kumar,1,0,,,,,,,,,
1022353,2017,2017-06-04,Edgbaston,2,6.4,Pakistan,India,Azhar Ali,Ahmed Shehzad,B Kumar,2,0,,,,,,,,,
1022353,2017,2017-06-04,Edgbaston,2,6.5,Pakistan,India,Azhar Ali,Ahmed Shehzad,B Kumar,0,0,,,,,,,,,
1022353,2017,2017-06-04,Edgbaston,2,6.6,Pakistan,India,Azhar Ali,Ahmed Shehzad,B Kumar,0,0,,,,,,,,,
1022353,2017,2017-06-04,Edgbaston,2,7.1,Pakistan,India,Ahmed Shehzad,Azhar Ali,JJ Bumrah,0,0,,,,,,,,,
1022353,2017,2017-06-04,Edgbaston,2,7.2,Pakistan,India,Ahmed Shehzad,Azhar Ali,JJ Bumrah,0,0,,,,,,,,,
1022353,2017,2017-06-04,Edgbaston,2,7.3,Pakistan,India,Ahmed Shehzad,Azhar Ali,JJ Bumrah,0,0,,,,,,,,,
1022353,2017,2017-06-04,Edgbaston,2,7.4,Pakistan,India,Ahmed Shehzad,Azhar Ali,JJ Bumrah,1,0,,,,,,,,,
1022353,2017,2017-06-04,Edgbaston,2,7.5,Pakistan,India,Azhar Ali,Ahmed Shehzad,JJ Bumrah,4,0,,,,,,,,,
1022353,2017,2017-06-04,Edgbaston,2,7.6,Pakistan,India,Azhar Ali,Ahmed Shehzad,JJ Bumrah,1,0,,,,,,,,,
1022353,2017,2017-06-04,Edgbaston,2,8.1,Pakistan,India,Azhar Ali,Ahmed Shehzad,B Kumar,2,0,,,,,,,,,
1022353,2017,2017-06-04,Edgbaston,2,8.2,Pakistan,India,Azhar Ali,Ahmed Shehzad,B Kumar,1,0,,,,,,,,,
1022353,2017,2017-06-04,Edgbaston,2,8.3,Pakistan,India,Ahmed Shehzad,Azhar Ali,B Kumar,1,0,,,,,,,,,
1022353,2017,2017-06-04,Edgbaston,2,8.4,Pakistan,India,Azhar Ali,Ahmed Shehzad,B Kumar,4,0,,,,,,,,,
1022353,2017,2017-06-04,Edgbaston,2,8.5,Pakistan,India,Azhar Ali,Ahmed Shehzad,B Kumar,1,0,,,,,,,,,
1022353,2017,2017-06-04,Edgbaston,2,8.6,Pakistan,India,Ahmed Shehzad,Azhar Ali,B Kumar,0,0,,,,,,lbw,Ahmed Shehzad,,
1022353,2017,2017-06-04,Edgbaston,2,9.1,Pakistan,India,Azhar Ali,Babar Azam,JJ Bumrah,4,0,,,,,,,,,
1022353,2017,2017-06-04,Edgbaston,2,9.2,Pakistan,India,Azhar Ali,Babar Azam,JJ Bumrah,0,0,,,,,,,,,
1022353,2017,2017-06-04,Edgbaston,2,9.3,Pakistan,India,Azhar Ali,Babar Azam,JJ Bumrah,0,0,,,,,,,,,
1022353,2017,2017-06-04,Edgbaston,2,9.4,Pakistan,India,Azhar Ali,Babar Azam,JJ Bumrah,0,0,,,,,,,,,
1022353,2017,2017-06-04,Edgbaston,2,9.5,Pakistan,India,Azhar Ali,Babar Azam,JJ Bumrah,0,0,,,,,,,,,
1022353,2017,2017-06-04,Edgbaston,2,9.6,Pakistan,India,Azhar Ali,Babar Azam,JJ Bumrah,0,0,,,,,,,,,
1022353,2017,2017-06-04,Edgbaston,2,10.1,Pakistan,India,Babar Azam,Azhar Ali,UT Yadav,0,0,,,,,,,,,
1022353,2017,2017-06-04,Edgbaston,2,10.2,Pakistan,India,Babar Azam,Azhar Ali,UT Yadav,0,0,,,,,,,,,
1022353,2017,2017-06-04,Edgbaston,2,10.3,Pakistan,India,Babar Azam,Azhar Ali,UT Yadav,0,0,,,,,,,,,
1022353,2017,2017-06-04,Edgbaston,2,10.4,Pakistan,India,Babar Azam,Azhar Ali,UT Yadav,0,0,,,,,,,,,
1022353,2017,2017-06-04,Edgbaston,2,10.5,Pakistan,India,Babar Azam,Azhar Ali,UT Yadav,0,0,,,,,,,,,
1022353,2017,2017-06-04,Edgbaston,2,10.6,Pakistan,India,Babar Azam,Azhar Ali,UT Yadav,0,0,,,,,,,,,
1022353,2017,2017-06-04,Edgbaston,2,11.1,Pakistan,India,Azhar Ali,Babar Azam,JJ Bumrah,0,1,,,,1,,,,,
1022353,2017,2017-06-04,Edgbaston,2,11.2,Pakistan,India,Babar Azam,Azhar Ali,JJ Bumrah,1,0,,,,,,,,,
1022353,2017,2017-06-04,Edgbaston,2,11.3,Pakistan,India,Azhar Ali,Babar Azam,JJ Bumrah,1,0,,,,,,,,,
1022353,2017,2017-06-04,Edgbaston,2,11.4,Pakistan,India,Babar Azam,Azhar Ali,JJ Bumrah,0,0,,,,,,,,,
1022353,2017,2017-06-04,Edgbaston,2,11.5,Pakistan,India,Babar Azam,Azhar Ali,JJ Bumrah,2,0,,,,,,,,,
1022353,2017,2017-06-04,Edgbaston,2,11.6,Pakistan,India,Babar Azam,Azhar Ali,JJ Bumrah,1,0,,,,,,,,,
1022353,2017,2017-06-04,Edgbaston,2,12.1,Pakistan,India,Babar Azam,Azhar Ali,UT Yadav,4,0,,,,,,,,,
1022353,2017,2017-06-04,Edgbaston,2,12.2,Pakistan,India,Babar Azam,Azhar Ali,UT Yadav,0,0,,,,,,caught,Babar Azam,,
1022353,2017,2017-06-04,Edgbaston,2,12.3,Pakistan,India,Mohammad Hafeez,Azhar Ali,UT Yadav,0,0,,,,,,,,,
1022353,2017,2017-06-04,Edgbaston,2,12.4,Pakistan,India,Mohammad Hafeez,Azhar Ali,UT Yadav,0,0,,,,,,,,,
1022353,2017,2017-06-04,Edgbaston,2,12.5,Pakistan,India,Mohammad Hafeez,Azhar Ali,UT Yadav,0,0,,,,,,,,,
1022353,2017,2017-06-04,Edgbaston,2,12.6,Pakistan,India,Mohammad Hafeez,Azhar Ali,UT Yadav,0,0,,,,,,,,,
1022353,2017,2017-06-04,Edgbaston,2,13.1,Pakistan,India,Azhar Ali,Mohammad Hafeez,HH Pandya,0,0,,,,,,,,,
1022353,2017,2017-06-04,Edgbaston,2,13.2,Pakistan,India,Azhar Ali,Mohammad Hafeez,HH Pandya,0,0,,,,,,,,,
1022353,2017,2017-06-04,Edgbaston,2,13.3,Pakistan,India,Azhar Ali,Mohammad Hafeez,HH Pandya,2,0,,,,,,,,,
1022353,2017,2017-06-04,Edgbaston,2,13.4,Pakistan,India,Azhar Ali,Mohammad Hafeez,HH Pandya,0,0,,,,,,,,,
1022353,2017,2017-06-04,Edgbaston,2,13.5,Pakistan,India,Azhar Ali,Mohammad Hafeez,HH Pandya,0,0,,,,,,,,,
1022353,2017,2017-06-04,Edgbaston,2,13.6,Pakistan,India,Azhar Ali,Mohammad Hafeez,HH Pandya,1,0,,,,,,,,,
1022353,2017,2017-06-04,Edgbaston,2,14.1,Pakistan,India,Azhar Ali,Mohammad Hafeez,UT Yadav,0,0,,,,,,,,,
1022353,2017,2017-06-04,Edgbaston,2,14.2,Pakistan,India,Azhar Ali,Mohammad Hafeez,UT Yadav,0,0,,,,,,,,,
1022353,2017,2017-06-04,Edgbaston,2,14.3,Pakistan,India,Azhar Ali,Mohammad Hafeez,UT Yadav,1,0,,,,,,,,,
1022353,2017,2017-06-04,Edgbaston,2,14.4,Pakistan,India,Mohammad Hafeez,Azhar Ali,UT Yadav,0,0,,,,,,,,,
1022353,2017,2017-06-04,Edgbaston,2,14.5,Pakistan,India,Mohammad Hafeez,Azhar Ali,UT Yadav,2,0,,,,,,,,,
1022353,2017,2017-06-04,Edgbaston,2,14.6,Pakistan,India,Mohammad Hafeez,Azhar Ali,UT Yadav,0,0,,,,,,,,,
1022353,2017,2017-06-04,Edgbaston,2,15.1,Pakistan,India,Azhar Ali,Mohammad Hafeez,HH Pandya,1,0,,,,,,,,,
1022353,2017,2017-06-04,Edgbaston,2,15.2,Pakistan,India,Mohammad Hafeez,Azhar Ali,HH Pandya,0,0,,,,,,,,,
1022353,2017,2017-06-04,Edgbaston,2,15.3,Pakistan,India,Mohammad Hafeez,Azhar Ali,HH Pandya,1,0,,,,,,,,,
1022353,2017,2017-06-04,Edgbaston,2,15.4,Pakistan,India,Azhar Ali,Mohammad Hafeez,HH Pandya,1,0,,,,,,,,,
1022353,2017,2017-06-04,Edgbaston,2,15.5,Pakistan,India,Mohammad Hafeez,Azhar Ali,HH Pandya,1,0,,,,,,,,,
1022353,2017,2017-06-04,Edgbaston,2,15.6,Pakistan,India,Azhar Ali,Mohammad Hafeez,HH Pandya,0,1,1,,,,,,,,
1022353,2017,2017-06-04,Edgbaston,2,15.7,Pakistan,India,Azhar Ali,Mohammad Hafeez,HH Pandya,4,0,,,,,,,,,
1022353,2017,2017-06-04,Edgbaston,2,16.1,Pakistan,India,Mohammad Hafeez,Azhar Ali,RA Jadeja,1,0,,,,,,,,,
1022353,2017,2017-06-04,Edgbaston,2,16.2,Pakistan,India,Azhar Ali,Mohammad Hafeez,RA Jadeja,0,0,,,,,,,,,
1022353,2017,2017-06-04,Edgbaston,2,16.3,Pakistan,India,Azhar Ali,Mohammad Hafeez,RA Jadeja,0,0,,,,,,,,,
1022353,2017,2017-06-04,Edgbaston,2,16.4,Pakistan,India,Azhar Ali,Mohammad Hafeez,RA Jadeja,1,0,,,,,,,,,
1022353,2017,2017-06-04,Edgbaston,2,16.5,Pakistan,India,Mohammad Hafeez,Azhar Ali,RA Jadeja,1,0,,,,,,,,,
1022353,2017,2017-06-04,Edgbaston,2,16.6,Pakistan,India,Azhar Ali,Mohammad Hafeez,RA Jadeja,0,0,,,,,,,,,
1022353,2017,2017-06-04,Edgbaston,2,17.1,Pakistan,India,Mohammad Hafeez,Azhar Ali,HH Pandya,0,0,,,,,,,,,
1022353,2017,2017-06-04,Edgbaston,2,17.2,Pakistan,India,Mohammad Hafeez,Azhar Ali,HH Pandya,1,0,,,,,,,,,
1022353,2017,2017-06-04,Edgbaston,2,17.3,Pakistan,India,Azhar Ali,Mohammad Hafeez,HH Pandya,0,0,,,,,,,,,
1022353,2017,2017-06-04,Edgbaston,2,17.4,Pakistan,India,Azhar Ali,Mohammad Hafeez,HH Pandya,1,0,,,,,,,,,
1022353,2017,2017-06-04,Edgbaston,2,17.5,Pakistan,India,Mohammad Hafeez,Azhar Ali,HH Pandya,0,0,,,,,,,,,
1022353,2017,2017-06-04,Edgbaston,2,17.6,Pakistan,India,Mohammad Hafeez,Azhar Ali,HH Pandya,1,0,,,,,,,,,
1022353,2017,2017-06-04,Edgbaston,2,18.1,Pakistan,India,Mohammad Hafeez,Azhar Ali,RA Jadeja,4,0,,,,,,,,,
1022353,2017,2017-06-04,Edgbaston,2,18.2,Pakistan,India,Mohammad Hafeez,Azhar Ali,RA Jadeja,1,0,,,,,,,,,
1022353,2017,2017-06-04,Edgbaston,2,18.3,Pakistan,India,Azhar Ali,Mohammad Hafeez,RA Jadeja,0,0,,,,,,,,,
1022353,2017,2017-06-04,Edgbaston,2,18.4,Pakistan,India,Azhar Ali,Mohammad Hafeez,RA Jadeja,0,0,,,,,,,,,
1022353,2017,2017-06-04,Edgbaston,2,18.5,Pakistan,India,Azhar Ali,Mohammad Hafeez,RA Jadeja,0,0,,,,,,,,,
1022353,2017,2017-06-04,Edgbaston,2,18.6,Pakistan,India,Azhar Ali,Mohammad Hafeez,RA Jadeja,0,0,,,,,,,,,
1022353,2017,2017-06-04,Edgbaston,2,19.1,Pakistan,India,Mohammad Hafeez,Azhar Ali,HH Pandya,0,0,,,,,,,,,
1022353,2017,2017-06-04,Edgbaston,2,19.2,Pakistan,India,Mohammad Hafeez,Azhar Ali,HH Pandya,0,0,,,,,,,,,
1022353,2017,2017-06-04,Edgbaston,2,19.3,Pakistan,India,Mohammad Hafeez,Azhar Ali,HH Pandya,0,0,,,,,,,,,
1022353,2017,2017-06-04,Edgbaston,2,19.4,Pakistan,India,Mohammad Hafeez,Azhar Ali,HH Pandya,0,0,,,,,,,,,
1022353,2017,2017-06-04,Edgbaston,2,19.5,Pakistan,India,Mohammad Hafeez,Azhar Ali,HH Pandya,0,0,,,,,,,,,
1022353,2017,2017-06-04,Edgbaston,2,19.6,Pakistan,India,Mohammad Hafeez,Azhar Ali,HH Pandya,1,0,,,,,,,,,
1022353,2017,2017-06-04,Edgbaston,2,20.1,Pakistan,India,Mohammad Hafeez,Azhar Ali,RA Jadeja,1,0,,,,,,,,,
1022353,2017,2017-06-04,Edgbaston,2,20.2,Pakistan,India,Azhar Ali,Mohammad Hafeez,RA Jadeja,0,0,,,,,,,,,
1022353,2017,2017-06-04,Edgbaston,2,20.3,Pakistan,India,Azhar Ali,Mohammad Hafeez,RA Jadeja,1,0,,,,,,,,,
1022353,2017,2017-06-04,Edgbaston,2,20.4,Pakistan,India,Mohammad Hafeez,Azhar Ali,RA Jadeja,1,0,,,,,,,,,
1022353,2017,2017-06-04,Edgbaston,2,20.5,Pakistan,India,Azhar Ali,Mohammad Hafeez,RA Jadeja,0,0,,,,,,caught,Azhar Ali,,
1022353,2017,2017-06-04,Edgbaston,2,20.6,Pakistan,India,Shoaib Malik,Mohammad Hafeez,RA Jadeja,0,0,,,,,,,,,
1022353,2017,2017-06-04,Edgbaston,2,21.1,Pakistan,India,Mohammad Hafeez,Shoaib Malik,HH Pandya,1,0,,,,,,,,,
1022353,2017,2017-06-04,Edgbaston,2,21.2,Pakistan,India,Shoaib Malik,Mohammad Hafeez,HH Pandya,0,0,,,,,,,,,
1022353,2017,2017-06-04,Edgbaston,2,21.3,Pakistan,India,Shoaib Malik,Mohammad Hafeez,HH Pandya,4,0,,,,,,,,,
1022353,2017,2017-06-04,Edgbaston,2,21.4,Pakistan,India,Shoaib Malik,Mohammad Hafeez,HH Pandya,4,0,,,,,,,,,
1022353,2017,2017-06-04,Edgbaston,2,21.5,Pakistan,India,Shoaib Malik,Mohammad Hafeez,HH Pandya,1,0,,,,,,,,,
1022353,2017,2017-06-04,Edgbaston,2,21.6,Pakistan,India,Mohammad Hafeez,Shoaib Malik,HH Pandya,1,0,,,,,,,,,
1022353,2017,2017-06-04,Edgbaston,2,22.1,Pakistan,India,Mohammad Hafeez,Shoaib Malik,RA Jadeja,0,0,,,,,,,,,
1022353,2017,2017-06-04,Edgbaston,2,22.2,Pakistan,India,Mohammad Hafeez,Shoaib Malik,RA Jadeja,4,0,,,,,,,,,
1022353,2017,2017-06-04,Edgbaston,2,22.3,Pakistan,India,Mohammad Hafeez,Shoaib Malik,RA Jadeja,1,0,,,,,,,,,
1022353,2017,2017-06-04,Edgbaston,2,22.4,Pakistan,India,Shoaib Malik,Mohammad Hafeez,RA Jadeja,0,0,,,,,,,,,
1022353,2017,2017-06-04,Edgbaston,2,22.5,Pakistan,India,Shoaib Malik,Mohammad Hafeez,RA Jadeja,6,0,,,,,,,,,
1022353,2017,2017-06-04,Edgbaston,2,22.6,Pakistan,India,Shoaib Malik,Mohammad Hafeez,RA Jadeja,0,0,,,,,,,,,
1022353,2017,2017-06-04,Edgbaston,2,23.1,Pakistan,India,Mohammad Hafeez,Shoaib Malik,UT Yadav,0,0,,,,,,,,,
1022353,2017,2017-06-04,Edgbaston,2,23.2,Pakistan,India,Mohammad Hafeez,Shoaib Malik,UT Yadav,1,0,,,,,,,,,
1022353,2017,2017-06-04,Edgbaston,2,23.3,Pakistan,India,Shoaib Malik,Mohammad Hafeez,UT Yadav,0,0,,,,,,run out,Shoaib Malik,,
1022353,2017,2017-06-04,Edgbaston,2,23.4,Pakistan,India,Sarfraz Ahmed,Mohammad Hafeez,UT Yadav,1,0,,,,,,,,,
1022353,2017,2017-06-04,Edgbaston,2,23.5,Pakistan,India,Mohammad Hafeez,Sarfraz Ahmed,UT Yadav,0,0,,,,,,,,,
1022353,2017,2017-06-04,Edgbaston,2,23.6,Pakistan,India,Mohammad Hafeez,Sarfraz Ahmed,UT Yadav,2,0,,,,,,,,,
1022353,2017,2017-06-04,Edgbaston,2,24.1,Pakistan,India,Sarfraz Ahmed,Mohammad Hafeez,RA Jadeja,4,0,,,,,,,,,
1022353,2017,2017-06-04,Edgbaston,2,24.2,Pakistan,India,Sarfraz Ahmed,Mohammad Hafeez,RA Jadeja,1,0,,,,,,,,,
1022353,2017,2017-06-04,Edgbaston,2,24.3,Pakistan,India,Mohammad Hafeez,Sarfraz Ahmed,RA Jadeja,1,0,,,,,,,,,
1022353,2017,2017-06-04,Edgbaston,2,24.4,Pakistan,India,Sarfraz Ahmed,Mohammad Hafeez,RA Jadeja,0,0,,,,,,,,,
1022353,2017,2017-06-04,Edgbaston,2,24.5,Pakistan,India,Sarfraz Ahmed,Mohammad Hafeez,RA Jadeja,0,0,,,,,,,,,
1022353,2017,2017-06-04,Edgbaston,2,24.6,Pakistan,India,Sarfraz Ahmed,Mohammad Hafeez,RA Jadeja,0,0,,,,,,,,,
1022353,2017,2017-06-04,Edgbaston,2,25.1,Pakistan,India,Mohammad Hafeez,Sarfraz Ahmed,HH Pandya,2,0,,,,,,,,,
1022353,2017,2017-06-04,Edgbaston,2,25.2,Pakistan,India,Mohammad Hafeez,Sarfraz Ahmed,HH Pandya,2,0,,,,,,,,,
1022353,2017,2017-06-04,Edgbaston,2,25.3,Pakistan,India,Mohammad Hafeez,Sarfraz Ahmed,HH Pandya,1,0,,,,,,,,,
1022353,2017,2017-06-04,Edgbaston,2,25.4,Pakistan,India,Sarfraz Ahmed,Mohammad Hafeez,HH Pandya,1,0,,,,,,,,,
1022353,2017,2017-06-04,Edgbaston,2,25.5,Pakistan,India,Mohammad Hafeez,Sarfraz Ahmed,HH Pandya,1,0,,,,,,,,,
1022353,2017,2017-06-04,Edgbaston,2,25.6,Pakistan,India,Sarfraz Ahmed,Mohammad Hafeez,HH Pandya,0,1,1,,,,,,,,
1022353,2017,2017-06-04,Edgbaston,2,25.7,Pakistan,India,Sarfraz Ahmed,Mohammad Hafeez,HH Pandya,0,0,,,,,,,,,
1022353,2017,2017-06-04,Edgbaston,2,26.1,Pakistan,India,Mohammad Hafeez,Sarfraz Ahmed,RA Jadeja,0,0,,,,,,,,,
1022353,2017,2017-06-04,Edgbaston,2,26.2,Pakistan,India,Mohammad Hafeez,Sarfraz Ahmed,RA Jadeja,0,0,,,,,,,,,
1022353,2017,2017-06-04,Edgbaston,2,26.3,Pakistan,India,Mohammad Hafeez,Sarfraz Ahmed,RA Jadeja,0,0,,,,,,caught,Mohammad Hafeez,,
1022353,2017,2017-06-04,Edgbaston,2,26.4,Pakistan,India,Sarfraz Ahmed,Imad Wasim,RA Jadeja,2,0,,,,,,,,,
1022353,2017,2017-06-04,Edgbaston,2,26.5,Pakistan,India,Sarfraz Ahmed,Imad Wasim,RA Jadeja,0,0,,,,,,,,,
1022353,2017,2017-06-04,Edgbaston,2,26.6,Pakistan,India,Sarfraz Ahmed,Imad Wasim,RA Jadeja,1,0,,,,,,,,,
1022353,2017,2017-06-04,Edgbaston,2,27.1,Pakistan,India,Sarfraz Ahmed,Imad Wasim,HH Pandya,0,0,,,,,,,,,
1022353,2017,2017-06-04,Edgbaston,2,27.2,Pakistan,India,Sarfraz Ahmed,Imad Wasim,HH Pandya,1,0,,,,,,,,,
1022353,2017,2017-06-04,Edgbaston,2,27.3,Pakistan,India,Imad Wasim,Sarfraz Ahmed,HH Pandya,0,0,,,,,,caught,Imad Wasim,,
1022353,2017,2017-06-04,Edgbaston,2,27.4,Pakistan,India,Shadab Khan,Sarfraz Ahmed,HH Pandya,0,0,,,,,,,,,
1022353,2017,2017-06-04,Edgbaston,2,27.5,Pakistan,India,Shadab Khan,Sarfraz Ahmed,HH Pandya,0,0,,,,,,,,,
1022353,2017,2017-06-04,Edgbaston,2,27.6,Pakistan,India,Shadab Khan,Sarfraz Ahmed,HH Pandya,1,0,,,,,,,,,
1022353,2017,2017-06-04,Edgbaston,2,28.1,Pakistan,India,Shadab Khan,Sarfraz Ahmed,RA Jadeja,0,0,,,,,,,,,
1022353,2017,2017-06-04,Edgbaston,2,28.2,Pakistan,India,Shadab Khan,Sarfraz Ahmed,RA Jadeja,0,0,,,,,,,,,
1022353,2017,2017-06-04,Edgbaston,2,28.3,Pakistan,India,Shadab Khan,Sarfraz Ahmed,RA Jadeja,0,0,,,,,,,,,
1022353,2017,2017-06-04,Edgbaston,2,28.4,Pakistan,India,Shadab Khan,Sarfraz Ahmed,RA Jadeja,0,0,,,,,,,,,
1022353,2017,2017-06-04,Edgbaston,2,28.5,Pakistan,India,Shadab Khan,Sarfraz Ahmed,RA Jadeja,6,0,,,,,,,,,
1022353,2017,2017-06-04,Edgbaston,2,28.6,Pakistan,India,Shadab Khan,Sarfraz Ahmed,RA Jadeja,4,0,,,,,,,,,
1022353,2017,2017-06-04,Edgbaston,2,29.1,Pakistan,India,Sarfraz Ahmed,Shadab Khan,HH Pandya,0,1,1,,,,,,,,
1022353,2017,2017-06-04,Edgbaston,2,29.2,Pakistan,India,Sarfraz Ahmed,Shadab Khan,HH Pandya,0,0,,,,,,,,,
1022353,2017,2017-06-04,Edgbaston,2,29.3,Pakistan,India,Sarfraz Ahmed,Shadab Khan,HH Pandya,4,0,,,,,,,,,
1022353,2017,2017-06-04,Edgbaston,2,29.4,Pakistan,India,Sarfraz Ahmed,Shadab Khan,HH Pandya,0,0,,,,,,caught,Sarfraz Ahmed,,
1022353,2017,2017-06-04,Edgbaston,2,29.5,Pakistan,India,Mohammad Amir,Shadab Khan,HH Pandya,0,0,,,,,,,,,
1022353,2017,2017-06-04,Edgbaston,2,29.6,Pakistan,India,Mohammad Amir,Shadab Khan,HH Pandya,0,0,,,,,,,,,
1022353,2017,2017-06-04,Edgbaston,2,29.7,Pakistan,India,Mohammad Amir,Shadab Khan,HH Pandya,1,0,,,,,,,,,
1022353,2017,2017-06-04,Edgbaston,2,30.1,Pakistan,India,Mohammad Amir,Shadab Khan,RA Jadeja,1,0,,,,,,,,,
1022353,2017,2017-06-04,Edgbaston,2,30.2,Pakistan,India,Shadab Khan,Mohammad Amir,RA Jadeja,1,0,,,,,,,,,
1022353,2017,2017-06-04,Edgbaston,2,30.3,Pakistan,India,Mohammad Amir,Shadab Khan,RA Jadeja,0,0,,,,,,,,,
1022353,2017,2017-06-04,Edgbaston,2,30.4,Pakistan,India,Mohammad Amir,Shadab Khan,RA Jadeja,0,0,,,,,,,,,
1022353,2017,2017-06-04,Edgbaston,2,30.5,Pakistan,India,Mohammad Amir,Shadab Khan,RA Jadeja,0,0,,,,,,,,,
1022353,2017,2017-06-04,Edgbaston,2,30.6,Pakistan,India,Mohammad Amir,Shadab Khan,RA Jadeja,0,0,,,,,,,,,
1022353,2017,2017-06-04,Edgbaston,2,31.1,Pakistan,India,Shadab Khan,Mohammad Amir,UT Yadav,0,0,,,,,,,,,
1022353,2017,2017-06-04,Edgbaston,2,31.2,Pakistan,India,Shadab Khan,Mohammad Amir,UT Yadav,1,0,,,,,,,,,
1022353,2017,2017-06-04,Edgbaston,2,31.3,Pakistan,India,Mohammad Amir,Shadab Khan,UT Yadav,0,0,,,,,,,,,
1022353,2017,2017-06-04,Edgbaston,2,31.4,Pakistan,India,Mohammad Amir,Shadab Khan,UT Yadav,2,0,,,,,,,,,
1022353,2017,2017-06-04,Edgbaston,2,31.5,Pakistan,India,Mohammad Amir,Shadab Khan,UT Yadav,0,1,1,,,,,,,,
1022353,2017,2017-06-04,Edgbaston,2,31.6,Pakistan,India,Mohammad Amir,Shadab Khan,UT Yadav,1,0,,,,,,,,,
1022353,2017,2017-06-04,Edgbaston,2,31.7,Pakistan,India,Shadab Khan,Mohammad Amir,UT Yadav,0,0,,,,,,,,,
1022353,2017,2017-06-04,Edgbaston,2,32.1,Pakistan,India,Mohammad Amir,Shadab Khan,JJ Bumrah,1,0,,,,,,,,,
1022353,2017,2017-06-04,Edgbaston,2,32.2,Pakistan,India,Shadab Khan,Mohammad Amir,JJ Bumrah,0,0,,,,,,,,,
1022353,2017,2017-06-04,Edgbaston,2,32.3,Pakistan,India,Shadab Khan,Mohammad Amir,JJ Bumrah,0,0,,,,,,,,,
1022353,2017,2017-06-04,Edgbaston,2,32.4,Pakistan,India,Shadab Khan,Mohammad Amir,JJ Bumrah,1,0,,,,,,,,,
1022353,2017,2017-06-04,Edgbaston,2,32.5,Pakistan,India,Mohammad Amir,Shadab Khan,JJ Bumrah,0,0,,,,,,,,,
1022353,2017,2017-06-04,Edgbaston,2,32.6,Pakistan,India,Mohammad Amir,Shadab Khan,JJ Bumrah,1,0,,,,,,,,,
1022353,2017,2017-06-04,Edgbaston,2,33.1,Pakistan,India,Mohammad Amir,Shadab Khan,UT Yadav,2,0,,,,,,,,,
1022353,2017,2017-06-04,Edgbaston,2,33.2,Pakistan,India,Mohammad Amir,Shadab Khan,UT Yadav,0,0,,,,,,caught,Mohammad Amir,,
1022353,2017,2017-06-04,Edgbaston,2,33.3,Pakistan,India,Hasan Ali,Shadab Khan,UT Yadav,0,0,,,,,,,,,
1022353,2017,2017-06-04,Edgbaston,2,33.4,Pakistan,India,Hasan Ali,Shadab Khan,UT Yadav,0,0,,,,,,caught,Hasan Ali,,
