match_id,season,start_date,venue,innings,ball,batting_team,bowling_team,striker,non_striker,bowler,runs_off_bat,extras,wides,noballs,byes,legbyes,penalty,wicket_type,player_dismissed,other_wicket_type,other_player_dismissed
1023673,2016/17,2016-12-17,Casey Fields No. 4,1,0.1,Sydney Sixers,Melbourne Stars,AJ Healy,EA Perry,E Kearney,0,0,,,,,,,,,
1023673,2016/17,2016-12-17,Casey Fields No. 4,1,0.2,Sydney Sixers,Melbourne Stars,AJ Healy,EA Perry,E Kearney,4,0,,,,,,,,,
1023673,2016/17,2016-12-17,Casey Fields No. 4,1,0.3,Sydney Sixers,Melbourne Stars,AJ Healy,EA Perry,E Kearney,0,0,,,,,,,,,
1023673,2016/17,2016-12-17,Casey Fields No. 4,1,0.4,Sydney Sixers,Melbourne Stars,AJ Healy,EA Perry,E Kearney,1,0,,,,,,,,,
1023673,2016/17,2016-12-17,Casey Fields No. 4,1,0.5,Sydney Sixers,Melbourne Stars,EA Perry,AJ Healy,E Kearney,0,0,,,,,,caught,EA Perry,,
1023673,2016/17,2016-12-17,Casey Fields No. 4,1,0.6,Sydney Sixers,Melbourne Stars,D van Niekerk,AJ Healy,E Kearney,0,0,,,,,,,,,
1023673,2016/17,2016-12-17,Casey Fields No. 4,1,1.1,Sydney Sixers,Melbourne Stars,AJ Healy,D van Niekerk,D Hazell,0,0,,,,,,,,,
1023673,2016/17,2016-12-17,Casey Fields No. 4,1,1.2,Sydney Sixers,Melbourne Stars,AJ Healy,D van Niekerk,D Hazell,0,0,,,,,,caught,AJ Healy,,
1023673,2016/17,2016-12-17,Casey Fields No. 4,1,1.3,Sydney Sixers,Melbourne Stars,A Gardner,D van Niekerk,D Hazell,0,0,,,,,,,,,
1023673,2016/17,2016-12-17,Casey Fields No. 4,1,1.4,Sydney Sixers,Melbourne Stars,A Gardner,D van Niekerk,D Hazell,0,0,,,,,,,,,
1023673,2016/17,2016-12-17,Casey Fields No. 4,1,1.5,Sydney Sixers,Melbourne Stars,A Gardner,D van Niekerk,D Hazell,0,0,,,,,,,,,
1023673,2016/17,2016-12-17,Casey Fields No. 4,1,1.6,Sydney Sixers,Melbourne Stars,A Gardner,D van Niekerk,D Hazell,0,0,,,,,,,,,
1023673,2016/17,2016-12-17,Casey Fields No. 4,1,2.1,Sydney Sixers,Melbourne Stars,D van Niekerk,A Gardner,E Kearney,0,0,,,,,,,,,
1023673,2016/17,2016-12-17,Casey Fields No. 4,1,2.2,Sydney Sixers,Melbourne Stars,D van Niekerk,A Gardner,E Kearney,0,0,,,,,,,,,
1023673,2016/17,2016-12-17,Casey Fields No. 4,1,2.3,Sydney Sixers,Melbourne Stars,D van Niekerk,A Gardner,E Kearney,0,0,,,,,,,,,
1023673,2016/17,2016-12-17,Casey Fields No. 4,1,2.4,Sydney Sixers,Melbourne Stars,D van Niekerk,A Gardner,E Kearney,0,0,,,,,,caught and bowled,D van Niekerk,,
1023673,2016/17,2016-12-17,Casey Fields No. 4,1,2.5,Sydney Sixers,Melbourne Stars,SJ McGlashan,A Gardner,E Kearney,0,0,,,,,,,,,
1023673,2016/17,2016-12-17,Casey Fields No. 4,1,2.6,Sydney Sixers,Melbourne Stars,SJ McGlashan,A Gardner,E Kearney,2,0,,,,,,,,,
1023673,2016/17,2016-12-17,Casey Fields No. 4,1,3.1,Sydney Sixers,Melbourne Stars,A Gardner,SJ McGlashan,MJG Nielsen,0,0,,,,,,,,,
1023673,2016/17,2016-12-17,Casey Fields No. 4,1,3.2,Sydney Sixers,Melbourne Stars,A Gardner,SJ McGlashan,MJG Nielsen,0,0,,,,,,,,,
1023673,2016/17,2016-12-17,Casey Fields No. 4,1,3.3,Sydney Sixers,Melbourne Stars,A Gardner,SJ McGlashan,MJG Nielsen,2,0,,,,,,,,,
1023673,2016/17,2016-12-17,Casey Fields No. 4,1,3.4,Sydney Sixers,Melbourne Stars,A Gardner,SJ McGlashan,MJG Nielsen,2,0,,,,,,,,,
1023673,2016/17,2016-12-17,Casey Fields No. 4,1,3.5,Sydney Sixers,Melbourne Stars,A Gardner,SJ McGlashan,MJG Nielsen,4,0,,,,,,,,,
1023673,2016/17,2016-12-17,Casey Fields No. 4,1,3.6,Sydney Sixers,Melbourne Stars,A Gardner,SJ McGlashan,MJG Nielsen,0,1,1,,,,,,,,
1023673,2016/17,2016-12-17,Casey Fields No. 4,1,3.7,Sydney Sixers,Melbourne Stars,A Gardner,SJ McGlashan,MJG Nielsen,2,0,,,,,,,,,
1023673,2016/17,2016-12-17,Casey Fields No. 4,1,4.1,Sydney Sixers,Melbourne Stars,SJ McGlashan,A Gardner,E Kearney,1,0,,,,,,,,,
1023673,2016/17,2016-12-17,Casey Fields No. 4,1,4.2,Sydney Sixers,Melbourne Stars,A Gardner,SJ McGlashan,E Kearney,0,0,,,,,,,,,
1023673,2016/17,2016-12-17,Casey Fields No. 4,1,4.3,Sydney Sixers,Melbourne Stars,A Gardner,SJ McGlashan,E Kearney,1,0,,,,,,,,,
1023673,2016/17,2016-12-17,Casey Fields No. 4,1,4.4,Sydney Sixers,Melbourne Stars,SJ McGlashan,A Gardner,E Kearney,1,0,,,,,,,,,
1023673,2016/17,2016-12-17,Casey Fields No. 4,1,4.5,Sydney Sixers,Melbourne Stars,A Gardner,SJ McGlashan,E Kearney,1,0,,,,,,,,,
1023673,2016/17,2016-12-17,Casey Fields No. 4,1,4.6,Sydney Sixers,Melbourne Stars,SJ McGlashan,A Gardner,E Kearney,1,0,,,,,,,,,
1023673,2016/17,2016-12-17,Casey Fields No. 4,1,5.1,Sydney Sixers,Melbourne Stars,SJ McGlashan,A Gardner,D Hazell,0,1,1,,,,,,,,
1023673,2016/17,2016-12-17,Casey Fields No. 4,1,5.2,Sydney Sixers,Melbourne Stars,SJ McGlashan,A Gardner,D Hazell,0,0,,,,,,,,,
1023673,2016/17,2016-12-17,Casey Fields No. 4,1,5.3,Sydney Sixers,Melbourne Stars,SJ McGlashan,A Gardner,D Hazell,1,0,,,,,,,,,
1023673,2016/17,2016-12-17,Casey Fields No. 4,1,5.4,Sydney Sixers,Melbourne Stars,A Gardner,SJ McGlashan,D Hazell,2,0,,,,,,,,,
1023673,2016/17,2016-12-17,Casey Fields No. 4,1,5.5,Sydney Sixers,Melbourne Stars,A Gardner,SJ McGlashan,D Hazell,0,0,,,,,,,,,
1023673,2016/17,2016-12-17,Casey Fields No. 4,1,5.6,Sydney Sixers,Melbourne Stars,A Gardner,SJ McGlashan,D Hazell,1,0,,,,,,,,,
1023673,2016/17,2016-12-17,Casey Fields No. 4,1,5.7,Sydney Sixers,Melbourne Stars,SJ McGlashan,A Gardner,D Hazell,2,0,,,,,,,,,
1023673,2016/17,2016-12-17,Casey Fields No. 4,1,6.1,Sydney Sixers,Melbourne Stars,A Gardner,SJ McGlashan,GL Triscari,0,0,,,,,,,,,
1023673,2016/17,2016-12-17,Casey Fields No. 4,1,6.2,Sydney Sixers,Melbourne Stars,A Gardner,SJ McGlashan,GL Triscari,1,0,,,,,,,,,
1023673,2016/17,2016-12-17,Casey Fields No. 4,1,6.3,Sydney Sixers,Melbourne Stars,SJ McGlashan,A Gardner,GL Triscari,1,0,,,,,,,,,
1023673,2016/17,2016-12-17,Casey Fields No. 4,1,6.4,Sydney Sixers,Melbourne Stars,A Gardner,SJ McGlashan,GL Triscari,1,0,,,,,,,,,
1023673,2016/17,2016-12-17,Casey Fields No. 4,1,6.5,Sydney Sixers,Melbourne Stars,SJ McGlashan,A Gardner,GL Triscari,2,0,,,,,,,,,
1023673,2016/17,2016-12-17,Casey Fields No. 4,1,6.6,Sydney Sixers,Melbourne Stars,SJ McGlashan,A Gardner,GL Triscari,0,0,,,,,,,,,
1023673,2016/17,2016-12-17,Casey Fields No. 4,1,7.1,Sydney Sixers,Melbourne Stars,A Gardner,SJ McGlashan,A King,2,0,,,,,,,,,
1023673,2016/17,2016-12-17,Casey Fields No. 4,1,7.2,Sydney Sixers,Melbourne Stars,A Gardner,SJ McGlashan,A King,1,0,,,,,,,,,
1023673,2016/17,2016-12-17,Casey Fields No. 4,1,7.3,Sydney Sixers,Melbourne Stars,SJ McGlashan,A Gardner,A King,1,0,,,,,,,,,
1023673,2016/17,2016-12-17,Casey Fields No. 4,1,7.4,Sydney Sixers,Melbourne Stars,A Gardner,SJ McGlashan,A King,0,0,,,,,,,,,
1023673,2016/17,2016-12-17,Casey Fields No. 4,1,7.5,Sydney Sixers,Melbourne Stars,A Gardner,SJ McGlashan,A King,1,0,,,,,,,,,
1023673,2016/17,2016-12-17,Casey Fields No. 4,1,7.6,Sydney Sixers,Melbourne Stars,SJ McGlashan,A Gardner,A King,0,0,,,,,,,,,
1023673,2016/17,2016-12-17,Casey Fields No. 4,1,8.1,Sydney Sixers,Melbourne Stars,A Gardner,SJ McGlashan,GL Triscari,1,0,,,,,,,,,
1023673,2016/17,2016-12-17,Casey Fields No. 4,1,8.2,Sydney Sixers,Melbourne Stars,SJ McGlashan,A Gardner,GL Triscari,0,0,,,,,,,,,
1023673,2016/17,2016-12-17,Casey Fields No. 4,1,8.3,Sydney Sixers,Melbourne Stars,SJ McGlashan,A Gardner,GL Triscari,0,0,,,,,,,,,
1023673,2016/17,2016-12-17,Casey Fields No. 4,1,8.4,Sydney Sixers,Melbourne Stars,SJ McGlashan,A Gardner,GL Triscari,4,0,,,,,,,,,
1023673,2016/17,2016-12-17,Casey Fields No. 4,1,8.5,Sydney Sixers,Melbourne Stars,SJ McGlashan,A Gardner,GL Triscari,1,0,,,,,,,,,
1023673,2016/17,2016-12-17,Casey Fields No. 4,1,8.6,Sydney Sixers,Melbourne Stars,A Gardner,SJ McGlashan,GL Triscari,0,0,,,,,,,,,
1023673,2016/17,2016-12-17,Casey Fields No. 4,1,9.1,Sydney Sixers,Melbourne Stars,SJ McGlashan,A Gardner,A King,1,0,,,,,,,,,
1023673,2016/17,2016-12-17,Casey Fields No. 4,1,9.2,Sydney Sixers,Melbourne Stars,A Gardner,SJ McGlashan,A King,0,0,,,,,,,,,
1023673,2016/17,2016-12-17,Casey Fields No. 4,1,9.3,Sydney Sixers,Melbourne Stars,A Gardner,SJ McGlashan,A King,6,0,,,,,,,,,
1023673,2016/17,2016-12-17,Casey Fields No. 4,1,9.4,Sydney Sixers,Melbourne Stars,A Gardner,SJ McGlashan,A King,1,0,,,,,,,,,
1023673,2016/17,2016-12-17,Casey Fields No. 4,1,9.5,Sydney Sixers,Melbourne Stars,SJ McGlashan,A Gardner,A King,0,0,,,,,,,,,
1023673,2016/17,2016-12-17,Casey Fields No. 4,1,9.6,Sydney Sixers,Melbourne Stars,SJ McGlashan,A Gardner,A King,1,0,,,,,,,,,
1023673,2016/17,2016-12-17,Casey Fields No. 4,1,10.1,Sydney Sixers,Melbourne Stars,SJ McGlashan,A Gardner,HNK Jensen,2,0,,,,,,,,,
1023673,2016/17,2016-12-17,Casey Fields No. 4,1,10.2,Sydney Sixers,Melbourne Stars,SJ McGlashan,A Gardner,HNK Jensen,0,0,,,,,,,,,
1023673,2016/17,2016-12-17,Casey Fields No. 4,1,10.3,Sydney Sixers,Melbourne Stars,SJ McGlashan,A Gardner,HNK Jensen,0,0,,,,,,,,,
1023673,2016/17,2016-12-17,Casey Fields No. 4,1,10.4,Sydney Sixers,Melbourne Stars,SJ McGlashan,A Gardner,HNK Jensen,1,0,,,,,,,,,
1023673,2016/17,2016-12-17,Casey Fields No. 4,1,10.5,Sydney Sixers,Melbourne Stars,A Gardner,SJ McGlashan,HNK Jensen,0,0,,,,,,,,,
1023673,2016/17,2016-12-17,Casey Fields No. 4,1,10.6,Sydney Sixers,Melbourne Stars,A Gardner,SJ McGlashan,HNK Jensen,0,0,,,,,,,,,
1023673,2016/17,2016-12-17,Casey Fields No. 4,1,11.1,Sydney Sixers,Melbourne Stars,SJ McGlashan,A Gardner,GL Triscari,4,0,,,,,,,,,
1023673,2016/17,2016-12-17,Casey Fields No. 4,1,11.2,Sydney Sixers,Melbourne Stars,SJ McGlashan,A Gardner,GL Triscari,1,0,,,,,,,,,
1023673,2016/17,2016-12-17,Casey Fields No. 4,1,11.3,Sydney Sixers,Melbourne Stars,A Gardner,SJ McGlashan,GL Triscari,0,0,,,,,,,,,
1023673,2016/17,2016-12-17,Casey Fields No. 4,1,11.4,Sydney Sixers,Melbourne Stars,A Gardner,SJ McGlashan,GL Triscari,0,0,,,,,,,,,
1023673,2016/17,2016-12-17,Casey Fields No. 4,1,11.5,Sydney Sixers,Melbourne Stars,A Gardner,SJ McGlashan,GL Triscari,4,0,,,,,,,,,
1023673,2016/17,2016-12-17,Casey Fields No. 4,1,11.6,Sydney Sixers,Melbourne Stars,A Gardner,SJ McGlashan,GL Triscari,1,0,,,,,,,,,
1023673,2016/17,2016-12-17,Casey Fields No. 4,1,12.1,Sydney Sixers,Melbourne Stars,A Gardner,SJ McGlashan,MJG Nielsen,0,0,,,,,,,,,
1023673,2016/17,2016-12-17,Casey Fields No. 4,1,12.2,Sydney Sixers,Melbourne Stars,A Gardner,SJ McGlashan,MJG Nielsen,1,0,,,,,,,,,
1023673,2016/17,2016-12-17,Casey Fields No. 4,1,12.3,Sydney Sixers,Melbourne Stars,SJ McGlashan,A Gardner,MJG Nielsen,4,0,,,,,,,,,
1023673,2016/17,2016-12-17,Casey Fields No. 4,1,12.4,Sydney Sixers,Melbourne Stars,SJ McGlashan,A Gardner,MJG Nielsen,4,0,,,,,,,,,
1023673,2016/17,2016-12-17,Casey Fields No. 4,1,12.5,Sydney Sixers,Melbourne Stars,SJ McGlashan,A Gardner,MJG Nielsen,2,0,,,,,,,,,
1023673,2016/17,2016-12-17,Casey Fields No. 4,1,12.6,Sydney Sixers,Melbourne Stars,SJ McGlashan,A Gardner,MJG Nielsen,2,0,,,,,,,,,
1023673,2016/17,2016-12-17,Casey Fields No. 4,1,13.1,Sydney Sixers,Melbourne Stars,A Gardner,SJ McGlashan,HNK Jensen,1,0,,,,,,,,,
1023673,2016/17,2016-12-17,Casey Fields No. 4,1,13.2,Sydney Sixers,Melbourne Stars,SJ McGlashan,A Gardner,HNK Jensen,1,0,,,,,,,,,
1023673,2016/17,2016-12-17,Casey Fields No. 4,1,13.3,Sydney Sixers,Melbourne Stars,A Gardner,SJ McGlashan,HNK Jensen,1,0,,,,,,,,,
1023673,2016/17,2016-12-17,Casey Fields No. 4,1,13.4,Sydney Sixers,Melbourne Stars,SJ McGlashan,A Gardner,HNK Jensen,0,1,1,,,,,,,,
1023673,2016/17,2016-12-17,Casey Fields No. 4,1,13.5,Sydney Sixers,Melbourne Stars,SJ McGlashan,A Gardner,HNK Jensen,0,0,,,,,,caught,SJ McGlashan,,
1023673,2016/17,2016-12-17,Casey Fields No. 4,1,13.6,Sydney Sixers,Melbourne Stars,A Gardner,M Kapp,HNK Jensen,0,0,,,,,,,,,
1023673,2016/17,2016-12-17,Casey Fields No. 4,1,13.7,Sydney Sixers,Melbourne Stars,A Gardner,M Kapp,HNK Jensen,1,0,,,,,,,,,
1023673,2016/17,2016-12-17,Casey Fields No. 4,1,14.1,Sydney Sixers,Melbourne Stars,A Gardner,M Kapp,E Kearney,0,0,,,,,,caught,A Gardner,,
1023673,2016/17,2016-12-17,Casey Fields No. 4,1,14.2,Sydney Sixers,Melbourne Stars,M Kapp,AR Reakes,E Kearney,0,0,,,,,,,,,
1023673,2016/17,2016-12-17,Casey Fields No. 4,1,14.3,Sydney Sixers,Melbourne Stars,M Kapp,AR Reakes,E Kearney,1,0,,,,,,,,,
1023673,2016/17,2016-12-17,Casey Fields No. 4,1,14.4,Sydney Sixers,Melbourne Stars,AR Reakes,M Kapp,E Kearney,0,0,,,,,,,,,
1023673,2016/17,2016-12-17,Casey Fields No. 4,1,14.5,Sydney Sixers,Melbourne Stars,AR Reakes,M Kapp,E Kearney,0,0,,,,,,,,,
1023673,2016/17,2016-12-17,Casey Fields No. 4,1,14.6,Sydney Sixers,Melbourne Stars,AR Reakes,M Kapp,E Kearney,0,0,,,,,,,,,
1023673,2016/17,2016-12-17,Casey Fields No. 4,1,15.1,Sydney Sixers,Melbourne Stars,M Kapp,AR Reakes,A King,1,0,,,,,,,,,
1023673,2016/17,2016-12-17,Casey Fields No. 4,1,15.2,Sydney Sixers,Melbourne Stars,AR Reakes,M Kapp,A King,4,0,,,,,,,,,
1023673,2016/17,2016-12-17,Casey Fields No. 4,1,15.3,Sydney Sixers,Melbourne Stars,AR Reakes,M Kapp,A King,2,0,,,,,,,,,
1023673,2016/17,2016-12-17,Casey Fields No. 4,1,15.4,Sydney Sixers,Melbourne Stars,AR Reakes,M Kapp,A King,4,0,,,,,,,,,
1023673,2016/17,2016-12-17,Casey Fields No. 4,1,15.5,Sydney Sixers,Melbourne Stars,AR Reakes,M Kapp,A King,1,0,,,,,,,,,
1023673,2016/17,2016-12-17,Casey Fields No. 4,1,15.6,Sydney Sixers,Melbourne Stars,M Kapp,AR Reakes,A King,1,0,,,,,,,,,
1023673,2016/17,2016-12-17,Casey Fields No. 4,1,16.1,Sydney Sixers,Melbourne Stars,M Kapp,AR Reakes,D Hazell,0,0,,,,,,,,,
1023673,2016/17,2016-12-17,Casey Fields No. 4,1,16.2,Sydney Sixers,Melbourne Stars,M Kapp,AR Reakes,D Hazell,2,0,,,,,,,,,
1023673,2016/17,2016-12-17,Casey Fields No. 4,1,16.3,Sydney Sixers,Melbourne Stars,M Kapp,AR Reakes,D Hazell,2,0,,,,,,,,,
1023673,2016/17,2016-12-17,Casey Fields No. 4,1,16.4,Sydney Sixers,Melbourne Stars,M Kapp,AR Reakes,D Hazell,1,0,,,,,,,,,
1023673,2016/17,2016-12-17,Casey Fields No. 4,1,16.5,Sydney Sixers,Melbourne Stars,AR Reakes,M Kapp,D Hazell,0,0,,,,,,,,,
1023673,2016/17,2016-12-17,Casey Fields No. 4,1,16.6,Sydney Sixers,Melbourne Stars,AR Reakes,M Kapp,D Hazell,0,0,,,,,,caught,AR Reakes,,
1023673,2016/17,2016-12-17,Casey Fields No. 4,1,17.1,Sydney Sixers,Melbourne Stars,M Kapp,SE Aley,HNK Jensen,4,0,,,,,,,,,
1023673,2016/17,2016-12-17,Casey Fields No. 4,1,17.2,Sydney Sixers,Melbourne Stars,M Kapp,SE Aley,HNK Jensen,1,0,,,,,,,,,
1023673,2016/17,2016-12-17,Casey Fields No. 4,1,17.3,Sydney Sixers,Melbourne Stars,SE Aley,M Kapp,HNK Jensen,0,0,,,,,,,,,
1023673,2016/17,2016-12-17,Casey Fields No. 4,1,17.4,Sydney Sixers,Melbourne Stars,SE Aley,M Kapp,HNK Jensen,1,0,,,,,,,,,
1023673,2016/17,2016-12-17,Casey Fields No. 4,1,17.5,Sydney Sixers,Melbourne Stars,M Kapp,SE Aley,HNK Jensen,0,0,,,,,,,,,
1023673,2016/17,2016-12-17,Casey Fields No. 4,1,17.6,Sydney Sixers,Melbourne Stars,M Kapp,SE Aley,HNK Jensen,2,0,,,,,,,,,
1023673,2016/17,2016-12-17,Casey Fields No. 4,1,18.1,Sydney Sixers,Melbourne Stars,SE Aley,M Kapp,D Hazell,1,0,,,,,,,,,
1023673,2016/17,2016-12-17,Casey Fields No. 4,1,18.2,Sydney Sixers,Melbourne Stars,M Kapp,SE Aley,D Hazell,1,0,,,,,,,,,
1023673,2016/17,2016-12-17,Casey Fields No. 4,1,18.3,Sydney Sixers,Melbourne Stars,SE Aley,M Kapp,D Hazell,1,0,,,,,,,,,
1023673,2016/17,2016-12-17,Casey Fields No. 4,1,18.4,Sydney Sixers,Melbourne Stars,M Kapp,SE Aley,D Hazell,0,0,,,,,,caught,M Kapp,,
1023673,2016/17,2016-12-17,Casey Fields No. 4,1,18.5,Sydney Sixers,Melbourne Stars,SE Aley,LC Sthalekar,D Hazell,1,0,,,,,,,,,
1023673,2016/17,2016-12-17,Casey Fields No. 4,1,18.6,Sydney Sixers,Melbourne Stars,LC Sthalekar,SE Aley,D Hazell,1,0,,,,,,,,,
1023673,2016/17,2016-12-17,Casey Fields No. 4,1,19.1,Sydney Sixers,Melbourne Stars,LC Sthalekar,SE Aley,HNK Jensen,1,0,,,,,,,,,
1023673,2016/17,2016-12-17,Casey Fields No. 4,1,19.2,Sydney Sixers,Melbourne Stars,SE Aley,LC Sthalekar,HNK Jensen,0,0,,,,,,,,,
1023673,2016/17,2016-12-17,Casey Fields No. 4,1,19.3,Sydney Sixers,Melbourne Stars,SE Aley,LC Sthalekar,HNK Jensen,1,0,,,,,,run out,SE Aley,,
1023673,2016/17,2016-12-17,Casey Fields No. 4,1,19.4,Sydney Sixers,Melbourne Stars,EA Leys,LC Sthalekar,HNK Jensen,0,0,,,,,,,,,
1023673,2016/17,2016-12-17,Casey Fields No. 4,1,19.5,Sydney Sixers,Melbourne Stars,EA Leys,LC Sthalekar,HNK Jensen,1,0,,,,,,,,,
1023673,2016/17,2016-12-17,Casey Fields No. 4,1,19.6,Sydney Sixers,Melbourne Stars,LC Sthalekar,EA Leys,HNK Jensen,1,0,,,,,,,,,
1023673,2016/17,2016-12-17,Casey Fields No. 4,2,0.1,Melbourne Stars,Sydney Sixers,EJ Inglis,MM Lanning,M Kapp,0,0,,,,,,,,,
1023673,2016/17,2016-12-17,Casey Fields No. 4,2,0.2,Melbourne Stars,Sydney Sixers,EJ Inglis,MM Lanning,M Kapp,0,0,,,,,,,,,
1023673,2016/17,2016-12-17,Casey Fields No. 4,2,0.3,Melbourne Stars,Sydney Sixers,EJ Inglis,MM Lanning,M Kapp,1,0,,,,,,,,,
1023673,2016/17,2016-12-17,Casey Fields No. 4,2,0.4,Melbourne Stars,Sydney Sixers,MM Lanning,EJ Inglis,M Kapp,0,0,,,,,,,,,
1023673,2016/17,2016-12-17,Casey Fields No. 4,2,0.5,Melbourne Stars,Sydney Sixers,MM Lanning,EJ Inglis,M Kapp,1,0,,,,,,,,,
1023673,2016/17,2016-12-17,Casey Fields No. 4,2,0.6,Melbourne Stars,Sydney Sixers,EJ Inglis,MM Lanning,M Kapp,0,0,,,,,,,,,
1023673,2016/17,2016-12-17,Casey Fields No. 4,2,1.1,Melbourne Stars,Sydney Sixers,MM Lanning,EJ Inglis,A Gardner,1,0,,,,,,,,,
1023673,2016/17,2016-12-17,Casey Fields No. 4,2,1.2,Melbourne Stars,Sydney Sixers,EJ Inglis,MM Lanning,A Gardner,0,0,,,,,,,,,
1023673,2016/17,2016-12-17,Casey Fields No. 4,2,1.3,Melbourne Stars,Sydney Sixers,EJ Inglis,MM Lanning,A Gardner,1,0,,,,,,,,,
1023673,2016/17,2016-12-17,Casey Fields No. 4,2,1.4,Melbourne Stars,Sydney Sixers,MM Lanning,EJ Inglis,A Gardner,0,0,,,,,,,,,
1023673,2016/17,2016-12-17,Casey Fields No. 4,2,1.5,Melbourne Stars,Sydney Sixers,MM Lanning,EJ Inglis,A Gardner,4,0,,,,,,,,,
1023673,2016/17,2016-12-17,Casey Fields No. 4,2,1.6,Melbourne Stars,Sydney Sixers,MM Lanning,EJ Inglis,A Gardner,2,0,,,,,,,,,
1023673,2016/17,2016-12-17,Casey Fields No. 4,2,2.1,Melbourne Stars,Sydney Sixers,EJ Inglis,MM Lanning,M Kapp,4,0,,,,,,,,,
1023673,2016/17,2016-12-17,Casey Fields No. 4,2,2.2,Melbourne Stars,Sydney Sixers,EJ Inglis,MM Lanning,M Kapp,0,0,,,,,,caught,EJ Inglis,,
1023673,2016/17,2016-12-17,Casey Fields No. 4,2,2.3,Melbourne Stars,Sydney Sixers,JE Cameron,MM Lanning,M Kapp,0,0,,,,,,,,,
1023673,2016/17,2016-12-17,Casey Fields No. 4,2,2.4,Melbourne Stars,Sydney Sixers,JE Cameron,MM Lanning,M Kapp,0,0,,,,,,lbw,JE Cameron,,
1023673,2016/17,2016-12-17,Casey Fields No. 4,2,2.5,Melbourne Stars,Sydney Sixers,HNK Jensen,MM Lanning,M Kapp,0,0,,,,,,,,,
1023673,2016/17,2016-12-17,Casey Fields No. 4,2,2.6,Melbourne Stars,Sydney Sixers,HNK Jensen,MM Lanning,M Kapp,1,0,,,,,,,,,
1023673,2016/17,2016-12-17,Casey Fields No. 4,2,3.1,Melbourne Stars,Sydney Sixers,HNK Jensen,MM Lanning,SE Aley,1,0,,,,,,,,,
1023673,2016/17,2016-12-17,Casey Fields No. 4,2,3.2,Melbourne Stars,Sydney Sixers,MM Lanning,HNK Jensen,SE Aley,0,0,,,,,,,,,
1023673,2016/17,2016-12-17,Casey Fields No. 4,2,3.3,Melbourne Stars,Sydney Sixers,MM Lanning,HNK Jensen,SE Aley,1,0,,,,,,,,,
1023673,2016/17,2016-12-17,Casey Fields No. 4,2,3.4,Melbourne Stars,Sydney Sixers,HNK Jensen,MM Lanning,SE Aley,0,0,,,,,,,,,
1023673,2016/17,2016-12-17,Casey Fields No. 4,2,3.5,Melbourne Stars,Sydney Sixers,HNK Jensen,MM Lanning,SE Aley,0,0,,,,,,,,,
1023673,2016/17,2016-12-17,Casey Fields No. 4,2,3.6,Melbourne Stars,Sydney Sixers,HNK Jensen,MM Lanning,SE Aley,0,0,,,,,,,,,
1023673,2016/17,2016-12-17,Casey Fields No. 4,2,4.1,Melbourne Stars,Sydney Sixers,MM Lanning,HNK Jensen,M Kapp,1,0,,,,,,,,,
1023673,2016/17,2016-12-17,Casey Fields No. 4,2,4.2,Melbourne Stars,Sydney Sixers,HNK Jensen,MM Lanning,M Kapp,0,0,,,,,,,,,
1023673,2016/17,2016-12-17,Casey Fields No. 4,2,4.3,Melbourne Stars,Sydney Sixers,HNK Jensen,MM Lanning,M Kapp,4,0,,,,,,,,,
1023673,2016/17,2016-12-17,Casey Fields No. 4,2,4.4,Melbourne Stars,Sydney Sixers,HNK Jensen,MM Lanning,M Kapp,0,0,,,,,,,,,
1023673,2016/17,2016-12-17,Casey Fields No. 4,2,4.5,Melbourne Stars,Sydney Sixers,HNK Jensen,MM Lanning,M Kapp,1,0,,,,,,,,,
1023673,2016/17,2016-12-17,Casey Fields No. 4,2,4.6,Melbourne Stars,Sydney Sixers,MM Lanning,HNK Jensen,M Kapp,0,1,1,,,,,,,,
1023673,2016/17,2016-12-17,Casey Fields No. 4,2,4.7,Melbourne Stars,Sydney Sixers,MM Lanning,HNK Jensen,M Kapp,0,0,,,,,,,,,
1023673,2016/17,2016-12-17,Casey Fields No. 4,2,5.1,Melbourne Stars,Sydney Sixers,HNK Jensen,MM Lanning,SE Aley,1,0,,,,,,,,,
1023673,2016/17,2016-12-17,Casey Fields No. 4,2,5.2,Melbourne Stars,Sydney Sixers,MM Lanning,HNK Jensen,SE Aley,1,0,,,,,,,,,
1023673,2016/17,2016-12-17,Casey Fields No. 4,2,5.3,Melbourne Stars,Sydney Sixers,HNK Jensen,MM Lanning,SE Aley,0,0,,,,,,,,,
1023673,2016/17,2016-12-17,Casey Fields No. 4,2,5.4,Melbourne Stars,Sydney Sixers,HNK Jensen,MM Lanning,SE Aley,0,0,,,,,,,,,
1023673,2016/17,2016-12-17,Casey Fields No. 4,2,5.5,Melbourne Stars,Sydney Sixers,HNK Jensen,MM Lanning,SE Aley,4,0,,,,,,,,,
1023673,2016/17,2016-12-17,Casey Fields No. 4,2,5.6,Melbourne Stars,Sydney Sixers,HNK Jensen,MM Lanning,SE Aley,3,0,,,,,,,,,
1023673,2016/17,2016-12-17,Casey Fields No. 4,2,6.1,Melbourne Stars,Sydney Sixers,HNK Jensen,MM Lanning,A Gardner,1,0,,,,,,,,,
1023673,2016/17,2016-12-17,Casey Fields No. 4,2,6.2,Melbourne Stars,Sydney Sixers,MM Lanning,HNK Jensen,A Gardner,0,0,,,,,,,,,
1023673,2016/17,2016-12-17,Casey Fields No. 4,2,6.3,Melbourne Stars,Sydney Sixers,MM Lanning,HNK Jensen,A Gardner,4,0,,,,,,,,,
1023673,2016/17,2016-12-17,Casey Fields No. 4,2,6.4,Melbourne Stars,Sydney Sixers,MM Lanning,HNK Jensen,A Gardner,4,0,,,,,,,,,
1023673,2016/17,2016-12-17,Casey Fields No. 4,2,6.5,Melbourne Stars,Sydney Sixers,MM Lanning,HNK Jensen,A Gardner,4,0,,,,,,,,,
1023673,2016/17,2016-12-17,Casey Fields No. 4,2,6.6,Melbourne Stars,Sydney Sixers,MM Lanning,HNK Jensen,A Gardner,1,0,,,,,,,,,
1023673,2016/17,2016-12-17,Casey Fields No. 4,2,7.1,Melbourne Stars,Sydney Sixers,MM Lanning,HNK Jensen,D van Niekerk,1,0,,,,,,,,,
1023673,2016/17,2016-12-17,Casey Fields No. 4,2,7.2,Melbourne Stars,Sydney Sixers,HNK Jensen,MM Lanning,D van Niekerk,1,0,,,,,,,,,
1023673,2016/17,2016-12-17,Casey Fields No. 4,2,7.3,Melbourne Stars,Sydney Sixers,MM Lanning,HNK Jensen,D van Niekerk,1,0,,,,,,,,,
1023673,2016/17,2016-12-17,Casey Fields No. 4,2,7.4,Melbourne Stars,Sydney Sixers,HNK Jensen,MM Lanning,D van Niekerk,0,0,,,,,,,,,
1023673,2016/17,2016-12-17,Casey Fields No. 4,2,7.5,Melbourne Stars,Sydney Sixers,HNK Jensen,MM Lanning,D van Niekerk,0,0,,,,,,,,,
1023673,2016/17,2016-12-17,Casey Fields No. 4,2,7.6,Melbourne Stars,Sydney Sixers,HNK Jensen,MM Lanning,D van Niekerk,1,0,,,,,,,,,
1023673,2016/17,2016-12-17,Casey Fields No. 4,2,8.1,Melbourne Stars,Sydney Sixers,HNK Jensen,MM Lanning,EA Perry,4,0,,,,,,,,,
1023673,2016/17,2016-12-17,Casey Fields No. 4,2,8.2,Melbourne Stars,Sydney Sixers,HNK Jensen,MM Lanning,EA Perry,1,0,,,,,,,,,
1023673,2016/17,2016-12-17,Casey Fields No. 4,2,8.3,Melbourne Stars,Sydney Sixers,MM Lanning,HNK Jensen,EA Perry,0,0,,,,,,,,,
1023673,2016/17,2016-12-17,Casey Fields No. 4,2,8.4,Melbourne Stars,Sydney Sixers,MM Lanning,HNK Jensen,EA Perry,0,0,,,,,,,,,
1023673,2016/17,2016-12-17,Casey Fields No. 4,2,8.5,Melbourne Stars,Sydney Sixers,MM Lanning,HNK Jensen,EA Perry,1,0,,,,,,,,,
1023673,2016/17,2016-12-17,Casey Fields No. 4,2,8.6,Melbourne Stars,Sydney Sixers,HNK Jensen,MM Lanning,EA Perry,1,0,,,,,,,,,
1023673,2016/17,2016-12-17,Casey Fields No. 4,2,9.1,Melbourne Stars,Sydney Sixers,HNK Jensen,MM Lanning,D van Niekerk,1,0,,,,,,,,,
1023673,2016/17,2016-12-17,Casey Fields No. 4,2,9.2,Melbourne Stars,Sydney Sixers,MM Lanning,HNK Jensen,D van Niekerk,1,0,,,,,,,,,
1023673,2016/17,2016-12-17,Casey Fields No. 4,2,9.3,Melbourne Stars,Sydney Sixers,HNK Jensen,MM Lanning,D van Niekerk,1,0,,,,,,,,,
1023673,2016/17,2016-12-17,Casey Fields No. 4,2,9.4,Melbourne Stars,Sydney Sixers,MM Lanning,HNK Jensen,D van Niekerk,4,0,,,,,,,,,
1023673,2016/17,2016-12-17,Casey Fields No. 4,2,9.5,Melbourne Stars,Sydney Sixers,MM Lanning,HNK Jensen,D van Niekerk,0,0,,,,,,,,,
1023673,2016/17,2016-12-17,Casey Fields No. 4,2,9.6,Melbourne Stars,Sydney Sixers,MM Lanning,HNK Jensen,D van Niekerk,1,0,,,,,,,,,
1023673,2016/17,2016-12-17,Casey Fields No. 4,2,10.1,Melbourne Stars,Sydney Sixers,MM Lanning,HNK Jensen,EA Perry,0,0,,,,,,,,,
1023673,2016/17,2016-12-17,Casey Fields No. 4,2,10.2,Melbourne Stars,Sydney Sixers,MM Lanning,HNK Jensen,EA Perry,1,0,,,,,,,,,
1023673,2016/17,2016-12-17,Casey Fields No. 4,2,10.3,Melbourne Stars,Sydney Sixers,HNK Jensen,MM Lanning,EA Perry,0,0,,,,,,,,,
1023673,2016/17,2016-12-17,Casey Fields No. 4,2,10.4,Melbourne Stars,Sydney Sixers,HNK Jensen,MM Lanning,EA Perry,0,0,,,,,,,,,
1023673,2016/17,2016-12-17,Casey Fields No. 4,2,10.5,Melbourne Stars,Sydney Sixers,HNK Jensen,MM Lanning,EA Perry,1,0,,,,,,,,,
1023673,2016/17,2016-12-17,Casey Fields No. 4,2,10.6,Melbourne Stars,Sydney Sixers,MM Lanning,HNK Jensen,EA Perry,0,0,,,,,,,,,
1023673,2016/17,2016-12-17,Casey Fields No. 4,2,11.1,Melbourne Stars,Sydney Sixers,HNK Jensen,MM Lanning,SE Aley,0,1,1,,,,,,,,
1023673,2016/17,2016-12-17,Casey Fields No. 4,2,11.2,Melbourne Stars,Sydney Sixers,HNK Jensen,MM Lanning,SE Aley,0,0,,,,,,,,,
1023673,2016/17,2016-12-17,Casey Fields No. 4,2,11.3,Melbourne Stars,Sydney Sixers,HNK Jensen,MM Lanning,SE Aley,0,2,2,,,,,,,,
1023673,2016/17,2016-12-17,Casey Fields No. 4,2,11.4,Melbourne Stars,Sydney Sixers,MM Lanning,HNK Jensen,SE Aley,1,0,,,,,,,,,
1023673,2016/17,2016-12-17,Casey Fields No. 4,2,11.5,Melbourne Stars,Sydney Sixers,HNK Jensen,MM Lanning,SE Aley,4,0,,,,,,,,,
1023673,2016/17,2016-12-17,Casey Fields No. 4,2,11.6,Melbourne Stars,Sydney Sixers,HNK Jensen,MM Lanning,SE Aley,0,1,1,,,,,stumped,HNK Jensen,,
1023673,2016/17,2016-12-17,Casey Fields No. 4,2,11.7,Melbourne Stars,Sydney Sixers,KM Mack,MM Lanning,SE Aley,0,0,,,,,,,,,
1023673,2016/17,2016-12-17,Casey Fields No. 4,2,11.8,Melbourne Stars,Sydney Sixers,KM Mack,MM Lanning,SE Aley,0,0,,,,,,,,,
1023673,2016/17,2016-12-17,Casey Fields No. 4,2,11.9,Melbourne Stars,Sydney Sixers,KM Mack,MM Lanning,SE Aley,1,0,,,,,,,,,
1023673,2016/17,2016-12-17,Casey Fields No. 4,2,12.1,Melbourne Stars,Sydney Sixers,KM Mack,MM Lanning,EA Perry,0,1,,,,1,,,,,
1023673,2016/17,2016-12-17,Casey Fields No. 4,2,12.2,Melbourne Stars,Sydney Sixers,MM Lanning,KM Mack,EA Perry,6,0,,,,,,,,,
1023673,2016/17,2016-12-17,Casey Fields No. 4,2,12.3,Melbourne Stars,Sydney Sixers,MM Lanning,KM Mack,EA Perry,1,0,,,,,,,,,
1023673,2016/17,2016-12-17,Casey Fields No. 4,2,12.4,Melbourne Stars,Sydney Sixers,KM Mack,MM Lanning,EA Perry,1,0,,,,,,,,,
1023673,2016/17,2016-12-17,Casey Fields No. 4,2,12.5,Melbourne Stars,Sydney Sixers,MM Lanning,KM Mack,EA Perry,1,0,,,,,,,,,
1023673,2016/17,2016-12-17,Casey Fields No. 4,2,12.6,Melbourne Stars,Sydney Sixers,KM Mack,MM Lanning,EA Perry,0,0,,,,,,,,,
1023673,2016/17,2016-12-17,Casey Fields No. 4,2,13.1,Melbourne Stars,Sydney Sixers,MM Lanning,KM Mack,LC Sthalekar,1,0,,,,,,,,,
1023673,2016/17,2016-12-17,Casey Fields No. 4,2,13.2,Melbourne Stars,Sydney Sixers,KM Mack,MM Lanning,LC Sthalekar,1,0,,,,,,,,,
1023673,2016/17,2016-12-17,Casey Fields No. 4,2,13.3,Melbourne Stars,Sydney Sixers,MM Lanning,KM Mack,LC Sthalekar,2,0,,,,,,,,,
1023673,2016/17,2016-12-17,Casey Fields No. 4,2,13.4,Melbourne Stars,Sydney Sixers,MM Lanning,KM Mack,LC Sthalekar,4,0,,,,,,,,,
1023673,2016/17,2016-12-17,Casey Fields No. 4,2,13.5,Melbourne Stars,Sydney Sixers,MM Lanning,KM Mack,LC Sthalekar,4,0,,,,,,,,,
1023673,2016/17,2016-12-17,Casey Fields No. 4,2,13.6,Melbourne Stars,Sydney Sixers,MM Lanning,KM Mack,LC Sthalekar,4,0,,,,,,,,,
1023673,2016/17,2016-12-17,Casey Fields No. 4,2,14.1,Melbourne Stars,Sydney Sixers,KM Mack,MM Lanning,M Kapp,1,0,,,,,,,,,
1023673,2016/17,2016-12-17,Casey Fields No. 4,2,14.2,Melbourne Stars,Sydney Sixers,MM Lanning,KM Mack,M Kapp,1,0,,,,,,,,,
1023673,2016/17,2016-12-17,Casey Fields No. 4,2,14.3,Melbourne Stars,Sydney Sixers,KM Mack,MM Lanning,M Kapp,0,0,,,,,,,,,
1023673,2016/17,2016-12-17,Casey Fields No. 4,2,14.4,Melbourne Stars,Sydney Sixers,KM Mack,MM Lanning,M Kapp,1,0,,,,,,,,,
1023673,2016/17,2016-12-17,Casey Fields No. 4,2,14.5,Melbourne Stars,Sydney Sixers,MM Lanning,KM Mack,M Kapp,4,0,,,,,,,,,
1023673,2016/17,2016-12-17,Casey Fields No. 4,2,14.6,Melbourne Stars,Sydney Sixers,MM Lanning,KM Mack,M Kapp,0,0,,,,,,,,,
1023673,2016/17,2016-12-17,Casey Fields No. 4,2,15.1,Melbourne Stars,Sydney Sixers,KM Mack,MM Lanning,D van Niekerk,0,1,1,,,,,,,,
1023673,2016/17,2016-12-17,Casey Fields No. 4,2,15.2,Melbourne Stars,Sydney Sixers,KM Mack,MM Lanning,D van Niekerk,1,0,,,,,,,,,
1023673,2016/17,2016-12-17,Casey Fields No. 4,2,15.3,Melbourne Stars,Sydney Sixers,MM Lanning,KM Mack,D van Niekerk,0,0,,,,,,,,,
1023673,2016/17,2016-12-17,Casey Fields No. 4,2,15.4,Melbourne Stars,Sydney Sixers,MM Lanning,KM Mack,D van Niekerk,0,0,,,,,,,,,
1023673,2016/17,2016-12-17,Casey Fields No. 4,2,15.5,Melbourne Stars,Sydney Sixers,MM Lanning,KM Mack,D van Niekerk,1,0,,,,,,,,,
1023673,2016/17,2016-12-17,Casey Fields No. 4,2,15.6,Melbourne Stars,Sydney Sixers,KM Mack,MM Lanning,D van Niekerk,1,0,,,,,,,,,
1023673,2016/17,2016-12-17,Casey Fields No. 4,2,15.7,Melbourne Stars,Sydney Sixers,MM Lanning,KM Mack,D van Niekerk,1,0,,,,,,,,,
1023673,2016/17,2016-12-17,Casey Fields No. 4,2,16.1,Melbourne Stars,Sydney Sixers,MM Lanning,KM Mack,SE Aley,0,0,,,,,,,,,
1023673,2016/17,2016-12-17,Casey Fields No. 4,2,16.2,Melbourne Stars,Sydney Sixers,MM Lanning,KM Mack,SE Aley,1,0,,,,,,,,,
1023673,2016/17,2016-12-17,Casey Fields No. 4,2,16.3,Melbourne Stars,Sydney Sixers,KM Mack,MM Lanning,SE Aley,2,0,,,,,,,,,
1023673,2016/17,2016-12-17,Casey Fields No. 4,2,16.4,Melbourne Stars,Sydney Sixers,KM Mack,MM Lanning,SE Aley,1,0,,,,,,,,,
1023673,2016/17,2016-12-17,Casey Fields No. 4,2,16.5,Melbourne Stars,Sydney Sixers,MM Lanning,KM Mack,SE Aley,0,0,,,,,,,,,
1023673,2016/17,2016-12-17,Casey Fields No. 4,2,16.6,Melbourne Stars,Sydney Sixers,MM Lanning,KM Mack,SE Aley,0,0,,,,,,,,,
1023673,2016/17,2016-12-17,Casey Fields No. 4,2,17.1,Melbourne Stars,Sydney Sixers,KM Mack,MM Lanning,D van Niekerk,0,0,,,,,,,,,
1023673,2016/17,2016-12-17,Casey Fields No. 4,2,17.2,Melbourne Stars,Sydney Sixers,KM Mack,MM Lanning,D van Niekerk,4,0,,,,,,,,,
