match_id,season,start_date,venue,innings,ball,batting_team,bowling_team,striker,non_striker,bowler,runs_off_bat,extras,wides,noballs,byes,legbyes,penalty,wicket_type,player_dismissed,other_wicket_type,other_player_dismissed
1023655,2016/17,2016-12-10,North Sydney Oval,1,0.1,Adelaide Strikers,Melbourne Renegades,BE Patterson,TT Beaumont,LMM Tahuhu,0,0,,,,,,,,,
1023655,2016/17,2016-12-10,North Sydney Oval,1,0.2,Adelaide Strikers,Melbourne Renegades,BE Patterson,TT Beaumont,LMM Tahuhu,1,0,,,,,,,,,
1023655,2016/17,2016-12-10,North Sydney Oval,1,0.3,Adelaide Strikers,Melbourne Renegades,TT Beaumont,BE Patterson,LMM Tahuhu,1,0,,,,,,,,,
1023655,2016/17,2016-12-10,North Sydney Oval,1,0.4,Adelaide Strikers,Melbourne Renegades,BE Patterson,TT Beaumont,LMM Tahuhu,4,0,,,,,,,,,
1023655,2016/17,2016-12-10,North Sydney Oval,1,0.5,Adelaide Strikers,Melbourne Renegades,BE Patterson,TT Beaumont,LMM Tahuhu,0,1,1,,,,,,,,
1023655,2016/17,2016-12-10,North Sydney Oval,1,0.6,Adelaide Strikers,Melbourne Renegades,BE Patterson,TT Beaumont,LMM Tahuhu,2,0,,,,,,,,,
1023655,2016/17,2016-12-10,North Sydney Oval,1,0.7,Adelaide Strikers,Melbourne Renegades,BE Patterson,TT Beaumont,LMM Tahuhu,0,0,,,,,,,,,
1023655,2016/17,2016-12-10,North Sydney Oval,1,1.1,Adelaide Strikers,Melbourne Renegades,TT Beaumont,BE Patterson,M Strano,1,0,,,,,,,,,
1023655,2016/17,2016-12-10,North Sydney Oval,1,1.2,Adelaide Strikers,Melbourne Renegades,BE Patterson,TT Beaumont,M Strano,0,0,,,,,,,,,
1023655,2016/17,2016-12-10,North Sydney Oval,1,1.3,Adelaide Strikers,Melbourne Renegades,BE Patterson,TT Beaumont,M Strano,0,0,,,,,,,,,
1023655,2016/17,2016-12-10,North Sydney Oval,1,1.4,Adelaide Strikers,Melbourne Renegades,BE Patterson,TT Beaumont,M Strano,2,0,,,,,,,,,
1023655,2016/17,2016-12-10,North Sydney Oval,1,1.5,Adelaide Strikers,Melbourne Renegades,BE Patterson,TT Beaumont,M Strano,1,0,,,,,,,,,
1023655,2016/17,2016-12-10,North Sydney Oval,1,1.6,Adelaide Strikers,Melbourne Renegades,TT Beaumont,BE Patterson,M Strano,0,0,,,,,,lbw,TT Beaumont,,
1023655,2016/17,2016-12-10,North Sydney Oval,1,2.1,Adelaide Strikers,Melbourne Renegades,BE Patterson,CM Edwards,LMM Tahuhu,1,0,,,,,,,,,
1023655,2016/17,2016-12-10,North Sydney Oval,1,2.2,Adelaide Strikers,Melbourne Renegades,CM Edwards,BE Patterson,LMM Tahuhu,0,0,,,,,,,,,
1023655,2016/17,2016-12-10,North Sydney Oval,1,2.3,Adelaide Strikers,Melbourne Renegades,CM Edwards,BE Patterson,LMM Tahuhu,1,0,,,,,,,,,
1023655,2016/17,2016-12-10,North Sydney Oval,1,2.4,Adelaide Strikers,Melbourne Renegades,BE Patterson,CM Edwards,LMM Tahuhu,0,1,1,,,,,,,,
1023655,2016/17,2016-12-10,North Sydney Oval,1,2.5,Adelaide Strikers,Melbourne Renegades,BE Patterson,CM Edwards,LMM Tahuhu,4,0,,,,,,,,,
1023655,2016/17,2016-12-10,North Sydney Oval,1,2.6,Adelaide Strikers,Melbourne Renegades,BE Patterson,CM Edwards,LMM Tahuhu,0,1,1,,,,,,,,
1023655,2016/17,2016-12-10,North Sydney Oval,1,2.7,Adelaide Strikers,Melbourne Renegades,BE Patterson,CM Edwards,LMM Tahuhu,0,0,,,,,,,,,
1023655,2016/17,2016-12-10,North Sydney Oval,1,2.8,Adelaide Strikers,Melbourne Renegades,BE Patterson,CM Edwards,LMM Tahuhu,0,0,,,,,,run out,CM Edwards,,
1023655,2016/17,2016-12-10,North Sydney Oval,1,3.1,Adelaide Strikers,Melbourne Renegades,BE Patterson,SJ Coyte,M Strano,0,0,,,,,,,,,
1023655,2016/17,2016-12-10,North Sydney Oval,1,3.2,Adelaide Strikers,Melbourne Renegades,BE Patterson,SJ Coyte,M Strano,0,0,,,,,,,,,
1023655,2016/17,2016-12-10,North Sydney Oval,1,3.3,Adelaide Strikers,Melbourne Renegades,BE Patterson,SJ Coyte,M Strano,0,0,,,,,,caught,BE Patterson,,
1023655,2016/17,2016-12-10,North Sydney Oval,1,3.4,Adelaide Strikers,Melbourne Renegades,TM McGrath,SJ Coyte,M Strano,0,0,,,,,,,,,
1023655,2016/17,2016-12-10,North Sydney Oval,1,3.5,Adelaide Strikers,Melbourne Renegades,TM McGrath,SJ Coyte,M Strano,0,0,,,,,,,,,
1023655,2016/17,2016-12-10,North Sydney Oval,1,3.6,Adelaide Strikers,Melbourne Renegades,TM McGrath,SJ Coyte,M Strano,0,0,,,,,,,,,
1023655,2016/17,2016-12-10,North Sydney Oval,1,4.1,Adelaide Strikers,Melbourne Renegades,SJ Coyte,TM McGrath,NM Goodwin,0,0,,,,,,caught,SJ Coyte,,
1023655,2016/17,2016-12-10,North Sydney Oval,1,4.2,Adelaide Strikers,Melbourne Renegades,SFM Devine,TM McGrath,NM Goodwin,0,0,,,,,,,,,
1023655,2016/17,2016-12-10,North Sydney Oval,1,4.3,Adelaide Strikers,Melbourne Renegades,SFM Devine,TM McGrath,NM Goodwin,0,0,,,,,,,,,
1023655,2016/17,2016-12-10,North Sydney Oval,1,4.4,Adelaide Strikers,Melbourne Renegades,SFM Devine,TM McGrath,NM Goodwin,1,0,,,,,,,,,
1023655,2016/17,2016-12-10,North Sydney Oval,1,4.5,Adelaide Strikers,Melbourne Renegades,TM McGrath,SFM Devine,NM Goodwin,0,0,,,,,,,,,
1023655,2016/17,2016-12-10,North Sydney Oval,1,4.6,Adelaide Strikers,Melbourne Renegades,TM McGrath,SFM Devine,NM Goodwin,0,0,,,,,,,,,
1023655,2016/17,2016-12-10,North Sydney Oval,1,5.1,Adelaide Strikers,Melbourne Renegades,SFM Devine,TM McGrath,M Strano,1,0,,,,,,,,,
1023655,2016/17,2016-12-10,North Sydney Oval,1,5.2,Adelaide Strikers,Melbourne Renegades,TM McGrath,SFM Devine,M Strano,4,0,,,,,,,,,
1023655,2016/17,2016-12-10,North Sydney Oval,1,5.3,Adelaide Strikers,Melbourne Renegades,TM McGrath,SFM Devine,M Strano,4,0,,,,,,,,,
1023655,2016/17,2016-12-10,North Sydney Oval,1,5.4,Adelaide Strikers,Melbourne Renegades,TM McGrath,SFM Devine,M Strano,0,0,,,,,,,,,
1023655,2016/17,2016-12-10,North Sydney Oval,1,5.5,Adelaide Strikers,Melbourne Renegades,TM McGrath,SFM Devine,M Strano,1,0,,,,,,,,,
1023655,2016/17,2016-12-10,North Sydney Oval,1,5.6,Adelaide Strikers,Melbourne Renegades,SFM Devine,TM McGrath,M Strano,0,0,,,,,,,,,
1023655,2016/17,2016-12-10,North Sydney Oval,1,6.1,Adelaide Strikers,Melbourne Renegades,TM McGrath,SFM Devine,NM Goodwin,0,0,,,,,,,,,
1023655,2016/17,2016-12-10,North Sydney Oval,1,6.2,Adelaide Strikers,Melbourne Renegades,TM McGrath,SFM Devine,NM Goodwin,2,0,,,,,,,,,
1023655,2016/17,2016-12-10,North Sydney Oval,1,6.3,Adelaide Strikers,Melbourne Renegades,TM McGrath,SFM Devine,NM Goodwin,0,0,,,,,,,,,
1023655,2016/17,2016-12-10,North Sydney Oval,1,6.4,Adelaide Strikers,Melbourne Renegades,TM McGrath,SFM Devine,NM Goodwin,0,0,,,,,,bowled,TM McGrath,,
1023655,2016/17,2016-12-10,North Sydney Oval,1,6.5,Adelaide Strikers,Melbourne Renegades,S Nitschke,SFM Devine,NM Goodwin,0,0,,,,,,,,,
1023655,2016/17,2016-12-10,North Sydney Oval,1,6.6,Adelaide Strikers,Melbourne Renegades,S Nitschke,SFM Devine,NM Goodwin,0,0,,,,,,,,,
1023655,2016/17,2016-12-10,North Sydney Oval,1,7.1,Adelaide Strikers,Melbourne Renegades,SFM Devine,S Nitschke,S Molineux,2,0,,,,,,,,,
1023655,2016/17,2016-12-10,North Sydney Oval,1,7.2,Adelaide Strikers,Melbourne Renegades,SFM Devine,S Nitschke,S Molineux,0,0,,,,,,,,,
1023655,2016/17,2016-12-10,North Sydney Oval,1,7.3,Adelaide Strikers,Melbourne Renegades,SFM Devine,S Nitschke,S Molineux,0,0,,,,,,,,,
1023655,2016/17,2016-12-10,North Sydney Oval,1,7.4,Adelaide Strikers,Melbourne Renegades,SFM Devine,S Nitschke,S Molineux,2,0,,,,,,,,,
1023655,2016/17,2016-12-10,North Sydney Oval,1,7.5,Adelaide Strikers,Melbourne Renegades,SFM Devine,S Nitschke,S Molineux,1,0,,,,,,,,,
1023655,2016/17,2016-12-10,North Sydney Oval,1,7.6,Adelaide Strikers,Melbourne Renegades,S Nitschke,SFM Devine,S Molineux,0,0,,,,,,,,,
1023655,2016/17,2016-12-10,North Sydney Oval,1,8.1,Adelaide Strikers,Melbourne Renegades,SFM Devine,S Nitschke,NM Goodwin,1,0,,,,,,,,,
1023655,2016/17,2016-12-10,North Sydney Oval,1,8.2,Adelaide Strikers,Melbourne Renegades,S Nitschke,SFM Devine,NM Goodwin,4,0,,,,,,,,,
1023655,2016/17,2016-12-10,North Sydney Oval,1,8.3,Adelaide Strikers,Melbourne Renegades,S Nitschke,SFM Devine,NM Goodwin,0,0,,,,,,,,,
1023655,2016/17,2016-12-10,North Sydney Oval,1,8.4,Adelaide Strikers,Melbourne Renegades,S Nitschke,SFM Devine,NM Goodwin,0,0,,,,,,,,,
1023655,2016/17,2016-12-10,North Sydney Oval,1,8.5,Adelaide Strikers,Melbourne Renegades,S Nitschke,SFM Devine,NM Goodwin,0,0,,,,,,lbw,S Nitschke,,
1023655,2016/17,2016-12-10,North Sydney Oval,1,8.6,Adelaide Strikers,Melbourne Renegades,TJ McPharlin,SFM Devine,NM Goodwin,0,1,,1,,,,,,,
1023655,2016/17,2016-12-10,North Sydney Oval,1,8.7,Adelaide Strikers,Melbourne Renegades,TJ McPharlin,SFM Devine,NM Goodwin,0,1,,,,1,,,,,
1023655,2016/17,2016-12-10,North Sydney Oval,1,9.1,Adelaide Strikers,Melbourne Renegades,TJ McPharlin,SFM Devine,S Molineux,0,0,,,,,,,,,
1023655,2016/17,2016-12-10,North Sydney Oval,1,9.2,Adelaide Strikers,Melbourne Renegades,TJ McPharlin,SFM Devine,S Molineux,1,0,,,,,,,,,
1023655,2016/17,2016-12-10,North Sydney Oval,1,9.3,Adelaide Strikers,Melbourne Renegades,SFM Devine,TJ McPharlin,S Molineux,1,0,,,,,,,,,
1023655,2016/17,2016-12-10,North Sydney Oval,1,9.4,Adelaide Strikers,Melbourne Renegades,TJ McPharlin,SFM Devine,S Molineux,0,0,,,,,,,,,
1023655,2016/17,2016-12-10,North Sydney Oval,1,9.5,Adelaide Strikers,Melbourne Renegades,TJ McPharlin,SFM Devine,S Molineux,2,0,,,,,,,,,
1023655,2016/17,2016-12-10,North Sydney Oval,1,9.6,Adelaide Strikers,Melbourne Renegades,TJ McPharlin,SFM Devine,S Molineux,0,0,,,,,,,,,
1023655,2016/17,2016-12-10,North Sydney Oval,1,10.1,Adelaide Strikers,Melbourne Renegades,SFM Devine,TJ McPharlin,NM Goodwin,6,0,,,,,,,,,
1023655,2016/17,2016-12-10,North Sydney Oval,1,10.2,Adelaide Strikers,Melbourne Renegades,SFM Devine,TJ McPharlin,NM Goodwin,0,0,,,,,,,,,
1023655,2016/17,2016-12-10,North Sydney Oval,1,10.3,Adelaide Strikers,Melbourne Renegades,SFM Devine,TJ McPharlin,NM Goodwin,1,0,,,,,,,,,
1023655,2016/17,2016-12-10,North Sydney Oval,1,10.4,Adelaide Strikers,Melbourne Renegades,TJ McPharlin,SFM Devine,NM Goodwin,0,0,,,,,,,,,
1023655,2016/17,2016-12-10,North Sydney Oval,1,10.5,Adelaide Strikers,Melbourne Renegades,TJ McPharlin,SFM Devine,NM Goodwin,1,0,,,,,,,,,
1023655,2016/17,2016-12-10,North Sydney Oval,1,10.6,Adelaide Strikers,Melbourne Renegades,SFM Devine,TJ McPharlin,NM Goodwin,0,0,,,,,,,,,
1023655,2016/17,2016-12-10,North Sydney Oval,1,11.1,Adelaide Strikers,Melbourne Renegades,TJ McPharlin,SFM Devine,S Molineux,1,0,,,,,,,,,
1023655,2016/17,2016-12-10,North Sydney Oval,1,11.2,Adelaide Strikers,Melbourne Renegades,SFM Devine,TJ McPharlin,S Molineux,0,0,,,,,,,,,
1023655,2016/17,2016-12-10,North Sydney Oval,1,11.3,Adelaide Strikers,Melbourne Renegades,SFM Devine,TJ McPharlin,S Molineux,0,0,,,,,,,,,
1023655,2016/17,2016-12-10,North Sydney Oval,1,11.4,Adelaide Strikers,Melbourne Renegades,SFM Devine,TJ McPharlin,S Molineux,1,0,,,,,,,,,
1023655,2016/17,2016-12-10,North Sydney Oval,1,11.5,Adelaide Strikers,Melbourne Renegades,TJ McPharlin,SFM Devine,S Molineux,2,0,,,,,,,,,
1023655,2016/17,2016-12-10,North Sydney Oval,1,11.6,Adelaide Strikers,Melbourne Renegades,TJ McPharlin,SFM Devine,S Molineux,0,0,,,,,,,,,
1023655,2016/17,2016-12-10,North Sydney Oval,1,12.1,Adelaide Strikers,Melbourne Renegades,SFM Devine,TJ McPharlin,GM Harris,0,0,,,,,,,,,
1023655,2016/17,2016-12-10,North Sydney Oval,1,12.2,Adelaide Strikers,Melbourne Renegades,SFM Devine,TJ McPharlin,GM Harris,0,0,,,,,,,,,
1023655,2016/17,2016-12-10,North Sydney Oval,1,12.3,Adelaide Strikers,Melbourne Renegades,SFM Devine,TJ McPharlin,GM Harris,4,0,,,,,,,,,
1023655,2016/17,2016-12-10,North Sydney Oval,1,12.4,Adelaide Strikers,Melbourne Renegades,SFM Devine,TJ McPharlin,GM Harris,4,0,,,,,,,,,
1023655,2016/17,2016-12-10,North Sydney Oval,1,12.5,Adelaide Strikers,Melbourne Renegades,SFM Devine,TJ McPharlin,GM Harris,0,0,,,,,,,,,
1023655,2016/17,2016-12-10,North Sydney Oval,1,12.6,Adelaide Strikers,Melbourne Renegades,SFM Devine,TJ McPharlin,GM Harris,2,0,,,,,,,,,
1023655,2016/17,2016-12-10,North Sydney Oval,1,13.1,Adelaide Strikers,Melbourne Renegades,TJ McPharlin,SFM Devine,S Molineux,2,0,,,,,,,,,
1023655,2016/17,2016-12-10,North Sydney Oval,1,13.2,Adelaide Strikers,Melbourne Renegades,TJ McPharlin,SFM Devine,S Molineux,4,0,,,,,,,,,
1023655,2016/17,2016-12-10,North Sydney Oval,1,13.3,Adelaide Strikers,Melbourne Renegades,TJ McPharlin,SFM Devine,S Molineux,0,0,,,,,,,,,
1023655,2016/17,2016-12-10,North Sydney Oval,1,13.4,Adelaide Strikers,Melbourne Renegades,TJ McPharlin,SFM Devine,S Molineux,4,0,,,,,,,,,
1023655,2016/17,2016-12-10,North Sydney Oval,1,13.5,Adelaide Strikers,Melbourne Renegades,TJ McPharlin,SFM Devine,S Molineux,1,0,,,,,,,,,
1023655,2016/17,2016-12-10,North Sydney Oval,1,13.6,Adelaide Strikers,Melbourne Renegades,SFM Devine,TJ McPharlin,S Molineux,0,0,,,,,,,,,
1023655,2016/17,2016-12-10,North Sydney Oval,1,14.1,Adelaide Strikers,Melbourne Renegades,TJ McPharlin,SFM Devine,GM Harris,1,0,,,,,,,,,
1023655,2016/17,2016-12-10,North Sydney Oval,1,14.2,Adelaide Strikers,Melbourne Renegades,SFM Devine,TJ McPharlin,GM Harris,0,0,,,,,,,,,
1023655,2016/17,2016-12-10,North Sydney Oval,1,14.3,Adelaide Strikers,Melbourne Renegades,SFM Devine,TJ McPharlin,GM Harris,6,0,,,,,,,,,
1023655,2016/17,2016-12-10,North Sydney Oval,1,14.4,Adelaide Strikers,Melbourne Renegades,SFM Devine,TJ McPharlin,GM Harris,2,0,,,,,,,,,
1023655,2016/17,2016-12-10,North Sydney Oval,1,14.5,Adelaide Strikers,Melbourne Renegades,SFM Devine,TJ McPharlin,GM Harris,0,0,,,,,,,,,
1023655,2016/17,2016-12-10,North Sydney Oval,1,14.6,Adelaide Strikers,Melbourne Renegades,SFM Devine,TJ McPharlin,GM Harris,1,0,,,,,,,,,
1023655,2016/17,2016-12-10,North Sydney Oval,1,15.1,Adelaide Strikers,Melbourne Renegades,SFM Devine,TJ McPharlin,DN Wyatt,1,0,,,,,,,,,
1023655,2016/17,2016-12-10,North Sydney Oval,1,15.2,Adelaide Strikers,Melbourne Renegades,TJ McPharlin,SFM Devine,DN Wyatt,0,0,,,,,,caught,TJ McPharlin,,
1023655,2016/17,2016-12-10,North Sydney Oval,1,15.3,Adelaide Strikers,Melbourne Renegades,SFM Devine,A Price,DN Wyatt,1,0,,,,,,,,,
1023655,2016/17,2016-12-10,North Sydney Oval,1,15.4,Adelaide Strikers,Melbourne Renegades,A Price,SFM Devine,DN Wyatt,0,0,,,,,,,,,
1023655,2016/17,2016-12-10,North Sydney Oval,1,15.5,Adelaide Strikers,Melbourne Renegades,A Price,SFM Devine,DN Wyatt,0,0,,,,,,,,,
1023655,2016/17,2016-12-10,North Sydney Oval,1,15.6,Adelaide Strikers,Melbourne Renegades,A Price,SFM Devine,DN Wyatt,0,1,1,,,,,,,,
1023655,2016/17,2016-12-10,North Sydney Oval,1,15.7,Adelaide Strikers,Melbourne Renegades,A Price,SFM Devine,DN Wyatt,0,0,,,,,,,,,
1023655,2016/17,2016-12-10,North Sydney Oval,1,16.1,Adelaide Strikers,Melbourne Renegades,SFM Devine,A Price,LMM Tahuhu,4,0,,,,,,,,,
1023655,2016/17,2016-12-10,North Sydney Oval,1,16.2,Adelaide Strikers,Melbourne Renegades,SFM Devine,A Price,LMM Tahuhu,0,0,,,,,,,,,
1023655,2016/17,2016-12-10,North Sydney Oval,1,16.3,Adelaide Strikers,Melbourne Renegades,SFM Devine,A Price,LMM Tahuhu,1,0,,,,,,,,,
1023655,2016/17,2016-12-10,North Sydney Oval,1,16.4,Adelaide Strikers,Melbourne Renegades,A Price,SFM Devine,LMM Tahuhu,1,0,,,,,,,,,
1023655,2016/17,2016-12-10,North Sydney Oval,1,16.5,Adelaide Strikers,Melbourne Renegades,SFM Devine,A Price,LMM Tahuhu,0,0,,,,,,,,,
1023655,2016/17,2016-12-10,North Sydney Oval,1,16.6,Adelaide Strikers,Melbourne Renegades,SFM Devine,A Price,LMM Tahuhu,0,0,,,,,,caught,SFM Devine,,
1023655,2016/17,2016-12-10,North Sydney Oval,1,17.1,Adelaide Strikers,Melbourne Renegades,A Price,ML Schutt,DN Wyatt,1,0,,,,,,,,,
1023655,2016/17,2016-12-10,North Sydney Oval,1,17.2,Adelaide Strikers,Melbourne Renegades,ML Schutt,A Price,DN Wyatt,4,0,,,,,,,,,
1023655,2016/17,2016-12-10,North Sydney Oval,1,17.3,Adelaide Strikers,Melbourne Renegades,ML Schutt,A Price,DN Wyatt,0,0,,,,,,,,,
1023655,2016/17,2016-12-10,North Sydney Oval,1,17.4,Adelaide Strikers,Melbourne Renegades,ML Schutt,A Price,DN Wyatt,4,0,,,,,,,,,
1023655,2016/17,2016-12-10,North Sydney Oval,1,17.5,Adelaide Strikers,Melbourne Renegades,ML Schutt,A Price,DN Wyatt,1,0,,,,,,,,,
1023655,2016/17,2016-12-10,North Sydney Oval,1,17.6,Adelaide Strikers,Melbourne Renegades,A Price,ML Schutt,DN Wyatt,0,0,,,,,,,,,
1023655,2016/17,2016-12-10,North Sydney Oval,1,18.1,Adelaide Strikers,Melbourne Renegades,ML Schutt,A Price,LMM Tahuhu,0,0,,,,,,,,,
1023655,2016/17,2016-12-10,North Sydney Oval,1,18.2,Adelaide Strikers,Melbourne Renegades,ML Schutt,A Price,LMM Tahuhu,0,0,,,,,,,,,
1023655,2016/17,2016-12-10,North Sydney Oval,1,18.3,Adelaide Strikers,Melbourne Renegades,ML Schutt,A Price,LMM Tahuhu,0,0,,,,,,caught,ML Schutt,,
1023655,2016/17,2016-12-10,North Sydney Oval,1,18.4,Adelaide Strikers,Melbourne Renegades,A Wellington,A Price,LMM Tahuhu,0,0,,,,,,,,,
1023655,2016/17,2016-12-10,North Sydney Oval,1,18.5,Adelaide Strikers,Melbourne Renegades,A Wellington,A Price,LMM Tahuhu,1,0,,,,,,,,,
1023655,2016/17,2016-12-10,North Sydney Oval,1,18.6,Adelaide Strikers,Melbourne Renegades,A Price,A Wellington,LMM Tahuhu,1,0,,,,,,,,,
1023655,2016/17,2016-12-10,North Sydney Oval,1,19.1,Adelaide Strikers,Melbourne Renegades,A Price,A Wellington,M Strano,1,0,,,,,,,,,
1023655,2016/17,2016-12-10,North Sydney Oval,1,19.2,Adelaide Strikers,Melbourne Renegades,A Wellington,A Price,M Strano,1,0,,,,,,,,,
1023655,2016/17,2016-12-10,North Sydney Oval,1,19.3,Adelaide Strikers,Melbourne Renegades,A Price,A Wellington,M Strano,0,0,,,,,,caught,A Price,,
1023655,2016/17,2016-12-10,North Sydney Oval,2,0.1,Melbourne Renegades,Adelaide Strikers,RH Priest,GM Harris,ML Schutt,0,0,,,,,,,,,
1023655,2016/17,2016-12-10,North Sydney Oval,2,0.2,Melbourne Renegades,Adelaide Strikers,RH Priest,GM Harris,ML Schutt,0,1,1,,,,,,,,
1023655,2016/17,2016-12-10,North Sydney Oval,2,0.3,Melbourne Renegades,Adelaide Strikers,RH Priest,GM Harris,ML Schutt,0,0,,,,,,,,,
1023655,2016/17,2016-12-10,North Sydney Oval,2,0.4,Melbourne Renegades,Adelaide Strikers,RH Priest,GM Harris,ML Schutt,0,0,,,,,,caught,RH Priest,,
1023655,2016/17,2016-12-10,North Sydney Oval,2,0.5,Melbourne Renegades,Adelaide Strikers,KL Britt,GM Harris,ML Schutt,0,0,,,,,,,,,
1023655,2016/17,2016-12-10,North Sydney Oval,2,0.6,Melbourne Renegades,Adelaide Strikers,KL Britt,GM Harris,ML Schutt,2,0,,,,,,,,,
1023655,2016/17,2016-12-10,North Sydney Oval,2,0.7,Melbourne Renegades,Adelaide Strikers,KL Britt,GM Harris,ML Schutt,1,0,,,,,,,,,
1023655,2016/17,2016-12-10,North Sydney Oval,2,1.1,Melbourne Renegades,Adelaide Strikers,KL Britt,GM Harris,S Nitschke,0,0,,,,,,,,,
1023655,2016/17,2016-12-10,North Sydney Oval,2,1.2,Melbourne Renegades,Adelaide Strikers,KL Britt,GM Harris,S Nitschke,1,0,,,,,,,,,
1023655,2016/17,2016-12-10,North Sydney Oval,2,1.3,Melbourne Renegades,Adelaide Strikers,GM Harris,KL Britt,S Nitschke,4,0,,,,,,,,,
1023655,2016/17,2016-12-10,North Sydney Oval,2,1.4,Melbourne Renegades,Adelaide Strikers,GM Harris,KL Britt,S Nitschke,1,0,,,,,,,,,
1023655,2016/17,2016-12-10,North Sydney Oval,2,1.5,Melbourne Renegades,Adelaide Strikers,KL Britt,GM Harris,S Nitschke,4,0,,,,,,,,,
1023655,2016/17,2016-12-10,North Sydney Oval,2,1.6,Melbourne Renegades,Adelaide Strikers,KL Britt,GM Harris,S Nitschke,0,1,1,,,,,,,,
1023655,2016/17,2016-12-10,North Sydney Oval,2,1.7,Melbourne Renegades,Adelaide Strikers,KL Britt,GM Harris,S Nitschke,0,0,,,,,,,,,
1023655,2016/17,2016-12-10,North Sydney Oval,2,2.1,Melbourne Renegades,Adelaide Strikers,GM Harris,KL Britt,ML Schutt,0,0,,,,,,,,,
1023655,2016/17,2016-12-10,North Sydney Oval,2,2.2,Melbourne Renegades,Adelaide Strikers,GM Harris,KL Britt,ML Schutt,0,0,,,,,,caught,GM Harris,,
1023655,2016/17,2016-12-10,North Sydney Oval,2,2.3,Melbourne Renegades,Adelaide Strikers,KL Britt,DN Wyatt,ML Schutt,0,1,1,,,,,,,,
1023655,2016/17,2016-12-10,North Sydney Oval,2,2.4,Melbourne Renegades,Adelaide Strikers,KL Britt,DN Wyatt,ML Schutt,0,0,,,,,,,,,
1023655,2016/17,2016-12-10,North Sydney Oval,2,2.5,Melbourne Renegades,Adelaide Strikers,KL Britt,DN Wyatt,ML Schutt,0,0,,,,,,,,,
1023655,2016/17,2016-12-10,North Sydney Oval,2,2.6,Melbourne Renegades,Adelaide Strikers,KL Britt,DN Wyatt,ML Schutt,0,0,,,,,,,,,
1023655,2016/17,2016-12-10,North Sydney Oval,2,2.7,Melbourne Renegades,Adelaide Strikers,KL Britt,DN Wyatt,ML Schutt,0,1,1,,,,,,,,
1023655,2016/17,2016-12-10,North Sydney Oval,2,2.8,Melbourne Renegades,Adelaide Strikers,KL Britt,DN Wyatt,ML Schutt,0,0,,,,,,,,,
1023655,2016/17,2016-12-10,North Sydney Oval,2,3.1,Melbourne Renegades,Adelaide Strikers,DN Wyatt,KL Britt,A Wellington,0,0,,,,,,,,,
1023655,2016/17,2016-12-10,North Sydney Oval,2,3.2,Melbourne Renegades,Adelaide Strikers,DN Wyatt,KL Britt,A Wellington,0,0,,,,,,,,,
1023655,2016/17,2016-12-10,North Sydney Oval,2,3.3,Melbourne Renegades,Adelaide Strikers,DN Wyatt,KL Britt,A Wellington,0,0,,,,,,,,,
1023655,2016/17,2016-12-10,North Sydney Oval,2,3.4,Melbourne Renegades,Adelaide Strikers,DN Wyatt,KL Britt,A Wellington,0,0,,,,,,,,,
1023655,2016/17,2016-12-10,North Sydney Oval,2,3.5,Melbourne Renegades,Adelaide Strikers,DN Wyatt,KL Britt,A Wellington,0,0,,,,,,,,,
1023655,2016/17,2016-12-10,North Sydney Oval,2,3.6,Melbourne Renegades,Adelaide Strikers,DN Wyatt,KL Britt,A Wellington,0,0,,,,,,,,,
1023655,2016/17,2016-12-10,North Sydney Oval,2,4.1,Melbourne Renegades,Adelaide Strikers,KL Britt,DN Wyatt,ML Schutt,0,0,,,,,,,,,
1023655,2016/17,2016-12-10,North Sydney Oval,2,4.2,Melbourne Renegades,Adelaide Strikers,KL Britt,DN Wyatt,ML Schutt,0,0,,,,,,,,,
1023655,2016/17,2016-12-10,North Sydney Oval,2,4.3,Melbourne Renegades,Adelaide Strikers,KL Britt,DN Wyatt,ML Schutt,2,0,,,,,,,,,
1023655,2016/17,2016-12-10,North Sydney Oval,2,4.4,Melbourne Renegades,Adelaide Strikers,KL Britt,DN Wyatt,ML Schutt,0,0,,,,,,,,,
1023655,2016/17,2016-12-10,North Sydney Oval,2,4.5,Melbourne Renegades,Adelaide Strikers,KL Britt,DN Wyatt,ML Schutt,1,0,,,,,,,,,
1023655,2016/17,2016-12-10,North Sydney Oval,2,4.6,Melbourne Renegades,Adelaide Strikers,DN Wyatt,KL Britt,ML Schutt,0,1,1,,,,,,,,
1023655,2016/17,2016-12-10,North Sydney Oval,2,4.7,Melbourne Renegades,Adelaide Strikers,DN Wyatt,KL Britt,ML Schutt,0,1,1,,,,,,,,
1023655,2016/17,2016-12-10,North Sydney Oval,2,4.8,Melbourne Renegades,Adelaide Strikers,DN Wyatt,KL Britt,ML Schutt,0,0,,,,,,,,,
1023655,2016/17,2016-12-10,North Sydney Oval,2,5.1,Melbourne Renegades,Adelaide Strikers,KL Britt,DN Wyatt,A Wellington,0,0,,,,,,,,,
1023655,2016/17,2016-12-10,North Sydney Oval,2,5.2,Melbourne Renegades,Adelaide Strikers,KL Britt,DN Wyatt,A Wellington,1,0,,,,,,,,,
1023655,2016/17,2016-12-10,North Sydney Oval,2,5.3,Melbourne Renegades,Adelaide Strikers,DN Wyatt,KL Britt,A Wellington,0,0,,,,,,,,,
1023655,2016/17,2016-12-10,North Sydney Oval,2,5.4,Melbourne Renegades,Adelaide Strikers,DN Wyatt,KL Britt,A Wellington,1,0,,,,,,,,,
1023655,2016/17,2016-12-10,North Sydney Oval,2,5.5,Melbourne Renegades,Adelaide Strikers,KL Britt,DN Wyatt,A Wellington,0,0,,,,,,,,,
1023655,2016/17,2016-12-10,North Sydney Oval,2,5.6,Melbourne Renegades,Adelaide Strikers,KL Britt,DN Wyatt,A Wellington,0,0,,,,,,,,,
1023655,2016/17,2016-12-10,North Sydney Oval,2,6.1,Melbourne Renegades,Adelaide Strikers,DN Wyatt,KL Britt,ML Schutt,1,0,,,,,,,,,
1023655,2016/17,2016-12-10,North Sydney Oval,2,6.2,Melbourne Renegades,Adelaide Strikers,KL Britt,DN Wyatt,ML Schutt,1,0,,,,,,,,,
1023655,2016/17,2016-12-10,North Sydney Oval,2,6.3,Melbourne Renegades,Adelaide Strikers,DN Wyatt,KL Britt,ML Schutt,0,0,,,,,,,,,
1023655,2016/17,2016-12-10,North Sydney Oval,2,6.4,Melbourne Renegades,Adelaide Strikers,DN Wyatt,KL Britt,ML Schutt,0,0,,,,,,,,,
1023655,2016/17,2016-12-10,North Sydney Oval,2,6.5,Melbourne Renegades,Adelaide Strikers,DN Wyatt,KL Britt,ML Schutt,1,0,,,,,,,,,
1023655,2016/17,2016-12-10,North Sydney Oval,2,6.6,Melbourne Renegades,Adelaide Strikers,KL Britt,DN Wyatt,ML Schutt,2,0,,,,,,,,,
1023655,2016/17,2016-12-10,North Sydney Oval,2,7.1,Melbourne Renegades,Adelaide Strikers,DN Wyatt,KL Britt,A Wellington,1,0,,,,,,,,,
1023655,2016/17,2016-12-10,North Sydney Oval,2,7.2,Melbourne Renegades,Adelaide Strikers,KL Britt,DN Wyatt,A Wellington,4,0,,,,,,,,,
1023655,2016/17,2016-12-10,North Sydney Oval,2,7.3,Melbourne Renegades,Adelaide Strikers,KL Britt,DN Wyatt,A Wellington,2,0,,,,,,,,,
1023655,2016/17,2016-12-10,North Sydney Oval,2,7.4,Melbourne Renegades,Adelaide Strikers,KL Britt,DN Wyatt,A Wellington,0,0,,,,,,,,,
1023655,2016/17,2016-12-10,North Sydney Oval,2,7.5,Melbourne Renegades,Adelaide Strikers,KL Britt,DN Wyatt,A Wellington,0,0,,,,,,caught,KL Britt,,
1023655,2016/17,2016-12-10,North Sydney Oval,2,7.6,Melbourne Renegades,Adelaide Strikers,S Molineux,DN Wyatt,A Wellington,0,0,,,,,,,,,
1023655,2016/17,2016-12-10,North Sydney Oval,2,8.1,Melbourne Renegades,Adelaide Strikers,DN Wyatt,S Molineux,SJ Coyte,1,0,,,,,,,,,
1023655,2016/17,2016-12-10,North Sydney Oval,2,8.2,Melbourne Renegades,Adelaide Strikers,S Molineux,DN Wyatt,SJ Coyte,1,0,,,,,,,,,
1023655,2016/17,2016-12-10,North Sydney Oval,2,8.3,Melbourne Renegades,Adelaide Strikers,DN Wyatt,S Molineux,SJ Coyte,0,0,,,,,,bowled,DN Wyatt,,
1023655,2016/17,2016-12-10,North Sydney Oval,2,8.4,Melbourne Renegades,Adelaide Strikers,M Strano,S Molineux,SJ Coyte,1,0,,,,,,,,,
1023655,2016/17,2016-12-10,North Sydney Oval,2,8.5,Melbourne Renegades,Adelaide Strikers,S Molineux,M Strano,SJ Coyte,0,2,2,,,,,,,,
1023655,2016/17,2016-12-10,North Sydney Oval,2,8.6,Melbourne Renegades,Adelaide Strikers,M Strano,S Molineux,SJ Coyte,2,0,,,,,,,,,
1023655,2016/17,2016-12-10,North Sydney Oval,2,8.7,Melbourne Renegades,Adelaide Strikers,M Strano,S Molineux,SJ Coyte,0,0,,,,,,,,,
1023655,2016/17,2016-12-10,North Sydney Oval,2,9.1,Melbourne Renegades,Adelaide Strikers,S Molineux,M Strano,A Wellington,0,0,,,,,,,,,
1023655,2016/17,2016-12-10,North Sydney Oval,2,9.2,Melbourne Renegades,Adelaide Strikers,S Molineux,M Strano,A Wellington,1,0,,,,,,,,,
1023655,2016/17,2016-12-10,North Sydney Oval,2,9.3,Melbourne Renegades,Adelaide Strikers,M Strano,S Molineux,A Wellington,0,0,,,,,,,,,
1023655,2016/17,2016-12-10,North Sydney Oval,2,9.4,Melbourne Renegades,Adelaide Strikers,M Strano,S Molineux,A Wellington,0,0,,,,,,,,,
1023655,2016/17,2016-12-10,North Sydney Oval,2,9.5,Melbourne Renegades,Adelaide Strikers,M Strano,S Molineux,A Wellington,0,0,,,,,,,,,
1023655,2016/17,2016-12-10,North Sydney Oval,2,9.6,Melbourne Renegades,Adelaide Strikers,M Strano,S Molineux,A Wellington,1,0,,,,,,,,,
1023655,2016/17,2016-12-10,North Sydney Oval,2,10.1,Melbourne Renegades,Adelaide Strikers,M Strano,S Molineux,SJ Coyte,1,0,,,,,,,,,
1023655,2016/17,2016-12-10,North Sydney Oval,2,10.2,Melbourne Renegades,Adelaide Strikers,S Molineux,M Strano,SJ Coyte,4,0,,,,,,,,,
1023655,2016/17,2016-12-10,North Sydney Oval,2,10.3,Melbourne Renegades,Adelaide Strikers,S Molineux,M Strano,SJ Coyte,0,0,,,,,,,,,
1023655,2016/17,2016-12-10,North Sydney Oval,2,10.4,Melbourne Renegades,Adelaide Strikers,S Molineux,M Strano,SJ Coyte,1,0,,,,,,,,,
1023655,2016/17,2016-12-10,North Sydney Oval,2,10.5,Melbourne Renegades,Adelaide Strikers,M Strano,S Molineux,SJ Coyte,0,0,,,,,,,,,
1023655,2016/17,2016-12-10,North Sydney Oval,2,10.6,Melbourne Renegades,Adelaide Strikers,M Strano,S Molineux,SJ Coyte,1,0,,,,,,,,,
1023655,2016/17,2016-12-10,North Sydney Oval,2,11.1,Melbourne Renegades,Adelaide Strikers,M Strano,S Molineux,TM McGrath,1,1,,1,,,,,,,
1023655,2016/17,2016-12-10,North Sydney Oval,2,11.2,Melbourne Renegades,Adelaide Strikers,S Molineux,M Strano,TM McGrath,2,0,,,,,,,,,
1023655,2016/17,2016-12-10,North Sydney Oval,2,11.3,Melbourne Renegades,Adelaide Strikers,S Molineux,M Strano,TM McGrath,0,0,,,,,,,,,
1023655,2016/17,2016-12-10,North Sydney Oval,2,11.4,Melbourne Renegades,Adelaide Strikers,S Molineux,M Strano,TM McGrath,1,0,,,,,,run out,M Strano,,
1023655,2016/17,2016-12-10,North Sydney Oval,2,11.5,Melbourne Renegades,Adelaide Strikers,S Molineux,LMM Tahuhu,TM McGrath,1,0,,,,,,,,,
1023655,2016/17,2016-12-10,North Sydney Oval,2,11.6,Melbourne Renegades,Adelaide Strikers,LMM Tahuhu,S Molineux,TM McGrath,1,0,,,,,,,,,
1023655,2016/17,2016-12-10,North Sydney Oval,2,11.7,Melbourne Renegades,Adelaide Strikers,S Molineux,LMM Tahuhu,TM McGrath,1,0,,,,,,,,,
1023655,2016/17,2016-12-10,North Sydney Oval,2,12.1,Melbourne Renegades,Adelaide Strikers,S Molineux,LMM Tahuhu,SJ Coyte,0,0,,,,,,,,,
1023655,2016/17,2016-12-10,North Sydney Oval,2,12.2,Melbourne Renegades,Adelaide Strikers,S Molineux,LMM Tahuhu,SJ Coyte,1,0,,,,,,,,,
1023655,2016/17,2016-12-10,North Sydney Oval,2,12.3,Melbourne Renegades,Adelaide Strikers,LMM Tahuhu,S Molineux,SJ Coyte,1,0,,,,,,,,,
1023655,2016/17,2016-12-10,North Sydney Oval,2,12.4,Melbourne Renegades,Adelaide Strikers,S Molineux,LMM Tahuhu,SJ Coyte,2,0,,,,,,,,,
1023655,2016/17,2016-12-10,North Sydney Oval,2,12.5,Melbourne Renegades,Adelaide Strikers,S Molineux,LMM Tahuhu,SJ Coyte,1,0,,,,,,,,,
1023655,2016/17,2016-12-10,North Sydney Oval,2,12.6,Melbourne Renegades,Adelaide Strikers,LMM Tahuhu,S Molineux,SJ Coyte,0,0,,,,,,,,,
1023655,2016/17,2016-12-10,North Sydney Oval,2,13.1,Melbourne Renegades,Adelaide Strikers,S Molineux,LMM Tahuhu,TM McGrath,4,0,,,,,,,,,
1023655,2016/17,2016-12-10,North Sydney Oval,2,13.2,Melbourne Renegades,Adelaide Strikers,S Molineux,LMM Tahuhu,TM McGrath,4,0,,,,,,,,,
1023655,2016/17,2016-12-10,North Sydney Oval,2,13.3,Melbourne Renegades,Adelaide Strikers,S Molineux,LMM Tahuhu,TM McGrath,1,0,,,,,,,,,
1023655,2016/17,2016-12-10,North Sydney Oval,2,13.4,Melbourne Renegades,Adelaide Strikers,LMM Tahuhu,S Molineux,TM McGrath,1,0,,,,,,,,,
1023655,2016/17,2016-12-10,North Sydney Oval,2,13.5,Melbourne Renegades,Adelaide Strikers,S Molineux,LMM Tahuhu,TM McGrath,1,0,,,,,,,,,
1023655,2016/17,2016-12-10,North Sydney Oval,2,13.6,Melbourne Renegades,Adelaide Strikers,LMM Tahuhu,S Molineux,TM McGrath,0,0,,,,,,,,,
1023655,2016/17,2016-12-10,North Sydney Oval,2,14.1,Melbourne Renegades,Adelaide Strikers,S Molineux,LMM Tahuhu,S Nitschke,1,0,,,,,,,,,
1023655,2016/17,2016-12-10,North Sydney Oval,2,14.2,Melbourne Renegades,Adelaide Strikers,LMM Tahuhu,S Molineux,S Nitschke,1,0,,,,,,,,,
1023655,2016/17,2016-12-10,North Sydney Oval,2,14.3,Melbourne Renegades,Adelaide Strikers,S Molineux,LMM Tahuhu,S Nitschke,1,0,,,,,,,,,
1023655,2016/17,2016-12-10,North Sydney Oval,2,14.4,Melbourne Renegades,Adelaide Strikers,LMM Tahuhu,S Molineux,S Nitschke,0,0,,,,,,,,,
1023655,2016/17,2016-12-10,North Sydney Oval,2,14.5,Melbourne Renegades,Adelaide Strikers,LMM Tahuhu,S Molineux,S Nitschke,0,0,,,,,,lbw,LMM Tahuhu,,
1023655,2016/17,2016-12-10,North Sydney Oval,2,14.6,Melbourne Renegades,Adelaide Strikers,G Wareham,S Molineux,S Nitschke,0,0,,,,,,,,,
1023655,2016/17,2016-12-10,North Sydney Oval,2,15.1,Melbourne Renegades,Adelaide Strikers,S Molineux,G Wareham,SJ Coyte,1,0,,,,,,,,,
1023655,2016/17,2016-12-10,North Sydney Oval,2,15.2,Melbourne Renegades,Adelaide Strikers,G Wareham,S Molineux,SJ Coyte,0,0,,,,,,,,,
1023655,2016/17,2016-12-10,North Sydney Oval,2,15.3,Melbourne Renegades,Adelaide Strikers,G Wareham,S Molineux,SJ Coyte,0,0,,,,,,,,,
1023655,2016/17,2016-12-10,North Sydney Oval,2,15.4,Melbourne Renegades,Adelaide Strikers,G Wareham,S Molineux,SJ Coyte,1,0,,,,,,,,,
1023655,2016/17,2016-12-10,North Sydney Oval,2,15.5,Melbourne Renegades,Adelaide Strikers,S Molineux,G Wareham,SJ Coyte,1,0,,,,,,,,,
1023655,2016/17,2016-12-10,North Sydney Oval,2,15.6,Melbourne Renegades,Adelaide Strikers,G Wareham,S Molineux,SJ Coyte,0,0,,,,,,run out,G Wareham,,
1023655,2016/17,2016-12-10,North Sydney Oval,2,16.1,Melbourne Renegades,Adelaide Strikers,NM Goodwin,S Molineux,S Nitschke,0,0,,,,,,,,,
1023655,2016/17,2016-12-10,North Sydney Oval,2,16.2,Melbourne Renegades,Adelaide Strikers,NM Goodwin,S Molineux,S Nitschke,1,0,,,,,,,,,
1023655,2016/17,2016-12-10,North Sydney Oval,2,16.3,Melbourne Renegades,Adelaide Strikers,S Molineux,NM Goodwin,S Nitschke,1,0,,,,,,,,,
1023655,2016/17,2016-12-10,North Sydney Oval,2,16.4,Melbourne Renegades,Adelaide Strikers,NM Goodwin,S Molineux,S Nitschke,1,0,,,,,,run out,NM Goodwin,,
1023655,2016/17,2016-12-10,North Sydney Oval,2,16.5,Melbourne Renegades,Adelaide Strikers,NA Plane,S Molineux,S Nitschke,1,0,,,,,,,,,
1023655,2016/17,2016-12-10,North Sydney Oval,2,16.6,Melbourne Renegades,Adelaide Strikers,S Molineux,NA Plane,S Nitschke,4,0,,,,,,,,,
1023655,2016/17,2016-12-10,North Sydney Oval,2,17.1,Melbourne Renegades,Adelaide Strikers,NA Plane,S Molineux,A Price,6,0,,,,,,,,,
1023655,2016/17,2016-12-10,North Sydney Oval,2,17.2,Melbourne Renegades,Adelaide Strikers,NA Plane,S Molineux,A Price,1,0,,,,,,run out,NA Plane,,
1023655,2016/17,2016-12-10,North Sydney Oval,2,17.3,Melbourne Renegades,Adelaide Strikers,S Molineux,M Brown,A Price,1,0,,,,,,,,,
1023655,2016/17,2016-12-10,North Sydney Oval,2,17.4,Melbourne Renegades,Adelaide Strikers,M Brown,S Molineux,A Price,0,0,,,,,,,,,
1023655,2016/17,2016-12-10,North Sydney Oval,2,17.5,Melbourne Renegades,Adelaide Strikers,M Brown,S Molineux,A Price,0,0,,,,,,,,,
1023655,2016/17,2016-12-10,North Sydney Oval,2,17.6,Melbourne Renegades,Adelaide Strikers,M Brown,S Molineux,A Price,0,0,,,,,,,,,
1023655,2016/17,2016-12-10,North Sydney Oval,2,18.1,Melbourne Renegades,Adelaide Strikers,S Molineux,M Brown,S Nitschke,0,0,,,,,,,,,
1023655,2016/17,2016-12-10,North Sydney Oval,2,18.2,Melbourne Renegades,Adelaide Strikers,S Molineux,M Brown,S Nitschke,1,0,,,,,,,,,
1023655,2016/17,2016-12-10,North Sydney Oval,2,18.3,Melbourne Renegades,Adelaide Strikers,M Brown,S Molineux,S Nitschke,2,0,,,,,,,,,
1023655,2016/17,2016-12-10,North Sydney Oval,2,18.4,Melbourne Renegades,Adelaide Strikers,M Brown,S Molineux,S Nitschke,0,0,,,,,,,,,
1023655,2016/17,2016-12-10,North Sydney Oval,2,18.5,Melbourne Renegades,Adelaide Strikers,M Brown,S Molineux,S Nitschke,1,0,,,,,,,,,
1023655,2016/17,2016-12-10,North Sydney Oval,2,18.6,Melbourne Renegades,Adelaide Strikers,S Molineux,M Brown,S Nitschke,0,0,,,,,,,,,
1023655,2016/17,2016-12-10,North Sydney Oval,2,19.1,Melbourne Renegades,Adelaide Strikers,M Brown,S Molineux,A Price,0,0,,,,,,caught,M Brown,,
