version,2.1.0
info,balls_per_over,6
info,team,Adelaide Strikers
info,team,Perth Scorchers
info,gender,female
info,season,2016/17
info,date,2016/12/31
info,event,Women's Big Bash League
info,match_number,26
info,venue,Adelaide Oval
info,city,
info,toss_winner,Adelaide Strikers
info,toss_decision,bat
info,player_of_match,KH Brunt
info,umpire,SA Lightbody
info,umpire,L Uthenwoldt
info,tv_umpire,DB Mealey
info,match_referee,KD Perrin
info,winner,Perth Scorchers
info,winner_wickets,6
info,player,Adelaide Strikers,TT Beaumont
info,player,Adelaide Strikers,A Price
info,player,Adelaide Strikers,SFM Devine
info,player,Adelaide Strikers,TM McGrath
info,player,Adelaide Strikers,BE Patterson
info,player,Adelaide Strikers,S Nitschke
info,player,Adelaide Strikers,TJ McPharlin
info,player,Adelaide Strikers,SJ Coyte
info,player,Adelaide Strikers,A Wellington
info,player,Adelaide Strikers,ML Schutt
info,player,Adelaide Strikers,SJ Elliott
info,player,Perth Scorchers,SW Bates
info,player,Perth Scorchers,EJ Villani
info,player,Perth Scorchers,C Piparo
info,player,Perth Scorchers,NE Bolton
info,player,Perth Scorchers,LK Ebsary
info,player,Perth Scorchers,H Graham
info,player,Perth Scorchers,KH Brunt
info,player,Perth Scorchers,KJ Hartshorn
info,player,Perth Scorchers,EL King
info,player,Perth Scorchers,M Banting
info,player,Perth Scorchers,A Shrubsole
info,registry,people,A Price,99e26cea
info,registry,people,A Shrubsole,32497ecd
info,registry,people,A Wellington,9b3bcca4
info,registry,people,BE Patterson,7dfbcfff
info,registry,people,C Piparo,276f3dde
info,registry,people,DB Mealey,2199afd4
info,registry,people,EJ Villani,cde96d97
info,registry,people,EL King,2708b41c
info,registry,people,H Graham,99812d10
info,registry,people,KD Perrin,6ce9da23
info,registry,people,KH Brunt,6a434bd3
info,registry,people,KJ Hartshorn,97d86043
info,registry,people,L Uthenwoldt,021223ce
info,registry,people,LK Ebsary,884375bf
info,registry,people,M Banting,90eb1818
info,registry,people,ML Schutt,17608a6f
info,registry,people,NE Bolton,dd883071
info,registry,people,S Nitschke,3032933c
info,registry,people,SA Lightbody,680b8cbf
info,registry,people,SFM Devine,de69af96
info,registry,people,SJ Coyte,a5f488bc
info,registry,people,SJ Elliott,13f8d4b5
info,registry,people,SW Bates,89bbc67a
info,registry,people,TJ McPharlin,595e1ee7
info,registry,people,TM McGrath,ca5acfa4
info,registry,people,TT Beaumont,b2664905
