match_id,season,start_date,venue,innings,ball,batting_team,bowling_team,striker,non_striker,bowler,runs_off_bat,extras,wides,noballs,byes,legbyes,penalty,wicket_type,player_dismissed,other_wicket_type,other_player_dismissed
1023603,2016/17,2017-01-01,Melbourne Cricket Ground,1,0.1,Melbourne Renegades,Melbourne Stars,SP Narine,AJ Finch,MA Beer,0,0,,,,,,,,,
1023603,2016/17,2017-01-01,Melbourne Cricket Ground,1,0.2,Melbourne Renegades,Melbourne Stars,SP Narine,AJ Finch,MA Beer,1,0,,,,,,,,,
1023603,2016/17,2017-01-01,Melbourne Cricket Ground,1,0.3,Melbourne Renegades,Melbourne Stars,AJ Finch,SP Narine,MA Beer,1,0,,,,,,,,,
1023603,2016/17,2017-01-01,Melbourne Cricket Ground,1,0.4,Melbourne Renegades,Melbourne Stars,SP Narine,AJ Finch,MA Beer,0,1,,,,1,,,,,
1023603,2016/17,2017-01-01,Melbourne Cricket Ground,1,0.5,Melbourne Renegades,Melbourne Stars,AJ Finch,SP Narine,MA Beer,4,0,,,,,,,,,
1023603,2016/17,2017-01-01,Melbourne Cricket Ground,1,0.6,Melbourne Renegades,Melbourne Stars,AJ Finch,SP Narine,MA Beer,1,0,,,,,,,,,
1023603,2016/17,2017-01-01,Melbourne Cricket Ground,1,1.1,Melbourne Renegades,Melbourne Stars,AJ Finch,SP Narine,BW Hilfenhaus,6,0,,,,,,,,,
1023603,2016/17,2017-01-01,Melbourne Cricket Ground,1,1.2,Melbourne Renegades,Melbourne Stars,AJ Finch,SP Narine,BW Hilfenhaus,1,0,,,,,,,,,
1023603,2016/17,2017-01-01,Melbourne Cricket Ground,1,1.3,Melbourne Renegades,Melbourne Stars,SP Narine,AJ Finch,BW Hilfenhaus,4,0,,,,,,,,,
1023603,2016/17,2017-01-01,Melbourne Cricket Ground,1,1.4,Melbourne Renegades,Melbourne Stars,SP Narine,AJ Finch,BW Hilfenhaus,1,0,,,,,,,,,
1023603,2016/17,2017-01-01,Melbourne Cricket Ground,1,1.5,Melbourne Renegades,Melbourne Stars,AJ Finch,SP Narine,BW Hilfenhaus,1,0,,,,,,,,,
1023603,2016/17,2017-01-01,Melbourne Cricket Ground,1,1.6,Melbourne Renegades,Melbourne Stars,SP Narine,AJ Finch,BW Hilfenhaus,0,1,1,,,,,,,,
1023603,2016/17,2017-01-01,Melbourne Cricket Ground,1,1.7,Melbourne Renegades,Melbourne Stars,SP Narine,AJ Finch,BW Hilfenhaus,1,0,,,,,,,,,
1023603,2016/17,2017-01-01,Melbourne Cricket Ground,1,2.1,Melbourne Renegades,Melbourne Stars,SP Narine,AJ Finch,MA Beer,2,0,,,,,,,,,
1023603,2016/17,2017-01-01,Melbourne Cricket Ground,1,2.2,Melbourne Renegades,Melbourne Stars,SP Narine,AJ Finch,MA Beer,1,0,,,,,,,,,
1023603,2016/17,2017-01-01,Melbourne Cricket Ground,1,2.3,Melbourne Renegades,Melbourne Stars,AJ Finch,SP Narine,MA Beer,1,0,,,,,,,,,
1023603,2016/17,2017-01-01,Melbourne Cricket Ground,1,2.4,Melbourne Renegades,Melbourne Stars,SP Narine,AJ Finch,MA Beer,1,0,,,,,,,,,
1023603,2016/17,2017-01-01,Melbourne Cricket Ground,1,2.5,Melbourne Renegades,Melbourne Stars,AJ Finch,SP Narine,MA Beer,0,0,,,,,,,,,
1023603,2016/17,2017-01-01,Melbourne Cricket Ground,1,2.6,Melbourne Renegades,Melbourne Stars,AJ Finch,SP Narine,MA Beer,0,0,,,,,,,,,
1023603,2016/17,2017-01-01,Melbourne Cricket Ground,1,3.1,Melbourne Renegades,Melbourne Stars,SP Narine,AJ Finch,SM Boland,4,0,,,,,,,,,
1023603,2016/17,2017-01-01,Melbourne Cricket Ground,1,3.2,Melbourne Renegades,Melbourne Stars,SP Narine,AJ Finch,SM Boland,0,0,,,,,,,,,
1023603,2016/17,2017-01-01,Melbourne Cricket Ground,1,3.3,Melbourne Renegades,Melbourne Stars,SP Narine,AJ Finch,SM Boland,6,0,,,,,,,,,
1023603,2016/17,2017-01-01,Melbourne Cricket Ground,1,3.4,Melbourne Renegades,Melbourne Stars,SP Narine,AJ Finch,SM Boland,0,0,,,,,,caught,SP Narine,,
1023603,2016/17,2017-01-01,Melbourne Cricket Ground,1,3.5,Melbourne Renegades,Melbourne Stars,AJ Finch,MS Harris,SM Boland,1,0,,,,,,,,,
1023603,2016/17,2017-01-01,Melbourne Cricket Ground,1,3.6,Melbourne Renegades,Melbourne Stars,MS Harris,AJ Finch,SM Boland,0,0,,,,,,,,,
1023603,2016/17,2017-01-01,Melbourne Cricket Ground,1,4.1,Melbourne Renegades,Melbourne Stars,AJ Finch,MS Harris,MA Beer,0,0,,,,,,,,,
1023603,2016/17,2017-01-01,Melbourne Cricket Ground,1,4.2,Melbourne Renegades,Melbourne Stars,AJ Finch,MS Harris,MA Beer,1,0,,,,,,,,,
1023603,2016/17,2017-01-01,Melbourne Cricket Ground,1,4.3,Melbourne Renegades,Melbourne Stars,MS Harris,AJ Finch,MA Beer,1,0,,,,,,,,,
1023603,2016/17,2017-01-01,Melbourne Cricket Ground,1,4.4,Melbourne Renegades,Melbourne Stars,AJ Finch,MS Harris,MA Beer,2,0,,,,,,,,,
1023603,2016/17,2017-01-01,Melbourne Cricket Ground,1,4.5,Melbourne Renegades,Melbourne Stars,AJ Finch,MS Harris,MA Beer,4,0,,,,,,,,,
1023603,2016/17,2017-01-01,Melbourne Cricket Ground,1,4.6,Melbourne Renegades,Melbourne Stars,AJ Finch,MS Harris,MA Beer,1,0,,,,,,,,,
1023603,2016/17,2017-01-01,Melbourne Cricket Ground,1,5.1,Melbourne Renegades,Melbourne Stars,AJ Finch,MS Harris,MP Stoinis,1,0,,,,,,,,,
1023603,2016/17,2017-01-01,Melbourne Cricket Ground,1,5.2,Melbourne Renegades,Melbourne Stars,MS Harris,AJ Finch,MP Stoinis,0,0,,,,,,,,,
1023603,2016/17,2017-01-01,Melbourne Cricket Ground,1,5.3,Melbourne Renegades,Melbourne Stars,MS Harris,AJ Finch,MP Stoinis,4,0,,,,,,,,,
1023603,2016/17,2017-01-01,Melbourne Cricket Ground,1,5.4,Melbourne Renegades,Melbourne Stars,MS Harris,AJ Finch,MP Stoinis,0,1,1,,,,,,,,
1023603,2016/17,2017-01-01,Melbourne Cricket Ground,1,5.5,Melbourne Renegades,Melbourne Stars,MS Harris,AJ Finch,MP Stoinis,0,0,,,,,,,,,
1023603,2016/17,2017-01-01,Melbourne Cricket Ground,1,5.6,Melbourne Renegades,Melbourne Stars,MS Harris,AJ Finch,MP Stoinis,0,0,,,,,,,,,
1023603,2016/17,2017-01-01,Melbourne Cricket Ground,1,5.7,Melbourne Renegades,Melbourne Stars,MS Harris,AJ Finch,MP Stoinis,2,0,,,,,,,,,
1023603,2016/17,2017-01-01,Melbourne Cricket Ground,1,6.1,Melbourne Renegades,Melbourne Stars,AJ Finch,MS Harris,JP Faulkner,1,0,,,,,,,,,
1023603,2016/17,2017-01-01,Melbourne Cricket Ground,1,6.2,Melbourne Renegades,Melbourne Stars,MS Harris,AJ Finch,JP Faulkner,1,0,,,,,,,,,
1023603,2016/17,2017-01-01,Melbourne Cricket Ground,1,6.3,Melbourne Renegades,Melbourne Stars,AJ Finch,MS Harris,JP Faulkner,0,0,,,,,,,,,
1023603,2016/17,2017-01-01,Melbourne Cricket Ground,1,6.4,Melbourne Renegades,Melbourne Stars,AJ Finch,MS Harris,JP Faulkner,1,0,,,,,,,,,
1023603,2016/17,2017-01-01,Melbourne Cricket Ground,1,6.5,Melbourne Renegades,Melbourne Stars,MS Harris,AJ Finch,JP Faulkner,1,0,,,,,,,,,
1023603,2016/17,2017-01-01,Melbourne Cricket Ground,1,6.6,Melbourne Renegades,Melbourne Stars,AJ Finch,MS Harris,JP Faulkner,1,0,,,,,,,,,
1023603,2016/17,2017-01-01,Melbourne Cricket Ground,1,7.1,Melbourne Renegades,Melbourne Stars,AJ Finch,MS Harris,A Zampa,0,1,1,,,,,,,,
1023603,2016/17,2017-01-01,Melbourne Cricket Ground,1,7.2,Melbourne Renegades,Melbourne Stars,AJ Finch,MS Harris,A Zampa,1,0,,,,,,,,,
1023603,2016/17,2017-01-01,Melbourne Cricket Ground,1,7.3,Melbourne Renegades,Melbourne Stars,MS Harris,AJ Finch,A Zampa,0,0,,,,,,stumped,MS Harris,,
1023603,2016/17,2017-01-01,Melbourne Cricket Ground,1,7.4,Melbourne Renegades,Melbourne Stars,CL White,AJ Finch,A Zampa,0,0,,,,,,,,,
1023603,2016/17,2017-01-01,Melbourne Cricket Ground,1,7.5,Melbourne Renegades,Melbourne Stars,CL White,AJ Finch,A Zampa,1,0,,,,,,,,,
1023603,2016/17,2017-01-01,Melbourne Cricket Ground,1,7.6,Melbourne Renegades,Melbourne Stars,AJ Finch,CL White,A Zampa,0,0,,,,,,,,,
1023603,2016/17,2017-01-01,Melbourne Cricket Ground,1,7.7,Melbourne Renegades,Melbourne Stars,AJ Finch,CL White,A Zampa,1,0,,,,,,,,,
1023603,2016/17,2017-01-01,Melbourne Cricket Ground,1,8.1,Melbourne Renegades,Melbourne Stars,AJ Finch,CL White,JP Faulkner,0,0,,,,,,bowled,AJ Finch,,
1023603,2016/17,2017-01-01,Melbourne Cricket Ground,1,8.2,Melbourne Renegades,Melbourne Stars,TLW Cooper,CL White,JP Faulkner,1,0,,,,,,,,,
1023603,2016/17,2017-01-01,Melbourne Cricket Ground,1,8.3,Melbourne Renegades,Melbourne Stars,CL White,TLW Cooper,JP Faulkner,0,0,,,,,,,,,
1023603,2016/17,2017-01-01,Melbourne Cricket Ground,1,8.4,Melbourne Renegades,Melbourne Stars,CL White,TLW Cooper,JP Faulkner,0,0,,,,,,,,,
1023603,2016/17,2017-01-01,Melbourne Cricket Ground,1,8.5,Melbourne Renegades,Melbourne Stars,CL White,TLW Cooper,JP Faulkner,1,0,,,,,,,,,
1023603,2016/17,2017-01-01,Melbourne Cricket Ground,1,8.6,Melbourne Renegades,Melbourne Stars,TLW Cooper,CL White,JP Faulkner,2,0,,,,,,,,,
1023603,2016/17,2017-01-01,Melbourne Cricket Ground,1,9.1,Melbourne Renegades,Melbourne Stars,CL White,TLW Cooper,A Zampa,1,0,,,,,,,,,
1023603,2016/17,2017-01-01,Melbourne Cricket Ground,1,9.2,Melbourne Renegades,Melbourne Stars,TLW Cooper,CL White,A Zampa,0,0,,,,,,,,,
1023603,2016/17,2017-01-01,Melbourne Cricket Ground,1,9.3,Melbourne Renegades,Melbourne Stars,TLW Cooper,CL White,A Zampa,1,0,,,,,,,,,
1023603,2016/17,2017-01-01,Melbourne Cricket Ground,1,9.4,Melbourne Renegades,Melbourne Stars,CL White,TLW Cooper,A Zampa,1,0,,,,,,,,,
1023603,2016/17,2017-01-01,Melbourne Cricket Ground,1,9.5,Melbourne Renegades,Melbourne Stars,TLW Cooper,CL White,A Zampa,2,0,,,,,,,,,
1023603,2016/17,2017-01-01,Melbourne Cricket Ground,1,9.6,Melbourne Renegades,Melbourne Stars,TLW Cooper,CL White,A Zampa,6,0,,,,,,,,,
1023603,2016/17,2017-01-01,Melbourne Cricket Ground,1,10.1,Melbourne Renegades,Melbourne Stars,CL White,TLW Cooper,JP Faulkner,0,0,,,,,,,,,
1023603,2016/17,2017-01-01,Melbourne Cricket Ground,1,10.2,Melbourne Renegades,Melbourne Stars,CL White,TLW Cooper,JP Faulkner,1,0,,,,,,,,,
1023603,2016/17,2017-01-01,Melbourne Cricket Ground,1,10.3,Melbourne Renegades,Melbourne Stars,TLW Cooper,CL White,JP Faulkner,2,0,,,,,,,,,
1023603,2016/17,2017-01-01,Melbourne Cricket Ground,1,10.4,Melbourne Renegades,Melbourne Stars,TLW Cooper,CL White,JP Faulkner,0,0,,,,,,,,,
1023603,2016/17,2017-01-01,Melbourne Cricket Ground,1,10.5,Melbourne Renegades,Melbourne Stars,TLW Cooper,CL White,JP Faulkner,1,0,,,,,,,,,
1023603,2016/17,2017-01-01,Melbourne Cricket Ground,1,10.6,Melbourne Renegades,Melbourne Stars,CL White,TLW Cooper,JP Faulkner,1,0,,,,,,,,,
1023603,2016/17,2017-01-01,Melbourne Cricket Ground,1,11.1,Melbourne Renegades,Melbourne Stars,CL White,TLW Cooper,A Zampa,6,0,,,,,,,,,
1023603,2016/17,2017-01-01,Melbourne Cricket Ground,1,11.2,Melbourne Renegades,Melbourne Stars,CL White,TLW Cooper,A Zampa,1,0,,,,,,,,,
1023603,2016/17,2017-01-01,Melbourne Cricket Ground,1,11.3,Melbourne Renegades,Melbourne Stars,TLW Cooper,CL White,A Zampa,1,0,,,,,,,,,
1023603,2016/17,2017-01-01,Melbourne Cricket Ground,1,11.4,Melbourne Renegades,Melbourne Stars,CL White,TLW Cooper,A Zampa,1,0,,,,,,,,,
1023603,2016/17,2017-01-01,Melbourne Cricket Ground,1,11.5,Melbourne Renegades,Melbourne Stars,TLW Cooper,CL White,A Zampa,1,0,,,,,,,,,
1023603,2016/17,2017-01-01,Melbourne Cricket Ground,1,11.6,Melbourne Renegades,Melbourne Stars,CL White,TLW Cooper,A Zampa,1,0,,,,,,,,,
1023603,2016/17,2017-01-01,Melbourne Cricket Ground,1,12.1,Melbourne Renegades,Melbourne Stars,CL White,TLW Cooper,JP Faulkner,1,0,,,,,,,,,
1023603,2016/17,2017-01-01,Melbourne Cricket Ground,1,12.2,Melbourne Renegades,Melbourne Stars,TLW Cooper,CL White,JP Faulkner,0,0,,,,,,,,,
1023603,2016/17,2017-01-01,Melbourne Cricket Ground,1,12.3,Melbourne Renegades,Melbourne Stars,TLW Cooper,CL White,JP Faulkner,1,0,,,,,,,,,
1023603,2016/17,2017-01-01,Melbourne Cricket Ground,1,12.4,Melbourne Renegades,Melbourne Stars,CL White,TLW Cooper,JP Faulkner,1,0,,,,,,,,,
1023603,2016/17,2017-01-01,Melbourne Cricket Ground,1,12.5,Melbourne Renegades,Melbourne Stars,TLW Cooper,CL White,JP Faulkner,1,0,,,,,,,,,
1023603,2016/17,2017-01-01,Melbourne Cricket Ground,1,12.6,Melbourne Renegades,Melbourne Stars,CL White,TLW Cooper,JP Faulkner,1,0,,,,,,,,,
1023603,2016/17,2017-01-01,Melbourne Cricket Ground,1,13.1,Melbourne Renegades,Melbourne Stars,CL White,TLW Cooper,MP Stoinis,0,2,,,,2,,,,,
1023603,2016/17,2017-01-01,Melbourne Cricket Ground,1,13.2,Melbourne Renegades,Melbourne Stars,CL White,TLW Cooper,MP Stoinis,1,0,,,,,,,,,
1023603,2016/17,2017-01-01,Melbourne Cricket Ground,1,13.3,Melbourne Renegades,Melbourne Stars,TLW Cooper,CL White,MP Stoinis,2,0,,,,,,,,,
1023603,2016/17,2017-01-01,Melbourne Cricket Ground,1,13.4,Melbourne Renegades,Melbourne Stars,TLW Cooper,CL White,MP Stoinis,4,0,,,,,,,,,
1023603,2016/17,2017-01-01,Melbourne Cricket Ground,1,13.5,Melbourne Renegades,Melbourne Stars,TLW Cooper,CL White,MP Stoinis,1,0,,,,,,,,,
1023603,2016/17,2017-01-01,Melbourne Cricket Ground,1,13.6,Melbourne Renegades,Melbourne Stars,CL White,TLW Cooper,MP Stoinis,2,0,,,,,,,,,
1023603,2016/17,2017-01-01,Melbourne Cricket Ground,1,14.1,Melbourne Renegades,Melbourne Stars,TLW Cooper,CL White,BW Hilfenhaus,1,0,,,,,,,,,
1023603,2016/17,2017-01-01,Melbourne Cricket Ground,1,14.2,Melbourne Renegades,Melbourne Stars,CL White,TLW Cooper,BW Hilfenhaus,1,0,,,,,,,,,
1023603,2016/17,2017-01-01,Melbourne Cricket Ground,1,14.3,Melbourne Renegades,Melbourne Stars,TLW Cooper,CL White,BW Hilfenhaus,1,0,,,,,,,,,
1023603,2016/17,2017-01-01,Melbourne Cricket Ground,1,14.4,Melbourne Renegades,Melbourne Stars,CL White,TLW Cooper,BW Hilfenhaus,1,0,,,,,,,,,
1023603,2016/17,2017-01-01,Melbourne Cricket Ground,1,14.5,Melbourne Renegades,Melbourne Stars,TLW Cooper,CL White,BW Hilfenhaus,4,0,,,,,,,,,
1023603,2016/17,2017-01-01,Melbourne Cricket Ground,1,14.6,Melbourne Renegades,Melbourne Stars,TLW Cooper,CL White,BW Hilfenhaus,1,0,,,,,,,,,
1023603,2016/17,2017-01-01,Melbourne Cricket Ground,1,15.1,Melbourne Renegades,Melbourne Stars,TLW Cooper,CL White,SM Boland,0,0,,,,,,,,,
1023603,2016/17,2017-01-01,Melbourne Cricket Ground,1,15.2,Melbourne Renegades,Melbourne Stars,TLW Cooper,CL White,SM Boland,1,0,,,,,,,,,
1023603,2016/17,2017-01-01,Melbourne Cricket Ground,1,15.3,Melbourne Renegades,Melbourne Stars,CL White,TLW Cooper,SM Boland,4,0,,,,,,,,,
1023603,2016/17,2017-01-01,Melbourne Cricket Ground,1,15.4,Melbourne Renegades,Melbourne Stars,CL White,TLW Cooper,SM Boland,6,0,,,,,,,,,
1023603,2016/17,2017-01-01,Melbourne Cricket Ground,1,15.5,Melbourne Renegades,Melbourne Stars,CL White,TLW Cooper,SM Boland,1,0,,,,,,,,,
1023603,2016/17,2017-01-01,Melbourne Cricket Ground,1,15.6,Melbourne Renegades,Melbourne Stars,TLW Cooper,CL White,SM Boland,2,0,,,,,,,,,
1023603,2016/17,2017-01-01,Melbourne Cricket Ground,1,16.1,Melbourne Renegades,Melbourne Stars,CL White,TLW Cooper,MP Stoinis,1,0,,,,,,,,,
1023603,2016/17,2017-01-01,Melbourne Cricket Ground,1,16.2,Melbourne Renegades,Melbourne Stars,TLW Cooper,CL White,MP Stoinis,0,0,,,,,,caught,TLW Cooper,,
1023603,2016/17,2017-01-01,Melbourne Cricket Ground,1,16.3,Melbourne Renegades,Melbourne Stars,CL White,TL Lawford,MP Stoinis,1,0,,,,,,,,,
1023603,2016/17,2017-01-01,Melbourne Cricket Ground,1,16.4,Melbourne Renegades,Melbourne Stars,TL Lawford,CL White,MP Stoinis,1,0,,,,,,,,,
1023603,2016/17,2017-01-01,Melbourne Cricket Ground,1,16.5,Melbourne Renegades,Melbourne Stars,CL White,TL Lawford,MP Stoinis,2,0,,,,,,,,,
1023603,2016/17,2017-01-01,Melbourne Cricket Ground,1,16.6,Melbourne Renegades,Melbourne Stars,CL White,TL Lawford,MP Stoinis,1,0,,,,,,,,,
1023603,2016/17,2017-01-01,Melbourne Cricket Ground,1,17.1,Melbourne Renegades,Melbourne Stars,CL White,TL Lawford,SM Boland,4,0,,,,,,,,,
1023603,2016/17,2017-01-01,Melbourne Cricket Ground,1,17.2,Melbourne Renegades,Melbourne Stars,CL White,TL Lawford,SM Boland,1,0,,,,,,,,,
1023603,2016/17,2017-01-01,Melbourne Cricket Ground,1,17.3,Melbourne Renegades,Melbourne Stars,TL Lawford,CL White,SM Boland,1,0,,,,,,,,,
1023603,2016/17,2017-01-01,Melbourne Cricket Ground,1,17.4,Melbourne Renegades,Melbourne Stars,CL White,TL Lawford,SM Boland,1,0,,,,,,,,,
1023603,2016/17,2017-01-01,Melbourne Cricket Ground,1,17.5,Melbourne Renegades,Melbourne Stars,TL Lawford,CL White,SM Boland,1,0,,,,,,,,,
1023603,2016/17,2017-01-01,Melbourne Cricket Ground,1,17.6,Melbourne Renegades,Melbourne Stars,CL White,TL Lawford,SM Boland,1,0,,,,,,,,,
1023603,2016/17,2017-01-01,Melbourne Cricket Ground,1,18.1,Melbourne Renegades,Melbourne Stars,CL White,TL Lawford,BW Hilfenhaus,0,0,,,,,,,,,
1023603,2016/17,2017-01-01,Melbourne Cricket Ground,1,18.2,Melbourne Renegades,Melbourne Stars,CL White,TL Lawford,BW Hilfenhaus,4,0,,,,,,,,,
1023603,2016/17,2017-01-01,Melbourne Cricket Ground,1,18.3,Melbourne Renegades,Melbourne Stars,CL White,TL Lawford,BW Hilfenhaus,1,0,,,,,,,,,
1023603,2016/17,2017-01-01,Melbourne Cricket Ground,1,18.4,Melbourne Renegades,Melbourne Stars,TL Lawford,CL White,BW Hilfenhaus,1,0,,,,,,,,,
1023603,2016/17,2017-01-01,Melbourne Cricket Ground,1,18.5,Melbourne Renegades,Melbourne Stars,CL White,TL Lawford,BW Hilfenhaus,2,0,,,,,,,,,
1023603,2016/17,2017-01-01,Melbourne Cricket Ground,1,18.6,Melbourne Renegades,Melbourne Stars,CL White,TL Lawford,BW Hilfenhaus,1,0,,,,,,,,,
1023603,2016/17,2017-01-01,Melbourne Cricket Ground,1,19.1,Melbourne Renegades,Melbourne Stars,CL White,TL Lawford,SM Boland,4,0,,,,,,,,,
1023603,2016/17,2017-01-01,Melbourne Cricket Ground,1,19.2,Melbourne Renegades,Melbourne Stars,CL White,TL Lawford,SM Boland,2,0,,,,,,,,,
1023603,2016/17,2017-01-01,Melbourne Cricket Ground,1,19.3,Melbourne Renegades,Melbourne Stars,CL White,TL Lawford,SM Boland,1,0,,,,,,,,,
1023603,2016/17,2017-01-01,Melbourne Cricket Ground,1,19.4,Melbourne Renegades,Melbourne Stars,TL Lawford,CL White,SM Boland,0,1,,,1,,,,,,
1023603,2016/17,2017-01-01,Melbourne Cricket Ground,1,19.5,Melbourne Renegades,Melbourne Stars,CL White,TL Lawford,SM Boland,2,0,,,,,,,,,
1023603,2016/17,2017-01-01,Melbourne Cricket Ground,1,19.6,Melbourne Renegades,Melbourne Stars,CL White,TL Lawford,SM Boland,1,0,,,,,,,,,
1023603,2016/17,2017-01-01,Melbourne Cricket Ground,2,0.1,Melbourne Stars,Melbourne Renegades,GJ Maxwell,LJ Wright,TLW Cooper,1,0,,,,,,,,,
1023603,2016/17,2017-01-01,Melbourne Cricket Ground,2,0.2,Melbourne Stars,Melbourne Renegades,LJ Wright,GJ Maxwell,TLW Cooper,1,0,,,,,,,,,
1023603,2016/17,2017-01-01,Melbourne Cricket Ground,2,0.3,Melbourne Stars,Melbourne Renegades,GJ Maxwell,LJ Wright,TLW Cooper,0,0,,,,,,,,,
1023603,2016/17,2017-01-01,Melbourne Cricket Ground,2,0.4,Melbourne Stars,Melbourne Renegades,GJ Maxwell,LJ Wright,TLW Cooper,0,0,,,,,,bowled,GJ Maxwell,,
1023603,2016/17,2017-01-01,Melbourne Cricket Ground,2,0.5,Melbourne Stars,Melbourne Renegades,KP Pietersen,LJ Wright,TLW Cooper,2,0,,,,,,,,,
1023603,2016/17,2017-01-01,Melbourne Cricket Ground,2,0.6,Melbourne Stars,Melbourne Renegades,KP Pietersen,LJ Wright,TLW Cooper,1,0,,,,,,,,,
1023603,2016/17,2017-01-01,Melbourne Cricket Ground,2,1.1,Melbourne Stars,Melbourne Renegades,KP Pietersen,LJ Wright,CP Tremain,4,0,,,,,,,,,
1023603,2016/17,2017-01-01,Melbourne Cricket Ground,2,1.2,Melbourne Stars,Melbourne Renegades,KP Pietersen,LJ Wright,CP Tremain,4,0,,,,,,,,,
1023603,2016/17,2017-01-01,Melbourne Cricket Ground,2,1.3,Melbourne Stars,Melbourne Renegades,KP Pietersen,LJ Wright,CP Tremain,1,0,,,,,,,,,
1023603,2016/17,2017-01-01,Melbourne Cricket Ground,2,1.4,Melbourne Stars,Melbourne Renegades,LJ Wright,KP Pietersen,CP Tremain,0,0,,,,,,,,,
1023603,2016/17,2017-01-01,Melbourne Cricket Ground,2,1.5,Melbourne Stars,Melbourne Renegades,LJ Wright,KP Pietersen,CP Tremain,1,0,,,,,,,,,
1023603,2016/17,2017-01-01,Melbourne Cricket Ground,2,1.6,Melbourne Stars,Melbourne Renegades,KP Pietersen,LJ Wright,CP Tremain,1,0,,,,,,,,,
1023603,2016/17,2017-01-01,Melbourne Cricket Ground,2,2.1,Melbourne Stars,Melbourne Renegades,KP Pietersen,LJ Wright,CAH Stevenson,2,0,,,,,,,,,
1023603,2016/17,2017-01-01,Melbourne Cricket Ground,2,2.2,Melbourne Stars,Melbourne Renegades,KP Pietersen,LJ Wright,CAH Stevenson,0,0,,,,,,caught,KP Pietersen,,
1023603,2016/17,2017-01-01,Melbourne Cricket Ground,2,2.3,Melbourne Stars,Melbourne Renegades,DJ Hussey,LJ Wright,CAH Stevenson,4,0,,,,,,,,,
1023603,2016/17,2017-01-01,Melbourne Cricket Ground,2,2.4,Melbourne Stars,Melbourne Renegades,DJ Hussey,LJ Wright,CAH Stevenson,0,0,,,,,,,,,
1023603,2016/17,2017-01-01,Melbourne Cricket Ground,2,2.5,Melbourne Stars,Melbourne Renegades,DJ Hussey,LJ Wright,CAH Stevenson,4,0,,,,,,,,,
1023603,2016/17,2017-01-01,Melbourne Cricket Ground,2,2.6,Melbourne Stars,Melbourne Renegades,DJ Hussey,LJ Wright,CAH Stevenson,0,0,,,,,,,,,
1023603,2016/17,2017-01-01,Melbourne Cricket Ground,2,3.1,Melbourne Stars,Melbourne Renegades,LJ Wright,DJ Hussey,CP Tremain,1,0,,,,,,,,,
1023603,2016/17,2017-01-01,Melbourne Cricket Ground,2,3.2,Melbourne Stars,Melbourne Renegades,DJ Hussey,LJ Wright,CP Tremain,4,0,,,,,,,,,
1023603,2016/17,2017-01-01,Melbourne Cricket Ground,2,3.3,Melbourne Stars,Melbourne Renegades,DJ Hussey,LJ Wright,CP Tremain,0,0,,,,,,,,,
1023603,2016/17,2017-01-01,Melbourne Cricket Ground,2,3.4,Melbourne Stars,Melbourne Renegades,DJ Hussey,LJ Wright,CP Tremain,0,0,,,,,,,,,
1023603,2016/17,2017-01-01,Melbourne Cricket Ground,2,3.5,Melbourne Stars,Melbourne Renegades,DJ Hussey,LJ Wright,CP Tremain,4,0,,,,,,,,,
1023603,2016/17,2017-01-01,Melbourne Cricket Ground,2,3.6,Melbourne Stars,Melbourne Renegades,DJ Hussey,LJ Wright,CP Tremain,2,0,,,,,,,,,
1023603,2016/17,2017-01-01,Melbourne Cricket Ground,2,4.1,Melbourne Stars,Melbourne Renegades,LJ Wright,DJ Hussey,TL Lawford,2,0,,,,,,,,,
1023603,2016/17,2017-01-01,Melbourne Cricket Ground,2,4.2,Melbourne Stars,Melbourne Renegades,LJ Wright,DJ Hussey,TL Lawford,0,0,,,,,,,,,
1023603,2016/17,2017-01-01,Melbourne Cricket Ground,2,4.3,Melbourne Stars,Melbourne Renegades,LJ Wright,DJ Hussey,TL Lawford,4,0,,,,,,,,,
1023603,2016/17,2017-01-01,Melbourne Cricket Ground,2,4.4,Melbourne Stars,Melbourne Renegades,LJ Wright,DJ Hussey,TL Lawford,4,0,,,,,,,,,
1023603,2016/17,2017-01-01,Melbourne Cricket Ground,2,4.5,Melbourne Stars,Melbourne Renegades,LJ Wright,DJ Hussey,TL Lawford,0,0,,,,,,,,,
1023603,2016/17,2017-01-01,Melbourne Cricket Ground,2,4.6,Melbourne Stars,Melbourne Renegades,LJ Wright,DJ Hussey,TL Lawford,1,0,,,,,,,,,
1023603,2016/17,2017-01-01,Melbourne Cricket Ground,2,5.1,Melbourne Stars,Melbourne Renegades,LJ Wright,DJ Hussey,SP Narine,1,0,,,,,,,,,
1023603,2016/17,2017-01-01,Melbourne Cricket Ground,2,5.2,Melbourne Stars,Melbourne Renegades,DJ Hussey,LJ Wright,SP Narine,0,0,,,,,,,,,
1023603,2016/17,2017-01-01,Melbourne Cricket Ground,2,5.3,Melbourne Stars,Melbourne Renegades,DJ Hussey,LJ Wright,SP Narine,1,0,,,,,,,,,
1023603,2016/17,2017-01-01,Melbourne Cricket Ground,2,5.4,Melbourne Stars,Melbourne Renegades,LJ Wright,DJ Hussey,SP Narine,0,0,,,,,,,,,
1023603,2016/17,2017-01-01,Melbourne Cricket Ground,2,5.5,Melbourne Stars,Melbourne Renegades,LJ Wright,DJ Hussey,SP Narine,0,0,,,,,,,,,
1023603,2016/17,2017-01-01,Melbourne Cricket Ground,2,5.6,Melbourne Stars,Melbourne Renegades,LJ Wright,DJ Hussey,SP Narine,0,0,,,,,,,,,
1023603,2016/17,2017-01-01,Melbourne Cricket Ground,2,6.1,Melbourne Stars,Melbourne Renegades,DJ Hussey,LJ Wright,GB Hogg,1,0,,,,,,,,,
1023603,2016/17,2017-01-01,Melbourne Cricket Ground,2,6.2,Melbourne Stars,Melbourne Renegades,LJ Wright,DJ Hussey,GB Hogg,1,0,,,,,,,,,
1023603,2016/17,2017-01-01,Melbourne Cricket Ground,2,6.3,Melbourne Stars,Melbourne Renegades,DJ Hussey,LJ Wright,GB Hogg,0,0,,,,,,bowled,DJ Hussey,,
1023603,2016/17,2017-01-01,Melbourne Cricket Ground,2,6.4,Melbourne Stars,Melbourne Renegades,JP Faulkner,LJ Wright,GB Hogg,2,0,,,,,,,,,
1023603,2016/17,2017-01-01,Melbourne Cricket Ground,2,6.5,Melbourne Stars,Melbourne Renegades,JP Faulkner,LJ Wright,GB Hogg,1,0,,,,,,,,,
1023603,2016/17,2017-01-01,Melbourne Cricket Ground,2,6.6,Melbourne Stars,Melbourne Renegades,LJ Wright,JP Faulkner,GB Hogg,1,0,,,,,,,,,
1023603,2016/17,2017-01-01,Melbourne Cricket Ground,2,7.1,Melbourne Stars,Melbourne Renegades,LJ Wright,JP Faulkner,CAH Stevenson,2,0,,,,,,,,,
1023603,2016/17,2017-01-01,Melbourne Cricket Ground,2,7.2,Melbourne Stars,Melbourne Renegades,LJ Wright,JP Faulkner,CAH Stevenson,4,0,,,,,,,,,
1023603,2016/17,2017-01-01,Melbourne Cricket Ground,2,7.3,Melbourne Stars,Melbourne Renegades,LJ Wright,JP Faulkner,CAH Stevenson,1,0,,,,,,,,,
1023603,2016/17,2017-01-01,Melbourne Cricket Ground,2,7.4,Melbourne Stars,Melbourne Renegades,JP Faulkner,LJ Wright,CAH Stevenson,2,0,,,,,,,,,
1023603,2016/17,2017-01-01,Melbourne Cricket Ground,2,7.5,Melbourne Stars,Melbourne Renegades,JP Faulkner,LJ Wright,CAH Stevenson,1,0,,,,,,,,,
1023603,2016/17,2017-01-01,Melbourne Cricket Ground,2,7.6,Melbourne Stars,Melbourne Renegades,LJ Wright,JP Faulkner,CAH Stevenson,1,0,,,,,,,,,
1023603,2016/17,2017-01-01,Melbourne Cricket Ground,2,8.1,Melbourne Stars,Melbourne Renegades,LJ Wright,JP Faulkner,GB Hogg,0,0,,,,,,,,,
1023603,2016/17,2017-01-01,Melbourne Cricket Ground,2,8.2,Melbourne Stars,Melbourne Renegades,LJ Wright,JP Faulkner,GB Hogg,1,0,,,,,,,,,
1023603,2016/17,2017-01-01,Melbourne Cricket Ground,2,8.3,Melbourne Stars,Melbourne Renegades,JP Faulkner,LJ Wright,GB Hogg,1,0,,,,,,,,,
1023603,2016/17,2017-01-01,Melbourne Cricket Ground,2,8.4,Melbourne Stars,Melbourne Renegades,LJ Wright,JP Faulkner,GB Hogg,1,0,,,,,,,,,
1023603,2016/17,2017-01-01,Melbourne Cricket Ground,2,8.5,Melbourne Stars,Melbourne Renegades,JP Faulkner,LJ Wright,GB Hogg,0,0,,,,,,,,,
1023603,2016/17,2017-01-01,Melbourne Cricket Ground,2,8.6,Melbourne Stars,Melbourne Renegades,JP Faulkner,LJ Wright,GB Hogg,0,1,1,,,,,,,,
1023603,2016/17,2017-01-01,Melbourne Cricket Ground,2,8.7,Melbourne Stars,Melbourne Renegades,JP Faulkner,LJ Wright,GB Hogg,1,0,,,,,,,,,
1023603,2016/17,2017-01-01,Melbourne Cricket Ground,2,9.1,Melbourne Stars,Melbourne Renegades,JP Faulkner,LJ Wright,SP Narine,0,0,,,,,,,,,
1023603,2016/17,2017-01-01,Melbourne Cricket Ground,2,9.2,Melbourne Stars,Melbourne Renegades,JP Faulkner,LJ Wright,SP Narine,1,0,,,,,,,,,
1023603,2016/17,2017-01-01,Melbourne Cricket Ground,2,9.3,Melbourne Stars,Melbourne Renegades,LJ Wright,JP Faulkner,SP Narine,0,0,,,,,,,,,
1023603,2016/17,2017-01-01,Melbourne Cricket Ground,2,9.4,Melbourne Stars,Melbourne Renegades,LJ Wright,JP Faulkner,SP Narine,2,0,,,,,,,,,
1023603,2016/17,2017-01-01,Melbourne Cricket Ground,2,9.5,Melbourne Stars,Melbourne Renegades,LJ Wright,JP Faulkner,SP Narine,1,0,,,,,,,,,
1023603,2016/17,2017-01-01,Melbourne Cricket Ground,2,9.6,Melbourne Stars,Melbourne Renegades,JP Faulkner,LJ Wright,SP Narine,1,0,,,,,,,,,
1023603,2016/17,2017-01-01,Melbourne Cricket Ground,2,10.1,Melbourne Stars,Melbourne Renegades,JP Faulkner,LJ Wright,TL Lawford,1,0,,,,,,,,,
1023603,2016/17,2017-01-01,Melbourne Cricket Ground,2,10.2,Melbourne Stars,Melbourne Renegades,LJ Wright,JP Faulkner,TL Lawford,1,0,,,,,,,,,
1023603,2016/17,2017-01-01,Melbourne Cricket Ground,2,10.3,Melbourne Stars,Melbourne Renegades,JP Faulkner,LJ Wright,TL Lawford,0,0,,,,,,,,,
1023603,2016/17,2017-01-01,Melbourne Cricket Ground,2,10.4,Melbourne Stars,Melbourne Renegades,JP Faulkner,LJ Wright,TL Lawford,6,0,,,,,,,,,
1023603,2016/17,2017-01-01,Melbourne Cricket Ground,2,10.5,Melbourne Stars,Melbourne Renegades,JP Faulkner,LJ Wright,TL Lawford,1,0,,,,,,,,,
1023603,2016/17,2017-01-01,Melbourne Cricket Ground,2,10.6,Melbourne Stars,Melbourne Renegades,LJ Wright,JP Faulkner,TL Lawford,0,0,,,,,,,,,
1023603,2016/17,2017-01-01,Melbourne Cricket Ground,2,11.1,Melbourne Stars,Melbourne Renegades,JP Faulkner,LJ Wright,SP Narine,1,0,,,,,,,,,
1023603,2016/17,2017-01-01,Melbourne Cricket Ground,2,11.2,Melbourne Stars,Melbourne Renegades,LJ Wright,JP Faulkner,SP Narine,4,0,,,,,,,,,
1023603,2016/17,2017-01-01,Melbourne Cricket Ground,2,11.3,Melbourne Stars,Melbourne Renegades,LJ Wright,JP Faulkner,SP Narine,1,0,,,,,,,,,
1023603,2016/17,2017-01-01,Melbourne Cricket Ground,2,11.4,Melbourne Stars,Melbourne Renegades,JP Faulkner,LJ Wright,SP Narine,2,1,,1,,,,,,,
1023603,2016/17,2017-01-01,Melbourne Cricket Ground,2,11.5,Melbourne Stars,Melbourne Renegades,JP Faulkner,LJ Wright,SP Narine,1,0,,,,,,,,,
1023603,2016/17,2017-01-01,Melbourne Cricket Ground,2,11.6,Melbourne Stars,Melbourne Renegades,LJ Wright,JP Faulkner,SP Narine,1,0,,,,,,,,,
1023603,2016/17,2017-01-01,Melbourne Cricket Ground,2,11.7,Melbourne Stars,Melbourne Renegades,JP Faulkner,LJ Wright,SP Narine,1,0,,,,,,,,,
1023603,2016/17,2017-01-01,Melbourne Cricket Ground,2,12.1,Melbourne Stars,Melbourne Renegades,JP Faulkner,LJ Wright,GB Hogg,1,0,,,,,,,,,
1023603,2016/17,2017-01-01,Melbourne Cricket Ground,2,12.2,Melbourne Stars,Melbourne Renegades,LJ Wright,JP Faulkner,GB Hogg,1,0,,,,,,,,,
1023603,2016/17,2017-01-01,Melbourne Cricket Ground,2,12.3,Melbourne Stars,Melbourne Renegades,JP Faulkner,LJ Wright,GB Hogg,0,0,,,,,,,,,
1023603,2016/17,2017-01-01,Melbourne Cricket Ground,2,12.4,Melbourne Stars,Melbourne Renegades,JP Faulkner,LJ Wright,GB Hogg,1,0,,,,,,,,,
1023603,2016/17,2017-01-01,Melbourne Cricket Ground,2,12.5,Melbourne Stars,Melbourne Renegades,LJ Wright,JP Faulkner,GB Hogg,2,0,,,,,,,,,
1023603,2016/17,2017-01-01,Melbourne Cricket Ground,2,12.6,Melbourne Stars,Melbourne Renegades,LJ Wright,JP Faulkner,GB Hogg,2,0,,,,,,,,,
1023603,2016/17,2017-01-01,Melbourne Cricket Ground,2,13.1,Melbourne Stars,Melbourne Renegades,JP Faulkner,LJ Wright,CP Tremain,0,1,1,,,,,,,,
1023603,2016/17,2017-01-01,Melbourne Cricket Ground,2,13.2,Melbourne Stars,Melbourne Renegades,JP Faulkner,LJ Wright,CP Tremain,0,1,,1,,,,,,,
1023603,2016/17,2017-01-01,Melbourne Cricket Ground,2,13.3,Melbourne Stars,Melbourne Renegades,JP Faulkner,LJ Wright,CP Tremain,0,0,,,,,,,,,
1023603,2016/17,2017-01-01,Melbourne Cricket Ground,2,13.4,Melbourne Stars,Melbourne Renegades,JP Faulkner,LJ Wright,CP Tremain,0,1,1,,,,,,,,
1023603,2016/17,2017-01-01,Melbourne Cricket Ground,2,13.5,Melbourne Stars,Melbourne Renegades,JP Faulkner,LJ Wright,CP Tremain,0,1,1,,,,,,,,
1023603,2016/17,2017-01-01,Melbourne Cricket Ground,2,13.6,Melbourne Stars,Melbourne Renegades,JP Faulkner,LJ Wright,CP Tremain,0,0,,,,,,caught,JP Faulkner,,
1023603,2016/17,2017-01-01,Melbourne Cricket Ground,2,13.7,Melbourne Stars,Melbourne Renegades,LJ Wright,MP Stoinis,CP Tremain,1,0,,,,,,,,,
1023603,2016/17,2017-01-01,Melbourne Cricket Ground,2,13.8,Melbourne Stars,Melbourne Renegades,MP Stoinis,LJ Wright,CP Tremain,1,0,,,,,,,,,
1023603,2016/17,2017-01-01,Melbourne Cricket Ground,2,13.9,Melbourne Stars,Melbourne Renegades,LJ Wright,MP Stoinis,CP Tremain,0,1,1,,,,,,,,
1023603,2016/17,2017-01-01,Melbourne Cricket Ground,2,13.1,Melbourne Stars,Melbourne Renegades,LJ Wright,MP Stoinis,CP Tremain,0,0,,,,,,,,,
1023603,2016/17,2017-01-01,Melbourne Cricket Ground,2,13.11,Melbourne Stars,Melbourne Renegades,LJ Wright,MP Stoinis,CP Tremain,1,0,,,,,,,,,
1023603,2016/17,2017-01-01,Melbourne Cricket Ground,2,14.1,Melbourne Stars,Melbourne Renegades,LJ Wright,MP Stoinis,GB Hogg,1,0,,,,,,,,,
1023603,2016/17,2017-01-01,Melbourne Cricket Ground,2,14.2,Melbourne Stars,Melbourne Renegades,MP Stoinis,LJ Wright,GB Hogg,1,0,,,,,,,,,
1023603,2016/17,2017-01-01,Melbourne Cricket Ground,2,14.3,Melbourne Stars,Melbourne Renegades,LJ Wright,MP Stoinis,GB Hogg,0,0,,,,,,,,,
1023603,2016/17,2017-01-01,Melbourne Cricket Ground,2,14.4,Melbourne Stars,Melbourne Renegades,LJ Wright,MP Stoinis,GB Hogg,0,0,,,,,,bowled,LJ Wright,,
1023603,2016/17,2017-01-01,Melbourne Cricket Ground,2,14.5,Melbourne Stars,Melbourne Renegades,SB Harper,MP Stoinis,GB Hogg,2,0,,,,,,,,,
1023603,2016/17,2017-01-01,Melbourne Cricket Ground,2,14.6,Melbourne Stars,Melbourne Renegades,SB Harper,MP Stoinis,GB Hogg,0,0,,,,,,lbw,SB Harper,,
1023603,2016/17,2017-01-01,Melbourne Cricket Ground,2,15.1,Melbourne Stars,Melbourne Renegades,MP Stoinis,A Zampa,TL Lawford,1,1,,1,,,,,,,
1023603,2016/17,2017-01-01,Melbourne Cricket Ground,2,15.2,Melbourne Stars,Melbourne Renegades,A Zampa,MP Stoinis,TL Lawford,0,0,,,,,,,,,
1023603,2016/17,2017-01-01,Melbourne Cricket Ground,2,15.3,Melbourne Stars,Melbourne Renegades,A Zampa,MP Stoinis,TL Lawford,3,0,,,,,,,,,
1023603,2016/17,2017-01-01,Melbourne Cricket Ground,2,15.4,Melbourne Stars,Melbourne Renegades,MP Stoinis,A Zampa,TL Lawford,4,0,,,,,,,,,
1023603,2016/17,2017-01-01,Melbourne Cricket Ground,2,15.5,Melbourne Stars,Melbourne Renegades,MP Stoinis,A Zampa,TL Lawford,1,0,,,,,,,,,
1023603,2016/17,2017-01-01,Melbourne Cricket Ground,2,15.6,Melbourne Stars,Melbourne Renegades,A Zampa,MP Stoinis,TL Lawford,0,1,1,,,,,,,,
1023603,2016/17,2017-01-01,Melbourne Cricket Ground,2,15.7,Melbourne Stars,Melbourne Renegades,A Zampa,MP Stoinis,TL Lawford,4,0,,,,,,,,,
1023603,2016/17,2017-01-01,Melbourne Cricket Ground,2,15.8,Melbourne Stars,Melbourne Renegades,A Zampa,MP Stoinis,TL Lawford,0,0,,,,,,,,,
1023603,2016/17,2017-01-01,Melbourne Cricket Ground,2,16.1,Melbourne Stars,Melbourne Renegades,MP Stoinis,A Zampa,SP Narine,1,0,,,,,,run out,A Zampa,,
1023603,2016/17,2017-01-01,Melbourne Cricket Ground,2,16.2,Melbourne Stars,Melbourne Renegades,BW Hilfenhaus,MP Stoinis,SP Narine,1,0,,,,,,,,,
1023603,2016/17,2017-01-01,Melbourne Cricket Ground,2,16.3,Melbourne Stars,Melbourne Renegades,MP Stoinis,BW Hilfenhaus,SP Narine,2,0,,,,,,,,,
1023603,2016/17,2017-01-01,Melbourne Cricket Ground,2,16.4,Melbourne Stars,Melbourne Renegades,MP Stoinis,BW Hilfenhaus,SP Narine,1,0,,,,,,run out,BW Hilfenhaus,,
1023603,2016/17,2017-01-01,Melbourne Cricket Ground,2,16.5,Melbourne Stars,Melbourne Renegades,MP Stoinis,SM Boland,SP Narine,1,0,,,,,,,,,
1023603,2016/17,2017-01-01,Melbourne Cricket Ground,2,16.6,Melbourne Stars,Melbourne Renegades,SM Boland,MP Stoinis,SP Narine,1,0,,,,,,run out,SM Boland,,
1023603,2016/17,2017-01-01,Melbourne Cricket Ground,2,17.1,Melbourne Stars,Melbourne Renegades,MP Stoinis,MA Beer,TL Lawford,2,0,,,,,,,,,
1023603,2016/17,2017-01-01,Melbourne Cricket Ground,2,17.2,Melbourne Stars,Melbourne Renegades,MP Stoinis,MA Beer,TL Lawford,2,0,,,,,,,,,
1023603,2016/17,2017-01-01,Melbourne Cricket Ground,2,17.3,Melbourne Stars,Melbourne Renegades,MP Stoinis,MA Beer,TL Lawford,1,0,,,,,,,,,
1023603,2016/17,2017-01-01,Melbourne Cricket Ground,2,17.4,Melbourne Stars,Melbourne Renegades,MA Beer,MP Stoinis,TL Lawford,4,0,,,,,,,,,
1023603,2016/17,2017-01-01,Melbourne Cricket Ground,2,17.5,Melbourne Stars,Melbourne Renegades,MA Beer,MP Stoinis,TL Lawford,2,0,,,,,,,,,
1023603,2016/17,2017-01-01,Melbourne Cricket Ground,2,17.6,Melbourne Stars,Melbourne Renegades,MA Beer,MP Stoinis,TL Lawford,1,0,,,,,,,,,
