match_id,season,start_date,venue,innings,ball,batting_team,bowling_team,striker,non_striker,bowler,runs_off_bat,extras,wides,noballs,byes,legbyes,penalty,wicket_type,player_dismissed,other_wicket_type,other_player_dismissed
1023697,2016/17,2016-12-28,Sydney Showground Stadium,1,0.1,Sydney Sixers,Sydney Thunder,AJ Healy,EA Perry,SL Bates,1,0,,,,,,,,,
1023697,2016/17,2016-12-28,Sydney Showground Stadium,1,0.2,Sydney Sixers,Sydney Thunder,EA Perry,AJ Healy,SL Bates,1,0,,,,,,,,,
1023697,2016/17,2016-12-28,Sydney Showground Stadium,1,0.3,Sydney Sixers,Sydney Thunder,AJ Healy,EA Perry,SL Bates,0,0,,,,,,,,,
1023697,2016/17,2016-12-28,Sydney Showground Stadium,1,0.4,Sydney Sixers,Sydney Thunder,AJ Healy,EA Perry,SL Bates,1,0,,,,,,,,,
1023697,2016/17,2016-12-28,Sydney Showground Stadium,1,0.5,Sydney Sixers,Sydney Thunder,EA Perry,AJ Healy,SL Bates,0,0,,,,,,,,,
1023697,2016/17,2016-12-28,Sydney Showground Stadium,1,0.6,Sydney Sixers,Sydney Thunder,EA Perry,AJ Healy,SL Bates,1,0,,,,,,,,,
1023697,2016/17,2016-12-28,Sydney Showground Stadium,1,1.1,Sydney Sixers,Sydney Thunder,EA Perry,AJ Healy,RM Farrell,0,0,,,,,,,,,
1023697,2016/17,2016-12-28,Sydney Showground Stadium,1,1.2,Sydney Sixers,Sydney Thunder,EA Perry,AJ Healy,RM Farrell,0,0,,,,,,,,,
1023697,2016/17,2016-12-28,Sydney Showground Stadium,1,1.3,Sydney Sixers,Sydney Thunder,EA Perry,AJ Healy,RM Farrell,0,1,,,,1,,,,,
1023697,2016/17,2016-12-28,Sydney Showground Stadium,1,1.4,Sydney Sixers,Sydney Thunder,AJ Healy,EA Perry,RM Farrell,0,0,,,,,,,,,
1023697,2016/17,2016-12-28,Sydney Showground Stadium,1,1.5,Sydney Sixers,Sydney Thunder,AJ Healy,EA Perry,RM Farrell,4,0,,,,,,,,,
1023697,2016/17,2016-12-28,Sydney Showground Stadium,1,1.6,Sydney Sixers,Sydney Thunder,AJ Healy,EA Perry,RM Farrell,4,0,,,,,,,,,
1023697,2016/17,2016-12-28,Sydney Showground Stadium,1,2.1,Sydney Sixers,Sydney Thunder,EA Perry,AJ Healy,SL Bates,1,0,,,,,,,,,
1023697,2016/17,2016-12-28,Sydney Showground Stadium,1,2.2,Sydney Sixers,Sydney Thunder,AJ Healy,EA Perry,SL Bates,0,0,,,,,,,,,
1023697,2016/17,2016-12-28,Sydney Showground Stadium,1,2.3,Sydney Sixers,Sydney Thunder,AJ Healy,EA Perry,SL Bates,0,0,,,,,,,,,
1023697,2016/17,2016-12-28,Sydney Showground Stadium,1,2.4,Sydney Sixers,Sydney Thunder,AJ Healy,EA Perry,SL Bates,1,0,,,,,,,,,
1023697,2016/17,2016-12-28,Sydney Showground Stadium,1,2.5,Sydney Sixers,Sydney Thunder,EA Perry,AJ Healy,SL Bates,0,0,,,,,,,,,
1023697,2016/17,2016-12-28,Sydney Showground Stadium,1,2.6,Sydney Sixers,Sydney Thunder,EA Perry,AJ Healy,SL Bates,1,0,,,,,,,,,
1023697,2016/17,2016-12-28,Sydney Showground Stadium,1,3.1,Sydney Sixers,Sydney Thunder,EA Perry,AJ Healy,RM Farrell,4,0,,,,,,,,,
1023697,2016/17,2016-12-28,Sydney Showground Stadium,1,3.2,Sydney Sixers,Sydney Thunder,EA Perry,AJ Healy,RM Farrell,4,0,,,,,,,,,
1023697,2016/17,2016-12-28,Sydney Showground Stadium,1,3.3,Sydney Sixers,Sydney Thunder,EA Perry,AJ Healy,RM Farrell,4,0,,,,,,,,,
1023697,2016/17,2016-12-28,Sydney Showground Stadium,1,3.4,Sydney Sixers,Sydney Thunder,EA Perry,AJ Healy,RM Farrell,0,0,,,,,,,,,
1023697,2016/17,2016-12-28,Sydney Showground Stadium,1,3.5,Sydney Sixers,Sydney Thunder,EA Perry,AJ Healy,RM Farrell,0,0,,,,,,,,,
1023697,2016/17,2016-12-28,Sydney Showground Stadium,1,3.6,Sydney Sixers,Sydney Thunder,EA Perry,AJ Healy,RM Farrell,0,0,,,,,,,,,
1023697,2016/17,2016-12-28,Sydney Showground Stadium,1,4.1,Sydney Sixers,Sydney Thunder,AJ Healy,EA Perry,EA Osborne,0,0,,,,,,,,,
1023697,2016/17,2016-12-28,Sydney Showground Stadium,1,4.2,Sydney Sixers,Sydney Thunder,AJ Healy,EA Perry,EA Osborne,1,0,,,,,,,,,
1023697,2016/17,2016-12-28,Sydney Showground Stadium,1,4.3,Sydney Sixers,Sydney Thunder,EA Perry,AJ Healy,EA Osborne,1,0,,,,,,,,,
1023697,2016/17,2016-12-28,Sydney Showground Stadium,1,4.4,Sydney Sixers,Sydney Thunder,AJ Healy,EA Perry,EA Osborne,1,0,,,,,,,,,
1023697,2016/17,2016-12-28,Sydney Showground Stadium,1,4.5,Sydney Sixers,Sydney Thunder,EA Perry,AJ Healy,EA Osborne,0,0,,,,,,,,,
1023697,2016/17,2016-12-28,Sydney Showground Stadium,1,4.6,Sydney Sixers,Sydney Thunder,EA Perry,AJ Healy,EA Osborne,0,0,,,,,,,,,
1023697,2016/17,2016-12-28,Sydney Showground Stadium,1,5.1,Sydney Sixers,Sydney Thunder,AJ Healy,EA Perry,SL Bates,4,0,,,,,,,,,
1023697,2016/17,2016-12-28,Sydney Showground Stadium,1,5.2,Sydney Sixers,Sydney Thunder,AJ Healy,EA Perry,SL Bates,4,0,,,,,,,,,
1023697,2016/17,2016-12-28,Sydney Showground Stadium,1,5.3,Sydney Sixers,Sydney Thunder,AJ Healy,EA Perry,SL Bates,0,0,,,,,,,,,
1023697,2016/17,2016-12-28,Sydney Showground Stadium,1,5.4,Sydney Sixers,Sydney Thunder,AJ Healy,EA Perry,SL Bates,0,0,,,,,,,,,
1023697,2016/17,2016-12-28,Sydney Showground Stadium,1,5.5,Sydney Sixers,Sydney Thunder,AJ Healy,EA Perry,SL Bates,1,0,,,,,,,,,
1023697,2016/17,2016-12-28,Sydney Showground Stadium,1,5.6,Sydney Sixers,Sydney Thunder,EA Perry,AJ Healy,SL Bates,0,0,,,,,,,,,
1023697,2016/17,2016-12-28,Sydney Showground Stadium,1,6.1,Sydney Sixers,Sydney Thunder,AJ Healy,EA Perry,EA Osborne,0,0,,,,,,,,,
1023697,2016/17,2016-12-28,Sydney Showground Stadium,1,6.2,Sydney Sixers,Sydney Thunder,AJ Healy,EA Perry,EA Osborne,1,0,,,,,,,,,
1023697,2016/17,2016-12-28,Sydney Showground Stadium,1,6.3,Sydney Sixers,Sydney Thunder,EA Perry,AJ Healy,EA Osborne,1,0,,,,,,,,,
1023697,2016/17,2016-12-28,Sydney Showground Stadium,1,6.4,Sydney Sixers,Sydney Thunder,AJ Healy,EA Perry,EA Osborne,4,0,,,,,,,,,
1023697,2016/17,2016-12-28,Sydney Showground Stadium,1,6.5,Sydney Sixers,Sydney Thunder,AJ Healy,EA Perry,EA Osborne,0,0,,,,,,,,,
1023697,2016/17,2016-12-28,Sydney Showground Stadium,1,6.6,Sydney Sixers,Sydney Thunder,AJ Healy,EA Perry,EA Osborne,1,0,,,,,,,,,
1023697,2016/17,2016-12-28,Sydney Showground Stadium,1,7.1,Sydney Sixers,Sydney Thunder,AJ Healy,EA Perry,ML Gibson,0,1,1,,,,,,,,
1023697,2016/17,2016-12-28,Sydney Showground Stadium,1,7.2,Sydney Sixers,Sydney Thunder,AJ Healy,EA Perry,ML Gibson,2,0,,,,,,,,,
1023697,2016/17,2016-12-28,Sydney Showground Stadium,1,7.3,Sydney Sixers,Sydney Thunder,AJ Healy,EA Perry,ML Gibson,1,0,,,,,,,,,
1023697,2016/17,2016-12-28,Sydney Showground Stadium,1,7.4,Sydney Sixers,Sydney Thunder,EA Perry,AJ Healy,ML Gibson,1,0,,,,,,,,,
1023697,2016/17,2016-12-28,Sydney Showground Stadium,1,7.5,Sydney Sixers,Sydney Thunder,AJ Healy,EA Perry,ML Gibson,4,0,,,,,,,,,
1023697,2016/17,2016-12-28,Sydney Showground Stadium,1,7.6,Sydney Sixers,Sydney Thunder,AJ Healy,EA Perry,ML Gibson,4,0,,,,,,,,,
1023697,2016/17,2016-12-28,Sydney Showground Stadium,1,7.7,Sydney Sixers,Sydney Thunder,AJ Healy,EA Perry,ML Gibson,4,0,,,,,,,,,
1023697,2016/17,2016-12-28,Sydney Showground Stadium,1,8.1,Sydney Sixers,Sydney Thunder,EA Perry,AJ Healy,NJ Carey,1,0,,,,,,,,,
1023697,2016/17,2016-12-28,Sydney Showground Stadium,1,8.2,Sydney Sixers,Sydney Thunder,AJ Healy,EA Perry,NJ Carey,0,0,,,,,,,,,
1023697,2016/17,2016-12-28,Sydney Showground Stadium,1,8.3,Sydney Sixers,Sydney Thunder,AJ Healy,EA Perry,NJ Carey,4,0,,,,,,,,,
1023697,2016/17,2016-12-28,Sydney Showground Stadium,1,8.4,Sydney Sixers,Sydney Thunder,AJ Healy,EA Perry,NJ Carey,0,0,,,,,,,,,
1023697,2016/17,2016-12-28,Sydney Showground Stadium,1,8.5,Sydney Sixers,Sydney Thunder,AJ Healy,EA Perry,NJ Carey,4,0,,,,,,,,,
1023697,2016/17,2016-12-28,Sydney Showground Stadium,1,8.6,Sydney Sixers,Sydney Thunder,AJ Healy,EA Perry,NJ Carey,0,0,,,,,,,,,
1023697,2016/17,2016-12-28,Sydney Showground Stadium,1,9.1,Sydney Sixers,Sydney Thunder,EA Perry,AJ Healy,SL Bates,1,0,,,,,,,,,
1023697,2016/17,2016-12-28,Sydney Showground Stadium,1,9.2,Sydney Sixers,Sydney Thunder,AJ Healy,EA Perry,SL Bates,0,0,,,,,,,,,
1023697,2016/17,2016-12-28,Sydney Showground Stadium,1,9.3,Sydney Sixers,Sydney Thunder,AJ Healy,EA Perry,SL Bates,1,0,,,,,,,,,
1023697,2016/17,2016-12-28,Sydney Showground Stadium,1,9.4,Sydney Sixers,Sydney Thunder,EA Perry,AJ Healy,SL Bates,0,0,,,,,,,,,
1023697,2016/17,2016-12-28,Sydney Showground Stadium,1,9.5,Sydney Sixers,Sydney Thunder,EA Perry,AJ Healy,SL Bates,0,0,,,,,,,,,
1023697,2016/17,2016-12-28,Sydney Showground Stadium,1,9.6,Sydney Sixers,Sydney Thunder,EA Perry,AJ Healy,SL Bates,1,0,,,,,,,,,
1023697,2016/17,2016-12-28,Sydney Showground Stadium,1,10.1,Sydney Sixers,Sydney Thunder,EA Perry,AJ Healy,NJ Carey,1,0,,,,,,,,,
1023697,2016/17,2016-12-28,Sydney Showground Stadium,1,10.2,Sydney Sixers,Sydney Thunder,AJ Healy,EA Perry,NJ Carey,2,0,,,,,,,,,
1023697,2016/17,2016-12-28,Sydney Showground Stadium,1,10.3,Sydney Sixers,Sydney Thunder,AJ Healy,EA Perry,NJ Carey,1,0,,,,,,,,,
1023697,2016/17,2016-12-28,Sydney Showground Stadium,1,10.4,Sydney Sixers,Sydney Thunder,EA Perry,AJ Healy,NJ Carey,0,0,,,,,,,,,
1023697,2016/17,2016-12-28,Sydney Showground Stadium,1,10.5,Sydney Sixers,Sydney Thunder,EA Perry,AJ Healy,NJ Carey,6,0,,,,,,,,,
1023697,2016/17,2016-12-28,Sydney Showground Stadium,1,10.6,Sydney Sixers,Sydney Thunder,EA Perry,AJ Healy,NJ Carey,1,0,,,,,,,,,
1023697,2016/17,2016-12-28,Sydney Showground Stadium,1,11.1,Sydney Sixers,Sydney Thunder,EA Perry,AJ Healy,RM Farrell,1,0,,,,,,,,,
1023697,2016/17,2016-12-28,Sydney Showground Stadium,1,11.2,Sydney Sixers,Sydney Thunder,AJ Healy,EA Perry,RM Farrell,0,0,,,,,,,,,
1023697,2016/17,2016-12-28,Sydney Showground Stadium,1,11.3,Sydney Sixers,Sydney Thunder,AJ Healy,EA Perry,RM Farrell,0,0,,,,,,caught,AJ Healy,,
1023697,2016/17,2016-12-28,Sydney Showground Stadium,1,11.4,Sydney Sixers,Sydney Thunder,A Gardner,EA Perry,RM Farrell,0,0,,,,,,,,,
1023697,2016/17,2016-12-28,Sydney Showground Stadium,1,11.5,Sydney Sixers,Sydney Thunder,A Gardner,EA Perry,RM Farrell,1,0,,,,,,,,,
1023697,2016/17,2016-12-28,Sydney Showground Stadium,1,11.6,Sydney Sixers,Sydney Thunder,EA Perry,A Gardner,RM Farrell,0,0,,,,,,,,,
1023697,2016/17,2016-12-28,Sydney Showground Stadium,1,12.1,Sydney Sixers,Sydney Thunder,A Gardner,EA Perry,EA Osborne,1,0,,,,,,,,,
1023697,2016/17,2016-12-28,Sydney Showground Stadium,1,12.2,Sydney Sixers,Sydney Thunder,EA Perry,A Gardner,EA Osborne,4,0,,,,,,,,,
1023697,2016/17,2016-12-28,Sydney Showground Stadium,1,12.3,Sydney Sixers,Sydney Thunder,EA Perry,A Gardner,EA Osborne,0,0,,,,,,,,,
1023697,2016/17,2016-12-28,Sydney Showground Stadium,1,12.4,Sydney Sixers,Sydney Thunder,EA Perry,A Gardner,EA Osborne,1,0,,,,,,,,,
1023697,2016/17,2016-12-28,Sydney Showground Stadium,1,12.5,Sydney Sixers,Sydney Thunder,A Gardner,EA Perry,EA Osborne,4,0,,,,,,,,,
1023697,2016/17,2016-12-28,Sydney Showground Stadium,1,12.6,Sydney Sixers,Sydney Thunder,A Gardner,EA Perry,EA Osborne,1,0,,,,,,,,,
1023697,2016/17,2016-12-28,Sydney Showground Stadium,1,13.1,Sydney Sixers,Sydney Thunder,A Gardner,EA Perry,ML Gibson,1,0,,,,,,,,,
1023697,2016/17,2016-12-28,Sydney Showground Stadium,1,13.2,Sydney Sixers,Sydney Thunder,EA Perry,A Gardner,ML Gibson,0,0,,,,,,,,,
1023697,2016/17,2016-12-28,Sydney Showground Stadium,1,13.3,Sydney Sixers,Sydney Thunder,EA Perry,A Gardner,ML Gibson,0,0,,,,,,,,,
1023697,2016/17,2016-12-28,Sydney Showground Stadium,1,13.4,Sydney Sixers,Sydney Thunder,EA Perry,A Gardner,ML Gibson,1,0,,,,,,,,,
1023697,2016/17,2016-12-28,Sydney Showground Stadium,1,13.5,Sydney Sixers,Sydney Thunder,A Gardner,EA Perry,ML Gibson,1,0,,,,,,,,,
1023697,2016/17,2016-12-28,Sydney Showground Stadium,1,13.6,Sydney Sixers,Sydney Thunder,EA Perry,A Gardner,ML Gibson,4,0,,,,,,,,,
1023697,2016/17,2016-12-28,Sydney Showground Stadium,1,14.1,Sydney Sixers,Sydney Thunder,A Gardner,EA Perry,EA Osborne,3,0,,,,,,,,,
1023697,2016/17,2016-12-28,Sydney Showground Stadium,1,14.2,Sydney Sixers,Sydney Thunder,EA Perry,A Gardner,EA Osborne,0,0,,,,,,,,,
1023697,2016/17,2016-12-28,Sydney Showground Stadium,1,14.3,Sydney Sixers,Sydney Thunder,EA Perry,A Gardner,EA Osborne,1,0,,,,,,,,,
1023697,2016/17,2016-12-28,Sydney Showground Stadium,1,14.4,Sydney Sixers,Sydney Thunder,A Gardner,EA Perry,EA Osborne,4,0,,,,,,,,,
1023697,2016/17,2016-12-28,Sydney Showground Stadium,1,14.5,Sydney Sixers,Sydney Thunder,A Gardner,EA Perry,EA Osborne,0,0,,,,,,,,,
1023697,2016/17,2016-12-28,Sydney Showground Stadium,1,14.6,Sydney Sixers,Sydney Thunder,A Gardner,EA Perry,EA Osborne,1,0,,,,,,,,,
1023697,2016/17,2016-12-28,Sydney Showground Stadium,1,15.1,Sydney Sixers,Sydney Thunder,A Gardner,EA Perry,RL Haynes,1,0,,,,,,,,,
1023697,2016/17,2016-12-28,Sydney Showground Stadium,1,15.2,Sydney Sixers,Sydney Thunder,EA Perry,A Gardner,RL Haynes,0,0,,,,,,caught,EA Perry,,
1023697,2016/17,2016-12-28,Sydney Showground Stadium,1,15.3,Sydney Sixers,Sydney Thunder,A Gardner,SJ McGlashan,RL Haynes,0,1,1,,,,,,,,
1023697,2016/17,2016-12-28,Sydney Showground Stadium,1,15.4,Sydney Sixers,Sydney Thunder,A Gardner,SJ McGlashan,RL Haynes,0,0,,,,,,,,,
1023697,2016/17,2016-12-28,Sydney Showground Stadium,1,15.5,Sydney Sixers,Sydney Thunder,A Gardner,SJ McGlashan,RL Haynes,0,0,,,,,,,,,
1023697,2016/17,2016-12-28,Sydney Showground Stadium,1,15.6,Sydney Sixers,Sydney Thunder,A Gardner,SJ McGlashan,RL Haynes,0,2,,,,2,,,,,
1023697,2016/17,2016-12-28,Sydney Showground Stadium,1,15.7,Sydney Sixers,Sydney Thunder,A Gardner,SJ McGlashan,RL Haynes,1,0,,,,,,,,,
1023697,2016/17,2016-12-28,Sydney Showground Stadium,1,16.1,Sydney Sixers,Sydney Thunder,A Gardner,SJ McGlashan,NJ Carey,0,0,,,,,,,,,
1023697,2016/17,2016-12-28,Sydney Showground Stadium,1,16.2,Sydney Sixers,Sydney Thunder,A Gardner,SJ McGlashan,NJ Carey,4,0,,,,,,,,,
1023697,2016/17,2016-12-28,Sydney Showground Stadium,1,16.3,Sydney Sixers,Sydney Thunder,A Gardner,SJ McGlashan,NJ Carey,1,0,,,,,,,,,
1023697,2016/17,2016-12-28,Sydney Showground Stadium,1,16.4,Sydney Sixers,Sydney Thunder,SJ McGlashan,A Gardner,NJ Carey,1,0,,,,,,,,,
1023697,2016/17,2016-12-28,Sydney Showground Stadium,1,16.5,Sydney Sixers,Sydney Thunder,A Gardner,SJ McGlashan,NJ Carey,1,0,,,,,,,,,
1023697,2016/17,2016-12-28,Sydney Showground Stadium,1,16.6,Sydney Sixers,Sydney Thunder,SJ McGlashan,A Gardner,NJ Carey,1,0,,,,,,,,,
1023697,2016/17,2016-12-28,Sydney Showground Stadium,1,17.1,Sydney Sixers,Sydney Thunder,SJ McGlashan,A Gardner,RL Haynes,0,0,,,,,,,,,
1023697,2016/17,2016-12-28,Sydney Showground Stadium,1,17.2,Sydney Sixers,Sydney Thunder,SJ McGlashan,A Gardner,RL Haynes,4,0,,,,,,,,,
1023697,2016/17,2016-12-28,Sydney Showground Stadium,1,17.3,Sydney Sixers,Sydney Thunder,SJ McGlashan,A Gardner,RL Haynes,1,0,,,,,,,,,
1023697,2016/17,2016-12-28,Sydney Showground Stadium,1,17.4,Sydney Sixers,Sydney Thunder,A Gardner,SJ McGlashan,RL Haynes,1,0,,,,,,,,,
1023697,2016/17,2016-12-28,Sydney Showground Stadium,1,17.5,Sydney Sixers,Sydney Thunder,SJ McGlashan,A Gardner,RL Haynes,1,0,,,,,,,,,
1023697,2016/17,2016-12-28,Sydney Showground Stadium,1,17.6,Sydney Sixers,Sydney Thunder,A Gardner,SJ McGlashan,RL Haynes,1,0,,,,,,,,,
1023697,2016/17,2016-12-28,Sydney Showground Stadium,1,18.1,Sydney Sixers,Sydney Thunder,A Gardner,SJ McGlashan,NJ Carey,1,0,,,,,,,,,
1023697,2016/17,2016-12-28,Sydney Showground Stadium,1,18.2,Sydney Sixers,Sydney Thunder,SJ McGlashan,A Gardner,NJ Carey,0,1,1,,,,,,,,
1023697,2016/17,2016-12-28,Sydney Showground Stadium,1,18.3,Sydney Sixers,Sydney Thunder,SJ McGlashan,A Gardner,NJ Carey,0,0,,,,,,,,,
1023697,2016/17,2016-12-28,Sydney Showground Stadium,1,18.4,Sydney Sixers,Sydney Thunder,SJ McGlashan,A Gardner,NJ Carey,0,0,,,,,,caught,SJ McGlashan,,
1023697,2016/17,2016-12-28,Sydney Showground Stadium,1,18.5,Sydney Sixers,Sydney Thunder,A Gardner,D van Niekerk,NJ Carey,2,0,,,,,,,,,
1023697,2016/17,2016-12-28,Sydney Showground Stadium,1,18.6,Sydney Sixers,Sydney Thunder,A Gardner,D van Niekerk,NJ Carey,6,0,,,,,,,,,
1023697,2016/17,2016-12-28,Sydney Showground Stadium,1,18.7,Sydney Sixers,Sydney Thunder,A Gardner,D van Niekerk,NJ Carey,1,0,,,,,,,,,
1023697,2016/17,2016-12-28,Sydney Showground Stadium,1,19.1,Sydney Sixers,Sydney Thunder,A Gardner,D van Niekerk,RM Farrell,4,0,,,,,,,,,
1023697,2016/17,2016-12-28,Sydney Showground Stadium,1,19.2,Sydney Sixers,Sydney Thunder,A Gardner,D van Niekerk,RM Farrell,6,0,,,,,,,,,
1023697,2016/17,2016-12-28,Sydney Showground Stadium,1,19.3,Sydney Sixers,Sydney Thunder,A Gardner,D van Niekerk,RM Farrell,2,0,,,,,,,,,
1023697,2016/17,2016-12-28,Sydney Showground Stadium,1,19.4,Sydney Sixers,Sydney Thunder,A Gardner,D van Niekerk,RM Farrell,1,0,,,,,,,,,
1023697,2016/17,2016-12-28,Sydney Showground Stadium,1,19.5,Sydney Sixers,Sydney Thunder,D van Niekerk,A Gardner,RM Farrell,1,0,,,,,,,,,
1023697,2016/17,2016-12-28,Sydney Showground Stadium,1,19.6,Sydney Sixers,Sydney Thunder,A Gardner,D van Niekerk,RM Farrell,2,0,,,,,,,,,
1023697,2016/17,2016-12-28,Sydney Showground Stadium,2,0.1,Sydney Thunder,Sydney Sixers,RL Haynes,SR Taylor,M Kapp,0,0,,,,,,,,,
1023697,2016/17,2016-12-28,Sydney Showground Stadium,2,0.2,Sydney Thunder,Sydney Sixers,RL Haynes,SR Taylor,M Kapp,1,0,,,,,,,,,
1023697,2016/17,2016-12-28,Sydney Showground Stadium,2,0.3,Sydney Thunder,Sydney Sixers,SR Taylor,RL Haynes,M Kapp,0,0,,,,,,,,,
1023697,2016/17,2016-12-28,Sydney Showground Stadium,2,0.4,Sydney Thunder,Sydney Sixers,SR Taylor,RL Haynes,M Kapp,0,0,,,,,,,,,
1023697,2016/17,2016-12-28,Sydney Showground Stadium,2,0.5,Sydney Thunder,Sydney Sixers,SR Taylor,RL Haynes,M Kapp,4,0,,,,,,,,,
1023697,2016/17,2016-12-28,Sydney Showground Stadium,2,0.6,Sydney Thunder,Sydney Sixers,SR Taylor,RL Haynes,M Kapp,0,0,,,,,,,,,
1023697,2016/17,2016-12-28,Sydney Showground Stadium,2,1.1,Sydney Thunder,Sydney Sixers,RL Haynes,SR Taylor,EA Perry,0,0,,,,,,,,,
1023697,2016/17,2016-12-28,Sydney Showground Stadium,2,1.2,Sydney Thunder,Sydney Sixers,RL Haynes,SR Taylor,EA Perry,1,0,,,,,,,,,
1023697,2016/17,2016-12-28,Sydney Showground Stadium,2,1.3,Sydney Thunder,Sydney Sixers,SR Taylor,RL Haynes,EA Perry,4,0,,,,,,,,,
1023697,2016/17,2016-12-28,Sydney Showground Stadium,2,1.4,Sydney Thunder,Sydney Sixers,SR Taylor,RL Haynes,EA Perry,4,0,,,,,,,,,
1023697,2016/17,2016-12-28,Sydney Showground Stadium,2,1.5,Sydney Thunder,Sydney Sixers,SR Taylor,RL Haynes,EA Perry,0,0,,,,,,,,,
1023697,2016/17,2016-12-28,Sydney Showground Stadium,2,1.6,Sydney Thunder,Sydney Sixers,SR Taylor,RL Haynes,EA Perry,0,0,,,,,,caught,SR Taylor,,
1023697,2016/17,2016-12-28,Sydney Showground Stadium,2,2.1,Sydney Thunder,Sydney Sixers,RL Haynes,NE Stalenberg,M Kapp,1,0,,,,,,,,,
1023697,2016/17,2016-12-28,Sydney Showground Stadium,2,2.2,Sydney Thunder,Sydney Sixers,NE Stalenberg,RL Haynes,M Kapp,4,0,,,,,,,,,
1023697,2016/17,2016-12-28,Sydney Showground Stadium,2,2.3,Sydney Thunder,Sydney Sixers,NE Stalenberg,RL Haynes,M Kapp,0,0,,,,,,bowled,NE Stalenberg,,
1023697,2016/17,2016-12-28,Sydney Showground Stadium,2,2.4,Sydney Thunder,Sydney Sixers,AJ Blackwell,RL Haynes,M Kapp,4,0,,,,,,,,,
1023697,2016/17,2016-12-28,Sydney Showground Stadium,2,2.5,Sydney Thunder,Sydney Sixers,AJ Blackwell,RL Haynes,M Kapp,0,0,,,,,,,,,
1023697,2016/17,2016-12-28,Sydney Showground Stadium,2,2.6,Sydney Thunder,Sydney Sixers,AJ Blackwell,RL Haynes,M Kapp,1,0,,,,,,,,,
1023697,2016/17,2016-12-28,Sydney Showground Stadium,2,3.1,Sydney Thunder,Sydney Sixers,AJ Blackwell,RL Haynes,SE Aley,0,0,,,,,,,,,
1023697,2016/17,2016-12-28,Sydney Showground Stadium,2,3.2,Sydney Thunder,Sydney Sixers,AJ Blackwell,RL Haynes,SE Aley,0,0,,,,,,,,,
1023697,2016/17,2016-12-28,Sydney Showground Stadium,2,3.3,Sydney Thunder,Sydney Sixers,AJ Blackwell,RL Haynes,SE Aley,0,0,,,,,,,,,
1023697,2016/17,2016-12-28,Sydney Showground Stadium,2,3.4,Sydney Thunder,Sydney Sixers,AJ Blackwell,RL Haynes,SE Aley,0,0,,,,,,,,,
1023697,2016/17,2016-12-28,Sydney Showground Stadium,2,3.5,Sydney Thunder,Sydney Sixers,AJ Blackwell,RL Haynes,SE Aley,0,0,,,,,,,,,
1023697,2016/17,2016-12-28,Sydney Showground Stadium,2,3.6,Sydney Thunder,Sydney Sixers,AJ Blackwell,RL Haynes,SE Aley,1,0,,,,,,,,,
1023697,2016/17,2016-12-28,Sydney Showground Stadium,2,4.1,Sydney Thunder,Sydney Sixers,AJ Blackwell,RL Haynes,EA Perry,1,0,,,,,,,,,
1023697,2016/17,2016-12-28,Sydney Showground Stadium,2,4.2,Sydney Thunder,Sydney Sixers,RL Haynes,AJ Blackwell,EA Perry,1,0,,,,,,,,,
1023697,2016/17,2016-12-28,Sydney Showground Stadium,2,4.3,Sydney Thunder,Sydney Sixers,AJ Blackwell,RL Haynes,EA Perry,4,0,,,,,,,,,
1023697,2016/17,2016-12-28,Sydney Showground Stadium,2,4.4,Sydney Thunder,Sydney Sixers,AJ Blackwell,RL Haynes,EA Perry,0,0,,,,,,,,,
1023697,2016/17,2016-12-28,Sydney Showground Stadium,2,4.5,Sydney Thunder,Sydney Sixers,AJ Blackwell,RL Haynes,EA Perry,0,0,,,,,,,,,
1023697,2016/17,2016-12-28,Sydney Showground Stadium,2,4.6,Sydney Thunder,Sydney Sixers,AJ Blackwell,RL Haynes,EA Perry,1,0,,,,,,,,,
1023697,2016/17,2016-12-28,Sydney Showground Stadium,2,5.1,Sydney Thunder,Sydney Sixers,AJ Blackwell,RL Haynes,M Kapp,0,0,,,,,,,,,
1023697,2016/17,2016-12-28,Sydney Showground Stadium,2,5.2,Sydney Thunder,Sydney Sixers,AJ Blackwell,RL Haynes,M Kapp,4,0,,,,,,,,,
1023697,2016/17,2016-12-28,Sydney Showground Stadium,2,5.3,Sydney Thunder,Sydney Sixers,AJ Blackwell,RL Haynes,M Kapp,4,0,,,,,,,,,
1023697,2016/17,2016-12-28,Sydney Showground Stadium,2,5.4,Sydney Thunder,Sydney Sixers,AJ Blackwell,RL Haynes,M Kapp,0,0,,,,,,,,,
1023697,2016/17,2016-12-28,Sydney Showground Stadium,2,5.5,Sydney Thunder,Sydney Sixers,AJ Blackwell,RL Haynes,M Kapp,4,0,,,,,,,,,
1023697,2016/17,2016-12-28,Sydney Showground Stadium,2,5.6,Sydney Thunder,Sydney Sixers,AJ Blackwell,RL Haynes,M Kapp,0,1,,,,1,,,,,
1023697,2016/17,2016-12-28,Sydney Showground Stadium,2,6.1,Sydney Thunder,Sydney Sixers,AJ Blackwell,RL Haynes,A Gardner,0,0,,,,,,,,,
1023697,2016/17,2016-12-28,Sydney Showground Stadium,2,6.2,Sydney Thunder,Sydney Sixers,AJ Blackwell,RL Haynes,A Gardner,1,0,,,,,,,,,
1023697,2016/17,2016-12-28,Sydney Showground Stadium,2,6.3,Sydney Thunder,Sydney Sixers,RL Haynes,AJ Blackwell,A Gardner,1,0,,,,,,,,,
1023697,2016/17,2016-12-28,Sydney Showground Stadium,2,6.4,Sydney Thunder,Sydney Sixers,AJ Blackwell,RL Haynes,A Gardner,1,0,,,,,,,,,
1023697,2016/17,2016-12-28,Sydney Showground Stadium,2,6.5,Sydney Thunder,Sydney Sixers,RL Haynes,AJ Blackwell,A Gardner,0,0,,,,,,,,,
1023697,2016/17,2016-12-28,Sydney Showground Stadium,2,6.6,Sydney Thunder,Sydney Sixers,RL Haynes,AJ Blackwell,A Gardner,1,0,,,,,,,,,
1023697,2016/17,2016-12-28,Sydney Showground Stadium,2,7.1,Sydney Thunder,Sydney Sixers,RL Haynes,AJ Blackwell,SE Aley,0,0,,,,,,bowled,RL Haynes,,
1023697,2016/17,2016-12-28,Sydney Showground Stadium,2,7.2,Sydney Thunder,Sydney Sixers,H Kaur,AJ Blackwell,SE Aley,0,0,,,,,,,,,
1023697,2016/17,2016-12-28,Sydney Showground Stadium,2,7.3,Sydney Thunder,Sydney Sixers,H Kaur,AJ Blackwell,SE Aley,0,0,,,,,,,,,
1023697,2016/17,2016-12-28,Sydney Showground Stadium,2,7.4,Sydney Thunder,Sydney Sixers,H Kaur,AJ Blackwell,SE Aley,0,1,1,,,,,,,,
1023697,2016/17,2016-12-28,Sydney Showground Stadium,2,7.5,Sydney Thunder,Sydney Sixers,H Kaur,AJ Blackwell,SE Aley,0,0,,,,,,,,,
1023697,2016/17,2016-12-28,Sydney Showground Stadium,2,7.6,Sydney Thunder,Sydney Sixers,H Kaur,AJ Blackwell,SE Aley,1,0,,,,,,,,,
1023697,2016/17,2016-12-28,Sydney Showground Stadium,2,7.7,Sydney Thunder,Sydney Sixers,AJ Blackwell,H Kaur,SE Aley,2,0,,,,,,,,,
1023697,2016/17,2016-12-28,Sydney Showground Stadium,2,8.1,Sydney Thunder,Sydney Sixers,H Kaur,AJ Blackwell,D van Niekerk,0,0,,,,,,,,,
1023697,2016/17,2016-12-28,Sydney Showground Stadium,2,8.2,Sydney Thunder,Sydney Sixers,H Kaur,AJ Blackwell,D van Niekerk,1,0,,,,,,,,,
1023697,2016/17,2016-12-28,Sydney Showground Stadium,2,8.3,Sydney Thunder,Sydney Sixers,AJ Blackwell,H Kaur,D van Niekerk,0,0,,,,,,,,,
1023697,2016/17,2016-12-28,Sydney Showground Stadium,2,8.4,Sydney Thunder,Sydney Sixers,AJ Blackwell,H Kaur,D van Niekerk,0,0,,,,,,,,,
1023697,2016/17,2016-12-28,Sydney Showground Stadium,2,8.5,Sydney Thunder,Sydney Sixers,AJ Blackwell,H Kaur,D van Niekerk,2,0,,,,,,,,,
1023697,2016/17,2016-12-28,Sydney Showground Stadium,2,8.6,Sydney Thunder,Sydney Sixers,AJ Blackwell,H Kaur,D van Niekerk,1,0,,,,,,,,,
1023697,2016/17,2016-12-28,Sydney Showground Stadium,2,9.1,Sydney Thunder,Sydney Sixers,AJ Blackwell,H Kaur,LG Smith,0,0,,,,,,,,,
1023697,2016/17,2016-12-28,Sydney Showground Stadium,2,9.2,Sydney Thunder,Sydney Sixers,AJ Blackwell,H Kaur,LG Smith,0,0,,,,,,caught,AJ Blackwell,,
1023697,2016/17,2016-12-28,Sydney Showground Stadium,2,9.3,Sydney Thunder,Sydney Sixers,H Kaur,EA Osborne,LG Smith,1,0,,,,,,,,,
1023697,2016/17,2016-12-28,Sydney Showground Stadium,2,9.4,Sydney Thunder,Sydney Sixers,EA Osborne,H Kaur,LG Smith,0,0,,,,,,,,,
1023697,2016/17,2016-12-28,Sydney Showground Stadium,2,9.5,Sydney Thunder,Sydney Sixers,EA Osborne,H Kaur,LG Smith,0,0,,,,,,,,,
1023697,2016/17,2016-12-28,Sydney Showground Stadium,2,9.6,Sydney Thunder,Sydney Sixers,EA Osborne,H Kaur,LG Smith,0,0,,,,,,,,,
1023697,2016/17,2016-12-28,Sydney Showground Stadium,2,10.1,Sydney Thunder,Sydney Sixers,H Kaur,EA Osborne,D van Niekerk,1,0,,,,,,,,,
1023697,2016/17,2016-12-28,Sydney Showground Stadium,2,10.2,Sydney Thunder,Sydney Sixers,EA Osborne,H Kaur,D van Niekerk,1,0,,,,,,,,,
1023697,2016/17,2016-12-28,Sydney Showground Stadium,2,10.3,Sydney Thunder,Sydney Sixers,H Kaur,EA Osborne,D van Niekerk,1,0,,,,,,,,,
1023697,2016/17,2016-12-28,Sydney Showground Stadium,2,10.4,Sydney Thunder,Sydney Sixers,EA Osborne,H Kaur,D van Niekerk,1,0,,,,,,,,,
1023697,2016/17,2016-12-28,Sydney Showground Stadium,2,10.5,Sydney Thunder,Sydney Sixers,H Kaur,EA Osborne,D van Niekerk,1,0,,,,,,,,,
1023697,2016/17,2016-12-28,Sydney Showground Stadium,2,10.6,Sydney Thunder,Sydney Sixers,EA Osborne,H Kaur,D van Niekerk,1,0,,,,,,,,,
1023697,2016/17,2016-12-28,Sydney Showground Stadium,2,11.1,Sydney Thunder,Sydney Sixers,EA Osborne,H Kaur,LG Smith,0,0,,,,,,,,,
1023697,2016/17,2016-12-28,Sydney Showground Stadium,2,11.2,Sydney Thunder,Sydney Sixers,EA Osborne,H Kaur,LG Smith,1,0,,,,,,,,,
1023697,2016/17,2016-12-28,Sydney Showground Stadium,2,11.3,Sydney Thunder,Sydney Sixers,H Kaur,EA Osborne,LG Smith,0,0,,,,,,,,,
1023697,2016/17,2016-12-28,Sydney Showground Stadium,2,11.4,Sydney Thunder,Sydney Sixers,H Kaur,EA Osborne,LG Smith,1,0,,,,,,,,,
1023697,2016/17,2016-12-28,Sydney Showground Stadium,2,11.5,Sydney Thunder,Sydney Sixers,EA Osborne,H Kaur,LG Smith,1,0,,,,,,,,,
1023697,2016/17,2016-12-28,Sydney Showground Stadium,2,11.6,Sydney Thunder,Sydney Sixers,H Kaur,EA Osborne,LG Smith,4,0,,,,,,,,,
1023697,2016/17,2016-12-28,Sydney Showground Stadium,2,12.1,Sydney Thunder,Sydney Sixers,EA Osborne,H Kaur,D van Niekerk,1,0,,,,,,,,,
1023697,2016/17,2016-12-28,Sydney Showground Stadium,2,12.2,Sydney Thunder,Sydney Sixers,H Kaur,EA Osborne,D van Niekerk,3,0,,,,,,,,,
1023697,2016/17,2016-12-28,Sydney Showground Stadium,2,12.3,Sydney Thunder,Sydney Sixers,EA Osborne,H Kaur,D van Niekerk,0,0,,,,,,,,,
1023697,2016/17,2016-12-28,Sydney Showground Stadium,2,12.4,Sydney Thunder,Sydney Sixers,EA Osborne,H Kaur,D van Niekerk,1,0,,,,,,,,,
1023697,2016/17,2016-12-28,Sydney Showground Stadium,2,12.5,Sydney Thunder,Sydney Sixers,H Kaur,EA Osborne,D van Niekerk,1,0,,,,,,,,,
1023697,2016/17,2016-12-28,Sydney Showground Stadium,2,12.6,Sydney Thunder,Sydney Sixers,EA Osborne,H Kaur,D van Niekerk,1,0,,,,,,,,,
1023697,2016/17,2016-12-28,Sydney Showground Stadium,2,13.1,Sydney Thunder,Sydney Sixers,EA Osborne,H Kaur,SE Aley,1,0,,,,,,,,,
1023697,2016/17,2016-12-28,Sydney Showground Stadium,2,13.2,Sydney Thunder,Sydney Sixers,H Kaur,EA Osborne,SE Aley,1,0,,,,,,,,,
1023697,2016/17,2016-12-28,Sydney Showground Stadium,2,13.3,Sydney Thunder,Sydney Sixers,EA Osborne,H Kaur,SE Aley,1,0,,,,,,,,,
1023697,2016/17,2016-12-28,Sydney Showground Stadium,2,13.4,Sydney Thunder,Sydney Sixers,H Kaur,EA Osborne,SE Aley,0,0,,,,,,,,,
1023697,2016/17,2016-12-28,Sydney Showground Stadium,2,13.5,Sydney Thunder,Sydney Sixers,H Kaur,EA Osborne,SE Aley,1,0,,,,,,,,,
1023697,2016/17,2016-12-28,Sydney Showground Stadium,2,13.6,Sydney Thunder,Sydney Sixers,EA Osborne,H Kaur,SE Aley,1,0,,,,,,,,,
1023697,2016/17,2016-12-28,Sydney Showground Stadium,2,14.1,Sydney Thunder,Sydney Sixers,EA Osborne,H Kaur,D van Niekerk,0,0,,,,,,,,,
1023697,2016/17,2016-12-28,Sydney Showground Stadium,2,14.2,Sydney Thunder,Sydney Sixers,EA Osborne,H Kaur,D van Niekerk,0,1,1,,,,,,,,
1023697,2016/17,2016-12-28,Sydney Showground Stadium,2,14.3,Sydney Thunder,Sydney Sixers,EA Osborne,H Kaur,D van Niekerk,1,0,,,,,,,,,
1023697,2016/17,2016-12-28,Sydney Showground Stadium,2,14.4,Sydney Thunder,Sydney Sixers,H Kaur,EA Osborne,D van Niekerk,1,0,,,,,,,,,
1023697,2016/17,2016-12-28,Sydney Showground Stadium,2,14.5,Sydney Thunder,Sydney Sixers,EA Osborne,H Kaur,D van Niekerk,4,0,,,,,,,,,
1023697,2016/17,2016-12-28,Sydney Showground Stadium,2,14.6,Sydney Thunder,Sydney Sixers,EA Osborne,H Kaur,D van Niekerk,1,0,,,,,,,,,
1023697,2016/17,2016-12-28,Sydney Showground Stadium,2,14.7,Sydney Thunder,Sydney Sixers,H Kaur,EA Osborne,D van Niekerk,0,0,,,,,,caught,H Kaur,,
1023697,2016/17,2016-12-28,Sydney Showground Stadium,2,15.1,Sydney Thunder,Sydney Sixers,EA Osborne,NJ Carey,SE Aley,1,0,,,,,,,,,
1023697,2016/17,2016-12-28,Sydney Showground Stadium,2,15.2,Sydney Thunder,Sydney Sixers,NJ Carey,EA Osborne,SE Aley,0,0,,,,,,,,,
1023697,2016/17,2016-12-28,Sydney Showground Stadium,2,15.3,Sydney Thunder,Sydney Sixers,NJ Carey,EA Osborne,SE Aley,0,0,,,,,,,,,
1023697,2016/17,2016-12-28,Sydney Showground Stadium,2,15.4,Sydney Thunder,Sydney Sixers,NJ Carey,EA Osborne,SE Aley,4,0,,,,,,,,,
1023697,2016/17,2016-12-28,Sydney Showground Stadium,2,15.5,Sydney Thunder,Sydney Sixers,NJ Carey,EA Osborne,SE Aley,1,0,,,,,,,,,
1023697,2016/17,2016-12-28,Sydney Showground Stadium,2,15.6,Sydney Thunder,Sydney Sixers,EA Osborne,NJ Carey,SE Aley,1,0,,,,,,,,,
1023697,2016/17,2016-12-28,Sydney Showground Stadium,2,16.1,Sydney Thunder,Sydney Sixers,EA Osborne,NJ Carey,A Gardner,1,0,,,,,,,,,
1023697,2016/17,2016-12-28,Sydney Showground Stadium,2,16.2,Sydney Thunder,Sydney Sixers,NJ Carey,EA Osborne,A Gardner,0,0,,,,,,,,,
1023697,2016/17,2016-12-28,Sydney Showground Stadium,2,16.3,Sydney Thunder,Sydney Sixers,NJ Carey,EA Osborne,A Gardner,4,0,,,,,,,,,
1023697,2016/17,2016-12-28,Sydney Showground Stadium,2,16.4,Sydney Thunder,Sydney Sixers,NJ Carey,EA Osborne,A Gardner,0,0,,,,,,,,,
1023697,2016/17,2016-12-28,Sydney Showground Stadium,2,16.5,Sydney Thunder,Sydney Sixers,NJ Carey,EA Osborne,A Gardner,0,1,,,1,,,,,,
1023697,2016/17,2016-12-28,Sydney Showground Stadium,2,16.6,Sydney Thunder,Sydney Sixers,EA Osborne,NJ Carey,A Gardner,1,0,,,,,,,,,
1023697,2016/17,2016-12-28,Sydney Showground Stadium,2,17.1,Sydney Thunder,Sydney Sixers,EA Osborne,NJ Carey,EA Perry,1,0,,,,,,,,,
1023697,2016/17,2016-12-28,Sydney Showground Stadium,2,17.2,Sydney Thunder,Sydney Sixers,NJ Carey,EA Osborne,EA Perry,1,0,,,,,,,,,
1023697,2016/17,2016-12-28,Sydney Showground Stadium,2,17.3,Sydney Thunder,Sydney Sixers,EA Osborne,NJ Carey,EA Perry,4,0,,,,,,,,,
1023697,2016/17,2016-12-28,Sydney Showground Stadium,2,17.4,Sydney Thunder,Sydney Sixers,EA Osborne,NJ Carey,EA Perry,4,0,,,,,,,,,
1023697,2016/17,2016-12-28,Sydney Showground Stadium,2,17.5,Sydney Thunder,Sydney Sixers,EA Osborne,NJ Carey,EA Perry,1,0,,,,,,,,,
1023697,2016/17,2016-12-28,Sydney Showground Stadium,2,17.6,Sydney Thunder,Sydney Sixers,NJ Carey,EA Osborne,EA Perry,2,0,,,,,,,,,
1023697,2016/17,2016-12-28,Sydney Showground Stadium,2,18.1,Sydney Thunder,Sydney Sixers,EA Osborne,NJ Carey,A Gardner,1,0,,,,,,,,,
1023697,2016/17,2016-12-28,Sydney Showground Stadium,2,18.2,Sydney Thunder,Sydney Sixers,NJ Carey,EA Osborne,A Gardner,2,0,,,,,,,,,
1023697,2016/17,2016-12-28,Sydney Showground Stadium,2,18.3,Sydney Thunder,Sydney Sixers,NJ Carey,EA Osborne,A Gardner,4,1,,1,,,,,,,
1023697,2016/17,2016-12-28,Sydney Showground Stadium,2,18.4,Sydney Thunder,Sydney Sixers,NJ Carey,EA Osborne,A Gardner,2,0,,,,,,,,,
1023697,2016/17,2016-12-28,Sydney Showground Stadium,2,18.5,Sydney Thunder,Sydney Sixers,NJ Carey,EA Osborne,A Gardner,0,0,,,,,,,,,
1023697,2016/17,2016-12-28,Sydney Showground Stadium,2,18.6,Sydney Thunder,Sydney Sixers,NJ Carey,EA Osborne,A Gardner,0,0,,,,,,caught,NJ Carey,,
1023697,2016/17,2016-12-28,Sydney Showground Stadium,2,18.7,Sydney Thunder,Sydney Sixers,RM Farrell,EA Osborne,A Gardner,1,0,,,,,,,,,
1023697,2016/17,2016-12-28,Sydney Showground Stadium,2,19.1,Sydney Thunder,Sydney Sixers,RM Farrell,EA Osborne,M Kapp,0,0,,,,,,,,,
1023697,2016/17,2016-12-28,Sydney Showground Stadium,2,19.2,Sydney Thunder,Sydney Sixers,RM Farrell,EA Osborne,M Kapp,1,0,,,,,,,,,
1023697,2016/17,2016-12-28,Sydney Showground Stadium,2,19.3,Sydney Thunder,Sydney Sixers,EA Osborne,RM Farrell,M Kapp,0,0,,,,,,bowled,EA Osborne,,
1023697,2016/17,2016-12-28,Sydney Showground Stadium,2,19.4,Sydney Thunder,Sydney Sixers,CJ Koski,RM Farrell,M Kapp,0,0,,,,,,,,,
1023697,2016/17,2016-12-28,Sydney Showground Stadium,2,19.5,Sydney Thunder,Sydney Sixers,CJ Koski,RM Farrell,M Kapp,0,0,,,,,,,,,
1023697,2016/17,2016-12-28,Sydney Showground Stadium,2,19.6,Sydney Thunder,Sydney Sixers,CJ Koski,RM Farrell,M Kapp,1,0,,,,,,,,,
