match_id,season,start_date,venue,innings,ball,batting_team,bowling_team,striker,non_striker,bowler,runs_off_bat,extras,wides,noballs,byes,legbyes,penalty,wicket_type,player_dismissed,other_wicket_type,other_player_dismissed
1023715,2016/17,2017-01-04,Camberwell Sports Ground,1,0.1,Perth Scorchers,Melbourne Renegades,SW Bates,EJ Villani,LMM Tahuhu,0,0,,,,,,,,,
1023715,2016/17,2017-01-04,Camberwell Sports Ground,1,0.2,Perth Scorchers,Melbourne Renegades,SW Bates,EJ Villani,LMM Tahuhu,0,0,,,,,,,,,
1023715,2016/17,2017-01-04,Camberwell Sports Ground,1,0.3,Perth Scorchers,Melbourne Renegades,SW Bates,EJ Villani,LMM Tahuhu,0,0,,,,,,,,,
1023715,2016/17,2017-01-04,Camberwell Sports Ground,1,0.4,Perth Scorchers,Melbourne Renegades,SW Bates,EJ Villani,LMM Tahuhu,0,0,,,,,,,,,
1023715,2016/17,2017-01-04,Camberwell Sports Ground,1,0.5,Perth Scorchers,Melbourne Renegades,SW Bates,EJ Villani,LMM Tahuhu,0,0,,,,,,,,,
1023715,2016/17,2017-01-04,Camberwell Sports Ground,1,0.6,Perth Scorchers,Melbourne Renegades,SW Bates,EJ Villani,LMM Tahuhu,4,0,,,,,,,,,
1023715,2016/17,2017-01-04,Camberwell Sports Ground,1,1.1,Perth Scorchers,Melbourne Renegades,EJ Villani,SW Bates,M Strano,1,0,,,,,,,,,
1023715,2016/17,2017-01-04,Camberwell Sports Ground,1,1.2,Perth Scorchers,Melbourne Renegades,SW Bates,EJ Villani,M Strano,0,0,,,,,,,,,
1023715,2016/17,2017-01-04,Camberwell Sports Ground,1,1.3,Perth Scorchers,Melbourne Renegades,SW Bates,EJ Villani,M Strano,1,0,,,,,,,,,
1023715,2016/17,2017-01-04,Camberwell Sports Ground,1,1.4,Perth Scorchers,Melbourne Renegades,EJ Villani,SW Bates,M Strano,3,0,,,,,,,,,
1023715,2016/17,2017-01-04,Camberwell Sports Ground,1,1.5,Perth Scorchers,Melbourne Renegades,SW Bates,EJ Villani,M Strano,0,0,,,,,,,,,
1023715,2016/17,2017-01-04,Camberwell Sports Ground,1,1.6,Perth Scorchers,Melbourne Renegades,SW Bates,EJ Villani,M Strano,0,0,,,,,,,,,
1023715,2016/17,2017-01-04,Camberwell Sports Ground,1,2.1,Perth Scorchers,Melbourne Renegades,EJ Villani,SW Bates,LMM Tahuhu,0,0,,,,,,,,,
1023715,2016/17,2017-01-04,Camberwell Sports Ground,1,2.2,Perth Scorchers,Melbourne Renegades,EJ Villani,SW Bates,LMM Tahuhu,0,0,,,,,,,,,
1023715,2016/17,2017-01-04,Camberwell Sports Ground,1,2.3,Perth Scorchers,Melbourne Renegades,EJ Villani,SW Bates,LMM Tahuhu,0,0,,,,,,,,,
1023715,2016/17,2017-01-04,Camberwell Sports Ground,1,2.4,Perth Scorchers,Melbourne Renegades,EJ Villani,SW Bates,LMM Tahuhu,4,0,,,,,,,,,
1023715,2016/17,2017-01-04,Camberwell Sports Ground,1,2.5,Perth Scorchers,Melbourne Renegades,EJ Villani,SW Bates,LMM Tahuhu,0,0,,,,,,,,,
1023715,2016/17,2017-01-04,Camberwell Sports Ground,1,2.6,Perth Scorchers,Melbourne Renegades,EJ Villani,SW Bates,LMM Tahuhu,0,0,,,,,,,,,
1023715,2016/17,2017-01-04,Camberwell Sports Ground,1,3.1,Perth Scorchers,Melbourne Renegades,SW Bates,EJ Villani,M Strano,1,0,,,,,,,,,
1023715,2016/17,2017-01-04,Camberwell Sports Ground,1,3.2,Perth Scorchers,Melbourne Renegades,EJ Villani,SW Bates,M Strano,0,0,,,,,,bowled,EJ Villani,,
1023715,2016/17,2017-01-04,Camberwell Sports Ground,1,3.3,Perth Scorchers,Melbourne Renegades,NE Bolton,SW Bates,M Strano,0,0,,,,,,,,,
1023715,2016/17,2017-01-04,Camberwell Sports Ground,1,3.4,Perth Scorchers,Melbourne Renegades,NE Bolton,SW Bates,M Strano,1,0,,,,,,,,,
1023715,2016/17,2017-01-04,Camberwell Sports Ground,1,3.5,Perth Scorchers,Melbourne Renegades,SW Bates,NE Bolton,M Strano,0,0,,,,,,,,,
1023715,2016/17,2017-01-04,Camberwell Sports Ground,1,3.6,Perth Scorchers,Melbourne Renegades,SW Bates,NE Bolton,M Strano,4,0,,,,,,,,,
1023715,2016/17,2017-01-04,Camberwell Sports Ground,1,4.1,Perth Scorchers,Melbourne Renegades,NE Bolton,SW Bates,LMM Tahuhu,0,0,,,,,,,,,
1023715,2016/17,2017-01-04,Camberwell Sports Ground,1,4.2,Perth Scorchers,Melbourne Renegades,NE Bolton,SW Bates,LMM Tahuhu,0,0,,,,,,,,,
1023715,2016/17,2017-01-04,Camberwell Sports Ground,1,4.3,Perth Scorchers,Melbourne Renegades,NE Bolton,SW Bates,LMM Tahuhu,0,0,,,,,,,,,
1023715,2016/17,2017-01-04,Camberwell Sports Ground,1,4.4,Perth Scorchers,Melbourne Renegades,NE Bolton,SW Bates,LMM Tahuhu,0,0,,,,,,caught and bowled,NE Bolton,,
1023715,2016/17,2017-01-04,Camberwell Sports Ground,1,4.5,Perth Scorchers,Melbourne Renegades,SW Bates,H Graham,LMM Tahuhu,0,0,,,,,,,,,
1023715,2016/17,2017-01-04,Camberwell Sports Ground,1,4.6,Perth Scorchers,Melbourne Renegades,SW Bates,H Graham,LMM Tahuhu,0,0,,,,,,,,,
1023715,2016/17,2017-01-04,Camberwell Sports Ground,1,5.1,Perth Scorchers,Melbourne Renegades,H Graham,SW Bates,M Strano,0,0,,,,,,,,,
1023715,2016/17,2017-01-04,Camberwell Sports Ground,1,5.2,Perth Scorchers,Melbourne Renegades,H Graham,SW Bates,M Strano,0,0,,,,,,,,,
1023715,2016/17,2017-01-04,Camberwell Sports Ground,1,5.3,Perth Scorchers,Melbourne Renegades,H Graham,SW Bates,M Strano,1,0,,,,,,,,,
1023715,2016/17,2017-01-04,Camberwell Sports Ground,1,5.4,Perth Scorchers,Melbourne Renegades,SW Bates,H Graham,M Strano,0,0,,,,,,,,,
1023715,2016/17,2017-01-04,Camberwell Sports Ground,1,5.5,Perth Scorchers,Melbourne Renegades,SW Bates,H Graham,M Strano,1,0,,,,,,,,,
1023715,2016/17,2017-01-04,Camberwell Sports Ground,1,5.6,Perth Scorchers,Melbourne Renegades,H Graham,SW Bates,M Strano,1,0,,,,,,,,,
1023715,2016/17,2017-01-04,Camberwell Sports Ground,1,6.1,Perth Scorchers,Melbourne Renegades,H Graham,SW Bates,M Brown,4,0,,,,,,,,,
1023715,2016/17,2017-01-04,Camberwell Sports Ground,1,6.2,Perth Scorchers,Melbourne Renegades,H Graham,SW Bates,M Brown,0,0,,,,,,,,,
1023715,2016/17,2017-01-04,Camberwell Sports Ground,1,6.3,Perth Scorchers,Melbourne Renegades,H Graham,SW Bates,M Brown,0,0,,,,,,,,,
1023715,2016/17,2017-01-04,Camberwell Sports Ground,1,6.4,Perth Scorchers,Melbourne Renegades,H Graham,SW Bates,M Brown,0,0,,,,,,,,,
1023715,2016/17,2017-01-04,Camberwell Sports Ground,1,6.5,Perth Scorchers,Melbourne Renegades,H Graham,SW Bates,M Brown,0,0,,,,,,,,,
1023715,2016/17,2017-01-04,Camberwell Sports Ground,1,6.6,Perth Scorchers,Melbourne Renegades,H Graham,SW Bates,M Brown,1,0,,,,,,,,,
1023715,2016/17,2017-01-04,Camberwell Sports Ground,1,7.1,Perth Scorchers,Melbourne Renegades,H Graham,SW Bates,S Molineux,1,0,,,,,,,,,
1023715,2016/17,2017-01-04,Camberwell Sports Ground,1,7.2,Perth Scorchers,Melbourne Renegades,SW Bates,H Graham,S Molineux,0,0,,,,,,,,,
1023715,2016/17,2017-01-04,Camberwell Sports Ground,1,7.3,Perth Scorchers,Melbourne Renegades,SW Bates,H Graham,S Molineux,3,0,,,,,,,,,
1023715,2016/17,2017-01-04,Camberwell Sports Ground,1,7.4,Perth Scorchers,Melbourne Renegades,H Graham,SW Bates,S Molineux,1,0,,,,,,,,,
1023715,2016/17,2017-01-04,Camberwell Sports Ground,1,7.5,Perth Scorchers,Melbourne Renegades,SW Bates,H Graham,S Molineux,1,0,,,,,,,,,
1023715,2016/17,2017-01-04,Camberwell Sports Ground,1,7.6,Perth Scorchers,Melbourne Renegades,H Graham,SW Bates,S Molineux,0,0,,,,,,,,,
1023715,2016/17,2017-01-04,Camberwell Sports Ground,1,8.1,Perth Scorchers,Melbourne Renegades,SW Bates,H Graham,M Brown,4,0,,,,,,,,,
1023715,2016/17,2017-01-04,Camberwell Sports Ground,1,8.2,Perth Scorchers,Melbourne Renegades,SW Bates,H Graham,M Brown,1,0,,,,,,,,,
1023715,2016/17,2017-01-04,Camberwell Sports Ground,1,8.3,Perth Scorchers,Melbourne Renegades,H Graham,SW Bates,M Brown,2,0,,,,,,,,,
1023715,2016/17,2017-01-04,Camberwell Sports Ground,1,8.4,Perth Scorchers,Melbourne Renegades,H Graham,SW Bates,M Brown,4,0,,,,,,,,,
1023715,2016/17,2017-01-04,Camberwell Sports Ground,1,8.5,Perth Scorchers,Melbourne Renegades,H Graham,SW Bates,M Brown,1,0,,,,,,,,,
1023715,2016/17,2017-01-04,Camberwell Sports Ground,1,8.6,Perth Scorchers,Melbourne Renegades,SW Bates,H Graham,M Brown,1,0,,,,,,,,,
1023715,2016/17,2017-01-04,Camberwell Sports Ground,1,9.1,Perth Scorchers,Melbourne Renegades,SW Bates,H Graham,S Molineux,1,0,,,,,,,,,
1023715,2016/17,2017-01-04,Camberwell Sports Ground,1,9.2,Perth Scorchers,Melbourne Renegades,H Graham,SW Bates,S Molineux,1,0,,,,,,,,,
1023715,2016/17,2017-01-04,Camberwell Sports Ground,1,9.3,Perth Scorchers,Melbourne Renegades,SW Bates,H Graham,S Molineux,1,0,,,,,,,,,
1023715,2016/17,2017-01-04,Camberwell Sports Ground,1,9.4,Perth Scorchers,Melbourne Renegades,H Graham,SW Bates,S Molineux,1,0,,,,,,,,,
1023715,2016/17,2017-01-04,Camberwell Sports Ground,1,9.5,Perth Scorchers,Melbourne Renegades,SW Bates,H Graham,S Molineux,1,0,,,,,,,,,
1023715,2016/17,2017-01-04,Camberwell Sports Ground,1,9.6,Perth Scorchers,Melbourne Renegades,H Graham,SW Bates,S Molineux,1,0,,,,,,,,,
1023715,2016/17,2017-01-04,Camberwell Sports Ground,1,10.1,Perth Scorchers,Melbourne Renegades,H Graham,SW Bates,DN Wyatt,4,0,,,,,,,,,
1023715,2016/17,2017-01-04,Camberwell Sports Ground,1,10.2,Perth Scorchers,Melbourne Renegades,H Graham,SW Bates,DN Wyatt,4,0,,,,,,,,,
1023715,2016/17,2017-01-04,Camberwell Sports Ground,1,10.3,Perth Scorchers,Melbourne Renegades,H Graham,SW Bates,DN Wyatt,2,0,,,,,,,,,
1023715,2016/17,2017-01-04,Camberwell Sports Ground,1,10.4,Perth Scorchers,Melbourne Renegades,H Graham,SW Bates,DN Wyatt,1,0,,,,,,,,,
1023715,2016/17,2017-01-04,Camberwell Sports Ground,1,10.5,Perth Scorchers,Melbourne Renegades,SW Bates,H Graham,DN Wyatt,1,0,,,,,,,,,
1023715,2016/17,2017-01-04,Camberwell Sports Ground,1,10.6,Perth Scorchers,Melbourne Renegades,H Graham,SW Bates,DN Wyatt,0,0,,,,,,,,,
1023715,2016/17,2017-01-04,Camberwell Sports Ground,1,11.1,Perth Scorchers,Melbourne Renegades,SW Bates,H Graham,S Molineux,0,1,1,,,,,,,,
1023715,2016/17,2017-01-04,Camberwell Sports Ground,1,11.2,Perth Scorchers,Melbourne Renegades,SW Bates,H Graham,S Molineux,0,0,,,,,,bowled,SW Bates,,
1023715,2016/17,2017-01-04,Camberwell Sports Ground,1,11.3,Perth Scorchers,Melbourne Renegades,KH Brunt,H Graham,S Molineux,0,0,,,,,,,,,
1023715,2016/17,2017-01-04,Camberwell Sports Ground,1,11.4,Perth Scorchers,Melbourne Renegades,KH Brunt,H Graham,S Molineux,1,0,,,,,,,,,
1023715,2016/17,2017-01-04,Camberwell Sports Ground,1,11.5,Perth Scorchers,Melbourne Renegades,H Graham,KH Brunt,S Molineux,0,0,,,,,,caught,H Graham,,
1023715,2016/17,2017-01-04,Camberwell Sports Ground,1,11.6,Perth Scorchers,Melbourne Renegades,KH Brunt,LK Ebsary,S Molineux,1,0,,,,,,,,,
1023715,2016/17,2017-01-04,Camberwell Sports Ground,1,11.7,Perth Scorchers,Melbourne Renegades,LK Ebsary,KH Brunt,S Molineux,1,0,,,,,,,,,
1023715,2016/17,2017-01-04,Camberwell Sports Ground,1,12.1,Perth Scorchers,Melbourne Renegades,LK Ebsary,KH Brunt,DN Wyatt,0,0,,,,,,,,,
1023715,2016/17,2017-01-04,Camberwell Sports Ground,1,12.2,Perth Scorchers,Melbourne Renegades,LK Ebsary,KH Brunt,DN Wyatt,1,0,,,,,,,,,
1023715,2016/17,2017-01-04,Camberwell Sports Ground,1,12.3,Perth Scorchers,Melbourne Renegades,KH Brunt,LK Ebsary,DN Wyatt,0,0,,,,,,,,,
1023715,2016/17,2017-01-04,Camberwell Sports Ground,1,12.4,Perth Scorchers,Melbourne Renegades,KH Brunt,LK Ebsary,DN Wyatt,1,0,,,,,,,,,
1023715,2016/17,2017-01-04,Camberwell Sports Ground,1,12.5,Perth Scorchers,Melbourne Renegades,LK Ebsary,KH Brunt,DN Wyatt,1,0,,,,,,,,,
1023715,2016/17,2017-01-04,Camberwell Sports Ground,1,12.6,Perth Scorchers,Melbourne Renegades,KH Brunt,LK Ebsary,DN Wyatt,1,0,,,,,,,,,
1023715,2016/17,2017-01-04,Camberwell Sports Ground,1,13.1,Perth Scorchers,Melbourne Renegades,KH Brunt,LK Ebsary,S Molineux,0,0,,,,,,,,,
1023715,2016/17,2017-01-04,Camberwell Sports Ground,1,13.2,Perth Scorchers,Melbourne Renegades,KH Brunt,LK Ebsary,S Molineux,1,0,,,,,,,,,
1023715,2016/17,2017-01-04,Camberwell Sports Ground,1,13.3,Perth Scorchers,Melbourne Renegades,LK Ebsary,KH Brunt,S Molineux,1,0,,,,,,,,,
1023715,2016/17,2017-01-04,Camberwell Sports Ground,1,13.4,Perth Scorchers,Melbourne Renegades,KH Brunt,LK Ebsary,S Molineux,1,0,,,,,,,,,
1023715,2016/17,2017-01-04,Camberwell Sports Ground,1,13.5,Perth Scorchers,Melbourne Renegades,LK Ebsary,KH Brunt,S Molineux,0,0,,,,,,,,,
1023715,2016/17,2017-01-04,Camberwell Sports Ground,1,13.6,Perth Scorchers,Melbourne Renegades,LK Ebsary,KH Brunt,S Molineux,2,0,,,,,,,,,
1023715,2016/17,2017-01-04,Camberwell Sports Ground,1,14.1,Perth Scorchers,Melbourne Renegades,KH Brunt,LK Ebsary,M Brown,0,1,,1,,,,,,,
1023715,2016/17,2017-01-04,Camberwell Sports Ground,1,14.2,Perth Scorchers,Melbourne Renegades,KH Brunt,LK Ebsary,M Brown,6,0,,,,,,,,,
1023715,2016/17,2017-01-04,Camberwell Sports Ground,1,14.3,Perth Scorchers,Melbourne Renegades,KH Brunt,LK Ebsary,M Brown,1,0,,,,,,,,,
1023715,2016/17,2017-01-04,Camberwell Sports Ground,1,14.4,Perth Scorchers,Melbourne Renegades,LK Ebsary,KH Brunt,M Brown,1,0,,,,,,,,,
1023715,2016/17,2017-01-04,Camberwell Sports Ground,1,14.5,Perth Scorchers,Melbourne Renegades,KH Brunt,LK Ebsary,M Brown,1,0,,,,,,,,,
1023715,2016/17,2017-01-04,Camberwell Sports Ground,1,14.6,Perth Scorchers,Melbourne Renegades,LK Ebsary,KH Brunt,M Brown,4,0,,,,,,,,,
1023715,2016/17,2017-01-04,Camberwell Sports Ground,1,14.7,Perth Scorchers,Melbourne Renegades,LK Ebsary,KH Brunt,M Brown,1,0,,,,,,,,,
1023715,2016/17,2017-01-04,Camberwell Sports Ground,1,15.1,Perth Scorchers,Melbourne Renegades,LK Ebsary,KH Brunt,DN Wyatt,2,0,,,,,,,,,
1023715,2016/17,2017-01-04,Camberwell Sports Ground,1,15.2,Perth Scorchers,Melbourne Renegades,LK Ebsary,KH Brunt,DN Wyatt,0,0,,,,,,,,,
1023715,2016/17,2017-01-04,Camberwell Sports Ground,1,15.3,Perth Scorchers,Melbourne Renegades,LK Ebsary,KH Brunt,DN Wyatt,4,0,,,,,,,,,
1023715,2016/17,2017-01-04,Camberwell Sports Ground,1,15.4,Perth Scorchers,Melbourne Renegades,LK Ebsary,KH Brunt,DN Wyatt,1,0,,,,,,,,,
1023715,2016/17,2017-01-04,Camberwell Sports Ground,1,15.5,Perth Scorchers,Melbourne Renegades,KH Brunt,LK Ebsary,DN Wyatt,1,0,,,,,,,,,
1023715,2016/17,2017-01-04,Camberwell Sports Ground,1,15.6,Perth Scorchers,Melbourne Renegades,LK Ebsary,KH Brunt,DN Wyatt,1,0,,,,,,,,,
1023715,2016/17,2017-01-04,Camberwell Sports Ground,1,16.1,Perth Scorchers,Melbourne Renegades,LK Ebsary,KH Brunt,NA Plane,0,0,,,,,,caught,LK Ebsary,,
1023715,2016/17,2017-01-04,Camberwell Sports Ground,1,16.2,Perth Scorchers,Melbourne Renegades,KH Brunt,C Piparo,NA Plane,4,0,,,,,,,,,
1023715,2016/17,2017-01-04,Camberwell Sports Ground,1,16.3,Perth Scorchers,Melbourne Renegades,KH Brunt,C Piparo,NA Plane,0,0,,,,,,,,,
1023715,2016/17,2017-01-04,Camberwell Sports Ground,1,16.4,Perth Scorchers,Melbourne Renegades,KH Brunt,C Piparo,NA Plane,1,0,,,,,,,,,
1023715,2016/17,2017-01-04,Camberwell Sports Ground,1,16.5,Perth Scorchers,Melbourne Renegades,C Piparo,KH Brunt,NA Plane,1,0,,,,,,,,,
1023715,2016/17,2017-01-04,Camberwell Sports Ground,1,16.6,Perth Scorchers,Melbourne Renegades,KH Brunt,C Piparo,NA Plane,0,0,,,,,,,,,
1023715,2016/17,2017-01-04,Camberwell Sports Ground,1,17.1,Perth Scorchers,Melbourne Renegades,C Piparo,KH Brunt,DN Wyatt,1,0,,,,,,,,,
1023715,2016/17,2017-01-04,Camberwell Sports Ground,1,17.2,Perth Scorchers,Melbourne Renegades,KH Brunt,C Piparo,DN Wyatt,4,0,,,,,,,,,
1023715,2016/17,2017-01-04,Camberwell Sports Ground,1,17.3,Perth Scorchers,Melbourne Renegades,KH Brunt,C Piparo,DN Wyatt,0,0,,,,,,,,,
1023715,2016/17,2017-01-04,Camberwell Sports Ground,1,17.4,Perth Scorchers,Melbourne Renegades,KH Brunt,C Piparo,DN Wyatt,0,0,,,,,,,,,
1023715,2016/17,2017-01-04,Camberwell Sports Ground,1,17.5,Perth Scorchers,Melbourne Renegades,KH Brunt,C Piparo,DN Wyatt,1,0,,,,,,,,,
1023715,2016/17,2017-01-04,Camberwell Sports Ground,1,17.6,Perth Scorchers,Melbourne Renegades,C Piparo,KH Brunt,DN Wyatt,2,0,,,,,,,,,
1023715,2016/17,2017-01-04,Camberwell Sports Ground,1,18.1,Perth Scorchers,Melbourne Renegades,KH Brunt,C Piparo,M Strano,1,0,,,,,,,,,
1023715,2016/17,2017-01-04,Camberwell Sports Ground,1,18.2,Perth Scorchers,Melbourne Renegades,C Piparo,KH Brunt,M Strano,2,0,,,,,,,,,
1023715,2016/17,2017-01-04,Camberwell Sports Ground,1,18.3,Perth Scorchers,Melbourne Renegades,C Piparo,KH Brunt,M Strano,0,0,,,,,,run out,KH Brunt,,
1023715,2016/17,2017-01-04,Camberwell Sports Ground,1,18.4,Perth Scorchers,Melbourne Renegades,C Piparo,A Shrubsole,M Strano,1,0,,,,,,,,,
1023715,2016/17,2017-01-04,Camberwell Sports Ground,1,18.5,Perth Scorchers,Melbourne Renegades,A Shrubsole,C Piparo,M Strano,0,0,,,,,,,,,
1023715,2016/17,2017-01-04,Camberwell Sports Ground,1,18.6,Perth Scorchers,Melbourne Renegades,A Shrubsole,C Piparo,M Strano,0,0,,,,,,caught,A Shrubsole,,
1023715,2016/17,2017-01-04,Camberwell Sports Ground,1,19.1,Perth Scorchers,Melbourne Renegades,EL King,C Piparo,LMM Tahuhu,1,0,,,,,,,,,
1023715,2016/17,2017-01-04,Camberwell Sports Ground,1,19.2,Perth Scorchers,Melbourne Renegades,C Piparo,EL King,LMM Tahuhu,4,0,,,,,,,,,
1023715,2016/17,2017-01-04,Camberwell Sports Ground,1,19.3,Perth Scorchers,Melbourne Renegades,C Piparo,EL King,LMM Tahuhu,1,0,,,,,,,,,
1023715,2016/17,2017-01-04,Camberwell Sports Ground,1,19.4,Perth Scorchers,Melbourne Renegades,EL King,C Piparo,LMM Tahuhu,4,0,,,,,,,,,
1023715,2016/17,2017-01-04,Camberwell Sports Ground,1,19.5,Perth Scorchers,Melbourne Renegades,EL King,C Piparo,LMM Tahuhu,1,0,,,,,,,,,
1023715,2016/17,2017-01-04,Camberwell Sports Ground,1,19.6,Perth Scorchers,Melbourne Renegades,C Piparo,EL King,LMM Tahuhu,1,0,,,,,,,,,
1023715,2016/17,2017-01-04,Camberwell Sports Ground,2,0.1,Melbourne Renegades,Perth Scorchers,RH Priest,S Molineux,A Shrubsole,0,0,,,,,,,,,
1023715,2016/17,2017-01-04,Camberwell Sports Ground,2,0.2,Melbourne Renegades,Perth Scorchers,RH Priest,S Molineux,A Shrubsole,1,0,,,,,,,,,
1023715,2016/17,2017-01-04,Camberwell Sports Ground,2,0.3,Melbourne Renegades,Perth Scorchers,S Molineux,RH Priest,A Shrubsole,1,0,,,,,,,,,
1023715,2016/17,2017-01-04,Camberwell Sports Ground,2,0.4,Melbourne Renegades,Perth Scorchers,RH Priest,S Molineux,A Shrubsole,1,0,,,,,,,,,
1023715,2016/17,2017-01-04,Camberwell Sports Ground,2,0.5,Melbourne Renegades,Perth Scorchers,S Molineux,RH Priest,A Shrubsole,0,0,,,,,,,,,
1023715,2016/17,2017-01-04,Camberwell Sports Ground,2,0.6,Melbourne Renegades,Perth Scorchers,S Molineux,RH Priest,A Shrubsole,0,0,,,,,,,,,
1023715,2016/17,2017-01-04,Camberwell Sports Ground,2,1.1,Melbourne Renegades,Perth Scorchers,RH Priest,S Molineux,EL King,1,0,,,,,,,,,
1023715,2016/17,2017-01-04,Camberwell Sports Ground,2,1.2,Melbourne Renegades,Perth Scorchers,S Molineux,RH Priest,EL King,4,0,,,,,,,,,
1023715,2016/17,2017-01-04,Camberwell Sports Ground,2,1.3,Melbourne Renegades,Perth Scorchers,S Molineux,RH Priest,EL King,0,0,,,,,,,,,
1023715,2016/17,2017-01-04,Camberwell Sports Ground,2,1.4,Melbourne Renegades,Perth Scorchers,S Molineux,RH Priest,EL King,0,0,,,,,,caught,S Molineux,,
1023715,2016/17,2017-01-04,Camberwell Sports Ground,2,1.5,Melbourne Renegades,Perth Scorchers,DN Wyatt,RH Priest,EL King,0,0,,,,,,,,,
1023715,2016/17,2017-01-04,Camberwell Sports Ground,2,1.6,Melbourne Renegades,Perth Scorchers,DN Wyatt,RH Priest,EL King,0,0,,,,,,,,,
1023715,2016/17,2017-01-04,Camberwell Sports Ground,2,2.1,Melbourne Renegades,Perth Scorchers,RH Priest,DN Wyatt,A Shrubsole,1,0,,,,,,,,,
1023715,2016/17,2017-01-04,Camberwell Sports Ground,2,2.2,Melbourne Renegades,Perth Scorchers,DN Wyatt,RH Priest,A Shrubsole,0,0,,,,,,,,,
1023715,2016/17,2017-01-04,Camberwell Sports Ground,2,2.3,Melbourne Renegades,Perth Scorchers,DN Wyatt,RH Priest,A Shrubsole,0,0,,,,,,,,,
1023715,2016/17,2017-01-04,Camberwell Sports Ground,2,2.4,Melbourne Renegades,Perth Scorchers,DN Wyatt,RH Priest,A Shrubsole,0,0,,,,,,,,,
1023715,2016/17,2017-01-04,Camberwell Sports Ground,2,2.5,Melbourne Renegades,Perth Scorchers,DN Wyatt,RH Priest,A Shrubsole,0,0,,,,,,,,,
1023715,2016/17,2017-01-04,Camberwell Sports Ground,2,2.6,Melbourne Renegades,Perth Scorchers,DN Wyatt,RH Priest,A Shrubsole,0,0,,,,,,,,,
1023715,2016/17,2017-01-04,Camberwell Sports Ground,2,3.1,Melbourne Renegades,Perth Scorchers,RH Priest,DN Wyatt,KH Brunt,4,0,,,,,,,,,
1023715,2016/17,2017-01-04,Camberwell Sports Ground,2,3.2,Melbourne Renegades,Perth Scorchers,RH Priest,DN Wyatt,KH Brunt,1,0,,,,,,,,,
1023715,2016/17,2017-01-04,Camberwell Sports Ground,2,3.3,Melbourne Renegades,Perth Scorchers,DN Wyatt,RH Priest,KH Brunt,0,1,1,,,,,,,,
1023715,2016/17,2017-01-04,Camberwell Sports Ground,2,3.4,Melbourne Renegades,Perth Scorchers,DN Wyatt,RH Priest,KH Brunt,0,0,,,,,,,,,
1023715,2016/17,2017-01-04,Camberwell Sports Ground,2,3.5,Melbourne Renegades,Perth Scorchers,DN Wyatt,RH Priest,KH Brunt,1,0,,,,,,,,,
1023715,2016/17,2017-01-04,Camberwell Sports Ground,2,3.6,Melbourne Renegades,Perth Scorchers,RH Priest,DN Wyatt,KH Brunt,1,0,,,,,,,,,
1023715,2016/17,2017-01-04,Camberwell Sports Ground,2,3.7,Melbourne Renegades,Perth Scorchers,DN Wyatt,RH Priest,KH Brunt,2,0,,,,,,,,,
1023715,2016/17,2017-01-04,Camberwell Sports Ground,2,4.1,Melbourne Renegades,Perth Scorchers,RH Priest,DN Wyatt,SW Bates,0,0,,,,,,,,,
1023715,2016/17,2017-01-04,Camberwell Sports Ground,2,4.2,Melbourne Renegades,Perth Scorchers,RH Priest,DN Wyatt,SW Bates,1,0,,,,,,,,,
1023715,2016/17,2017-01-04,Camberwell Sports Ground,2,4.3,Melbourne Renegades,Perth Scorchers,DN Wyatt,RH Priest,SW Bates,0,0,,,,,,,,,
1023715,2016/17,2017-01-04,Camberwell Sports Ground,2,4.4,Melbourne Renegades,Perth Scorchers,DN Wyatt,RH Priest,SW Bates,1,0,,,,,,,,,
1023715,2016/17,2017-01-04,Camberwell Sports Ground,2,4.5,Melbourne Renegades,Perth Scorchers,RH Priest,DN Wyatt,SW Bates,2,0,,,,,,,,,
1023715,2016/17,2017-01-04,Camberwell Sports Ground,2,4.6,Melbourne Renegades,Perth Scorchers,RH Priest,DN Wyatt,SW Bates,1,0,,,,,,,,,
1023715,2016/17,2017-01-04,Camberwell Sports Ground,2,5.1,Melbourne Renegades,Perth Scorchers,RH Priest,DN Wyatt,KH Brunt,0,1,,,,1,,,,,
1023715,2016/17,2017-01-04,Camberwell Sports Ground,2,5.2,Melbourne Renegades,Perth Scorchers,DN Wyatt,RH Priest,KH Brunt,0,0,,,,,,,,,
1023715,2016/17,2017-01-04,Camberwell Sports Ground,2,5.3,Melbourne Renegades,Perth Scorchers,DN Wyatt,RH Priest,KH Brunt,1,0,,,,,,,,,
1023715,2016/17,2017-01-04,Camberwell Sports Ground,2,5.4,Melbourne Renegades,Perth Scorchers,RH Priest,DN Wyatt,KH Brunt,0,0,,,,,,,,,
1023715,2016/17,2017-01-04,Camberwell Sports Ground,2,5.5,Melbourne Renegades,Perth Scorchers,RH Priest,DN Wyatt,KH Brunt,0,0,,,,,,,,,
1023715,2016/17,2017-01-04,Camberwell Sports Ground,2,5.6,Melbourne Renegades,Perth Scorchers,RH Priest,DN Wyatt,KH Brunt,0,0,,,,,,,,,
1023715,2016/17,2017-01-04,Camberwell Sports Ground,2,6.1,Melbourne Renegades,Perth Scorchers,DN Wyatt,RH Priest,SW Bates,3,0,,,,,,,,,
1023715,2016/17,2017-01-04,Camberwell Sports Ground,2,6.2,Melbourne Renegades,Perth Scorchers,RH Priest,DN Wyatt,SW Bates,1,0,,,,,,,,,
1023715,2016/17,2017-01-04,Camberwell Sports Ground,2,6.3,Melbourne Renegades,Perth Scorchers,DN Wyatt,RH Priest,SW Bates,1,0,,,,,,,,,
1023715,2016/17,2017-01-04,Camberwell Sports Ground,2,6.4,Melbourne Renegades,Perth Scorchers,RH Priest,DN Wyatt,SW Bates,0,0,,,,,,,,,
1023715,2016/17,2017-01-04,Camberwell Sports Ground,2,6.5,Melbourne Renegades,Perth Scorchers,RH Priest,DN Wyatt,SW Bates,1,0,,,,,,,,,
1023715,2016/17,2017-01-04,Camberwell Sports Ground,2,6.6,Melbourne Renegades,Perth Scorchers,DN Wyatt,RH Priest,SW Bates,0,0,,,,,,,,,
1023715,2016/17,2017-01-04,Camberwell Sports Ground,2,7.1,Melbourne Renegades,Perth Scorchers,RH Priest,DN Wyatt,KH Brunt,0,0,,,,,,,,,
1023715,2016/17,2017-01-04,Camberwell Sports Ground,2,7.2,Melbourne Renegades,Perth Scorchers,RH Priest,DN Wyatt,KH Brunt,0,0,,,,,,,,,
1023715,2016/17,2017-01-04,Camberwell Sports Ground,2,7.3,Melbourne Renegades,Perth Scorchers,RH Priest,DN Wyatt,KH Brunt,0,0,,,,,,,,,
1023715,2016/17,2017-01-04,Camberwell Sports Ground,2,7.4,Melbourne Renegades,Perth Scorchers,RH Priest,DN Wyatt,KH Brunt,0,0,,,,,,,,,
1023715,2016/17,2017-01-04,Camberwell Sports Ground,2,7.5,Melbourne Renegades,Perth Scorchers,RH Priest,DN Wyatt,KH Brunt,0,1,,,,1,,,,,
1023715,2016/17,2017-01-04,Camberwell Sports Ground,2,7.6,Melbourne Renegades,Perth Scorchers,DN Wyatt,RH Priest,KH Brunt,0,1,,,,1,,,,,
1023715,2016/17,2017-01-04,Camberwell Sports Ground,2,8.1,Melbourne Renegades,Perth Scorchers,DN Wyatt,RH Priest,SW Bates,1,0,,,,,,,,,
1023715,2016/17,2017-01-04,Camberwell Sports Ground,2,8.2,Melbourne Renegades,Perth Scorchers,RH Priest,DN Wyatt,SW Bates,4,0,,,,,,,,,
1023715,2016/17,2017-01-04,Camberwell Sports Ground,2,8.3,Melbourne Renegades,Perth Scorchers,RH Priest,DN Wyatt,SW Bates,0,0,,,,,,caught,RH Priest,,
1023715,2016/17,2017-01-04,Camberwell Sports Ground,2,8.4,Melbourne Renegades,Perth Scorchers,DN Wyatt,M Brown,SW Bates,0,0,,,,,,,,,
1023715,2016/17,2017-01-04,Camberwell Sports Ground,2,8.5,Melbourne Renegades,Perth Scorchers,DN Wyatt,M Brown,SW Bates,0,0,,,,,,,,,
1023715,2016/17,2017-01-04,Camberwell Sports Ground,2,8.6,Melbourne Renegades,Perth Scorchers,DN Wyatt,M Brown,SW Bates,1,0,,,,,,,,,
1023715,2016/17,2017-01-04,Camberwell Sports Ground,2,9.1,Melbourne Renegades,Perth Scorchers,DN Wyatt,M Brown,EL King,1,0,,,,,,,,,
1023715,2016/17,2017-01-04,Camberwell Sports Ground,2,9.2,Melbourne Renegades,Perth Scorchers,M Brown,DN Wyatt,EL King,0,0,,,,,,caught,M Brown,,
1023715,2016/17,2017-01-04,Camberwell Sports Ground,2,9.3,Melbourne Renegades,Perth Scorchers,DN Wyatt,KL Britt,EL King,1,0,,,,,,,,,
1023715,2016/17,2017-01-04,Camberwell Sports Ground,2,9.4,Melbourne Renegades,Perth Scorchers,KL Britt,DN Wyatt,EL King,0,0,,,,,,,,,
1023715,2016/17,2017-01-04,Camberwell Sports Ground,2,9.5,Melbourne Renegades,Perth Scorchers,KL Britt,DN Wyatt,EL King,0,0,,,,,,,,,
1023715,2016/17,2017-01-04,Camberwell Sports Ground,2,9.6,Melbourne Renegades,Perth Scorchers,KL Britt,DN Wyatt,EL King,1,0,,,,,,,,,
1023715,2016/17,2017-01-04,Camberwell Sports Ground,2,10.1,Melbourne Renegades,Perth Scorchers,KL Britt,DN Wyatt,H Graham,4,0,,,,,,,,,
1023715,2016/17,2017-01-04,Camberwell Sports Ground,2,10.2,Melbourne Renegades,Perth Scorchers,KL Britt,DN Wyatt,H Graham,0,0,,,,,,,,,
1023715,2016/17,2017-01-04,Camberwell Sports Ground,2,10.3,Melbourne Renegades,Perth Scorchers,KL Britt,DN Wyatt,H Graham,1,0,,,,,,,,,
1023715,2016/17,2017-01-04,Camberwell Sports Ground,2,10.4,Melbourne Renegades,Perth Scorchers,DN Wyatt,KL Britt,H Graham,4,0,,,,,,,,,
1023715,2016/17,2017-01-04,Camberwell Sports Ground,2,10.5,Melbourne Renegades,Perth Scorchers,DN Wyatt,KL Britt,H Graham,1,0,,,,,,,,,
1023715,2016/17,2017-01-04,Camberwell Sports Ground,2,10.6,Melbourne Renegades,Perth Scorchers,KL Britt,DN Wyatt,H Graham,0,0,,,,,,,,,
1023715,2016/17,2017-01-04,Camberwell Sports Ground,2,11.1,Melbourne Renegades,Perth Scorchers,DN Wyatt,KL Britt,EL King,4,0,,,,,,,,,
1023715,2016/17,2017-01-04,Camberwell Sports Ground,2,11.2,Melbourne Renegades,Perth Scorchers,DN Wyatt,KL Britt,EL King,0,0,,,,,,,,,
1023715,2016/17,2017-01-04,Camberwell Sports Ground,2,11.3,Melbourne Renegades,Perth Scorchers,DN Wyatt,KL Britt,EL King,4,0,,,,,,,,,
1023715,2016/17,2017-01-04,Camberwell Sports Ground,2,11.4,Melbourne Renegades,Perth Scorchers,DN Wyatt,KL Britt,EL King,2,0,,,,,,,,,
1023715,2016/17,2017-01-04,Camberwell Sports Ground,2,11.5,Melbourne Renegades,Perth Scorchers,DN Wyatt,KL Britt,EL King,0,0,,,,,,,,,
1023715,2016/17,2017-01-04,Camberwell Sports Ground,2,11.6,Melbourne Renegades,Perth Scorchers,DN Wyatt,KL Britt,EL King,1,0,,,,,,,,,
1023715,2016/17,2017-01-04,Camberwell Sports Ground,2,12.1,Melbourne Renegades,Perth Scorchers,DN Wyatt,KL Britt,A Shrubsole,1,0,,,,,,,,,
1023715,2016/17,2017-01-04,Camberwell Sports Ground,2,12.2,Melbourne Renegades,Perth Scorchers,KL Britt,DN Wyatt,A Shrubsole,1,0,,,,,,,,,
1023715,2016/17,2017-01-04,Camberwell Sports Ground,2,12.3,Melbourne Renegades,Perth Scorchers,DN Wyatt,KL Britt,A Shrubsole,0,0,,,,,,,,,
1023715,2016/17,2017-01-04,Camberwell Sports Ground,2,12.4,Melbourne Renegades,Perth Scorchers,DN Wyatt,KL Britt,A Shrubsole,1,0,,,,,,,,,
1023715,2016/17,2017-01-04,Camberwell Sports Ground,2,12.5,Melbourne Renegades,Perth Scorchers,KL Britt,DN Wyatt,A Shrubsole,0,0,,,,,,,,,
1023715,2016/17,2017-01-04,Camberwell Sports Ground,2,12.6,Melbourne Renegades,Perth Scorchers,KL Britt,DN Wyatt,A Shrubsole,1,0,,,,,,run out,KL Britt,,
1023715,2016/17,2017-01-04,Camberwell Sports Ground,2,13.1,Melbourne Renegades,Perth Scorchers,DN Wyatt,GM Harris,KH Brunt,0,0,,,,,,,,,
1023715,2016/17,2017-01-04,Camberwell Sports Ground,2,13.2,Melbourne Renegades,Perth Scorchers,DN Wyatt,GM Harris,KH Brunt,2,0,,,,,,,,,
1023715,2016/17,2017-01-04,Camberwell Sports Ground,2,13.3,Melbourne Renegades,Perth Scorchers,DN Wyatt,GM Harris,KH Brunt,4,0,,,,,,,,,
1023715,2016/17,2017-01-04,Camberwell Sports Ground,2,13.4,Melbourne Renegades,Perth Scorchers,DN Wyatt,GM Harris,KH Brunt,1,0,,,,,,,,,
1023715,2016/17,2017-01-04,Camberwell Sports Ground,2,13.5,Melbourne Renegades,Perth Scorchers,GM Harris,DN Wyatt,KH Brunt,1,0,,,,,,,,,
1023715,2016/17,2017-01-04,Camberwell Sports Ground,2,13.6,Melbourne Renegades,Perth Scorchers,DN Wyatt,GM Harris,KH Brunt,4,0,,,,,,,,,
1023715,2016/17,2017-01-04,Camberwell Sports Ground,2,14.1,Melbourne Renegades,Perth Scorchers,GM Harris,DN Wyatt,SW Bates,1,0,,,,,,,,,
1023715,2016/17,2017-01-04,Camberwell Sports Ground,2,14.2,Melbourne Renegades,Perth Scorchers,DN Wyatt,GM Harris,SW Bates,1,0,,,,,,,,,
1023715,2016/17,2017-01-04,Camberwell Sports Ground,2,14.3,Melbourne Renegades,Perth Scorchers,GM Harris,DN Wyatt,SW Bates,1,0,,,,,,,,,
1023715,2016/17,2017-01-04,Camberwell Sports Ground,2,14.4,Melbourne Renegades,Perth Scorchers,DN Wyatt,GM Harris,SW Bates,0,0,,,,,,run out,DN Wyatt,,
1023715,2016/17,2017-01-04,Camberwell Sports Ground,2,14.5,Melbourne Renegades,Perth Scorchers,GM Harris,M Strano,SW Bates,1,0,,,,,,,,,
1023715,2016/17,2017-01-04,Camberwell Sports Ground,2,14.6,Melbourne Renegades,Perth Scorchers,M Strano,GM Harris,SW Bates,1,0,,,,,,,,,
1023715,2016/17,2017-01-04,Camberwell Sports Ground,2,15.1,Melbourne Renegades,Perth Scorchers,M Strano,GM Harris,EL King,4,0,,,,,,,,,
1023715,2016/17,2017-01-04,Camberwell Sports Ground,2,15.2,Melbourne Renegades,Perth Scorchers,M Strano,GM Harris,EL King,1,0,,,,,,,,,
1023715,2016/17,2017-01-04,Camberwell Sports Ground,2,15.3,Melbourne Renegades,Perth Scorchers,GM Harris,M Strano,EL King,4,0,,,,,,,,,
1023715,2016/17,2017-01-04,Camberwell Sports Ground,2,15.4,Melbourne Renegades,Perth Scorchers,GM Harris,M Strano,EL King,0,0,,,,,,,,,
1023715,2016/17,2017-01-04,Camberwell Sports Ground,2,15.5,Melbourne Renegades,Perth Scorchers,GM Harris,M Strano,EL King,1,0,,,,,,,,,
1023715,2016/17,2017-01-04,Camberwell Sports Ground,2,15.6,Melbourne Renegades,Perth Scorchers,M Strano,GM Harris,EL King,1,0,,,,,,,,,
1023715,2016/17,2017-01-04,Camberwell Sports Ground,2,16.1,Melbourne Renegades,Perth Scorchers,M Strano,GM Harris,H Graham,1,0,,,,,,,,,
1023715,2016/17,2017-01-04,Camberwell Sports Ground,2,16.2,Melbourne Renegades,Perth Scorchers,GM Harris,M Strano,H Graham,4,0,,,,,,,,,
1023715,2016/17,2017-01-04,Camberwell Sports Ground,2,16.3,Melbourne Renegades,Perth Scorchers,GM Harris,M Strano,H Graham,2,0,,,,,,,,,
1023715,2016/17,2017-01-04,Camberwell Sports Ground,2,16.4,Melbourne Renegades,Perth Scorchers,GM Harris,M Strano,H Graham,0,0,,,,,,,,,
1023715,2016/17,2017-01-04,Camberwell Sports Ground,2,16.5,Melbourne Renegades,Perth Scorchers,GM Harris,M Strano,H Graham,6,0,,,,,,,,,
1023715,2016/17,2017-01-04,Camberwell Sports Ground,2,16.6,Melbourne Renegades,Perth Scorchers,GM Harris,M Strano,H Graham,4,0,,,,,,,,,
1023715,2016/17,2017-01-04,Camberwell Sports Ground,2,17.1,Melbourne Renegades,Perth Scorchers,M Strano,GM Harris,EJ Villani,1,0,,,,,,,,,
1023715,2016/17,2017-01-04,Camberwell Sports Ground,2,17.2,Melbourne Renegades,Perth Scorchers,GM Harris,M Strano,EJ Villani,0,0,,,,,,,,,
1023715,2016/17,2017-01-04,Camberwell Sports Ground,2,17.3,Melbourne Renegades,Perth Scorchers,GM Harris,M Strano,EJ Villani,0,0,,,,,,,,,
1023715,2016/17,2017-01-04,Camberwell Sports Ground,2,17.4,Melbourne Renegades,Perth Scorchers,GM Harris,M Strano,EJ Villani,4,0,,,,,,,,,
1023715,2016/17,2017-01-04,Camberwell Sports Ground,2,17.5,Melbourne Renegades,Perth Scorchers,GM Harris,M Strano,EJ Villani,6,0,,,,,,,,,
1023715,2016/17,2017-01-04,Camberwell Sports Ground,2,17.6,Melbourne Renegades,Perth Scorchers,GM Harris,M Strano,EJ Villani,4,0,,,,,,,,,
1023715,2016/17,2017-01-04,Camberwell Sports Ground,2,18.1,Melbourne Renegades,Perth Scorchers,M Strano,GM Harris,A Shrubsole,4,0,,,,,,,,,
