version,2.1.0
info,balls_per_over,6
info,team,Melbourne Stars
info,team,Sydney Thunder
info,gender,female
info,season,2016/17
info,date,2016/12/13
info,event,Women's Big Bash League
info,match_number,8
info,venue,Lavington Sports Oval
info,city,Albury
info,toss_winner,Melbourne Stars
info,toss_decision,bat
info,player_of_match,H Kaur
info,umpire,Kumar Jeyakkumar
info,umpire,D Young
info,match_referee,Terry Keel
info,winner,Sydney Thunder
info,winner_wickets,8
info,player,Melbourne Stars,MM Lanning
info,player,Melbourne Stars,EJ Inglis
info,player,Melbourne Stars,JE Cameron
info,player,Melbourne Stars,HNK Jensen
info,player,Melbourne Stars,KM Mack
info,player,Melbourne Stars,L Bardsley
info,player,Melbourne Stars,E Kearney
info,player,Melbourne Stars,D Hazell
info,player,Melbourne Stars,A King
info,player,Melbourne Stars,MJG Nielsen
info,player,Melbourne Stars,GL Triscari
info,player,Sydney Thunder,RL Haynes
info,player,Sydney Thunder,SR Taylor
info,player,Sydney Thunder,AJ Blackwell
info,player,Sydney Thunder,H Kaur
info,player,Sydney Thunder,EA Osborne
info,player,Sydney Thunder,NE Stalenberg
info,player,Sydney Thunder,SL Bates
info,player,Sydney Thunder,NJ Carey
info,player,Sydney Thunder,RM Farrell
info,player,Sydney Thunder,CJ Koski
info,player,Sydney Thunder,B Vakarewa
info,registry,people,A King,83558266
info,registry,people,AJ Blackwell,b9164a9b
info,registry,people,B Vakarewa,06f988b8
info,registry,people,CJ Koski,0f00b4d7
info,registry,people,D Hazell,ea8b65ab
info,registry,people,D Young,a0e886e0
info,registry,people,E Kearney,437068a1
info,registry,people,EA Osborne,fe731c62
info,registry,people,EJ Inglis,b0ca6975
info,registry,people,GL Triscari,207ba61e
info,registry,people,H Kaur,53cd8da6
info,registry,people,HNK Jensen,b8cce99f
info,registry,people,JE Cameron,5ebc3941
info,registry,people,KM Mack,ef13bd20
info,registry,people,Kumar Jeyakkumar,80f7522f
info,registry,people,L Bardsley,ad061133
info,registry,people,MJG Nielsen,e2410b5e
info,registry,people,MM Lanning,27e003ce
info,registry,people,NE Stalenberg,609c519e
info,registry,people,NJ Carey,dff806f4
info,registry,people,RL Haynes,d7c6b0fb
info,registry,people,RM Farrell,4ed7d23f
info,registry,people,SL Bates,0816fb1e
info,registry,people,SR Taylor,92cf79a8
info,registry,people,Terry Keel,b91cd1a6
