match_id,season,start_date,venue,innings,ball,batting_team,bowling_team,striker,non_striker,bowler,runs_off_bat,extras,wides,noballs,byes,legbyes,penalty,wicket_type,player_dismissed,other_wicket_type,other_player_dismissed
1023687,2016/17,2016-12-26,Allan Border Field,1,0.1,Melbourne Stars,Brisbane Heat,EJ Inglis,MM Lanning,JL Jonassen,0,0,,,,,,,,,
1023687,2016/17,2016-12-26,Allan Border Field,1,0.2,Melbourne Stars,Brisbane Heat,EJ Inglis,MM Lanning,JL Jonassen,0,0,,,,,,,,,
1023687,2016/17,2016-12-26,Allan Border Field,1,0.3,Melbourne Stars,Brisbane Heat,EJ Inglis,MM Lanning,JL Jonassen,0,0,,,,,,,,,
1023687,2016/17,2016-12-26,Allan Border Field,1,0.4,Melbourne Stars,Brisbane Heat,EJ Inglis,MM Lanning,JL Jonassen,0,0,,,,,,,,,
1023687,2016/17,2016-12-26,Allan Border Field,1,0.5,Melbourne Stars,Brisbane Heat,EJ Inglis,MM Lanning,JL Jonassen,3,0,,,,,,,,,
1023687,2016/17,2016-12-26,Allan Border Field,1,0.6,Melbourne Stars,Brisbane Heat,MM Lanning,EJ Inglis,JL Jonassen,1,0,,,,,,,,,
1023687,2016/17,2016-12-26,Allan Border Field,1,1.1,Melbourne Stars,Brisbane Heat,MM Lanning,EJ Inglis,DJS Dottin,0,1,1,,,,,,,,
1023687,2016/17,2016-12-26,Allan Border Field,1,1.2,Melbourne Stars,Brisbane Heat,MM Lanning,EJ Inglis,DJS Dottin,0,0,,,,,,,,,
1023687,2016/17,2016-12-26,Allan Border Field,1,1.3,Melbourne Stars,Brisbane Heat,MM Lanning,EJ Inglis,DJS Dottin,0,0,,,,,,,,,
1023687,2016/17,2016-12-26,Allan Border Field,1,1.4,Melbourne Stars,Brisbane Heat,MM Lanning,EJ Inglis,DJS Dottin,0,0,,,,,,,,,
1023687,2016/17,2016-12-26,Allan Border Field,1,1.5,Melbourne Stars,Brisbane Heat,MM Lanning,EJ Inglis,DJS Dottin,4,0,,,,,,,,,
1023687,2016/17,2016-12-26,Allan Border Field,1,1.6,Melbourne Stars,Brisbane Heat,MM Lanning,EJ Inglis,DJS Dottin,0,1,1,,,,,,,,
1023687,2016/17,2016-12-26,Allan Border Field,1,1.7,Melbourne Stars,Brisbane Heat,MM Lanning,EJ Inglis,DJS Dottin,1,0,,,,,,,,,
1023687,2016/17,2016-12-26,Allan Border Field,1,1.8,Melbourne Stars,Brisbane Heat,EJ Inglis,MM Lanning,DJS Dottin,0,0,,,,,,,,,
1023687,2016/17,2016-12-26,Allan Border Field,1,2.1,Melbourne Stars,Brisbane Heat,MM Lanning,EJ Inglis,JL Jonassen,1,0,,,,,,,,,
1023687,2016/17,2016-12-26,Allan Border Field,1,2.2,Melbourne Stars,Brisbane Heat,EJ Inglis,MM Lanning,JL Jonassen,0,0,,,,,,,,,
1023687,2016/17,2016-12-26,Allan Border Field,1,2.3,Melbourne Stars,Brisbane Heat,EJ Inglis,MM Lanning,JL Jonassen,0,0,,,,,,,,,
1023687,2016/17,2016-12-26,Allan Border Field,1,2.4,Melbourne Stars,Brisbane Heat,EJ Inglis,MM Lanning,JL Jonassen,0,0,,,,,,,,,
1023687,2016/17,2016-12-26,Allan Border Field,1,2.5,Melbourne Stars,Brisbane Heat,EJ Inglis,MM Lanning,JL Jonassen,0,0,,,,,,,,,
1023687,2016/17,2016-12-26,Allan Border Field,1,2.6,Melbourne Stars,Brisbane Heat,EJ Inglis,MM Lanning,JL Jonassen,1,0,,,,,,,,,
1023687,2016/17,2016-12-26,Allan Border Field,1,3.1,Melbourne Stars,Brisbane Heat,EJ Inglis,MM Lanning,DJS Dottin,0,0,,,,,,,,,
1023687,2016/17,2016-12-26,Allan Border Field,1,3.2,Melbourne Stars,Brisbane Heat,EJ Inglis,MM Lanning,DJS Dottin,0,1,1,,,,,,,,
1023687,2016/17,2016-12-26,Allan Border Field,1,3.3,Melbourne Stars,Brisbane Heat,EJ Inglis,MM Lanning,DJS Dottin,0,0,,,,,,,,,
1023687,2016/17,2016-12-26,Allan Border Field,1,3.4,Melbourne Stars,Brisbane Heat,EJ Inglis,MM Lanning,DJS Dottin,1,0,,,,,,,,,
1023687,2016/17,2016-12-26,Allan Border Field,1,3.5,Melbourne Stars,Brisbane Heat,MM Lanning,EJ Inglis,DJS Dottin,0,0,,,,,,,,,
1023687,2016/17,2016-12-26,Allan Border Field,1,3.6,Melbourne Stars,Brisbane Heat,MM Lanning,EJ Inglis,DJS Dottin,0,0,,,,,,,,,
1023687,2016/17,2016-12-26,Allan Border Field,1,3.7,Melbourne Stars,Brisbane Heat,MM Lanning,EJ Inglis,DJS Dottin,1,0,,,,,,,,,
1023687,2016/17,2016-12-26,Allan Border Field,1,4.1,Melbourne Stars,Brisbane Heat,MM Lanning,EJ Inglis,H Birkett,0,0,,,,,,,,,
1023687,2016/17,2016-12-26,Allan Border Field,1,4.2,Melbourne Stars,Brisbane Heat,MM Lanning,EJ Inglis,H Birkett,0,0,,,,,,,,,
1023687,2016/17,2016-12-26,Allan Border Field,1,4.3,Melbourne Stars,Brisbane Heat,MM Lanning,EJ Inglis,H Birkett,0,0,,,,,,,,,
1023687,2016/17,2016-12-26,Allan Border Field,1,4.4,Melbourne Stars,Brisbane Heat,MM Lanning,EJ Inglis,H Birkett,6,0,,,,,,,,,
1023687,2016/17,2016-12-26,Allan Border Field,1,4.5,Melbourne Stars,Brisbane Heat,MM Lanning,EJ Inglis,H Birkett,0,0,,,,,,,,,
1023687,2016/17,2016-12-26,Allan Border Field,1,4.6,Melbourne Stars,Brisbane Heat,MM Lanning,EJ Inglis,H Birkett,4,0,,,,,,,,,
1023687,2016/17,2016-12-26,Allan Border Field,1,5.1,Melbourne Stars,Brisbane Heat,EJ Inglis,MM Lanning,DM Kimmince,1,0,,,,,,,,,
1023687,2016/17,2016-12-26,Allan Border Field,1,5.2,Melbourne Stars,Brisbane Heat,MM Lanning,EJ Inglis,DM Kimmince,0,0,,,,,,,,,
1023687,2016/17,2016-12-26,Allan Border Field,1,5.3,Melbourne Stars,Brisbane Heat,MM Lanning,EJ Inglis,DM Kimmince,1,0,,,,,,,,,
1023687,2016/17,2016-12-26,Allan Border Field,1,5.4,Melbourne Stars,Brisbane Heat,EJ Inglis,MM Lanning,DM Kimmince,4,0,,,,,,,,,
1023687,2016/17,2016-12-26,Allan Border Field,1,5.5,Melbourne Stars,Brisbane Heat,EJ Inglis,MM Lanning,DM Kimmince,2,0,,,,,,,,,
1023687,2016/17,2016-12-26,Allan Border Field,1,5.6,Melbourne Stars,Brisbane Heat,EJ Inglis,MM Lanning,DM Kimmince,2,0,,,,,,,,,
1023687,2016/17,2016-12-26,Allan Border Field,1,6.1,Melbourne Stars,Brisbane Heat,MM Lanning,EJ Inglis,HL Ferling,0,0,,,,,,,,,
1023687,2016/17,2016-12-26,Allan Border Field,1,6.2,Melbourne Stars,Brisbane Heat,MM Lanning,EJ Inglis,HL Ferling,0,0,,,,,,,,,
1023687,2016/17,2016-12-26,Allan Border Field,1,6.3,Melbourne Stars,Brisbane Heat,MM Lanning,EJ Inglis,HL Ferling,0,0,,,,,,,,,
1023687,2016/17,2016-12-26,Allan Border Field,1,6.4,Melbourne Stars,Brisbane Heat,MM Lanning,EJ Inglis,HL Ferling,1,0,,,,,,,,,
1023687,2016/17,2016-12-26,Allan Border Field,1,6.5,Melbourne Stars,Brisbane Heat,EJ Inglis,MM Lanning,HL Ferling,0,1,1,,,,,,,,
1023687,2016/17,2016-12-26,Allan Border Field,1,6.6,Melbourne Stars,Brisbane Heat,EJ Inglis,MM Lanning,HL Ferling,1,0,,,,,,,,,
1023687,2016/17,2016-12-26,Allan Border Field,1,6.7,Melbourne Stars,Brisbane Heat,MM Lanning,EJ Inglis,HL Ferling,1,0,,,,,,,,,
1023687,2016/17,2016-12-26,Allan Border Field,1,7.1,Melbourne Stars,Brisbane Heat,MM Lanning,EJ Inglis,SJ Johnson,0,0,,,,,,,,,
1023687,2016/17,2016-12-26,Allan Border Field,1,7.2,Melbourne Stars,Brisbane Heat,MM Lanning,EJ Inglis,SJ Johnson,4,0,,,,,,,,,
1023687,2016/17,2016-12-26,Allan Border Field,1,7.3,Melbourne Stars,Brisbane Heat,MM Lanning,EJ Inglis,SJ Johnson,4,1,,1,,,,,,,
1023687,2016/17,2016-12-26,Allan Border Field,1,7.4,Melbourne Stars,Brisbane Heat,MM Lanning,EJ Inglis,SJ Johnson,4,0,,,,,,,,,
1023687,2016/17,2016-12-26,Allan Border Field,1,7.5,Melbourne Stars,Brisbane Heat,MM Lanning,EJ Inglis,SJ Johnson,1,0,,,,,,,,,
1023687,2016/17,2016-12-26,Allan Border Field,1,7.6,Melbourne Stars,Brisbane Heat,EJ Inglis,MM Lanning,SJ Johnson,0,3,3,,,,,,,,
1023687,2016/17,2016-12-26,Allan Border Field,1,7.7,Melbourne Stars,Brisbane Heat,EJ Inglis,MM Lanning,SJ Johnson,0,0,,,,,,,,,
1023687,2016/17,2016-12-26,Allan Border Field,1,7.8,Melbourne Stars,Brisbane Heat,EJ Inglis,MM Lanning,SJ Johnson,0,0,,,,,,,,,
1023687,2016/17,2016-12-26,Allan Border Field,1,8.1,Melbourne Stars,Brisbane Heat,MM Lanning,EJ Inglis,HL Ferling,1,0,,,,,,,,,
1023687,2016/17,2016-12-26,Allan Border Field,1,8.2,Melbourne Stars,Brisbane Heat,EJ Inglis,MM Lanning,HL Ferling,0,0,,,,,,,,,
1023687,2016/17,2016-12-26,Allan Border Field,1,8.3,Melbourne Stars,Brisbane Heat,EJ Inglis,MM Lanning,HL Ferling,1,0,,,,,,,,,
1023687,2016/17,2016-12-26,Allan Border Field,1,8.4,Melbourne Stars,Brisbane Heat,MM Lanning,EJ Inglis,HL Ferling,0,0,,,,,,,,,
1023687,2016/17,2016-12-26,Allan Border Field,1,8.5,Melbourne Stars,Brisbane Heat,MM Lanning,EJ Inglis,HL Ferling,1,0,,,,,,,,,
1023687,2016/17,2016-12-26,Allan Border Field,1,8.6,Melbourne Stars,Brisbane Heat,EJ Inglis,MM Lanning,HL Ferling,0,0,,,,,,lbw,EJ Inglis,,
1023687,2016/17,2016-12-26,Allan Border Field,1,9.1,Melbourne Stars,Brisbane Heat,MM Lanning,JE Cameron,SJ Johnson,3,0,,,,,,,,,
1023687,2016/17,2016-12-26,Allan Border Field,1,9.2,Melbourne Stars,Brisbane Heat,JE Cameron,MM Lanning,SJ Johnson,0,0,,,,,,,,,
1023687,2016/17,2016-12-26,Allan Border Field,1,9.3,Melbourne Stars,Brisbane Heat,JE Cameron,MM Lanning,SJ Johnson,0,0,,,,,,,,,
1023687,2016/17,2016-12-26,Allan Border Field,1,9.4,Melbourne Stars,Brisbane Heat,JE Cameron,MM Lanning,SJ Johnson,1,0,,,,,,,,,
1023687,2016/17,2016-12-26,Allan Border Field,1,9.5,Melbourne Stars,Brisbane Heat,MM Lanning,JE Cameron,SJ Johnson,1,0,,,,,,,,,
1023687,2016/17,2016-12-26,Allan Border Field,1,9.6,Melbourne Stars,Brisbane Heat,JE Cameron,MM Lanning,SJ Johnson,0,0,,,,,,,,,
1023687,2016/17,2016-12-26,Allan Border Field,1,10.1,Melbourne Stars,Brisbane Heat,MM Lanning,JE Cameron,HL Ferling,0,0,,,,,,,,,
1023687,2016/17,2016-12-26,Allan Border Field,1,10.2,Melbourne Stars,Brisbane Heat,MM Lanning,JE Cameron,HL Ferling,1,0,,,,,,,,,
1023687,2016/17,2016-12-26,Allan Border Field,1,10.3,Melbourne Stars,Brisbane Heat,JE Cameron,MM Lanning,HL Ferling,1,0,,,,,,,,,
1023687,2016/17,2016-12-26,Allan Border Field,1,10.4,Melbourne Stars,Brisbane Heat,MM Lanning,JE Cameron,HL Ferling,0,1,1,,,,,,,,
1023687,2016/17,2016-12-26,Allan Border Field,1,10.5,Melbourne Stars,Brisbane Heat,MM Lanning,JE Cameron,HL Ferling,1,0,,,,,,,,,
1023687,2016/17,2016-12-26,Allan Border Field,1,10.6,Melbourne Stars,Brisbane Heat,JE Cameron,MM Lanning,HL Ferling,1,0,,,,,,,,,
1023687,2016/17,2016-12-26,Allan Border Field,1,10.7,Melbourne Stars,Brisbane Heat,MM Lanning,JE Cameron,HL Ferling,0,0,,,,,,,,,
1023687,2016/17,2016-12-26,Allan Border Field,1,11.1,Melbourne Stars,Brisbane Heat,JE Cameron,MM Lanning,SJ Johnson,1,0,,,,,,,,,
1023687,2016/17,2016-12-26,Allan Border Field,1,11.2,Melbourne Stars,Brisbane Heat,MM Lanning,JE Cameron,SJ Johnson,4,0,,,,,,,,,
1023687,2016/17,2016-12-26,Allan Border Field,1,11.3,Melbourne Stars,Brisbane Heat,MM Lanning,JE Cameron,SJ Johnson,0,0,,,,,,,,,
1023687,2016/17,2016-12-26,Allan Border Field,1,11.4,Melbourne Stars,Brisbane Heat,MM Lanning,JE Cameron,SJ Johnson,0,0,,,,,,,,,
1023687,2016/17,2016-12-26,Allan Border Field,1,11.5,Melbourne Stars,Brisbane Heat,MM Lanning,JE Cameron,SJ Johnson,1,0,,,,,,,,,
1023687,2016/17,2016-12-26,Allan Border Field,1,11.6,Melbourne Stars,Brisbane Heat,JE Cameron,MM Lanning,SJ Johnson,0,0,,,,,,,,,
1023687,2016/17,2016-12-26,Allan Border Field,1,12.1,Melbourne Stars,Brisbane Heat,MM Lanning,JE Cameron,HL Ferling,1,0,,,,,,,,,
1023687,2016/17,2016-12-26,Allan Border Field,1,12.2,Melbourne Stars,Brisbane Heat,JE Cameron,MM Lanning,HL Ferling,1,0,,,,,,,,,
1023687,2016/17,2016-12-26,Allan Border Field,1,12.3,Melbourne Stars,Brisbane Heat,MM Lanning,JE Cameron,HL Ferling,1,0,,,,,,,,,
1023687,2016/17,2016-12-26,Allan Border Field,1,12.4,Melbourne Stars,Brisbane Heat,JE Cameron,MM Lanning,HL Ferling,0,0,,,,,,,,,
1023687,2016/17,2016-12-26,Allan Border Field,1,12.5,Melbourne Stars,Brisbane Heat,JE Cameron,MM Lanning,HL Ferling,0,2,2,,,,,,,,
1023687,2016/17,2016-12-26,Allan Border Field,1,12.6,Melbourne Stars,Brisbane Heat,MM Lanning,JE Cameron,HL Ferling,1,0,,,,,,,,,
1023687,2016/17,2016-12-26,Allan Border Field,1,12.7,Melbourne Stars,Brisbane Heat,JE Cameron,MM Lanning,HL Ferling,1,0,,,,,,,,,
1023687,2016/17,2016-12-26,Allan Border Field,1,13.1,Melbourne Stars,Brisbane Heat,JE Cameron,MM Lanning,DM Kimmince,1,0,,,,,,,,,
1023687,2016/17,2016-12-26,Allan Border Field,1,13.2,Melbourne Stars,Brisbane Heat,MM Lanning,JE Cameron,DM Kimmince,0,0,,,,,,,,,
1023687,2016/17,2016-12-26,Allan Border Field,1,13.3,Melbourne Stars,Brisbane Heat,MM Lanning,JE Cameron,DM Kimmince,4,0,,,,,,,,,
1023687,2016/17,2016-12-26,Allan Border Field,1,13.4,Melbourne Stars,Brisbane Heat,MM Lanning,JE Cameron,DM Kimmince,1,0,,,,,,,,,
1023687,2016/17,2016-12-26,Allan Border Field,1,13.5,Melbourne Stars,Brisbane Heat,JE Cameron,MM Lanning,DM Kimmince,1,0,,,,,,,,,
1023687,2016/17,2016-12-26,Allan Border Field,1,13.6,Melbourne Stars,Brisbane Heat,MM Lanning,JE Cameron,DM Kimmince,1,0,,,,,,,,,
1023687,2016/17,2016-12-26,Allan Border Field,1,14.1,Melbourne Stars,Brisbane Heat,MM Lanning,JE Cameron,JL Barsby,1,0,,,,,,,,,
1023687,2016/17,2016-12-26,Allan Border Field,1,14.2,Melbourne Stars,Brisbane Heat,JE Cameron,MM Lanning,JL Barsby,1,0,,,,,,,,,
1023687,2016/17,2016-12-26,Allan Border Field,1,14.3,Melbourne Stars,Brisbane Heat,MM Lanning,JE Cameron,JL Barsby,0,0,,,,,,,,,
1023687,2016/17,2016-12-26,Allan Border Field,1,14.4,Melbourne Stars,Brisbane Heat,MM Lanning,JE Cameron,JL Barsby,1,0,,,,,,,,,
1023687,2016/17,2016-12-26,Allan Border Field,1,14.5,Melbourne Stars,Brisbane Heat,JE Cameron,MM Lanning,JL Barsby,1,0,,,,,,,,,
1023687,2016/17,2016-12-26,Allan Border Field,1,14.6,Melbourne Stars,Brisbane Heat,MM Lanning,JE Cameron,JL Barsby,0,0,,,,,,,,,
1023687,2016/17,2016-12-26,Allan Border Field,1,15.1,Melbourne Stars,Brisbane Heat,JE Cameron,MM Lanning,JL Jonassen,1,0,,,,,,,,,
1023687,2016/17,2016-12-26,Allan Border Field,1,15.2,Melbourne Stars,Brisbane Heat,MM Lanning,JE Cameron,JL Jonassen,4,0,,,,,,,,,
1023687,2016/17,2016-12-26,Allan Border Field,1,15.3,Melbourne Stars,Brisbane Heat,MM Lanning,JE Cameron,JL Jonassen,4,0,,,,,,,,,
1023687,2016/17,2016-12-26,Allan Border Field,1,15.4,Melbourne Stars,Brisbane Heat,MM Lanning,JE Cameron,JL Jonassen,0,0,,,,,,,,,
1023687,2016/17,2016-12-26,Allan Border Field,1,15.5,Melbourne Stars,Brisbane Heat,MM Lanning,JE Cameron,JL Jonassen,4,0,,,,,,,,,
1023687,2016/17,2016-12-26,Allan Border Field,1,15.6,Melbourne Stars,Brisbane Heat,MM Lanning,JE Cameron,JL Jonassen,1,0,,,,,,,,,
1023687,2016/17,2016-12-26,Allan Border Field,1,16.1,Melbourne Stars,Brisbane Heat,MM Lanning,JE Cameron,JL Barsby,1,0,,,,,,,,,
1023687,2016/17,2016-12-26,Allan Border Field,1,16.2,Melbourne Stars,Brisbane Heat,JE Cameron,MM Lanning,JL Barsby,4,0,,,,,,,,,
1023687,2016/17,2016-12-26,Allan Border Field,1,16.3,Melbourne Stars,Brisbane Heat,JE Cameron,MM Lanning,JL Barsby,1,0,,,,,,,,,
1023687,2016/17,2016-12-26,Allan Border Field,1,16.4,Melbourne Stars,Brisbane Heat,MM Lanning,JE Cameron,JL Barsby,1,0,,,,,,,,,
1023687,2016/17,2016-12-26,Allan Border Field,1,16.5,Melbourne Stars,Brisbane Heat,JE Cameron,MM Lanning,JL Barsby,0,0,,,,,,caught,JE Cameron,,
1023687,2016/17,2016-12-26,Allan Border Field,1,16.6,Melbourne Stars,Brisbane Heat,KM Mack,MM Lanning,JL Barsby,1,0,,,,,,,,,
1023687,2016/17,2016-12-26,Allan Border Field,1,17.1,Melbourne Stars,Brisbane Heat,KM Mack,MM Lanning,H Birkett,1,0,,,,,,,,,
1023687,2016/17,2016-12-26,Allan Border Field,1,17.2,Melbourne Stars,Brisbane Heat,MM Lanning,KM Mack,H Birkett,0,0,,,,,,,,,
1023687,2016/17,2016-12-26,Allan Border Field,1,17.3,Melbourne Stars,Brisbane Heat,MM Lanning,KM Mack,H Birkett,4,0,,,,,,,,,
1023687,2016/17,2016-12-26,Allan Border Field,1,17.4,Melbourne Stars,Brisbane Heat,MM Lanning,KM Mack,H Birkett,0,0,,,,,,,,,
1023687,2016/17,2016-12-26,Allan Border Field,1,17.5,Melbourne Stars,Brisbane Heat,MM Lanning,KM Mack,H Birkett,1,0,,,,,,,,,
1023687,2016/17,2016-12-26,Allan Border Field,1,17.6,Melbourne Stars,Brisbane Heat,KM Mack,MM Lanning,H Birkett,2,0,,,,,,,,,
1023687,2016/17,2016-12-26,Allan Border Field,1,18.1,Melbourne Stars,Brisbane Heat,MM Lanning,KM Mack,JL Barsby,0,1,,,,1,,,,,
1023687,2016/17,2016-12-26,Allan Border Field,1,18.2,Melbourne Stars,Brisbane Heat,KM Mack,MM Lanning,JL Barsby,1,0,,,,,,,,,
1023687,2016/17,2016-12-26,Allan Border Field,1,18.3,Melbourne Stars,Brisbane Heat,MM Lanning,KM Mack,JL Barsby,0,0,,,,,,,,,
1023687,2016/17,2016-12-26,Allan Border Field,1,18.4,Melbourne Stars,Brisbane Heat,MM Lanning,KM Mack,JL Barsby,0,0,,,,,,,,,
1023687,2016/17,2016-12-26,Allan Border Field,1,18.5,Melbourne Stars,Brisbane Heat,MM Lanning,KM Mack,JL Barsby,6,0,,,,,,,,,
1023687,2016/17,2016-12-26,Allan Border Field,1,18.6,Melbourne Stars,Brisbane Heat,MM Lanning,KM Mack,JL Barsby,1,0,,,,,,,,,
1023687,2016/17,2016-12-26,Allan Border Field,1,19.1,Melbourne Stars,Brisbane Heat,MM Lanning,KM Mack,H Birkett,3,0,,,,,,,,,
1023687,2016/17,2016-12-26,Allan Border Field,1,19.2,Melbourne Stars,Brisbane Heat,KM Mack,MM Lanning,H Birkett,1,0,,,,,,,,,
1023687,2016/17,2016-12-26,Allan Border Field,1,19.3,Melbourne Stars,Brisbane Heat,MM Lanning,KM Mack,H Birkett,6,0,,,,,,,,,
1023687,2016/17,2016-12-26,Allan Border Field,1,19.4,Melbourne Stars,Brisbane Heat,MM Lanning,KM Mack,H Birkett,1,0,,,,,,,,,
1023687,2016/17,2016-12-26,Allan Border Field,1,19.5,Melbourne Stars,Brisbane Heat,KM Mack,MM Lanning,H Birkett,1,0,,,,,,,,,
1023687,2016/17,2016-12-26,Allan Border Field,1,19.6,Melbourne Stars,Brisbane Heat,MM Lanning,KM Mack,H Birkett,2,0,,,,,,,,,
1023687,2016/17,2016-12-26,Allan Border Field,2,0.1,Brisbane Heat,Melbourne Stars,BL Mooney,KL Short,E Kearney,1,0,,,,,,,,,
1023687,2016/17,2016-12-26,Allan Border Field,2,0.2,Brisbane Heat,Melbourne Stars,KL Short,BL Mooney,E Kearney,1,0,,,,,,,,,
1023687,2016/17,2016-12-26,Allan Border Field,2,0.3,Brisbane Heat,Melbourne Stars,BL Mooney,KL Short,E Kearney,1,0,,,,,,,,,
1023687,2016/17,2016-12-26,Allan Border Field,2,0.4,Brisbane Heat,Melbourne Stars,KL Short,BL Mooney,E Kearney,0,1,1,,,,,,,,
1023687,2016/17,2016-12-26,Allan Border Field,2,0.5,Brisbane Heat,Melbourne Stars,KL Short,BL Mooney,E Kearney,2,0,,,,,,,,,
1023687,2016/17,2016-12-26,Allan Border Field,2,0.6,Brisbane Heat,Melbourne Stars,KL Short,BL Mooney,E Kearney,0,0,,,,,,,,,
1023687,2016/17,2016-12-26,Allan Border Field,2,0.7,Brisbane Heat,Melbourne Stars,KL Short,BL Mooney,E Kearney,0,0,,,,,,,,,
1023687,2016/17,2016-12-26,Allan Border Field,2,1.1,Brisbane Heat,Melbourne Stars,BL Mooney,KL Short,D Hazell,0,0,,,,,,caught,BL Mooney,,
1023687,2016/17,2016-12-26,Allan Border Field,2,1.2,Brisbane Heat,Melbourne Stars,DM Kimmince,KL Short,D Hazell,1,0,,,,,,,,,
1023687,2016/17,2016-12-26,Allan Border Field,2,1.3,Brisbane Heat,Melbourne Stars,KL Short,DM Kimmince,D Hazell,0,0,,,,,,,,,
1023687,2016/17,2016-12-26,Allan Border Field,2,1.4,Brisbane Heat,Melbourne Stars,KL Short,DM Kimmince,D Hazell,1,0,,,,,,,,,
1023687,2016/17,2016-12-26,Allan Border Field,2,1.5,Brisbane Heat,Melbourne Stars,DM Kimmince,KL Short,D Hazell,0,0,,,,,,,,,
1023687,2016/17,2016-12-26,Allan Border Field,2,1.6,Brisbane Heat,Melbourne Stars,DM Kimmince,KL Short,D Hazell,1,0,,,,,,,,,
1023687,2016/17,2016-12-26,Allan Border Field,2,2.1,Brisbane Heat,Melbourne Stars,DM Kimmince,KL Short,E Kearney,0,0,,,,,,,,,
1023687,2016/17,2016-12-26,Allan Border Field,2,2.2,Brisbane Heat,Melbourne Stars,DM Kimmince,KL Short,E Kearney,0,0,,,,,,,,,
1023687,2016/17,2016-12-26,Allan Border Field,2,2.3,Brisbane Heat,Melbourne Stars,DM Kimmince,KL Short,E Kearney,0,0,,,,,,,,,
1023687,2016/17,2016-12-26,Allan Border Field,2,2.4,Brisbane Heat,Melbourne Stars,DM Kimmince,KL Short,E Kearney,0,4,,,4,,,,,,
1023687,2016/17,2016-12-26,Allan Border Field,2,2.5,Brisbane Heat,Melbourne Stars,DM Kimmince,KL Short,E Kearney,0,1,,,,1,,,,,
1023687,2016/17,2016-12-26,Allan Border Field,2,2.6,Brisbane Heat,Melbourne Stars,KL Short,DM Kimmince,E Kearney,0,0,,,,,,,,,
1023687,2016/17,2016-12-26,Allan Border Field,2,3.1,Brisbane Heat,Melbourne Stars,DM Kimmince,KL Short,D Hazell,1,0,,,,,,,,,
1023687,2016/17,2016-12-26,Allan Border Field,2,3.2,Brisbane Heat,Melbourne Stars,KL Short,DM Kimmince,D Hazell,0,0,,,,,,,,,
1023687,2016/17,2016-12-26,Allan Border Field,2,3.3,Brisbane Heat,Melbourne Stars,KL Short,DM Kimmince,D Hazell,0,0,,,,,,,,,
1023687,2016/17,2016-12-26,Allan Border Field,2,3.4,Brisbane Heat,Melbourne Stars,KL Short,DM Kimmince,D Hazell,1,0,,,,,,,,,
1023687,2016/17,2016-12-26,Allan Border Field,2,3.5,Brisbane Heat,Melbourne Stars,DM Kimmince,KL Short,D Hazell,0,0,,,,,,lbw,DM Kimmince,,
1023687,2016/17,2016-12-26,Allan Border Field,2,3.6,Brisbane Heat,Melbourne Stars,S Mandhana,KL Short,D Hazell,0,0,,,,,,,,,
1023687,2016/17,2016-12-26,Allan Border Field,2,4.1,Brisbane Heat,Melbourne Stars,KL Short,S Mandhana,E Kearney,0,0,,,,,,,,,
1023687,2016/17,2016-12-26,Allan Border Field,2,4.2,Brisbane Heat,Melbourne Stars,KL Short,S Mandhana,E Kearney,1,0,,,,,,,,,
1023687,2016/17,2016-12-26,Allan Border Field,2,4.3,Brisbane Heat,Melbourne Stars,S Mandhana,KL Short,E Kearney,0,0,,,,,,,,,
1023687,2016/17,2016-12-26,Allan Border Field,2,4.4,Brisbane Heat,Melbourne Stars,S Mandhana,KL Short,E Kearney,1,0,,,,,,,,,
1023687,2016/17,2016-12-26,Allan Border Field,2,4.5,Brisbane Heat,Melbourne Stars,KL Short,S Mandhana,E Kearney,1,0,,,,,,,,,
1023687,2016/17,2016-12-26,Allan Border Field,2,4.6,Brisbane Heat,Melbourne Stars,S Mandhana,KL Short,E Kearney,0,0,,,,,,,,,
1023687,2016/17,2016-12-26,Allan Border Field,2,5.1,Brisbane Heat,Melbourne Stars,KL Short,S Mandhana,HNK Jensen,1,0,,,,,,,,,
1023687,2016/17,2016-12-26,Allan Border Field,2,5.2,Brisbane Heat,Melbourne Stars,S Mandhana,KL Short,HNK Jensen,0,0,,,,,,caught,S Mandhana,,
1023687,2016/17,2016-12-26,Allan Border Field,2,5.3,Brisbane Heat,Melbourne Stars,KL Short,DJS Dottin,HNK Jensen,0,0,,,,,,,,,
1023687,2016/17,2016-12-26,Allan Border Field,2,5.4,Brisbane Heat,Melbourne Stars,KL Short,DJS Dottin,HNK Jensen,0,0,,,,,,,,,
1023687,2016/17,2016-12-26,Allan Border Field,2,5.5,Brisbane Heat,Melbourne Stars,KL Short,DJS Dottin,HNK Jensen,0,0,,,,,,,,,
1023687,2016/17,2016-12-26,Allan Border Field,2,5.6,Brisbane Heat,Melbourne Stars,KL Short,DJS Dottin,HNK Jensen,1,0,,,,,,,,,
1023687,2016/17,2016-12-26,Allan Border Field,2,6.1,Brisbane Heat,Melbourne Stars,KL Short,DJS Dottin,A King,4,0,,,,,,,,,
1023687,2016/17,2016-12-26,Allan Border Field,2,6.2,Brisbane Heat,Melbourne Stars,KL Short,DJS Dottin,A King,0,0,,,,,,,,,
1023687,2016/17,2016-12-26,Allan Border Field,2,6.3,Brisbane Heat,Melbourne Stars,KL Short,DJS Dottin,A King,0,0,,,,,,,,,
1023687,2016/17,2016-12-26,Allan Border Field,2,6.4,Brisbane Heat,Melbourne Stars,KL Short,DJS Dottin,A King,1,0,,,,,,,,,
1023687,2016/17,2016-12-26,Allan Border Field,2,6.5,Brisbane Heat,Melbourne Stars,DJS Dottin,KL Short,A King,4,0,,,,,,,,,
1023687,2016/17,2016-12-26,Allan Border Field,2,6.6,Brisbane Heat,Melbourne Stars,DJS Dottin,KL Short,A King,0,0,,,,,,,,,
1023687,2016/17,2016-12-26,Allan Border Field,2,7.1,Brisbane Heat,Melbourne Stars,KL Short,DJS Dottin,HNK Jensen,1,0,,,,,,,,,
1023687,2016/17,2016-12-26,Allan Border Field,2,7.2,Brisbane Heat,Melbourne Stars,DJS Dottin,KL Short,HNK Jensen,4,0,,,,,,,,,
1023687,2016/17,2016-12-26,Allan Border Field,2,7.3,Brisbane Heat,Melbourne Stars,DJS Dottin,KL Short,HNK Jensen,0,0,,,,,,,,,
1023687,2016/17,2016-12-26,Allan Border Field,2,7.4,Brisbane Heat,Melbourne Stars,DJS Dottin,KL Short,HNK Jensen,1,0,,,,,,,,,
1023687,2016/17,2016-12-26,Allan Border Field,2,7.5,Brisbane Heat,Melbourne Stars,KL Short,DJS Dottin,HNK Jensen,0,0,,,,,,,,,
1023687,2016/17,2016-12-26,Allan Border Field,2,7.6,Brisbane Heat,Melbourne Stars,KL Short,DJS Dottin,HNK Jensen,1,0,,,,,,,,,
1023687,2016/17,2016-12-26,Allan Border Field,2,8.1,Brisbane Heat,Melbourne Stars,KL Short,DJS Dottin,A King,1,0,,,,,,,,,
1023687,2016/17,2016-12-26,Allan Border Field,2,8.2,Brisbane Heat,Melbourne Stars,DJS Dottin,KL Short,A King,1,0,,,,,,,,,
1023687,2016/17,2016-12-26,Allan Border Field,2,8.3,Brisbane Heat,Melbourne Stars,KL Short,DJS Dottin,A King,4,0,,,,,,,,,
1023687,2016/17,2016-12-26,Allan Border Field,2,8.4,Brisbane Heat,Melbourne Stars,KL Short,DJS Dottin,A King,1,0,,,,,,,,,
1023687,2016/17,2016-12-26,Allan Border Field,2,8.5,Brisbane Heat,Melbourne Stars,DJS Dottin,KL Short,A King,1,0,,,,,,,,,
1023687,2016/17,2016-12-26,Allan Border Field,2,8.6,Brisbane Heat,Melbourne Stars,KL Short,DJS Dottin,A King,0,0,,,,,,,,,
1023687,2016/17,2016-12-26,Allan Border Field,2,9.1,Brisbane Heat,Melbourne Stars,DJS Dottin,KL Short,GL Triscari,0,0,,,,,,,,,
1023687,2016/17,2016-12-26,Allan Border Field,2,9.2,Brisbane Heat,Melbourne Stars,DJS Dottin,KL Short,GL Triscari,0,0,,,,,,,,,
1023687,2016/17,2016-12-26,Allan Border Field,2,9.3,Brisbane Heat,Melbourne Stars,DJS Dottin,KL Short,GL Triscari,0,0,,,,,,,,,
1023687,2016/17,2016-12-26,Allan Border Field,2,9.4,Brisbane Heat,Melbourne Stars,DJS Dottin,KL Short,GL Triscari,0,0,,,,,,,,,
1023687,2016/17,2016-12-26,Allan Border Field,2,9.5,Brisbane Heat,Melbourne Stars,DJS Dottin,KL Short,GL Triscari,1,0,,,,,,,,,
1023687,2016/17,2016-12-26,Allan Border Field,2,9.6,Brisbane Heat,Melbourne Stars,KL Short,DJS Dottin,GL Triscari,0,0,,,,,,,,,
1023687,2016/17,2016-12-26,Allan Border Field,2,10.1,Brisbane Heat,Melbourne Stars,DJS Dottin,KL Short,D Hazell,1,0,,,,,,,,,
1023687,2016/17,2016-12-26,Allan Border Field,2,10.2,Brisbane Heat,Melbourne Stars,KL Short,DJS Dottin,D Hazell,1,0,,,,,,,,,
1023687,2016/17,2016-12-26,Allan Border Field,2,10.3,Brisbane Heat,Melbourne Stars,DJS Dottin,KL Short,D Hazell,6,0,,,,,,,,,
1023687,2016/17,2016-12-26,Allan Border Field,2,10.4,Brisbane Heat,Melbourne Stars,DJS Dottin,KL Short,D Hazell,0,0,,,,,,,,,
1023687,2016/17,2016-12-26,Allan Border Field,2,10.5,Brisbane Heat,Melbourne Stars,DJS Dottin,KL Short,D Hazell,0,0,,,,,,,,,
1023687,2016/17,2016-12-26,Allan Border Field,2,10.6,Brisbane Heat,Melbourne Stars,DJS Dottin,KL Short,D Hazell,0,0,,,,,,,,,
1023687,2016/17,2016-12-26,Allan Border Field,2,11.1,Brisbane Heat,Melbourne Stars,KL Short,DJS Dottin,MJG Nielsen,1,0,,,,,,,,,
1023687,2016/17,2016-12-26,Allan Border Field,2,11.2,Brisbane Heat,Melbourne Stars,DJS Dottin,KL Short,MJG Nielsen,0,0,,,,,,,,,
1023687,2016/17,2016-12-26,Allan Border Field,2,11.3,Brisbane Heat,Melbourne Stars,DJS Dottin,KL Short,MJG Nielsen,0,0,,,,,,,,,
1023687,2016/17,2016-12-26,Allan Border Field,2,11.4,Brisbane Heat,Melbourne Stars,DJS Dottin,KL Short,MJG Nielsen,2,0,,,,,,,,,
1023687,2016/17,2016-12-26,Allan Border Field,2,11.5,Brisbane Heat,Melbourne Stars,DJS Dottin,KL Short,MJG Nielsen,0,0,,,,,,,,,
1023687,2016/17,2016-12-26,Allan Border Field,2,11.6,Brisbane Heat,Melbourne Stars,DJS Dottin,KL Short,MJG Nielsen,1,0,,,,,,,,,
1023687,2016/17,2016-12-26,Allan Border Field,2,12.1,Brisbane Heat,Melbourne Stars,DJS Dottin,KL Short,GL Triscari,1,0,,,,,,,,,
1023687,2016/17,2016-12-26,Allan Border Field,2,12.2,Brisbane Heat,Melbourne Stars,KL Short,DJS Dottin,GL Triscari,1,0,,,,,,,,,
1023687,2016/17,2016-12-26,Allan Border Field,2,12.3,Brisbane Heat,Melbourne Stars,DJS Dottin,KL Short,GL Triscari,0,0,,,,,,,,,
1023687,2016/17,2016-12-26,Allan Border Field,2,12.4,Brisbane Heat,Melbourne Stars,DJS Dottin,KL Short,GL Triscari,1,0,,,,,,,,,
1023687,2016/17,2016-12-26,Allan Border Field,2,12.5,Brisbane Heat,Melbourne Stars,KL Short,DJS Dottin,GL Triscari,0,0,,,,,,,,,
1023687,2016/17,2016-12-26,Allan Border Field,2,12.6,Brisbane Heat,Melbourne Stars,KL Short,DJS Dottin,GL Triscari,1,0,,,,,,,,,
1023687,2016/17,2016-12-26,Allan Border Field,2,13.1,Brisbane Heat,Melbourne Stars,KL Short,DJS Dottin,MJG Nielsen,1,0,,,,,,,,,
1023687,2016/17,2016-12-26,Allan Border Field,2,13.2,Brisbane Heat,Melbourne Stars,DJS Dottin,KL Short,MJG Nielsen,0,0,,,,,,,,,
1023687,2016/17,2016-12-26,Allan Border Field,2,13.3,Brisbane Heat,Melbourne Stars,DJS Dottin,KL Short,MJG Nielsen,0,0,,,,,,caught,DJS Dottin,,
1023687,2016/17,2016-12-26,Allan Border Field,2,13.4,Brisbane Heat,Melbourne Stars,JL Jonassen,KL Short,MJG Nielsen,0,0,,,,,,,,,
1023687,2016/17,2016-12-26,Allan Border Field,2,13.5,Brisbane Heat,Melbourne Stars,JL Jonassen,KL Short,MJG Nielsen,1,0,,,,,,,,,
1023687,2016/17,2016-12-26,Allan Border Field,2,13.6,Brisbane Heat,Melbourne Stars,KL Short,JL Jonassen,MJG Nielsen,0,0,,,,,,caught,KL Short,,
1023687,2016/17,2016-12-26,Allan Border Field,2,14.1,Brisbane Heat,Melbourne Stars,JL Jonassen,JL Barsby,HNK Jensen,1,0,,,,,,,,,
1023687,2016/17,2016-12-26,Allan Border Field,2,14.2,Brisbane Heat,Melbourne Stars,JL Barsby,JL Jonassen,HNK Jensen,1,0,,,,,,,,,
1023687,2016/17,2016-12-26,Allan Border Field,2,14.3,Brisbane Heat,Melbourne Stars,JL Jonassen,JL Barsby,HNK Jensen,1,0,,,,,,,,,
1023687,2016/17,2016-12-26,Allan Border Field,2,14.4,Brisbane Heat,Melbourne Stars,JL Barsby,JL Jonassen,HNK Jensen,0,0,,,,,,,,,
1023687,2016/17,2016-12-26,Allan Border Field,2,14.5,Brisbane Heat,Melbourne Stars,JL Barsby,JL Jonassen,HNK Jensen,1,0,,,,,,,,,
1023687,2016/17,2016-12-26,Allan Border Field,2,14.6,Brisbane Heat,Melbourne Stars,JL Jonassen,JL Barsby,HNK Jensen,0,0,,,,,,,,,
1023687,2016/17,2016-12-26,Allan Border Field,2,15.1,Brisbane Heat,Melbourne Stars,JL Barsby,JL Jonassen,E Kearney,0,0,,,,,,,,,
1023687,2016/17,2016-12-26,Allan Border Field,2,15.2,Brisbane Heat,Melbourne Stars,JL Barsby,JL Jonassen,E Kearney,0,0,,,,,,,,,
1023687,2016/17,2016-12-26,Allan Border Field,2,15.3,Brisbane Heat,Melbourne Stars,JL Barsby,JL Jonassen,E Kearney,1,0,,,,,,,,,
1023687,2016/17,2016-12-26,Allan Border Field,2,15.4,Brisbane Heat,Melbourne Stars,JL Jonassen,JL Barsby,E Kearney,1,0,,,,,,,,,
1023687,2016/17,2016-12-26,Allan Border Field,2,15.5,Brisbane Heat,Melbourne Stars,JL Barsby,JL Jonassen,E Kearney,1,0,,,,,,,,,
1023687,2016/17,2016-12-26,Allan Border Field,2,15.6,Brisbane Heat,Melbourne Stars,JL Jonassen,JL Barsby,E Kearney,1,0,,,,,,,,,
1023687,2016/17,2016-12-26,Allan Border Field,2,16.1,Brisbane Heat,Melbourne Stars,JL Jonassen,JL Barsby,MJG Nielsen,1,0,,,,,,,,,
1023687,2016/17,2016-12-26,Allan Border Field,2,16.2,Brisbane Heat,Melbourne Stars,JL Barsby,JL Jonassen,MJG Nielsen,0,0,,,,,,,,,
1023687,2016/17,2016-12-26,Allan Border Field,2,16.3,Brisbane Heat,Melbourne Stars,JL Barsby,JL Jonassen,MJG Nielsen,4,0,,,,,,,,,
1023687,2016/17,2016-12-26,Allan Border Field,2,16.4,Brisbane Heat,Melbourne Stars,JL Barsby,JL Jonassen,MJG Nielsen,0,0,,,,,,,,,
1023687,2016/17,2016-12-26,Allan Border Field,2,16.5,Brisbane Heat,Melbourne Stars,JL Barsby,JL Jonassen,MJG Nielsen,0,0,,,,,,caught,JL Barsby,,
1023687,2016/17,2016-12-26,Allan Border Field,2,16.6,Brisbane Heat,Melbourne Stars,JL Jonassen,H Birkett,MJG Nielsen,1,0,,,,,,,,,
1023687,2016/17,2016-12-26,Allan Border Field,2,17.1,Brisbane Heat,Melbourne Stars,JL Jonassen,H Birkett,D Hazell,1,0,,,,,,,,,
1023687,2016/17,2016-12-26,Allan Border Field,2,17.2,Brisbane Heat,Melbourne Stars,H Birkett,JL Jonassen,D Hazell,1,0,,,,,,,,,
1023687,2016/17,2016-12-26,Allan Border Field,2,17.3,Brisbane Heat,Melbourne Stars,JL Jonassen,H Birkett,D Hazell,0,0,,,,,,,,,
1023687,2016/17,2016-12-26,Allan Border Field,2,17.4,Brisbane Heat,Melbourne Stars,JL Jonassen,H Birkett,D Hazell,0,0,,,,,,,,,
1023687,2016/17,2016-12-26,Allan Border Field,2,17.5,Brisbane Heat,Melbourne Stars,JL Jonassen,H Birkett,D Hazell,2,0,,,,,,,,,
1023687,2016/17,2016-12-26,Allan Border Field,2,17.6,Brisbane Heat,Melbourne Stars,JL Jonassen,H Birkett,D Hazell,0,0,,,,,,,,,
1023687,2016/17,2016-12-26,Allan Border Field,2,18.1,Brisbane Heat,Melbourne Stars,H Birkett,JL Jonassen,MJG Nielsen,1,0,,,,,,,,,
1023687,2016/17,2016-12-26,Allan Border Field,2,18.2,Brisbane Heat,Melbourne Stars,JL Jonassen,H Birkett,MJG Nielsen,2,0,,,,,,,,,
1023687,2016/17,2016-12-26,Allan Border Field,2,18.3,Brisbane Heat,Melbourne Stars,JL Jonassen,H Birkett,MJG Nielsen,1,0,,,,,,,,,
1023687,2016/17,2016-12-26,Allan Border Field,2,18.4,Brisbane Heat,Melbourne Stars,H Birkett,JL Jonassen,MJG Nielsen,1,0,,,,,,,,,
1023687,2016/17,2016-12-26,Allan Border Field,2,18.5,Brisbane Heat,Melbourne Stars,JL Jonassen,H Birkett,MJG Nielsen,1,0,,,,,,,,,
1023687,2016/17,2016-12-26,Allan Border Field,2,18.6,Brisbane Heat,Melbourne Stars,H Birkett,JL Jonassen,MJG Nielsen,1,0,,,,,,,,,
1023687,2016/17,2016-12-26,Allan Border Field,2,19.1,Brisbane Heat,Melbourne Stars,H Birkett,JL Jonassen,GL Triscari,1,0,,,,,,,,,
1023687,2016/17,2016-12-26,Allan Border Field,2,19.2,Brisbane Heat,Melbourne Stars,JL Jonassen,H Birkett,GL Triscari,0,0,,,,,,caught,JL Jonassen,,
1023687,2016/17,2016-12-26,Allan Border Field,2,19.3,Brisbane Heat,Melbourne Stars,H Birkett,SJ Johnson,GL Triscari,1,0,,,,,,,,,
1023687,2016/17,2016-12-26,Allan Border Field,2,19.4,Brisbane Heat,Melbourne Stars,SJ Johnson,H Birkett,GL Triscari,0,0,,,,,,,,,
1023687,2016/17,2016-12-26,Allan Border Field,2,19.5,Brisbane Heat,Melbourne Stars,SJ Johnson,H Birkett,GL Triscari,2,0,,,,,,,,,
1023687,2016/17,2016-12-26,Allan Border Field,2,19.6,Brisbane Heat,Melbourne Stars,SJ Johnson,H Birkett,GL Triscari,1,0,,,,,,,,,
