match_id,season,start_date,venue,innings,ball,batting_team,bowling_team,striker,non_striker,bowler,runs_off_bat,extras,wides,noballs,byes,legbyes,penalty,wicket_type,player_dismissed,other_wicket_type,other_player_dismissed
1023709,2016/17,2017-01-02,Blacktown International Sportspark,1,0.1,Sydney Thunder,Brisbane Heat,RL Haynes,NE Stalenberg,JL Jonassen,1,0,,,,,,,,,
1023709,2016/17,2017-01-02,Blacktown International Sportspark,1,0.2,Sydney Thunder,Brisbane Heat,NE Stalenberg,RL Haynes,JL Jonassen,0,0,,,,,,,,,
1023709,2016/17,2017-01-02,Blacktown International Sportspark,1,0.3,Sydney Thunder,Brisbane Heat,NE Stalenberg,RL Haynes,JL Jonassen,0,0,,,,,,,,,
1023709,2016/17,2017-01-02,Blacktown International Sportspark,1,0.4,Sydney Thunder,Brisbane Heat,NE Stalenberg,RL Haynes,JL Jonassen,1,0,,,,,,,,,
1023709,2016/17,2017-01-02,Blacktown International Sportspark,1,0.5,Sydney Thunder,Brisbane Heat,RL Haynes,NE Stalenberg,JL Jonassen,1,0,,,,,,,,,
1023709,2016/17,2017-01-02,Blacktown International Sportspark,1,0.6,Sydney Thunder,Brisbane Heat,NE Stalenberg,RL Haynes,JL Jonassen,0,0,,,,,,,,,
1023709,2016/17,2017-01-02,Blacktown International Sportspark,1,1.1,Sydney Thunder,Brisbane Heat,RL Haynes,NE Stalenberg,H Birkett,0,0,,,,,,,,,
1023709,2016/17,2017-01-02,Blacktown International Sportspark,1,1.2,Sydney Thunder,Brisbane Heat,RL Haynes,NE Stalenberg,H Birkett,4,0,,,,,,,,,
1023709,2016/17,2017-01-02,Blacktown International Sportspark,1,1.3,Sydney Thunder,Brisbane Heat,RL Haynes,NE Stalenberg,H Birkett,1,0,,,,,,,,,
1023709,2016/17,2017-01-02,Blacktown International Sportspark,1,1.4,Sydney Thunder,Brisbane Heat,NE Stalenberg,RL Haynes,H Birkett,0,0,,,,,,,,,
1023709,2016/17,2017-01-02,Blacktown International Sportspark,1,1.5,Sydney Thunder,Brisbane Heat,NE Stalenberg,RL Haynes,H Birkett,4,0,,,,,,,,,
1023709,2016/17,2017-01-02,Blacktown International Sportspark,1,1.6,Sydney Thunder,Brisbane Heat,NE Stalenberg,RL Haynes,H Birkett,0,0,,,,,,,,,
1023709,2016/17,2017-01-02,Blacktown International Sportspark,1,2.1,Sydney Thunder,Brisbane Heat,RL Haynes,NE Stalenberg,JL Jonassen,4,0,,,,,,,,,
1023709,2016/17,2017-01-02,Blacktown International Sportspark,1,2.2,Sydney Thunder,Brisbane Heat,RL Haynes,NE Stalenberg,JL Jonassen,1,0,,,,,,,,,
1023709,2016/17,2017-01-02,Blacktown International Sportspark,1,2.3,Sydney Thunder,Brisbane Heat,NE Stalenberg,RL Haynes,JL Jonassen,0,0,,,,,,caught,NE Stalenberg,,
1023709,2016/17,2017-01-02,Blacktown International Sportspark,1,2.4,Sydney Thunder,Brisbane Heat,RL Haynes,AJ Blackwell,JL Jonassen,1,0,,,,,,,,,
1023709,2016/17,2017-01-02,Blacktown International Sportspark,1,2.5,Sydney Thunder,Brisbane Heat,AJ Blackwell,RL Haynes,JL Jonassen,1,0,,,,,,,,,
1023709,2016/17,2017-01-02,Blacktown International Sportspark,1,2.6,Sydney Thunder,Brisbane Heat,RL Haynes,AJ Blackwell,JL Jonassen,0,0,,,,,,,,,
1023709,2016/17,2017-01-02,Blacktown International Sportspark,1,3.1,Sydney Thunder,Brisbane Heat,AJ Blackwell,RL Haynes,SJ Johnson,1,0,,,,,,,,,
1023709,2016/17,2017-01-02,Blacktown International Sportspark,1,3.2,Sydney Thunder,Brisbane Heat,RL Haynes,AJ Blackwell,SJ Johnson,0,0,,,,,,,,,
1023709,2016/17,2017-01-02,Blacktown International Sportspark,1,3.3,Sydney Thunder,Brisbane Heat,RL Haynes,AJ Blackwell,SJ Johnson,4,0,,,,,,,,,
1023709,2016/17,2017-01-02,Blacktown International Sportspark,1,3.4,Sydney Thunder,Brisbane Heat,RL Haynes,AJ Blackwell,SJ Johnson,0,1,,,,1,,,,,
1023709,2016/17,2017-01-02,Blacktown International Sportspark,1,3.5,Sydney Thunder,Brisbane Heat,AJ Blackwell,RL Haynes,SJ Johnson,0,0,,,,,,,,,
1023709,2016/17,2017-01-02,Blacktown International Sportspark,1,3.6,Sydney Thunder,Brisbane Heat,AJ Blackwell,RL Haynes,SJ Johnson,0,0,,,,,,,,,
1023709,2016/17,2017-01-02,Blacktown International Sportspark,1,4.1,Sydney Thunder,Brisbane Heat,RL Haynes,AJ Blackwell,DM Kimmince,0,0,,,,,,,,,
1023709,2016/17,2017-01-02,Blacktown International Sportspark,1,4.2,Sydney Thunder,Brisbane Heat,RL Haynes,AJ Blackwell,DM Kimmince,0,0,,,,,,,,,
1023709,2016/17,2017-01-02,Blacktown International Sportspark,1,4.3,Sydney Thunder,Brisbane Heat,RL Haynes,AJ Blackwell,DM Kimmince,1,0,,,,,,,,,
1023709,2016/17,2017-01-02,Blacktown International Sportspark,1,4.4,Sydney Thunder,Brisbane Heat,AJ Blackwell,RL Haynes,DM Kimmince,0,0,,,,,,,,,
1023709,2016/17,2017-01-02,Blacktown International Sportspark,1,4.5,Sydney Thunder,Brisbane Heat,AJ Blackwell,RL Haynes,DM Kimmince,0,0,,,,,,,,,
1023709,2016/17,2017-01-02,Blacktown International Sportspark,1,4.6,Sydney Thunder,Brisbane Heat,AJ Blackwell,RL Haynes,DM Kimmince,4,0,,,,,,,,,
1023709,2016/17,2017-01-02,Blacktown International Sportspark,1,5.1,Sydney Thunder,Brisbane Heat,RL Haynes,AJ Blackwell,SJ Johnson,1,0,,,,,,,,,
1023709,2016/17,2017-01-02,Blacktown International Sportspark,1,5.2,Sydney Thunder,Brisbane Heat,AJ Blackwell,RL Haynes,SJ Johnson,0,0,,,,,,,,,
1023709,2016/17,2017-01-02,Blacktown International Sportspark,1,5.3,Sydney Thunder,Brisbane Heat,AJ Blackwell,RL Haynes,SJ Johnson,0,0,,,,,,,,,
1023709,2016/17,2017-01-02,Blacktown International Sportspark,1,5.4,Sydney Thunder,Brisbane Heat,AJ Blackwell,RL Haynes,SJ Johnson,0,0,,,,,,,,,
1023709,2016/17,2017-01-02,Blacktown International Sportspark,1,5.5,Sydney Thunder,Brisbane Heat,AJ Blackwell,RL Haynes,SJ Johnson,0,0,,,,,,,,,
1023709,2016/17,2017-01-02,Blacktown International Sportspark,1,5.6,Sydney Thunder,Brisbane Heat,AJ Blackwell,RL Haynes,SJ Johnson,0,0,,,,,,,,,
1023709,2016/17,2017-01-02,Blacktown International Sportspark,1,6.1,Sydney Thunder,Brisbane Heat,RL Haynes,AJ Blackwell,DM Kimmince,1,0,,,,,,,,,
1023709,2016/17,2017-01-02,Blacktown International Sportspark,1,6.2,Sydney Thunder,Brisbane Heat,AJ Blackwell,RL Haynes,DM Kimmince,1,0,,,,,,,,,
1023709,2016/17,2017-01-02,Blacktown International Sportspark,1,6.3,Sydney Thunder,Brisbane Heat,RL Haynes,AJ Blackwell,DM Kimmince,0,0,,,,,,,,,
1023709,2016/17,2017-01-02,Blacktown International Sportspark,1,6.4,Sydney Thunder,Brisbane Heat,RL Haynes,AJ Blackwell,DM Kimmince,6,0,,,,,,,,,
1023709,2016/17,2017-01-02,Blacktown International Sportspark,1,6.5,Sydney Thunder,Brisbane Heat,RL Haynes,AJ Blackwell,DM Kimmince,4,0,,,,,,,,,
1023709,2016/17,2017-01-02,Blacktown International Sportspark,1,6.6,Sydney Thunder,Brisbane Heat,RL Haynes,AJ Blackwell,DM Kimmince,1,0,,,,,,,,,
1023709,2016/17,2017-01-02,Blacktown International Sportspark,1,7.1,Sydney Thunder,Brisbane Heat,RL Haynes,AJ Blackwell,SJ Johnson,4,0,,,,,,,,,
1023709,2016/17,2017-01-02,Blacktown International Sportspark,1,7.2,Sydney Thunder,Brisbane Heat,RL Haynes,AJ Blackwell,SJ Johnson,0,0,,,,,,,,,
1023709,2016/17,2017-01-02,Blacktown International Sportspark,1,7.3,Sydney Thunder,Brisbane Heat,RL Haynes,AJ Blackwell,SJ Johnson,0,1,,,,1,,,,,
1023709,2016/17,2017-01-02,Blacktown International Sportspark,1,7.4,Sydney Thunder,Brisbane Heat,AJ Blackwell,RL Haynes,SJ Johnson,1,0,,,,,,,,,
1023709,2016/17,2017-01-02,Blacktown International Sportspark,1,7.5,Sydney Thunder,Brisbane Heat,RL Haynes,AJ Blackwell,SJ Johnson,0,0,,,,,,,,,
1023709,2016/17,2017-01-02,Blacktown International Sportspark,1,7.6,Sydney Thunder,Brisbane Heat,RL Haynes,AJ Blackwell,SJ Johnson,0,0,,,,,,,,,
1023709,2016/17,2017-01-02,Blacktown International Sportspark,1,8.1,Sydney Thunder,Brisbane Heat,AJ Blackwell,RL Haynes,K Sutherland,1,0,,,,,,,,,
1023709,2016/17,2017-01-02,Blacktown International Sportspark,1,8.2,Sydney Thunder,Brisbane Heat,RL Haynes,AJ Blackwell,K Sutherland,1,0,,,,,,,,,
1023709,2016/17,2017-01-02,Blacktown International Sportspark,1,8.3,Sydney Thunder,Brisbane Heat,AJ Blackwell,RL Haynes,K Sutherland,0,0,,,,,,,,,
1023709,2016/17,2017-01-02,Blacktown International Sportspark,1,8.4,Sydney Thunder,Brisbane Heat,AJ Blackwell,RL Haynes,K Sutherland,0,0,,,,,,,,,
1023709,2016/17,2017-01-02,Blacktown International Sportspark,1,8.5,Sydney Thunder,Brisbane Heat,AJ Blackwell,RL Haynes,K Sutherland,1,0,,,,,,,,,
1023709,2016/17,2017-01-02,Blacktown International Sportspark,1,8.6,Sydney Thunder,Brisbane Heat,RL Haynes,AJ Blackwell,K Sutherland,4,0,,,,,,,,,
1023709,2016/17,2017-01-02,Blacktown International Sportspark,1,9.1,Sydney Thunder,Brisbane Heat,AJ Blackwell,RL Haynes,JL Barsby,0,0,,,,,,,,,
1023709,2016/17,2017-01-02,Blacktown International Sportspark,1,9.2,Sydney Thunder,Brisbane Heat,AJ Blackwell,RL Haynes,JL Barsby,4,0,,,,,,,,,
1023709,2016/17,2017-01-02,Blacktown International Sportspark,1,9.3,Sydney Thunder,Brisbane Heat,AJ Blackwell,RL Haynes,JL Barsby,4,0,,,,,,,,,
1023709,2016/17,2017-01-02,Blacktown International Sportspark,1,9.4,Sydney Thunder,Brisbane Heat,AJ Blackwell,RL Haynes,JL Barsby,1,0,,,,,,,,,
1023709,2016/17,2017-01-02,Blacktown International Sportspark,1,9.5,Sydney Thunder,Brisbane Heat,RL Haynes,AJ Blackwell,JL Barsby,0,0,,,,,,caught,RL Haynes,,
1023709,2016/17,2017-01-02,Blacktown International Sportspark,1,9.6,Sydney Thunder,Brisbane Heat,AJ Blackwell,H Kaur,JL Barsby,0,0,,,,,,,,,
1023709,2016/17,2017-01-02,Blacktown International Sportspark,1,10.1,Sydney Thunder,Brisbane Heat,H Kaur,AJ Blackwell,H Birkett,0,0,,,,,,,,,
1023709,2016/17,2017-01-02,Blacktown International Sportspark,1,10.2,Sydney Thunder,Brisbane Heat,H Kaur,AJ Blackwell,H Birkett,2,0,,,,,,,,,
1023709,2016/17,2017-01-02,Blacktown International Sportspark,1,10.3,Sydney Thunder,Brisbane Heat,H Kaur,AJ Blackwell,H Birkett,0,0,,,,,,,,,
1023709,2016/17,2017-01-02,Blacktown International Sportspark,1,10.4,Sydney Thunder,Brisbane Heat,H Kaur,AJ Blackwell,H Birkett,0,0,,,,,,,,,
1023709,2016/17,2017-01-02,Blacktown International Sportspark,1,10.5,Sydney Thunder,Brisbane Heat,H Kaur,AJ Blackwell,H Birkett,0,0,,,,,,,,,
1023709,2016/17,2017-01-02,Blacktown International Sportspark,1,10.6,Sydney Thunder,Brisbane Heat,H Kaur,AJ Blackwell,H Birkett,0,0,,,,,,,,,
1023709,2016/17,2017-01-02,Blacktown International Sportspark,1,11.1,Sydney Thunder,Brisbane Heat,AJ Blackwell,H Kaur,JL Barsby,0,0,,,,,,,,,
1023709,2016/17,2017-01-02,Blacktown International Sportspark,1,11.2,Sydney Thunder,Brisbane Heat,AJ Blackwell,H Kaur,JL Barsby,0,0,,,,,,,,,
1023709,2016/17,2017-01-02,Blacktown International Sportspark,1,11.3,Sydney Thunder,Brisbane Heat,AJ Blackwell,H Kaur,JL Barsby,0,0,,,,,,,,,
1023709,2016/17,2017-01-02,Blacktown International Sportspark,1,11.4,Sydney Thunder,Brisbane Heat,AJ Blackwell,H Kaur,JL Barsby,1,0,,,,,,,,,
1023709,2016/17,2017-01-02,Blacktown International Sportspark,1,11.5,Sydney Thunder,Brisbane Heat,H Kaur,AJ Blackwell,JL Barsby,1,0,,,,,,,,,
1023709,2016/17,2017-01-02,Blacktown International Sportspark,1,11.6,Sydney Thunder,Brisbane Heat,AJ Blackwell,H Kaur,JL Barsby,0,0,,,,,,,,,
1023709,2016/17,2017-01-02,Blacktown International Sportspark,1,12.1,Sydney Thunder,Brisbane Heat,H Kaur,AJ Blackwell,H Birkett,1,0,,,,,,,,,
1023709,2016/17,2017-01-02,Blacktown International Sportspark,1,12.2,Sydney Thunder,Brisbane Heat,AJ Blackwell,H Kaur,H Birkett,0,0,,,,,,caught,AJ Blackwell,,
1023709,2016/17,2017-01-02,Blacktown International Sportspark,1,12.3,Sydney Thunder,Brisbane Heat,H Kaur,NJ Carey,H Birkett,0,0,,,,,,,,,
1023709,2016/17,2017-01-02,Blacktown International Sportspark,1,12.4,Sydney Thunder,Brisbane Heat,H Kaur,NJ Carey,H Birkett,0,0,,,,,,,,,
1023709,2016/17,2017-01-02,Blacktown International Sportspark,1,12.5,Sydney Thunder,Brisbane Heat,H Kaur,NJ Carey,H Birkett,1,0,,,,,,,,,
1023709,2016/17,2017-01-02,Blacktown International Sportspark,1,12.6,Sydney Thunder,Brisbane Heat,NJ Carey,H Kaur,H Birkett,0,0,,,,,,,,,
1023709,2016/17,2017-01-02,Blacktown International Sportspark,1,13.1,Sydney Thunder,Brisbane Heat,H Kaur,NJ Carey,SJ Johnson,1,0,,,,,,,,,
1023709,2016/17,2017-01-02,Blacktown International Sportspark,1,13.2,Sydney Thunder,Brisbane Heat,NJ Carey,H Kaur,SJ Johnson,1,1,,1,,,,,,,
1023709,2016/17,2017-01-02,Blacktown International Sportspark,1,13.3,Sydney Thunder,Brisbane Heat,H Kaur,NJ Carey,SJ Johnson,0,0,,,,,,,,,
1023709,2016/17,2017-01-02,Blacktown International Sportspark,1,13.4,Sydney Thunder,Brisbane Heat,H Kaur,NJ Carey,SJ Johnson,0,0,,,,,,,,,
1023709,2016/17,2017-01-02,Blacktown International Sportspark,1,13.5,Sydney Thunder,Brisbane Heat,H Kaur,NJ Carey,SJ Johnson,1,0,,,,,,,,,
1023709,2016/17,2017-01-02,Blacktown International Sportspark,1,13.6,Sydney Thunder,Brisbane Heat,NJ Carey,H Kaur,SJ Johnson,0,0,,,,,,,,,
1023709,2016/17,2017-01-02,Blacktown International Sportspark,1,13.7,Sydney Thunder,Brisbane Heat,NJ Carey,H Kaur,SJ Johnson,1,0,,,,,,,,,
1023709,2016/17,2017-01-02,Blacktown International Sportspark,1,14.1,Sydney Thunder,Brisbane Heat,NJ Carey,H Kaur,H Birkett,0,0,,,,,,,,,
1023709,2016/17,2017-01-02,Blacktown International Sportspark,1,14.2,Sydney Thunder,Brisbane Heat,NJ Carey,H Kaur,H Birkett,4,0,,,,,,,,,
1023709,2016/17,2017-01-02,Blacktown International Sportspark,1,14.3,Sydney Thunder,Brisbane Heat,NJ Carey,H Kaur,H Birkett,0,0,,,,,,caught and bowled,NJ Carey,,
1023709,2016/17,2017-01-02,Blacktown International Sportspark,1,14.4,Sydney Thunder,Brisbane Heat,M Hinkley,H Kaur,H Birkett,4,0,,,,,,,,,
1023709,2016/17,2017-01-02,Blacktown International Sportspark,1,14.5,Sydney Thunder,Brisbane Heat,M Hinkley,H Kaur,H Birkett,4,0,,,,,,,,,
1023709,2016/17,2017-01-02,Blacktown International Sportspark,1,14.6,Sydney Thunder,Brisbane Heat,M Hinkley,H Kaur,H Birkett,0,0,,,,,,run out,M Hinkley,,
1023709,2016/17,2017-01-02,Blacktown International Sportspark,1,15.1,Sydney Thunder,Brisbane Heat,H Kaur,EA Osborne,JL Barsby,1,0,,,,,,,,,
1023709,2016/17,2017-01-02,Blacktown International Sportspark,1,15.2,Sydney Thunder,Brisbane Heat,EA Osborne,H Kaur,JL Barsby,1,0,,,,,,,,,
1023709,2016/17,2017-01-02,Blacktown International Sportspark,1,15.3,Sydney Thunder,Brisbane Heat,H Kaur,EA Osborne,JL Barsby,3,0,,,,,,,,,
1023709,2016/17,2017-01-02,Blacktown International Sportspark,1,15.4,Sydney Thunder,Brisbane Heat,EA Osborne,H Kaur,JL Barsby,1,0,,,,,,,,,
1023709,2016/17,2017-01-02,Blacktown International Sportspark,1,15.5,Sydney Thunder,Brisbane Heat,H Kaur,EA Osborne,JL Barsby,1,0,,,,,,,,,
1023709,2016/17,2017-01-02,Blacktown International Sportspark,1,15.6,Sydney Thunder,Brisbane Heat,EA Osborne,H Kaur,JL Barsby,1,0,,,,,,,,,
1023709,2016/17,2017-01-02,Blacktown International Sportspark,1,16.1,Sydney Thunder,Brisbane Heat,EA Osborne,H Kaur,JL Jonassen,1,0,,,,,,,,,
1023709,2016/17,2017-01-02,Blacktown International Sportspark,1,16.2,Sydney Thunder,Brisbane Heat,H Kaur,EA Osborne,JL Jonassen,1,0,,,,,,,,,
1023709,2016/17,2017-01-02,Blacktown International Sportspark,1,16.3,Sydney Thunder,Brisbane Heat,EA Osborne,H Kaur,JL Jonassen,4,0,,,,,,,,,
1023709,2016/17,2017-01-02,Blacktown International Sportspark,1,16.4,Sydney Thunder,Brisbane Heat,EA Osborne,H Kaur,JL Jonassen,2,0,,,,,,,,,
1023709,2016/17,2017-01-02,Blacktown International Sportspark,1,16.5,Sydney Thunder,Brisbane Heat,EA Osborne,H Kaur,JL Jonassen,1,0,,,,,,,,,
1023709,2016/17,2017-01-02,Blacktown International Sportspark,1,16.6,Sydney Thunder,Brisbane Heat,H Kaur,EA Osborne,JL Jonassen,1,0,,,,,,,,,
1023709,2016/17,2017-01-02,Blacktown International Sportspark,1,17.1,Sydney Thunder,Brisbane Heat,H Kaur,EA Osborne,DM Kimmince,1,0,,,,,,,,,
1023709,2016/17,2017-01-02,Blacktown International Sportspark,1,17.2,Sydney Thunder,Brisbane Heat,EA Osborne,H Kaur,DM Kimmince,0,4,,,4,,,,,,
1023709,2016/17,2017-01-02,Blacktown International Sportspark,1,17.3,Sydney Thunder,Brisbane Heat,EA Osborne,H Kaur,DM Kimmince,0,0,,,,,,bowled,EA Osborne,,
1023709,2016/17,2017-01-02,Blacktown International Sportspark,1,17.4,Sydney Thunder,Brisbane Heat,CJ Koski,H Kaur,DM Kimmince,1,0,,,,,,,,,
1023709,2016/17,2017-01-02,Blacktown International Sportspark,1,17.5,Sydney Thunder,Brisbane Heat,H Kaur,CJ Koski,DM Kimmince,1,0,,,,,,,,,
1023709,2016/17,2017-01-02,Blacktown International Sportspark,1,17.6,Sydney Thunder,Brisbane Heat,CJ Koski,H Kaur,DM Kimmince,1,0,,,,,,,,,
1023709,2016/17,2017-01-02,Blacktown International Sportspark,1,18.1,Sydney Thunder,Brisbane Heat,CJ Koski,H Kaur,JL Jonassen,1,0,,,,,,,,,
1023709,2016/17,2017-01-02,Blacktown International Sportspark,1,18.2,Sydney Thunder,Brisbane Heat,H Kaur,CJ Koski,JL Jonassen,1,0,,,,,,,,,
1023709,2016/17,2017-01-02,Blacktown International Sportspark,1,18.3,Sydney Thunder,Brisbane Heat,CJ Koski,H Kaur,JL Jonassen,0,0,,,,,,,,,
1023709,2016/17,2017-01-02,Blacktown International Sportspark,1,18.4,Sydney Thunder,Brisbane Heat,CJ Koski,H Kaur,JL Jonassen,4,0,,,,,,,,,
1023709,2016/17,2017-01-02,Blacktown International Sportspark,1,18.5,Sydney Thunder,Brisbane Heat,CJ Koski,H Kaur,JL Jonassen,0,1,,,,1,,,,,
1023709,2016/17,2017-01-02,Blacktown International Sportspark,1,18.6,Sydney Thunder,Brisbane Heat,H Kaur,CJ Koski,JL Jonassen,1,0,,,,,,,,,
1023709,2016/17,2017-01-02,Blacktown International Sportspark,1,19.1,Sydney Thunder,Brisbane Heat,H Kaur,CJ Koski,DM Kimmince,1,0,,,,,,,,,
1023709,2016/17,2017-01-02,Blacktown International Sportspark,1,19.2,Sydney Thunder,Brisbane Heat,CJ Koski,H Kaur,DM Kimmince,1,0,,,,,,,,,
1023709,2016/17,2017-01-02,Blacktown International Sportspark,1,19.3,Sydney Thunder,Brisbane Heat,H Kaur,CJ Koski,DM Kimmince,0,0,,,,,,run out,CJ Koski,,
1023709,2016/17,2017-01-02,Blacktown International Sportspark,1,19.4,Sydney Thunder,Brisbane Heat,H Kaur,L Cheatle,DM Kimmince,1,0,,,,,,run out,L Cheatle,,
1023709,2016/17,2017-01-02,Blacktown International Sportspark,1,19.5,Sydney Thunder,Brisbane Heat,H Kaur,RM Farrell,DM Kimmince,4,0,,,,,,,,,
1023709,2016/17,2017-01-02,Blacktown International Sportspark,1,19.6,Sydney Thunder,Brisbane Heat,H Kaur,RM Farrell,DM Kimmince,2,0,,,,,,,,,
1023709,2016/17,2017-01-02,Blacktown International Sportspark,2,0.1,Brisbane Heat,Sydney Thunder,BL Mooney,KL Short,L Cheatle,1,0,,,,,,,,,
1023709,2016/17,2017-01-02,Blacktown International Sportspark,2,0.2,Brisbane Heat,Sydney Thunder,KL Short,BL Mooney,L Cheatle,0,1,,,,1,,,,,
1023709,2016/17,2017-01-02,Blacktown International Sportspark,2,0.3,Brisbane Heat,Sydney Thunder,BL Mooney,KL Short,L Cheatle,0,0,,,,,,,,,
1023709,2016/17,2017-01-02,Blacktown International Sportspark,2,0.4,Brisbane Heat,Sydney Thunder,BL Mooney,KL Short,L Cheatle,0,1,1,,,,,,,,
1023709,2016/17,2017-01-02,Blacktown International Sportspark,2,0.5,Brisbane Heat,Sydney Thunder,BL Mooney,KL Short,L Cheatle,0,0,,,,,,,,,
1023709,2016/17,2017-01-02,Blacktown International Sportspark,2,0.6,Brisbane Heat,Sydney Thunder,BL Mooney,KL Short,L Cheatle,0,0,,,,,,,,,
1023709,2016/17,2017-01-02,Blacktown International Sportspark,2,0.7,Brisbane Heat,Sydney Thunder,BL Mooney,KL Short,L Cheatle,0,0,,,,,,,,,
1023709,2016/17,2017-01-02,Blacktown International Sportspark,2,1.1,Brisbane Heat,Sydney Thunder,KL Short,BL Mooney,SL Bates,0,0,,,,,,,,,
1023709,2016/17,2017-01-02,Blacktown International Sportspark,2,1.2,Brisbane Heat,Sydney Thunder,KL Short,BL Mooney,SL Bates,0,0,,,,,,,,,
1023709,2016/17,2017-01-02,Blacktown International Sportspark,2,1.3,Brisbane Heat,Sydney Thunder,KL Short,BL Mooney,SL Bates,1,0,,,,,,,,,
1023709,2016/17,2017-01-02,Blacktown International Sportspark,2,1.4,Brisbane Heat,Sydney Thunder,BL Mooney,KL Short,SL Bates,1,0,,,,,,,,,
1023709,2016/17,2017-01-02,Blacktown International Sportspark,2,1.5,Brisbane Heat,Sydney Thunder,KL Short,BL Mooney,SL Bates,1,0,,,,,,,,,
1023709,2016/17,2017-01-02,Blacktown International Sportspark,2,1.6,Brisbane Heat,Sydney Thunder,BL Mooney,KL Short,SL Bates,0,0,,,,,,,,,
1023709,2016/17,2017-01-02,Blacktown International Sportspark,2,2.1,Brisbane Heat,Sydney Thunder,KL Short,BL Mooney,L Cheatle,1,0,,,,,,,,,
1023709,2016/17,2017-01-02,Blacktown International Sportspark,2,2.2,Brisbane Heat,Sydney Thunder,BL Mooney,KL Short,L Cheatle,2,0,,,,,,,,,
1023709,2016/17,2017-01-02,Blacktown International Sportspark,2,2.3,Brisbane Heat,Sydney Thunder,BL Mooney,KL Short,L Cheatle,2,0,,,,,,,,,
1023709,2016/17,2017-01-02,Blacktown International Sportspark,2,2.4,Brisbane Heat,Sydney Thunder,BL Mooney,KL Short,L Cheatle,2,0,,,,,,,,,
1023709,2016/17,2017-01-02,Blacktown International Sportspark,2,2.5,Brisbane Heat,Sydney Thunder,BL Mooney,KL Short,L Cheatle,4,0,,,,,,,,,
1023709,2016/17,2017-01-02,Blacktown International Sportspark,2,2.6,Brisbane Heat,Sydney Thunder,BL Mooney,KL Short,L Cheatle,1,0,,,,,,,,,
1023709,2016/17,2017-01-02,Blacktown International Sportspark,2,3.1,Brisbane Heat,Sydney Thunder,BL Mooney,KL Short,SL Bates,0,0,,,,,,,,,
1023709,2016/17,2017-01-02,Blacktown International Sportspark,2,3.2,Brisbane Heat,Sydney Thunder,BL Mooney,KL Short,SL Bates,0,0,,,,,,,,,
1023709,2016/17,2017-01-02,Blacktown International Sportspark,2,3.3,Brisbane Heat,Sydney Thunder,BL Mooney,KL Short,SL Bates,0,0,,,,,,,,,
1023709,2016/17,2017-01-02,Blacktown International Sportspark,2,3.4,Brisbane Heat,Sydney Thunder,BL Mooney,KL Short,SL Bates,0,0,,,,,,,,,
1023709,2016/17,2017-01-02,Blacktown International Sportspark,2,3.5,Brisbane Heat,Sydney Thunder,BL Mooney,KL Short,SL Bates,1,0,,,,,,,,,
1023709,2016/17,2017-01-02,Blacktown International Sportspark,2,3.6,Brisbane Heat,Sydney Thunder,KL Short,BL Mooney,SL Bates,4,0,,,,,,,,,
1023709,2016/17,2017-01-02,Blacktown International Sportspark,2,4.1,Brisbane Heat,Sydney Thunder,BL Mooney,KL Short,RM Farrell,2,0,,,,,,,,,
1023709,2016/17,2017-01-02,Blacktown International Sportspark,2,4.2,Brisbane Heat,Sydney Thunder,BL Mooney,KL Short,RM Farrell,4,0,,,,,,,,,
1023709,2016/17,2017-01-02,Blacktown International Sportspark,2,4.3,Brisbane Heat,Sydney Thunder,BL Mooney,KL Short,RM Farrell,0,0,,,,,,,,,
1023709,2016/17,2017-01-02,Blacktown International Sportspark,2,4.4,Brisbane Heat,Sydney Thunder,BL Mooney,KL Short,RM Farrell,0,0,,,,,,,,,
1023709,2016/17,2017-01-02,Blacktown International Sportspark,2,4.5,Brisbane Heat,Sydney Thunder,BL Mooney,KL Short,RM Farrell,2,0,,,,,,,,,
1023709,2016/17,2017-01-02,Blacktown International Sportspark,2,4.6,Brisbane Heat,Sydney Thunder,BL Mooney,KL Short,RM Farrell,4,0,,,,,,,,,
1023709,2016/17,2017-01-02,Blacktown International Sportspark,2,5.1,Brisbane Heat,Sydney Thunder,KL Short,BL Mooney,EA Osborne,1,0,,,,,,,,,
1023709,2016/17,2017-01-02,Blacktown International Sportspark,2,5.2,Brisbane Heat,Sydney Thunder,BL Mooney,KL Short,EA Osborne,0,0,,,,,,,,,
1023709,2016/17,2017-01-02,Blacktown International Sportspark,2,5.3,Brisbane Heat,Sydney Thunder,BL Mooney,KL Short,EA Osborne,0,0,,,,,,,,,
1023709,2016/17,2017-01-02,Blacktown International Sportspark,2,5.4,Brisbane Heat,Sydney Thunder,BL Mooney,KL Short,EA Osborne,1,0,,,,,,,,,
1023709,2016/17,2017-01-02,Blacktown International Sportspark,2,5.5,Brisbane Heat,Sydney Thunder,KL Short,BL Mooney,EA Osborne,0,0,,,,,,,,,
1023709,2016/17,2017-01-02,Blacktown International Sportspark,2,5.6,Brisbane Heat,Sydney Thunder,KL Short,BL Mooney,EA Osborne,4,0,,,,,,,,,
1023709,2016/17,2017-01-02,Blacktown International Sportspark,2,6.1,Brisbane Heat,Sydney Thunder,BL Mooney,KL Short,NJ Carey,1,0,,,,,,,,,
1023709,2016/17,2017-01-02,Blacktown International Sportspark,2,6.2,Brisbane Heat,Sydney Thunder,KL Short,BL Mooney,NJ Carey,1,0,,,,,,,,,
1023709,2016/17,2017-01-02,Blacktown International Sportspark,2,6.3,Brisbane Heat,Sydney Thunder,BL Mooney,KL Short,NJ Carey,0,0,,,,,,,,,
1023709,2016/17,2017-01-02,Blacktown International Sportspark,2,6.4,Brisbane Heat,Sydney Thunder,BL Mooney,KL Short,NJ Carey,1,0,,,,,,,,,
1023709,2016/17,2017-01-02,Blacktown International Sportspark,2,6.5,Brisbane Heat,Sydney Thunder,KL Short,BL Mooney,NJ Carey,0,0,,,,,,,,,
1023709,2016/17,2017-01-02,Blacktown International Sportspark,2,6.6,Brisbane Heat,Sydney Thunder,KL Short,BL Mooney,NJ Carey,1,0,,,,,,,,,
1023709,2016/17,2017-01-02,Blacktown International Sportspark,2,7.1,Brisbane Heat,Sydney Thunder,KL Short,BL Mooney,EA Osborne,0,0,,,,,,,,,
1023709,2016/17,2017-01-02,Blacktown International Sportspark,2,7.2,Brisbane Heat,Sydney Thunder,KL Short,BL Mooney,EA Osborne,4,0,,,,,,,,,
1023709,2016/17,2017-01-02,Blacktown International Sportspark,2,7.3,Brisbane Heat,Sydney Thunder,KL Short,BL Mooney,EA Osborne,1,0,,,,,,,,,
1023709,2016/17,2017-01-02,Blacktown International Sportspark,2,7.4,Brisbane Heat,Sydney Thunder,BL Mooney,KL Short,EA Osborne,0,0,,,,,,,,,
1023709,2016/17,2017-01-02,Blacktown International Sportspark,2,7.5,Brisbane Heat,Sydney Thunder,BL Mooney,KL Short,EA Osborne,1,0,,,,,,,,,
1023709,2016/17,2017-01-02,Blacktown International Sportspark,2,7.6,Brisbane Heat,Sydney Thunder,KL Short,BL Mooney,EA Osborne,1,0,,,,,,,,,
1023709,2016/17,2017-01-02,Blacktown International Sportspark,2,8.1,Brisbane Heat,Sydney Thunder,KL Short,BL Mooney,NJ Carey,0,0,,,,,,,,,
1023709,2016/17,2017-01-02,Blacktown International Sportspark,2,8.2,Brisbane Heat,Sydney Thunder,KL Short,BL Mooney,NJ Carey,1,0,,,,,,,,,
1023709,2016/17,2017-01-02,Blacktown International Sportspark,2,8.3,Brisbane Heat,Sydney Thunder,BL Mooney,KL Short,NJ Carey,0,1,,1,,,,,,,
1023709,2016/17,2017-01-02,Blacktown International Sportspark,2,8.4,Brisbane Heat,Sydney Thunder,BL Mooney,KL Short,NJ Carey,0,0,,,,,,,,,
1023709,2016/17,2017-01-02,Blacktown International Sportspark,2,8.5,Brisbane Heat,Sydney Thunder,BL Mooney,KL Short,NJ Carey,0,0,,,,,,,,,
1023709,2016/17,2017-01-02,Blacktown International Sportspark,2,8.6,Brisbane Heat,Sydney Thunder,BL Mooney,KL Short,NJ Carey,1,0,,,,,,,,,
1023709,2016/17,2017-01-02,Blacktown International Sportspark,2,8.7,Brisbane Heat,Sydney Thunder,KL Short,BL Mooney,NJ Carey,1,0,,,,,,,,,
1023709,2016/17,2017-01-02,Blacktown International Sportspark,2,9.1,Brisbane Heat,Sydney Thunder,KL Short,BL Mooney,RM Farrell,1,0,,,,,,,,,
1023709,2016/17,2017-01-02,Blacktown International Sportspark,2,9.2,Brisbane Heat,Sydney Thunder,BL Mooney,KL Short,RM Farrell,0,0,,,,,,,,,
1023709,2016/17,2017-01-02,Blacktown International Sportspark,2,9.3,Brisbane Heat,Sydney Thunder,BL Mooney,KL Short,RM Farrell,2,0,,,,,,,,,
1023709,2016/17,2017-01-02,Blacktown International Sportspark,2,9.4,Brisbane Heat,Sydney Thunder,BL Mooney,KL Short,RM Farrell,1,0,,,,,,,,,
1023709,2016/17,2017-01-02,Blacktown International Sportspark,2,9.5,Brisbane Heat,Sydney Thunder,KL Short,BL Mooney,RM Farrell,1,0,,,,,,,,,
1023709,2016/17,2017-01-02,Blacktown International Sportspark,2,9.6,Brisbane Heat,Sydney Thunder,BL Mooney,KL Short,RM Farrell,0,0,,,,,,,,,
1023709,2016/17,2017-01-02,Blacktown International Sportspark,2,10.1,Brisbane Heat,Sydney Thunder,KL Short,BL Mooney,NJ Carey,1,0,,,,,,,,,
1023709,2016/17,2017-01-02,Blacktown International Sportspark,2,10.2,Brisbane Heat,Sydney Thunder,BL Mooney,KL Short,NJ Carey,0,0,,,,,,bowled,BL Mooney,,
1023709,2016/17,2017-01-02,Blacktown International Sportspark,2,10.3,Brisbane Heat,Sydney Thunder,JL Jonassen,KL Short,NJ Carey,0,0,,,,,,,,,
1023709,2016/17,2017-01-02,Blacktown International Sportspark,2,10.4,Brisbane Heat,Sydney Thunder,JL Jonassen,KL Short,NJ Carey,0,0,,,,,,,,,
1023709,2016/17,2017-01-02,Blacktown International Sportspark,2,10.5,Brisbane Heat,Sydney Thunder,JL Jonassen,KL Short,NJ Carey,1,0,,,,,,,,,
1023709,2016/17,2017-01-02,Blacktown International Sportspark,2,10.6,Brisbane Heat,Sydney Thunder,KL Short,JL Jonassen,NJ Carey,1,0,,,,,,,,,
1023709,2016/17,2017-01-02,Blacktown International Sportspark,2,11.1,Brisbane Heat,Sydney Thunder,KL Short,JL Jonassen,H Kaur,1,0,,,,,,,,,
1023709,2016/17,2017-01-02,Blacktown International Sportspark,2,11.2,Brisbane Heat,Sydney Thunder,JL Jonassen,KL Short,H Kaur,1,0,,,,,,,,,
1023709,2016/17,2017-01-02,Blacktown International Sportspark,2,11.3,Brisbane Heat,Sydney Thunder,KL Short,JL Jonassen,H Kaur,1,0,,,,,,,,,
1023709,2016/17,2017-01-02,Blacktown International Sportspark,2,11.4,Brisbane Heat,Sydney Thunder,JL Jonassen,KL Short,H Kaur,0,0,,,,,,,,,
1023709,2016/17,2017-01-02,Blacktown International Sportspark,2,11.5,Brisbane Heat,Sydney Thunder,JL Jonassen,KL Short,H Kaur,2,0,,,,,,,,,
1023709,2016/17,2017-01-02,Blacktown International Sportspark,2,11.6,Brisbane Heat,Sydney Thunder,JL Jonassen,KL Short,H Kaur,1,0,,,,,,,,,
1023709,2016/17,2017-01-02,Blacktown International Sportspark,2,12.1,Brisbane Heat,Sydney Thunder,JL Jonassen,KL Short,RM Farrell,0,0,,,,,,caught,JL Jonassen,,
1023709,2016/17,2017-01-02,Blacktown International Sportspark,2,12.2,Brisbane Heat,Sydney Thunder,KL Short,L Harris,RM Farrell,2,0,,,,,,,,,
1023709,2016/17,2017-01-02,Blacktown International Sportspark,2,12.3,Brisbane Heat,Sydney Thunder,KL Short,L Harris,RM Farrell,0,0,,,,,,run out,KL Short,,
1023709,2016/17,2017-01-02,Blacktown International Sportspark,2,12.4,Brisbane Heat,Sydney Thunder,L Harris,S Mandhana,RM Farrell,4,0,,,,,,,,,
1023709,2016/17,2017-01-02,Blacktown International Sportspark,2,12.5,Brisbane Heat,Sydney Thunder,L Harris,S Mandhana,RM Farrell,0,0,,,,,,,,,
1023709,2016/17,2017-01-02,Blacktown International Sportspark,2,12.6,Brisbane Heat,Sydney Thunder,L Harris,S Mandhana,RM Farrell,4,0,,,,,,,,,
1023709,2016/17,2017-01-02,Blacktown International Sportspark,2,13.1,Brisbane Heat,Sydney Thunder,S Mandhana,L Harris,SL Bates,1,0,,,,,,,,,
1023709,2016/17,2017-01-02,Blacktown International Sportspark,2,13.2,Brisbane Heat,Sydney Thunder,L Harris,S Mandhana,SL Bates,0,0,,,,,,,,,
1023709,2016/17,2017-01-02,Blacktown International Sportspark,2,13.3,Brisbane Heat,Sydney Thunder,L Harris,S Mandhana,SL Bates,1,0,,,,,,,,,
1023709,2016/17,2017-01-02,Blacktown International Sportspark,2,13.4,Brisbane Heat,Sydney Thunder,S Mandhana,L Harris,SL Bates,3,0,,,,,,,,,
1023709,2016/17,2017-01-02,Blacktown International Sportspark,2,13.5,Brisbane Heat,Sydney Thunder,L Harris,S Mandhana,SL Bates,1,0,,,,,,,,,
1023709,2016/17,2017-01-02,Blacktown International Sportspark,2,13.6,Brisbane Heat,Sydney Thunder,S Mandhana,L Harris,SL Bates,0,0,,,,,,,,,
1023709,2016/17,2017-01-02,Blacktown International Sportspark,2,14.1,Brisbane Heat,Sydney Thunder,L Harris,S Mandhana,NJ Carey,1,0,,,,,,,,,
1023709,2016/17,2017-01-02,Blacktown International Sportspark,2,14.2,Brisbane Heat,Sydney Thunder,S Mandhana,L Harris,NJ Carey,1,0,,,,,,,,,
1023709,2016/17,2017-01-02,Blacktown International Sportspark,2,14.3,Brisbane Heat,Sydney Thunder,L Harris,S Mandhana,NJ Carey,4,0,,,,,,,,,
1023709,2016/17,2017-01-02,Blacktown International Sportspark,2,14.4,Brisbane Heat,Sydney Thunder,L Harris,S Mandhana,NJ Carey,0,0,,,,,,caught,L Harris,,
1023709,2016/17,2017-01-02,Blacktown International Sportspark,2,14.5,Brisbane Heat,Sydney Thunder,DM Kimmince,S Mandhana,NJ Carey,0,0,,,,,,,,,
1023709,2016/17,2017-01-02,Blacktown International Sportspark,2,14.6,Brisbane Heat,Sydney Thunder,DM Kimmince,S Mandhana,NJ Carey,1,0,,,,,,,,,
1023709,2016/17,2017-01-02,Blacktown International Sportspark,2,15.1,Brisbane Heat,Sydney Thunder,DM Kimmince,S Mandhana,SL Bates,0,2,2,,,,,,,,
1023709,2016/17,2017-01-02,Blacktown International Sportspark,2,15.2,Brisbane Heat,Sydney Thunder,S Mandhana,DM Kimmince,SL Bates,1,0,,,,,,,,,
1023709,2016/17,2017-01-02,Blacktown International Sportspark,2,15.3,Brisbane Heat,Sydney Thunder,DM Kimmince,S Mandhana,SL Bates,0,0,,,,,,run out,S Mandhana,,
1023709,2016/17,2017-01-02,Blacktown International Sportspark,2,15.4,Brisbane Heat,Sydney Thunder,DM Kimmince,JL Barsby,SL Bates,0,0,,,,,,lbw,DM Kimmince,,
1023709,2016/17,2017-01-02,Blacktown International Sportspark,2,15.5,Brisbane Heat,Sydney Thunder,H Birkett,JL Barsby,SL Bates,0,0,,,,,,lbw,H Birkett,,
1023709,2016/17,2017-01-02,Blacktown International Sportspark,2,15.6,Brisbane Heat,Sydney Thunder,SJ Johnson,JL Barsby,SL Bates,0,0,,,,,,,,,
1023709,2016/17,2017-01-02,Blacktown International Sportspark,2,15.7,Brisbane Heat,Sydney Thunder,SJ Johnson,JL Barsby,SL Bates,1,0,,,,,,,,,
1023709,2016/17,2017-01-02,Blacktown International Sportspark,2,16.1,Brisbane Heat,Sydney Thunder,SJ Johnson,JL Barsby,L Cheatle,1,0,,,,,,,,,
1023709,2016/17,2017-01-02,Blacktown International Sportspark,2,16.2,Brisbane Heat,Sydney Thunder,JL Barsby,SJ Johnson,L Cheatle,1,0,,,,,,,,,
1023709,2016/17,2017-01-02,Blacktown International Sportspark,2,16.3,Brisbane Heat,Sydney Thunder,SJ Johnson,JL Barsby,L Cheatle,0,0,,,,,,,,,
1023709,2016/17,2017-01-02,Blacktown International Sportspark,2,16.4,Brisbane Heat,Sydney Thunder,SJ Johnson,JL Barsby,L Cheatle,1,0,,,,,,,,,
1023709,2016/17,2017-01-02,Blacktown International Sportspark,2,16.5,Brisbane Heat,Sydney Thunder,JL Barsby,SJ Johnson,L Cheatle,0,0,,,,,,,,,
1023709,2016/17,2017-01-02,Blacktown International Sportspark,2,16.6,Brisbane Heat,Sydney Thunder,JL Barsby,SJ Johnson,L Cheatle,4,0,,,,,,,,,
1023709,2016/17,2017-01-02,Blacktown International Sportspark,2,17.1,Brisbane Heat,Sydney Thunder,SJ Johnson,JL Barsby,EA Osborne,1,0,,,,,,,,,
1023709,2016/17,2017-01-02,Blacktown International Sportspark,2,17.2,Brisbane Heat,Sydney Thunder,JL Barsby,SJ Johnson,EA Osborne,0,0,,,,,,,,,
1023709,2016/17,2017-01-02,Blacktown International Sportspark,2,17.3,Brisbane Heat,Sydney Thunder,JL Barsby,SJ Johnson,EA Osborne,2,0,,,,,,,,,
1023709,2016/17,2017-01-02,Blacktown International Sportspark,2,17.4,Brisbane Heat,Sydney Thunder,JL Barsby,SJ Johnson,EA Osborne,0,0,,,,,,,,,
1023709,2016/17,2017-01-02,Blacktown International Sportspark,2,17.5,Brisbane Heat,Sydney Thunder,JL Barsby,SJ Johnson,EA Osborne,4,0,,,,,,,,,
1023709,2016/17,2017-01-02,Blacktown International Sportspark,2,17.6,Brisbane Heat,Sydney Thunder,JL Barsby,SJ Johnson,EA Osborne,0,0,,,,,,bowled,JL Barsby,,
1023709,2016/17,2017-01-02,Blacktown International Sportspark,2,18.1,Brisbane Heat,Sydney Thunder,SJ Johnson,K Sutherland,L Cheatle,4,0,,,,,,,,,
1023709,2016/17,2017-01-02,Blacktown International Sportspark,2,18.2,Brisbane Heat,Sydney Thunder,SJ Johnson,K Sutherland,L Cheatle,1,0,,,,,,,,,
1023709,2016/17,2017-01-02,Blacktown International Sportspark,2,18.3,Brisbane Heat,Sydney Thunder,K Sutherland,SJ Johnson,L Cheatle,1,0,,,,,,,,,
1023709,2016/17,2017-01-02,Blacktown International Sportspark,2,18.4,Brisbane Heat,Sydney Thunder,SJ Johnson,K Sutherland,L Cheatle,2,0,,,,,,,,,
1023709,2016/17,2017-01-02,Blacktown International Sportspark,2,18.5,Brisbane Heat,Sydney Thunder,SJ Johnson,K Sutherland,L Cheatle,1,0,,,,,,,,,
1023709,2016/17,2017-01-02,Blacktown International Sportspark,2,18.6,Brisbane Heat,Sydney Thunder,K Sutherland,SJ Johnson,L Cheatle,1,0,,,,,,,,,
1023709,2016/17,2017-01-02,Blacktown International Sportspark,2,19.1,Brisbane Heat,Sydney Thunder,K Sutherland,SJ Johnson,RM Farrell,2,0,,,,,,,,,
1023709,2016/17,2017-01-02,Blacktown International Sportspark,2,19.2,Brisbane Heat,Sydney Thunder,K Sutherland,SJ Johnson,RM Farrell,1,0,,,,,,,,,
1023709,2016/17,2017-01-02,Blacktown International Sportspark,2,19.3,Brisbane Heat,Sydney Thunder,SJ Johnson,K Sutherland,RM Farrell,0,1,,,,1,,,,,
1023709,2016/17,2017-01-02,Blacktown International Sportspark,2,19.4,Brisbane Heat,Sydney Thunder,K Sutherland,SJ Johnson,RM Farrell,2,0,,,,,,,,,
1023709,2016/17,2017-01-02,Blacktown International Sportspark,2,19.5,Brisbane Heat,Sydney Thunder,K Sutherland,SJ Johnson,RM Farrell,1,0,,,,,,run out,K Sutherland,,
1023709,2016/17,2017-01-02,Blacktown International Sportspark,2,19.6,Brisbane Heat,Sydney Thunder,R Irvine,SJ Johnson,RM Farrell,1,0,,,,,,,,,
