match_id,season,start_date,venue,innings,ball,batting_team,bowling_team,striker,non_striker,bowler,runs_off_bat,extras,wides,noballs,byes,legbyes,penalty,wicket_type,player_dismissed,other_wicket_type,other_player_dismissed
1023679,2016/17,2016-12-18,Queen Elizabeth II Oval,1,0.1,Hobart Hurricanes,Melbourne Renegades,HK Matthews,G Redmayne,LMM Tahuhu,1,0,,,,,,,,,
1023679,2016/17,2016-12-18,Queen Elizabeth II Oval,1,0.2,Hobart Hurricanes,Melbourne Renegades,G Redmayne,HK Matthews,LMM Tahuhu,0,0,,,,,,,,,
1023679,2016/17,2016-12-18,Queen Elizabeth II Oval,1,0.3,Hobart Hurricanes,Melbourne Renegades,G Redmayne,HK Matthews,LMM Tahuhu,4,0,,,,,,,,,
1023679,2016/17,2016-12-18,Queen Elizabeth II Oval,1,0.4,Hobart Hurricanes,Melbourne Renegades,G Redmayne,HK Matthews,LMM Tahuhu,0,0,,,,,,,,,
1023679,2016/17,2016-12-18,Queen Elizabeth II Oval,1,0.5,Hobart Hurricanes,Melbourne Renegades,G Redmayne,HK Matthews,LMM Tahuhu,0,0,,,,,,,,,
1023679,2016/17,2016-12-18,Queen Elizabeth II Oval,1,0.6,Hobart Hurricanes,Melbourne Renegades,G Redmayne,HK Matthews,LMM Tahuhu,2,0,,,,,,,,,
1023679,2016/17,2016-12-18,Queen Elizabeth II Oval,1,1.1,Hobart Hurricanes,Melbourne Renegades,HK Matthews,G Redmayne,M Strano,0,0,,,,,,,,,
1023679,2016/17,2016-12-18,Queen Elizabeth II Oval,1,1.2,Hobart Hurricanes,Melbourne Renegades,HK Matthews,G Redmayne,M Strano,0,0,,,,,,,,,
1023679,2016/17,2016-12-18,Queen Elizabeth II Oval,1,1.3,Hobart Hurricanes,Melbourne Renegades,HK Matthews,G Redmayne,M Strano,0,0,,,,,,,,,
1023679,2016/17,2016-12-18,Queen Elizabeth II Oval,1,1.4,Hobart Hurricanes,Melbourne Renegades,HK Matthews,G Redmayne,M Strano,4,0,,,,,,,,,
1023679,2016/17,2016-12-18,Queen Elizabeth II Oval,1,1.5,Hobart Hurricanes,Melbourne Renegades,HK Matthews,G Redmayne,M Strano,0,0,,,,,,,,,
1023679,2016/17,2016-12-18,Queen Elizabeth II Oval,1,1.6,Hobart Hurricanes,Melbourne Renegades,HK Matthews,G Redmayne,M Strano,0,0,,,,,,,,,
1023679,2016/17,2016-12-18,Queen Elizabeth II Oval,1,2.1,Hobart Hurricanes,Melbourne Renegades,G Redmayne,HK Matthews,LMM Tahuhu,1,0,,,,,,,,,
1023679,2016/17,2016-12-18,Queen Elizabeth II Oval,1,2.2,Hobart Hurricanes,Melbourne Renegades,HK Matthews,G Redmayne,LMM Tahuhu,0,1,1,,,,,,,,
1023679,2016/17,2016-12-18,Queen Elizabeth II Oval,1,2.3,Hobart Hurricanes,Melbourne Renegades,HK Matthews,G Redmayne,LMM Tahuhu,2,0,,,,,,,,,
1023679,2016/17,2016-12-18,Queen Elizabeth II Oval,1,2.4,Hobart Hurricanes,Melbourne Renegades,HK Matthews,G Redmayne,LMM Tahuhu,0,0,,,,,,caught and bowled,HK Matthews,,
1023679,2016/17,2016-12-18,Queen Elizabeth II Oval,1,2.5,Hobart Hurricanes,Melbourne Renegades,HC Knight,G Redmayne,LMM Tahuhu,0,0,,,,,,,,,
1023679,2016/17,2016-12-18,Queen Elizabeth II Oval,1,2.6,Hobart Hurricanes,Melbourne Renegades,HC Knight,G Redmayne,LMM Tahuhu,1,0,,,,,,,,,
1023679,2016/17,2016-12-18,Queen Elizabeth II Oval,1,2.7,Hobart Hurricanes,Melbourne Renegades,G Redmayne,HC Knight,LMM Tahuhu,0,0,,,,,,,,,
1023679,2016/17,2016-12-18,Queen Elizabeth II Oval,1,3.1,Hobart Hurricanes,Melbourne Renegades,HC Knight,G Redmayne,M Strano,2,0,,,,,,,,,
1023679,2016/17,2016-12-18,Queen Elizabeth II Oval,1,3.2,Hobart Hurricanes,Melbourne Renegades,HC Knight,G Redmayne,M Strano,0,0,,,,,,,,,
1023679,2016/17,2016-12-18,Queen Elizabeth II Oval,1,3.3,Hobart Hurricanes,Melbourne Renegades,HC Knight,G Redmayne,M Strano,0,0,,,,,,,,,
1023679,2016/17,2016-12-18,Queen Elizabeth II Oval,1,3.4,Hobart Hurricanes,Melbourne Renegades,HC Knight,G Redmayne,M Strano,0,0,,,,,,,,,
1023679,2016/17,2016-12-18,Queen Elizabeth II Oval,1,3.5,Hobart Hurricanes,Melbourne Renegades,HC Knight,G Redmayne,M Strano,1,0,,,,,,,,,
1023679,2016/17,2016-12-18,Queen Elizabeth II Oval,1,3.6,Hobart Hurricanes,Melbourne Renegades,G Redmayne,HC Knight,M Strano,0,0,,,,,,,,,
1023679,2016/17,2016-12-18,Queen Elizabeth II Oval,1,4.1,Hobart Hurricanes,Melbourne Renegades,HC Knight,G Redmayne,LMM Tahuhu,0,0,,,,,,,,,
1023679,2016/17,2016-12-18,Queen Elizabeth II Oval,1,4.2,Hobart Hurricanes,Melbourne Renegades,HC Knight,G Redmayne,LMM Tahuhu,0,0,,,,,,,,,
1023679,2016/17,2016-12-18,Queen Elizabeth II Oval,1,4.3,Hobart Hurricanes,Melbourne Renegades,HC Knight,G Redmayne,LMM Tahuhu,0,0,,,,,,,,,
1023679,2016/17,2016-12-18,Queen Elizabeth II Oval,1,4.4,Hobart Hurricanes,Melbourne Renegades,HC Knight,G Redmayne,LMM Tahuhu,0,0,,,,,,,,,
1023679,2016/17,2016-12-18,Queen Elizabeth II Oval,1,4.5,Hobart Hurricanes,Melbourne Renegades,HC Knight,G Redmayne,LMM Tahuhu,1,0,,,,,,,,,
1023679,2016/17,2016-12-18,Queen Elizabeth II Oval,1,4.6,Hobart Hurricanes,Melbourne Renegades,G Redmayne,HC Knight,LMM Tahuhu,0,0,,,,,,,,,
1023679,2016/17,2016-12-18,Queen Elizabeth II Oval,1,5.1,Hobart Hurricanes,Melbourne Renegades,HC Knight,G Redmayne,M Strano,0,0,,,,,,caught,HC Knight,,
1023679,2016/17,2016-12-18,Queen Elizabeth II Oval,1,5.2,Hobart Hurricanes,Melbourne Renegades,G Redmayne,AE Satterthwaite,M Strano,0,0,,,,,,,,,
1023679,2016/17,2016-12-18,Queen Elizabeth II Oval,1,5.3,Hobart Hurricanes,Melbourne Renegades,G Redmayne,AE Satterthwaite,M Strano,0,0,,,,,,,,,
1023679,2016/17,2016-12-18,Queen Elizabeth II Oval,1,5.4,Hobart Hurricanes,Melbourne Renegades,G Redmayne,AE Satterthwaite,M Strano,0,0,,,,,,,,,
1023679,2016/17,2016-12-18,Queen Elizabeth II Oval,1,5.5,Hobart Hurricanes,Melbourne Renegades,G Redmayne,AE Satterthwaite,M Strano,4,0,,,,,,,,,
1023679,2016/17,2016-12-18,Queen Elizabeth II Oval,1,5.6,Hobart Hurricanes,Melbourne Renegades,G Redmayne,AE Satterthwaite,M Strano,0,0,,,,,,,,,
1023679,2016/17,2016-12-18,Queen Elizabeth II Oval,1,6.1,Hobart Hurricanes,Melbourne Renegades,AE Satterthwaite,G Redmayne,NM Goodwin,0,0,,,,,,,,,
1023679,2016/17,2016-12-18,Queen Elizabeth II Oval,1,6.2,Hobart Hurricanes,Melbourne Renegades,AE Satterthwaite,G Redmayne,NM Goodwin,1,0,,,,,,,,,
1023679,2016/17,2016-12-18,Queen Elizabeth II Oval,1,6.3,Hobart Hurricanes,Melbourne Renegades,G Redmayne,AE Satterthwaite,NM Goodwin,4,0,,,,,,,,,
1023679,2016/17,2016-12-18,Queen Elizabeth II Oval,1,6.4,Hobart Hurricanes,Melbourne Renegades,G Redmayne,AE Satterthwaite,NM Goodwin,0,0,,,,,,,,,
1023679,2016/17,2016-12-18,Queen Elizabeth II Oval,1,6.5,Hobart Hurricanes,Melbourne Renegades,G Redmayne,AE Satterthwaite,NM Goodwin,0,0,,,,,,,,,
1023679,2016/17,2016-12-18,Queen Elizabeth II Oval,1,6.6,Hobart Hurricanes,Melbourne Renegades,G Redmayne,AE Satterthwaite,NM Goodwin,1,0,,,,,,,,,
1023679,2016/17,2016-12-18,Queen Elizabeth II Oval,1,7.1,Hobart Hurricanes,Melbourne Renegades,G Redmayne,AE Satterthwaite,M Strano,0,0,,,,,,,,,
1023679,2016/17,2016-12-18,Queen Elizabeth II Oval,1,7.2,Hobart Hurricanes,Melbourne Renegades,G Redmayne,AE Satterthwaite,M Strano,1,0,,,,,,,,,
1023679,2016/17,2016-12-18,Queen Elizabeth II Oval,1,7.3,Hobart Hurricanes,Melbourne Renegades,AE Satterthwaite,G Redmayne,M Strano,0,0,,,,,,,,,
1023679,2016/17,2016-12-18,Queen Elizabeth II Oval,1,7.4,Hobart Hurricanes,Melbourne Renegades,AE Satterthwaite,G Redmayne,M Strano,0,0,,,,,,,,,
1023679,2016/17,2016-12-18,Queen Elizabeth II Oval,1,7.5,Hobart Hurricanes,Melbourne Renegades,AE Satterthwaite,G Redmayne,M Strano,0,0,,,,,,,,,
1023679,2016/17,2016-12-18,Queen Elizabeth II Oval,1,7.6,Hobart Hurricanes,Melbourne Renegades,AE Satterthwaite,G Redmayne,M Strano,2,0,,,,,,,,,
1023679,2016/17,2016-12-18,Queen Elizabeth II Oval,1,8.1,Hobart Hurricanes,Melbourne Renegades,G Redmayne,AE Satterthwaite,NM Goodwin,0,0,,,,,,,,,
1023679,2016/17,2016-12-18,Queen Elizabeth II Oval,1,8.2,Hobart Hurricanes,Melbourne Renegades,G Redmayne,AE Satterthwaite,NM Goodwin,0,0,,,,,,,,,
1023679,2016/17,2016-12-18,Queen Elizabeth II Oval,1,8.3,Hobart Hurricanes,Melbourne Renegades,G Redmayne,AE Satterthwaite,NM Goodwin,0,0,,,,,,run out,G Redmayne,,
1023679,2016/17,2016-12-18,Queen Elizabeth II Oval,1,8.4,Hobart Hurricanes,Melbourne Renegades,AE Satterthwaite,EA Burns,NM Goodwin,0,0,,,,,,,,,
1023679,2016/17,2016-12-18,Queen Elizabeth II Oval,1,8.5,Hobart Hurricanes,Melbourne Renegades,AE Satterthwaite,EA Burns,NM Goodwin,1,0,,,,,,,,,
1023679,2016/17,2016-12-18,Queen Elizabeth II Oval,1,8.6,Hobart Hurricanes,Melbourne Renegades,EA Burns,AE Satterthwaite,NM Goodwin,1,0,,,,,,,,,
1023679,2016/17,2016-12-18,Queen Elizabeth II Oval,1,9.1,Hobart Hurricanes,Melbourne Renegades,EA Burns,AE Satterthwaite,S Molineux,1,0,,,,,,,,,
1023679,2016/17,2016-12-18,Queen Elizabeth II Oval,1,9.2,Hobart Hurricanes,Melbourne Renegades,AE Satterthwaite,EA Burns,S Molineux,4,0,,,,,,,,,
1023679,2016/17,2016-12-18,Queen Elizabeth II Oval,1,9.3,Hobart Hurricanes,Melbourne Renegades,AE Satterthwaite,EA Burns,S Molineux,0,0,,,,,,,,,
1023679,2016/17,2016-12-18,Queen Elizabeth II Oval,1,9.4,Hobart Hurricanes,Melbourne Renegades,AE Satterthwaite,EA Burns,S Molineux,1,0,,,,,,,,,
1023679,2016/17,2016-12-18,Queen Elizabeth II Oval,1,9.5,Hobart Hurricanes,Melbourne Renegades,EA Burns,AE Satterthwaite,S Molineux,1,0,,,,,,,,,
1023679,2016/17,2016-12-18,Queen Elizabeth II Oval,1,9.6,Hobart Hurricanes,Melbourne Renegades,AE Satterthwaite,EA Burns,S Molineux,1,0,,,,,,,,,
1023679,2016/17,2016-12-18,Queen Elizabeth II Oval,1,10.1,Hobart Hurricanes,Melbourne Renegades,AE Satterthwaite,EA Burns,M Brown,1,0,,,,,,,,,
1023679,2016/17,2016-12-18,Queen Elizabeth II Oval,1,10.2,Hobart Hurricanes,Melbourne Renegades,EA Burns,AE Satterthwaite,M Brown,0,0,,,,,,,,,
1023679,2016/17,2016-12-18,Queen Elizabeth II Oval,1,10.3,Hobart Hurricanes,Melbourne Renegades,EA Burns,AE Satterthwaite,M Brown,1,0,,,,,,,,,
1023679,2016/17,2016-12-18,Queen Elizabeth II Oval,1,10.4,Hobart Hurricanes,Melbourne Renegades,AE Satterthwaite,EA Burns,M Brown,2,0,,,,,,,,,
1023679,2016/17,2016-12-18,Queen Elizabeth II Oval,1,10.5,Hobart Hurricanes,Melbourne Renegades,AE Satterthwaite,EA Burns,M Brown,0,0,,,,,,,,,
1023679,2016/17,2016-12-18,Queen Elizabeth II Oval,1,10.6,Hobart Hurricanes,Melbourne Renegades,AE Satterthwaite,EA Burns,M Brown,4,0,,,,,,,,,
1023679,2016/17,2016-12-18,Queen Elizabeth II Oval,1,11.1,Hobart Hurricanes,Melbourne Renegades,EA Burns,AE Satterthwaite,S Molineux,1,0,,,,,,,,,
1023679,2016/17,2016-12-18,Queen Elizabeth II Oval,1,11.2,Hobart Hurricanes,Melbourne Renegades,AE Satterthwaite,EA Burns,S Molineux,0,0,,,,,,,,,
1023679,2016/17,2016-12-18,Queen Elizabeth II Oval,1,11.3,Hobart Hurricanes,Melbourne Renegades,AE Satterthwaite,EA Burns,S Molineux,1,0,,,,,,,,,
1023679,2016/17,2016-12-18,Queen Elizabeth II Oval,1,11.4,Hobart Hurricanes,Melbourne Renegades,EA Burns,AE Satterthwaite,S Molineux,1,0,,,,,,,,,
1023679,2016/17,2016-12-18,Queen Elizabeth II Oval,1,11.5,Hobart Hurricanes,Melbourne Renegades,AE Satterthwaite,EA Burns,S Molineux,1,0,,,,,,,,,
1023679,2016/17,2016-12-18,Queen Elizabeth II Oval,1,11.6,Hobart Hurricanes,Melbourne Renegades,EA Burns,AE Satterthwaite,S Molineux,1,0,,,,,,,,,
1023679,2016/17,2016-12-18,Queen Elizabeth II Oval,1,12.1,Hobart Hurricanes,Melbourne Renegades,EA Burns,AE Satterthwaite,M Brown,0,0,,,,,,caught,EA Burns,,
1023679,2016/17,2016-12-18,Queen Elizabeth II Oval,1,12.2,Hobart Hurricanes,Melbourne Renegades,CL Hall,AE Satterthwaite,M Brown,0,0,,,,,,,,,
1023679,2016/17,2016-12-18,Queen Elizabeth II Oval,1,12.3,Hobart Hurricanes,Melbourne Renegades,CL Hall,AE Satterthwaite,M Brown,0,0,,,,,,,,,
1023679,2016/17,2016-12-18,Queen Elizabeth II Oval,1,12.4,Hobart Hurricanes,Melbourne Renegades,CL Hall,AE Satterthwaite,M Brown,1,0,,,,,,,,,
1023679,2016/17,2016-12-18,Queen Elizabeth II Oval,1,12.5,Hobart Hurricanes,Melbourne Renegades,AE Satterthwaite,CL Hall,M Brown,0,0,,,,,,,,,
1023679,2016/17,2016-12-18,Queen Elizabeth II Oval,1,12.6,Hobart Hurricanes,Melbourne Renegades,AE Satterthwaite,CL Hall,M Brown,2,0,,,,,,,,,
1023679,2016/17,2016-12-18,Queen Elizabeth II Oval,1,13.1,Hobart Hurricanes,Melbourne Renegades,CL Hall,AE Satterthwaite,GM Harris,2,0,,,,,,,,,
1023679,2016/17,2016-12-18,Queen Elizabeth II Oval,1,13.2,Hobart Hurricanes,Melbourne Renegades,CL Hall,AE Satterthwaite,GM Harris,4,0,,,,,,,,,
1023679,2016/17,2016-12-18,Queen Elizabeth II Oval,1,13.3,Hobart Hurricanes,Melbourne Renegades,CL Hall,AE Satterthwaite,GM Harris,3,0,,,,,,,,,
1023679,2016/17,2016-12-18,Queen Elizabeth II Oval,1,13.4,Hobart Hurricanes,Melbourne Renegades,AE Satterthwaite,CL Hall,GM Harris,0,0,,,,,,,,,
1023679,2016/17,2016-12-18,Queen Elizabeth II Oval,1,13.5,Hobart Hurricanes,Melbourne Renegades,AE Satterthwaite,CL Hall,GM Harris,1,0,,,,,,,,,
1023679,2016/17,2016-12-18,Queen Elizabeth II Oval,1,13.6,Hobart Hurricanes,Melbourne Renegades,CL Hall,AE Satterthwaite,GM Harris,1,0,,,,,,,,,
1023679,2016/17,2016-12-18,Queen Elizabeth II Oval,1,14.1,Hobart Hurricanes,Melbourne Renegades,CL Hall,AE Satterthwaite,NM Goodwin,1,0,,,,,,,,,
1023679,2016/17,2016-12-18,Queen Elizabeth II Oval,1,14.2,Hobart Hurricanes,Melbourne Renegades,AE Satterthwaite,CL Hall,NM Goodwin,0,0,,,,,,,,,
1023679,2016/17,2016-12-18,Queen Elizabeth II Oval,1,14.3,Hobart Hurricanes,Melbourne Renegades,AE Satterthwaite,CL Hall,NM Goodwin,2,0,,,,,,,,,
1023679,2016/17,2016-12-18,Queen Elizabeth II Oval,1,14.4,Hobart Hurricanes,Melbourne Renegades,AE Satterthwaite,CL Hall,NM Goodwin,2,0,,,,,,,,,
1023679,2016/17,2016-12-18,Queen Elizabeth II Oval,1,14.5,Hobart Hurricanes,Melbourne Renegades,AE Satterthwaite,CL Hall,NM Goodwin,1,0,,,,,,,,,
1023679,2016/17,2016-12-18,Queen Elizabeth II Oval,1,14.6,Hobart Hurricanes,Melbourne Renegades,CL Hall,AE Satterthwaite,NM Goodwin,1,0,,,,,,,,,
1023679,2016/17,2016-12-18,Queen Elizabeth II Oval,1,15.1,Hobart Hurricanes,Melbourne Renegades,CL Hall,AE Satterthwaite,GM Harris,0,0,,,,,,,,,
1023679,2016/17,2016-12-18,Queen Elizabeth II Oval,1,15.2,Hobart Hurricanes,Melbourne Renegades,CL Hall,AE Satterthwaite,GM Harris,4,0,,,,,,,,,
1023679,2016/17,2016-12-18,Queen Elizabeth II Oval,1,15.3,Hobart Hurricanes,Melbourne Renegades,CL Hall,AE Satterthwaite,GM Harris,1,0,,,,,,,,,
1023679,2016/17,2016-12-18,Queen Elizabeth II Oval,1,15.4,Hobart Hurricanes,Melbourne Renegades,AE Satterthwaite,CL Hall,GM Harris,1,0,,,,,,,,,
1023679,2016/17,2016-12-18,Queen Elizabeth II Oval,1,15.5,Hobart Hurricanes,Melbourne Renegades,CL Hall,AE Satterthwaite,GM Harris,2,0,,,,,,,,,
1023679,2016/17,2016-12-18,Queen Elizabeth II Oval,1,15.6,Hobart Hurricanes,Melbourne Renegades,CL Hall,AE Satterthwaite,GM Harris,0,0,,,,,,,,,
1023679,2016/17,2016-12-18,Queen Elizabeth II Oval,1,16.1,Hobart Hurricanes,Melbourne Renegades,AE Satterthwaite,CL Hall,NM Goodwin,1,0,,,,,,,,,
1023679,2016/17,2016-12-18,Queen Elizabeth II Oval,1,16.2,Hobart Hurricanes,Melbourne Renegades,CL Hall,AE Satterthwaite,NM Goodwin,2,0,,,,,,,,,
1023679,2016/17,2016-12-18,Queen Elizabeth II Oval,1,16.3,Hobart Hurricanes,Melbourne Renegades,CL Hall,AE Satterthwaite,NM Goodwin,1,0,,,,,,,,,
1023679,2016/17,2016-12-18,Queen Elizabeth II Oval,1,16.4,Hobart Hurricanes,Melbourne Renegades,AE Satterthwaite,CL Hall,NM Goodwin,0,1,,,,1,,,,,
1023679,2016/17,2016-12-18,Queen Elizabeth II Oval,1,16.5,Hobart Hurricanes,Melbourne Renegades,CL Hall,AE Satterthwaite,NM Goodwin,1,0,,,,,,,,,
1023679,2016/17,2016-12-18,Queen Elizabeth II Oval,1,16.6,Hobart Hurricanes,Melbourne Renegades,AE Satterthwaite,CL Hall,NM Goodwin,4,0,,,,,,,,,
1023679,2016/17,2016-12-18,Queen Elizabeth II Oval,1,17.1,Hobart Hurricanes,Melbourne Renegades,CL Hall,AE Satterthwaite,GM Harris,1,0,,,,,,,,,
1023679,2016/17,2016-12-18,Queen Elizabeth II Oval,1,17.2,Hobart Hurricanes,Melbourne Renegades,AE Satterthwaite,CL Hall,GM Harris,0,0,,,,,,,,,
1023679,2016/17,2016-12-18,Queen Elizabeth II Oval,1,17.3,Hobart Hurricanes,Melbourne Renegades,AE Satterthwaite,CL Hall,GM Harris,2,0,,,,,,,,,
1023679,2016/17,2016-12-18,Queen Elizabeth II Oval,1,17.4,Hobart Hurricanes,Melbourne Renegades,AE Satterthwaite,CL Hall,GM Harris,1,0,,,,,,,,,
1023679,2016/17,2016-12-18,Queen Elizabeth II Oval,1,17.5,Hobart Hurricanes,Melbourne Renegades,CL Hall,AE Satterthwaite,GM Harris,2,0,,,,,,,,,
1023679,2016/17,2016-12-18,Queen Elizabeth II Oval,1,17.6,Hobart Hurricanes,Melbourne Renegades,CL Hall,AE Satterthwaite,GM Harris,0,0,,,,,,caught,CL Hall,,
1023679,2016/17,2016-12-18,Queen Elizabeth II Oval,1,18.1,Hobart Hurricanes,Melbourne Renegades,AE Satterthwaite,V Pyke,LMM Tahuhu,1,0,,,,,,,,,
1023679,2016/17,2016-12-18,Queen Elizabeth II Oval,1,18.2,Hobart Hurricanes,Melbourne Renegades,V Pyke,AE Satterthwaite,LMM Tahuhu,0,0,,,,,,,,,
1023679,2016/17,2016-12-18,Queen Elizabeth II Oval,1,18.3,Hobart Hurricanes,Melbourne Renegades,V Pyke,AE Satterthwaite,LMM Tahuhu,1,0,,,,,,,,,
1023679,2016/17,2016-12-18,Queen Elizabeth II Oval,1,18.4,Hobart Hurricanes,Melbourne Renegades,AE Satterthwaite,V Pyke,LMM Tahuhu,1,0,,,,,,,,,
1023679,2016/17,2016-12-18,Queen Elizabeth II Oval,1,18.5,Hobart Hurricanes,Melbourne Renegades,V Pyke,AE Satterthwaite,LMM Tahuhu,0,1,1,,,,,,,,
1023679,2016/17,2016-12-18,Queen Elizabeth II Oval,1,18.6,Hobart Hurricanes,Melbourne Renegades,V Pyke,AE Satterthwaite,LMM Tahuhu,1,0,,,,,,,,,
1023679,2016/17,2016-12-18,Queen Elizabeth II Oval,1,18.7,Hobart Hurricanes,Melbourne Renegades,AE Satterthwaite,V Pyke,LMM Tahuhu,1,0,,,,,,,,,
1023679,2016/17,2016-12-18,Queen Elizabeth II Oval,1,19.1,Hobart Hurricanes,Melbourne Renegades,AE Satterthwaite,V Pyke,GM Harris,1,0,,,,,,,,,
1023679,2016/17,2016-12-18,Queen Elizabeth II Oval,1,19.2,Hobart Hurricanes,Melbourne Renegades,V Pyke,AE Satterthwaite,GM Harris,0,0,,,,,,,,,
1023679,2016/17,2016-12-18,Queen Elizabeth II Oval,1,19.3,Hobart Hurricanes,Melbourne Renegades,V Pyke,AE Satterthwaite,GM Harris,1,0,,,,,,,,,
1023679,2016/17,2016-12-18,Queen Elizabeth II Oval,1,19.4,Hobart Hurricanes,Melbourne Renegades,AE Satterthwaite,V Pyke,GM Harris,2,0,,,,,,,,,
1023679,2016/17,2016-12-18,Queen Elizabeth II Oval,1,19.5,Hobart Hurricanes,Melbourne Renegades,AE Satterthwaite,V Pyke,GM Harris,4,0,,,,,,,,,
1023679,2016/17,2016-12-18,Queen Elizabeth II Oval,1,19.6,Hobart Hurricanes,Melbourne Renegades,AE Satterthwaite,V Pyke,GM Harris,6,0,,,,,,,,,
1023679,2016/17,2016-12-18,Queen Elizabeth II Oval,2,0.1,Melbourne Renegades,Hobart Hurricanes,GM Harris,RH Priest,V Pyke,0,0,,,,,,,,,
1023679,2016/17,2016-12-18,Queen Elizabeth II Oval,2,0.2,Melbourne Renegades,Hobart Hurricanes,GM Harris,RH Priest,V Pyke,0,0,,,,,,,,,
1023679,2016/17,2016-12-18,Queen Elizabeth II Oval,2,0.3,Melbourne Renegades,Hobart Hurricanes,GM Harris,RH Priest,V Pyke,0,0,,,,,,,,,
1023679,2016/17,2016-12-18,Queen Elizabeth II Oval,2,0.4,Melbourne Renegades,Hobart Hurricanes,GM Harris,RH Priest,V Pyke,0,0,,,,,,,,,
1023679,2016/17,2016-12-18,Queen Elizabeth II Oval,2,0.5,Melbourne Renegades,Hobart Hurricanes,GM Harris,RH Priest,V Pyke,4,0,,,,,,,,,
1023679,2016/17,2016-12-18,Queen Elizabeth II Oval,2,0.6,Melbourne Renegades,Hobart Hurricanes,GM Harris,RH Priest,V Pyke,4,0,,,,,,,,,
1023679,2016/17,2016-12-18,Queen Elizabeth II Oval,2,1.1,Melbourne Renegades,Hobart Hurricanes,RH Priest,GM Harris,HK Matthews,0,0,,,,,,,,,
1023679,2016/17,2016-12-18,Queen Elizabeth II Oval,2,1.2,Melbourne Renegades,Hobart Hurricanes,RH Priest,GM Harris,HK Matthews,0,0,,,,,,,,,
1023679,2016/17,2016-12-18,Queen Elizabeth II Oval,2,1.3,Melbourne Renegades,Hobart Hurricanes,RH Priest,GM Harris,HK Matthews,0,0,,,,,,,,,
1023679,2016/17,2016-12-18,Queen Elizabeth II Oval,2,1.4,Melbourne Renegades,Hobart Hurricanes,RH Priest,GM Harris,HK Matthews,4,0,,,,,,,,,
1023679,2016/17,2016-12-18,Queen Elizabeth II Oval,2,1.5,Melbourne Renegades,Hobart Hurricanes,RH Priest,GM Harris,HK Matthews,0,0,,,,,,,,,
1023679,2016/17,2016-12-18,Queen Elizabeth II Oval,2,1.6,Melbourne Renegades,Hobart Hurricanes,RH Priest,GM Harris,HK Matthews,4,0,,,,,,,,,
1023679,2016/17,2016-12-18,Queen Elizabeth II Oval,2,2.1,Melbourne Renegades,Hobart Hurricanes,GM Harris,RH Priest,V Pyke,4,0,,,,,,,,,
1023679,2016/17,2016-12-18,Queen Elizabeth II Oval,2,2.2,Melbourne Renegades,Hobart Hurricanes,GM Harris,RH Priest,V Pyke,1,0,,,,,,,,,
1023679,2016/17,2016-12-18,Queen Elizabeth II Oval,2,2.3,Melbourne Renegades,Hobart Hurricanes,RH Priest,GM Harris,V Pyke,1,0,,,,,,,,,
1023679,2016/17,2016-12-18,Queen Elizabeth II Oval,2,2.4,Melbourne Renegades,Hobart Hurricanes,GM Harris,RH Priest,V Pyke,0,0,,,,,,,,,
1023679,2016/17,2016-12-18,Queen Elizabeth II Oval,2,2.5,Melbourne Renegades,Hobart Hurricanes,GM Harris,RH Priest,V Pyke,1,0,,,,,,,,,
1023679,2016/17,2016-12-18,Queen Elizabeth II Oval,2,2.6,Melbourne Renegades,Hobart Hurricanes,RH Priest,GM Harris,V Pyke,0,0,,,,,,,,,
1023679,2016/17,2016-12-18,Queen Elizabeth II Oval,2,3.1,Melbourne Renegades,Hobart Hurricanes,GM Harris,RH Priest,AE Satterthwaite,1,0,,,,,,,,,
1023679,2016/17,2016-12-18,Queen Elizabeth II Oval,2,3.2,Melbourne Renegades,Hobart Hurricanes,RH Priest,GM Harris,AE Satterthwaite,0,0,,,,,,,,,
1023679,2016/17,2016-12-18,Queen Elizabeth II Oval,2,3.3,Melbourne Renegades,Hobart Hurricanes,RH Priest,GM Harris,AE Satterthwaite,4,0,,,,,,,,,
1023679,2016/17,2016-12-18,Queen Elizabeth II Oval,2,3.4,Melbourne Renegades,Hobart Hurricanes,RH Priest,GM Harris,AE Satterthwaite,4,0,,,,,,,,,
1023679,2016/17,2016-12-18,Queen Elizabeth II Oval,2,3.5,Melbourne Renegades,Hobart Hurricanes,RH Priest,GM Harris,AE Satterthwaite,0,0,,,,,,,,,
1023679,2016/17,2016-12-18,Queen Elizabeth II Oval,2,3.6,Melbourne Renegades,Hobart Hurricanes,RH Priest,GM Harris,AE Satterthwaite,0,0,,,,,,,,,
1023679,2016/17,2016-12-18,Queen Elizabeth II Oval,2,4.1,Melbourne Renegades,Hobart Hurricanes,GM Harris,RH Priest,HK Matthews,0,0,,,,,,caught,GM Harris,,
1023679,2016/17,2016-12-18,Queen Elizabeth II Oval,2,4.2,Melbourne Renegades,Hobart Hurricanes,RH Priest,KL Britt,HK Matthews,0,0,,,,,,,,,
1023679,2016/17,2016-12-18,Queen Elizabeth II Oval,2,4.3,Melbourne Renegades,Hobart Hurricanes,RH Priest,KL Britt,HK Matthews,0,0,,,,,,,,,
1023679,2016/17,2016-12-18,Queen Elizabeth II Oval,2,4.4,Melbourne Renegades,Hobart Hurricanes,RH Priest,KL Britt,HK Matthews,2,0,,,,,,,,,
1023679,2016/17,2016-12-18,Queen Elizabeth II Oval,2,4.5,Melbourne Renegades,Hobart Hurricanes,RH Priest,KL Britt,HK Matthews,0,0,,,,,,,,,
1023679,2016/17,2016-12-18,Queen Elizabeth II Oval,2,4.6,Melbourne Renegades,Hobart Hurricanes,RH Priest,KL Britt,HK Matthews,0,0,,,,,,caught,RH Priest,,
1023679,2016/17,2016-12-18,Queen Elizabeth II Oval,2,5.1,Melbourne Renegades,Hobart Hurricanes,DN Wyatt,KL Britt,AE Satterthwaite,0,1,1,,,,,,,,
1023679,2016/17,2016-12-18,Queen Elizabeth II Oval,2,5.2,Melbourne Renegades,Hobart Hurricanes,DN Wyatt,KL Britt,AE Satterthwaite,1,0,,,,,,,,,
1023679,2016/17,2016-12-18,Queen Elizabeth II Oval,2,5.3,Melbourne Renegades,Hobart Hurricanes,KL Britt,DN Wyatt,AE Satterthwaite,1,0,,,,,,,,,
1023679,2016/17,2016-12-18,Queen Elizabeth II Oval,2,5.4,Melbourne Renegades,Hobart Hurricanes,DN Wyatt,KL Britt,AE Satterthwaite,0,0,,,,,,,,,
1023679,2016/17,2016-12-18,Queen Elizabeth II Oval,2,5.5,Melbourne Renegades,Hobart Hurricanes,DN Wyatt,KL Britt,AE Satterthwaite,0,0,,,,,,,,,
1023679,2016/17,2016-12-18,Queen Elizabeth II Oval,2,5.6,Melbourne Renegades,Hobart Hurricanes,DN Wyatt,KL Britt,AE Satterthwaite,1,0,,,,,,,,,
1023679,2016/17,2016-12-18,Queen Elizabeth II Oval,2,5.7,Melbourne Renegades,Hobart Hurricanes,KL Britt,DN Wyatt,AE Satterthwaite,0,0,,,,,,,,,
1023679,2016/17,2016-12-18,Queen Elizabeth II Oval,2,6.1,Melbourne Renegades,Hobart Hurricanes,DN Wyatt,KL Britt,K Fryett,1,0,,,,,,,,,
1023679,2016/17,2016-12-18,Queen Elizabeth II Oval,2,6.2,Melbourne Renegades,Hobart Hurricanes,KL Britt,DN Wyatt,K Fryett,1,0,,,,,,,,,
1023679,2016/17,2016-12-18,Queen Elizabeth II Oval,2,6.3,Melbourne Renegades,Hobart Hurricanes,DN Wyatt,KL Britt,K Fryett,4,0,,,,,,,,,
1023679,2016/17,2016-12-18,Queen Elizabeth II Oval,2,6.4,Melbourne Renegades,Hobart Hurricanes,DN Wyatt,KL Britt,K Fryett,0,0,,,,,,,,,
1023679,2016/17,2016-12-18,Queen Elizabeth II Oval,2,6.5,Melbourne Renegades,Hobart Hurricanes,DN Wyatt,KL Britt,K Fryett,0,0,,,,,,,,,
1023679,2016/17,2016-12-18,Queen Elizabeth II Oval,2,6.6,Melbourne Renegades,Hobart Hurricanes,DN Wyatt,KL Britt,K Fryett,2,0,,,,,,,,,
1023679,2016/17,2016-12-18,Queen Elizabeth II Oval,2,7.1,Melbourne Renegades,Hobart Hurricanes,KL Britt,DN Wyatt,C Raack,2,0,,,,,,,,,
1023679,2016/17,2016-12-18,Queen Elizabeth II Oval,2,7.2,Melbourne Renegades,Hobart Hurricanes,KL Britt,DN Wyatt,C Raack,0,0,,,,,,,,,
1023679,2016/17,2016-12-18,Queen Elizabeth II Oval,2,7.3,Melbourne Renegades,Hobart Hurricanes,KL Britt,DN Wyatt,C Raack,0,0,,,,,,,,,
1023679,2016/17,2016-12-18,Queen Elizabeth II Oval,2,7.4,Melbourne Renegades,Hobart Hurricanes,KL Britt,DN Wyatt,C Raack,0,0,,,,,,,,,
1023679,2016/17,2016-12-18,Queen Elizabeth II Oval,2,7.5,Melbourne Renegades,Hobart Hurricanes,KL Britt,DN Wyatt,C Raack,0,0,,,,,,,,,
1023679,2016/17,2016-12-18,Queen Elizabeth II Oval,2,7.6,Melbourne Renegades,Hobart Hurricanes,KL Britt,DN Wyatt,C Raack,0,0,,,,,,,,,
1023679,2016/17,2016-12-18,Queen Elizabeth II Oval,2,8.1,Melbourne Renegades,Hobart Hurricanes,DN Wyatt,KL Britt,B Hepburn,0,0,,,,,,,,,
1023679,2016/17,2016-12-18,Queen Elizabeth II Oval,2,8.2,Melbourne Renegades,Hobart Hurricanes,DN Wyatt,KL Britt,B Hepburn,1,0,,,,,,,,,
1023679,2016/17,2016-12-18,Queen Elizabeth II Oval,2,8.3,Melbourne Renegades,Hobart Hurricanes,KL Britt,DN Wyatt,B Hepburn,1,0,,,,,,,,,
1023679,2016/17,2016-12-18,Queen Elizabeth II Oval,2,8.4,Melbourne Renegades,Hobart Hurricanes,DN Wyatt,KL Britt,B Hepburn,0,0,,,,,,,,,
1023679,2016/17,2016-12-18,Queen Elizabeth II Oval,2,8.5,Melbourne Renegades,Hobart Hurricanes,DN Wyatt,KL Britt,B Hepburn,0,0,,,,,,,,,
1023679,2016/17,2016-12-18,Queen Elizabeth II Oval,2,8.6,Melbourne Renegades,Hobart Hurricanes,DN Wyatt,KL Britt,B Hepburn,0,0,,,,,,,,,
1023679,2016/17,2016-12-18,Queen Elizabeth II Oval,2,9.1,Melbourne Renegades,Hobart Hurricanes,KL Britt,DN Wyatt,C Raack,0,0,,,,,,,,,
1023679,2016/17,2016-12-18,Queen Elizabeth II Oval,2,9.2,Melbourne Renegades,Hobart Hurricanes,KL Britt,DN Wyatt,C Raack,1,0,,,,,,,,,
1023679,2016/17,2016-12-18,Queen Elizabeth II Oval,2,9.3,Melbourne Renegades,Hobart Hurricanes,DN Wyatt,KL Britt,C Raack,1,0,,,,,,,,,
1023679,2016/17,2016-12-18,Queen Elizabeth II Oval,2,9.4,Melbourne Renegades,Hobart Hurricanes,KL Britt,DN Wyatt,C Raack,2,0,,,,,,,,,
1023679,2016/17,2016-12-18,Queen Elizabeth II Oval,2,9.5,Melbourne Renegades,Hobart Hurricanes,KL Britt,DN Wyatt,C Raack,1,0,,,,,,,,,
1023679,2016/17,2016-12-18,Queen Elizabeth II Oval,2,9.6,Melbourne Renegades,Hobart Hurricanes,DN Wyatt,KL Britt,C Raack,1,0,,,,,,,,,
1023679,2016/17,2016-12-18,Queen Elizabeth II Oval,2,10.1,Melbourne Renegades,Hobart Hurricanes,DN Wyatt,KL Britt,B Hepburn,0,0,,,,,,,,,
1023679,2016/17,2016-12-18,Queen Elizabeth II Oval,2,10.2,Melbourne Renegades,Hobart Hurricanes,DN Wyatt,KL Britt,B Hepburn,0,1,,,1,,,,,,
1023679,2016/17,2016-12-18,Queen Elizabeth II Oval,2,10.3,Melbourne Renegades,Hobart Hurricanes,KL Britt,DN Wyatt,B Hepburn,1,0,,,,,,,,,
1023679,2016/17,2016-12-18,Queen Elizabeth II Oval,2,10.4,Melbourne Renegades,Hobart Hurricanes,DN Wyatt,KL Britt,B Hepburn,1,0,,,,,,,,,
1023679,2016/17,2016-12-18,Queen Elizabeth II Oval,2,10.5,Melbourne Renegades,Hobart Hurricanes,KL Britt,DN Wyatt,B Hepburn,2,0,,,,,,,,,
1023679,2016/17,2016-12-18,Queen Elizabeth II Oval,2,10.6,Melbourne Renegades,Hobart Hurricanes,KL Britt,DN Wyatt,B Hepburn,4,0,,,,,,,,,
1023679,2016/17,2016-12-18,Queen Elizabeth II Oval,2,11.1,Melbourne Renegades,Hobart Hurricanes,DN Wyatt,KL Britt,C Raack,0,0,,,,,,,,,
1023679,2016/17,2016-12-18,Queen Elizabeth II Oval,2,11.2,Melbourne Renegades,Hobart Hurricanes,DN Wyatt,KL Britt,C Raack,1,0,,,,,,,,,
1023679,2016/17,2016-12-18,Queen Elizabeth II Oval,2,11.3,Melbourne Renegades,Hobart Hurricanes,KL Britt,DN Wyatt,C Raack,4,0,,,,,,,,,
1023679,2016/17,2016-12-18,Queen Elizabeth II Oval,2,11.4,Melbourne Renegades,Hobart Hurricanes,KL Britt,DN Wyatt,C Raack,1,0,,,,,,,,,
1023679,2016/17,2016-12-18,Queen Elizabeth II Oval,2,11.5,Melbourne Renegades,Hobart Hurricanes,DN Wyatt,KL Britt,C Raack,4,1,,1,,,,,,,
1023679,2016/17,2016-12-18,Queen Elizabeth II Oval,2,11.6,Melbourne Renegades,Hobart Hurricanes,DN Wyatt,KL Britt,C Raack,1,0,,,,,,,,,
1023679,2016/17,2016-12-18,Queen Elizabeth II Oval,2,11.7,Melbourne Renegades,Hobart Hurricanes,KL Britt,DN Wyatt,C Raack,1,0,,,,,,,,,
1023679,2016/17,2016-12-18,Queen Elizabeth II Oval,2,12.1,Melbourne Renegades,Hobart Hurricanes,KL Britt,DN Wyatt,K Fryett,0,0,,,,,,,,,
1023679,2016/17,2016-12-18,Queen Elizabeth II Oval,2,12.2,Melbourne Renegades,Hobart Hurricanes,KL Britt,DN Wyatt,K Fryett,0,0,,,,,,,,,
1023679,2016/17,2016-12-18,Queen Elizabeth II Oval,2,12.3,Melbourne Renegades,Hobart Hurricanes,KL Britt,DN Wyatt,K Fryett,1,0,,,,,,,,,
1023679,2016/17,2016-12-18,Queen Elizabeth II Oval,2,12.4,Melbourne Renegades,Hobart Hurricanes,DN Wyatt,KL Britt,K Fryett,0,0,,,,,,,,,
1023679,2016/17,2016-12-18,Queen Elizabeth II Oval,2,12.5,Melbourne Renegades,Hobart Hurricanes,DN Wyatt,KL Britt,K Fryett,0,0,,,,,,,,,
1023679,2016/17,2016-12-18,Queen Elizabeth II Oval,2,12.6,Melbourne Renegades,Hobart Hurricanes,DN Wyatt,KL Britt,K Fryett,1,0,,,,,,,,,
1023679,2016/17,2016-12-18,Queen Elizabeth II Oval,2,13.1,Melbourne Renegades,Hobart Hurricanes,DN Wyatt,KL Britt,HK Matthews,1,0,,,,,,,,,
1023679,2016/17,2016-12-18,Queen Elizabeth II Oval,2,13.2,Melbourne Renegades,Hobart Hurricanes,KL Britt,DN Wyatt,HK Matthews,0,0,,,,,,,,,
1023679,2016/17,2016-12-18,Queen Elizabeth II Oval,2,13.3,Melbourne Renegades,Hobart Hurricanes,KL Britt,DN Wyatt,HK Matthews,0,0,,,,,,,,,
1023679,2016/17,2016-12-18,Queen Elizabeth II Oval,2,13.4,Melbourne Renegades,Hobart Hurricanes,KL Britt,DN Wyatt,HK Matthews,1,0,,,,,,,,,
1023679,2016/17,2016-12-18,Queen Elizabeth II Oval,2,13.5,Melbourne Renegades,Hobart Hurricanes,DN Wyatt,KL Britt,HK Matthews,1,0,,,,,,,,,
1023679,2016/17,2016-12-18,Queen Elizabeth II Oval,2,13.6,Melbourne Renegades,Hobart Hurricanes,KL Britt,DN Wyatt,HK Matthews,1,0,,,,,,,,,
1023679,2016/17,2016-12-18,Queen Elizabeth II Oval,2,14.1,Melbourne Renegades,Hobart Hurricanes,KL Britt,DN Wyatt,K Fryett,1,0,,,,,,,,,
1023679,2016/17,2016-12-18,Queen Elizabeth II Oval,2,14.2,Melbourne Renegades,Hobart Hurricanes,DN Wyatt,KL Britt,K Fryett,1,0,,,,,,,,,
1023679,2016/17,2016-12-18,Queen Elizabeth II Oval,2,14.3,Melbourne Renegades,Hobart Hurricanes,KL Britt,DN Wyatt,K Fryett,1,0,,,,,,,,,
1023679,2016/17,2016-12-18,Queen Elizabeth II Oval,2,14.4,Melbourne Renegades,Hobart Hurricanes,DN Wyatt,KL Britt,K Fryett,1,0,,,,,,,,,
1023679,2016/17,2016-12-18,Queen Elizabeth II Oval,2,14.5,Melbourne Renegades,Hobart Hurricanes,KL Britt,DN Wyatt,K Fryett,1,0,,,,,,,,,
1023679,2016/17,2016-12-18,Queen Elizabeth II Oval,2,14.6,Melbourne Renegades,Hobart Hurricanes,DN Wyatt,KL Britt,K Fryett,4,0,,,,,,,,,
1023679,2016/17,2016-12-18,Queen Elizabeth II Oval,2,15.1,Melbourne Renegades,Hobart Hurricanes,KL Britt,DN Wyatt,AE Satterthwaite,1,0,,,,,,,,,
1023679,2016/17,2016-12-18,Queen Elizabeth II Oval,2,15.2,Melbourne Renegades,Hobart Hurricanes,DN Wyatt,KL Britt,AE Satterthwaite,0,0,,,,,,,,,
1023679,2016/17,2016-12-18,Queen Elizabeth II Oval,2,15.3,Melbourne Renegades,Hobart Hurricanes,DN Wyatt,KL Britt,AE Satterthwaite,1,0,,,,,,,,,
1023679,2016/17,2016-12-18,Queen Elizabeth II Oval,2,15.4,Melbourne Renegades,Hobart Hurricanes,KL Britt,DN Wyatt,AE Satterthwaite,0,0,,,,,,,,,
1023679,2016/17,2016-12-18,Queen Elizabeth II Oval,2,15.5,Melbourne Renegades,Hobart Hurricanes,KL Britt,DN Wyatt,AE Satterthwaite,1,0,,,,,,,,,
1023679,2016/17,2016-12-18,Queen Elizabeth II Oval,2,15.6,Melbourne Renegades,Hobart Hurricanes,DN Wyatt,KL Britt,AE Satterthwaite,0,0,,,,,,,,,
1023679,2016/17,2016-12-18,Queen Elizabeth II Oval,2,16.1,Melbourne Renegades,Hobart Hurricanes,KL Britt,DN Wyatt,V Pyke,1,0,,,,,,,,,
1023679,2016/17,2016-12-18,Queen Elizabeth II Oval,2,16.2,Melbourne Renegades,Hobart Hurricanes,DN Wyatt,KL Britt,V Pyke,1,0,,,,,,,,,
1023679,2016/17,2016-12-18,Queen Elizabeth II Oval,2,16.3,Melbourne Renegades,Hobart Hurricanes,KL Britt,DN Wyatt,V Pyke,1,0,,,,,,,,,
1023679,2016/17,2016-12-18,Queen Elizabeth II Oval,2,16.4,Melbourne Renegades,Hobart Hurricanes,DN Wyatt,KL Britt,V Pyke,0,0,,,,,,,,,
1023679,2016/17,2016-12-18,Queen Elizabeth II Oval,2,16.5,Melbourne Renegades,Hobart Hurricanes,DN Wyatt,KL Britt,V Pyke,0,0,,,,,,,,,
1023679,2016/17,2016-12-18,Queen Elizabeth II Oval,2,16.6,Melbourne Renegades,Hobart Hurricanes,DN Wyatt,KL Britt,V Pyke,1,0,,,,,,,,,
1023679,2016/17,2016-12-18,Queen Elizabeth II Oval,2,17.1,Melbourne Renegades,Hobart Hurricanes,DN Wyatt,KL Britt,HK Matthews,4,0,,,,,,,,,
1023679,2016/17,2016-12-18,Queen Elizabeth II Oval,2,17.2,Melbourne Renegades,Hobart Hurricanes,DN Wyatt,KL Britt,HK Matthews,0,0,,,,,,caught,DN Wyatt,,
1023679,2016/17,2016-12-18,Queen Elizabeth II Oval,2,17.3,Melbourne Renegades,Hobart Hurricanes,S Molineux,KL Britt,HK Matthews,1,0,,,,,,,,,
1023679,2016/17,2016-12-18,Queen Elizabeth II Oval,2,17.4,Melbourne Renegades,Hobart Hurricanes,KL Britt,S Molineux,HK Matthews,4,0,,,,,,,,,
1023679,2016/17,2016-12-18,Queen Elizabeth II Oval,2,17.5,Melbourne Renegades,Hobart Hurricanes,KL Britt,S Molineux,HK Matthews,0,0,,,,,,caught,KL Britt,,
1023679,2016/17,2016-12-18,Queen Elizabeth II Oval,2,17.6,Melbourne Renegades,Hobart Hurricanes,M Strano,S Molineux,HK Matthews,0,0,,,,,,,,,
1023679,2016/17,2016-12-18,Queen Elizabeth II Oval,2,18.1,Melbourne Renegades,Hobart Hurricanes,S Molineux,M Strano,V Pyke,0,0,,,,,,,,,
1023679,2016/17,2016-12-18,Queen Elizabeth II Oval,2,18.2,Melbourne Renegades,Hobart Hurricanes,S Molineux,M Strano,V Pyke,4,0,,,,,,,,,
1023679,2016/17,2016-12-18,Queen Elizabeth II Oval,2,18.3,Melbourne Renegades,Hobart Hurricanes,S Molineux,M Strano,V Pyke,0,1,1,,,,,,,,
1023679,2016/17,2016-12-18,Queen Elizabeth II Oval,2,18.4,Melbourne Renegades,Hobart Hurricanes,S Molineux,M Strano,V Pyke,0,0,,,,,,,,,
1023679,2016/17,2016-12-18,Queen Elizabeth II Oval,2,18.5,Melbourne Renegades,Hobart Hurricanes,S Molineux,M Strano,V Pyke,0,0,,,,,,,,,
1023679,2016/17,2016-12-18,Queen Elizabeth II Oval,2,18.6,Melbourne Renegades,Hobart Hurricanes,S Molineux,M Strano,V Pyke,1,0,,,,,,,,,
1023679,2016/17,2016-12-18,Queen Elizabeth II Oval,2,18.7,Melbourne Renegades,Hobart Hurricanes,M Strano,S Molineux,V Pyke,1,0,,,,,,,,,
1023679,2016/17,2016-12-18,Queen Elizabeth II Oval,2,19.1,Melbourne Renegades,Hobart Hurricanes,M Strano,S Molineux,AE Satterthwaite,1,0,,,,,,,,,
1023679,2016/17,2016-12-18,Queen Elizabeth II Oval,2,19.2,Melbourne Renegades,Hobart Hurricanes,S Molineux,M Strano,AE Satterthwaite,2,0,,,,,,,,,
1023679,2016/17,2016-12-18,Queen Elizabeth II Oval,2,19.3,Melbourne Renegades,Hobart Hurricanes,S Molineux,M Strano,AE Satterthwaite,1,0,,,,,,,,,
1023679,2016/17,2016-12-18,Queen Elizabeth II Oval,2,19.4,Melbourne Renegades,Hobart Hurricanes,M Strano,S Molineux,AE Satterthwaite,0,0,,,,,,,,,
1023679,2016/17,2016-12-18,Queen Elizabeth II Oval,2,19.5,Melbourne Renegades,Hobart Hurricanes,M Strano,S Molineux,AE Satterthwaite,1,0,,,,,,run out,S Molineux,,
1023679,2016/17,2016-12-18,Queen Elizabeth II Oval,2,19.6,Melbourne Renegades,Hobart Hurricanes,M Strano,LMM Tahuhu,AE Satterthwaite,0,0,,,,,,run out,M Strano,,
1023679,2016/17,2016-12-18,Queen Elizabeth II Oval,3,0.1,Melbourne Renegades,Hobart Hurricanes,GM Harris,RH Priest,AE Satterthwaite,2,0,,,,,,,,,
1023679,2016/17,2016-12-18,Queen Elizabeth II Oval,3,0.2,Melbourne Renegades,Hobart Hurricanes,GM Harris,RH Priest,AE Satterthwaite,4,0,,,,,,,,,
1023679,2016/17,2016-12-18,Queen Elizabeth II Oval,3,0.3,Melbourne Renegades,Hobart Hurricanes,GM Harris,RH Priest,AE Satterthwaite,1,0,,,,,,,,,
1023679,2016/17,2016-12-18,Queen Elizabeth II Oval,3,0.4,Melbourne Renegades,Hobart Hurricanes,RH Priest,GM Harris,AE Satterthwaite,1,0,,,,,,,,,
1023679,2016/17,2016-12-18,Queen Elizabeth II Oval,3,0.5,Melbourne Renegades,Hobart Hurricanes,RH Priest,GM Harris,AE Satterthwaite,0,2,,,2,,,,,,
1023679,2016/17,2016-12-18,Queen Elizabeth II Oval,3,0.6,Melbourne Renegades,Hobart Hurricanes,RH Priest,GM Harris,AE Satterthwaite,2,0,,,,,,,,,
1023679,2016/17,2016-12-18,Queen Elizabeth II Oval,4,0.1,Hobart Hurricanes,Melbourne Renegades,AE Satterthwaite,HK Matthews,LMM Tahuhu,0,0,,,,,,caught,AE Satterthwaite,,
1023679,2016/17,2016-12-18,Queen Elizabeth II Oval,4,0.2,Hobart Hurricanes,Melbourne Renegades,HK Matthews,EA Burns,LMM Tahuhu,4,0,,,,,,,,,
1023679,2016/17,2016-12-18,Queen Elizabeth II Oval,4,0.3,Hobart Hurricanes,Melbourne Renegades,HK Matthews,EA Burns,LMM Tahuhu,1,0,,,,,,,,,
1023679,2016/17,2016-12-18,Queen Elizabeth II Oval,4,0.4,Hobart Hurricanes,Melbourne Renegades,EA Burns,HK Matthews,LMM Tahuhu,4,0,,,,,,,,,
1023679,2016/17,2016-12-18,Queen Elizabeth II Oval,4,0.5,Hobart Hurricanes,Melbourne Renegades,EA Burns,HK Matthews,LMM Tahuhu,2,0,,,,,,,,,
1023679,2016/17,2016-12-18,Queen Elizabeth II Oval,4,0.6,Hobart Hurricanes,Melbourne Renegades,EA Burns,HK Matthews,LMM Tahuhu,4,0,,,,,,,,,
