match_id,season,start_date,venue,innings,ball,batting_team,bowling_team,striker,non_striker,bowler,runs_off_bat,extras,wides,noballs,byes,legbyes,penalty,wicket_type,player_dismissed,other_wicket_type,other_player_dismissed
1023659,2016/17,2016-12-11,North Sydney Oval No.2,1,0.1,Adelaide Strikers,Melbourne Renegades,BE Patterson,TT Beaumont,LMM Tahuhu,0,0,,,,,,,,,
1023659,2016/17,2016-12-11,North Sydney Oval No.2,1,0.2,Adelaide Strikers,Melbourne Renegades,BE Patterson,TT Beaumont,LMM Tahuhu,0,0,,,,,,,,,
1023659,2016/17,2016-12-11,North Sydney Oval No.2,1,0.3,Adelaide Strikers,Melbourne Renegades,BE Patterson,TT Beaumont,LMM Tahuhu,0,0,,,,,,,,,
1023659,2016/17,2016-12-11,North Sydney Oval No.2,1,0.4,Adelaide Strikers,Melbourne Renegades,BE Patterson,TT Beaumont,LMM Tahuhu,0,0,,,,,,,,,
1023659,2016/17,2016-12-11,North Sydney Oval No.2,1,0.5,Adelaide Strikers,Melbourne Renegades,BE Patterson,TT Beaumont,LMM Tahuhu,1,0,,,,,,,,,
1023659,2016/17,2016-12-11,North Sydney Oval No.2,1,0.6,Adelaide Strikers,Melbourne Renegades,TT Beaumont,BE Patterson,LMM Tahuhu,0,0,,,,,,,,,
1023659,2016/17,2016-12-11,North Sydney Oval No.2,1,1.1,Adelaide Strikers,Melbourne Renegades,BE Patterson,TT Beaumont,M Strano,0,0,,,,,,,,,
1023659,2016/17,2016-12-11,North Sydney Oval No.2,1,1.2,Adelaide Strikers,Melbourne Renegades,BE Patterson,TT Beaumont,M Strano,0,0,,,,,,,,,
1023659,2016/17,2016-12-11,North Sydney Oval No.2,1,1.3,Adelaide Strikers,Melbourne Renegades,BE Patterson,TT Beaumont,M Strano,0,0,,,,,,,,,
1023659,2016/17,2016-12-11,North Sydney Oval No.2,1,1.4,Adelaide Strikers,Melbourne Renegades,BE Patterson,TT Beaumont,M Strano,0,0,,,,,,,,,
1023659,2016/17,2016-12-11,North Sydney Oval No.2,1,1.5,Adelaide Strikers,Melbourne Renegades,BE Patterson,TT Beaumont,M Strano,0,0,,,,,,,,,
1023659,2016/17,2016-12-11,North Sydney Oval No.2,1,1.6,Adelaide Strikers,Melbourne Renegades,BE Patterson,TT Beaumont,M Strano,0,0,,,,,,,,,
1023659,2016/17,2016-12-11,North Sydney Oval No.2,1,2.1,Adelaide Strikers,Melbourne Renegades,TT Beaumont,BE Patterson,LMM Tahuhu,0,0,,,,,,,,,
1023659,2016/17,2016-12-11,North Sydney Oval No.2,1,2.2,Adelaide Strikers,Melbourne Renegades,TT Beaumont,BE Patterson,LMM Tahuhu,4,0,,,,,,,,,
1023659,2016/17,2016-12-11,North Sydney Oval No.2,1,2.3,Adelaide Strikers,Melbourne Renegades,TT Beaumont,BE Patterson,LMM Tahuhu,0,0,,,,,,,,,
1023659,2016/17,2016-12-11,North Sydney Oval No.2,1,2.4,Adelaide Strikers,Melbourne Renegades,TT Beaumont,BE Patterson,LMM Tahuhu,0,0,,,,,,,,,
1023659,2016/17,2016-12-11,North Sydney Oval No.2,1,2.5,Adelaide Strikers,Melbourne Renegades,TT Beaumont,BE Patterson,LMM Tahuhu,2,0,,,,,,,,,
1023659,2016/17,2016-12-11,North Sydney Oval No.2,1,2.6,Adelaide Strikers,Melbourne Renegades,TT Beaumont,BE Patterson,LMM Tahuhu,0,0,,,,,,,,,
1023659,2016/17,2016-12-11,North Sydney Oval No.2,1,3.1,Adelaide Strikers,Melbourne Renegades,BE Patterson,TT Beaumont,M Strano,0,0,,,,,,,,,
1023659,2016/17,2016-12-11,North Sydney Oval No.2,1,3.2,Adelaide Strikers,Melbourne Renegades,BE Patterson,TT Beaumont,M Strano,1,0,,,,,,,,,
1023659,2016/17,2016-12-11,North Sydney Oval No.2,1,3.3,Adelaide Strikers,Melbourne Renegades,TT Beaumont,BE Patterson,M Strano,0,0,,,,,,,,,
1023659,2016/17,2016-12-11,North Sydney Oval No.2,1,3.4,Adelaide Strikers,Melbourne Renegades,TT Beaumont,BE Patterson,M Strano,0,0,,,,,,,,,
1023659,2016/17,2016-12-11,North Sydney Oval No.2,1,3.5,Adelaide Strikers,Melbourne Renegades,TT Beaumont,BE Patterson,M Strano,0,0,,,,,,,,,
1023659,2016/17,2016-12-11,North Sydney Oval No.2,1,3.6,Adelaide Strikers,Melbourne Renegades,TT Beaumont,BE Patterson,M Strano,0,0,,,,,,,,,
1023659,2016/17,2016-12-11,North Sydney Oval No.2,1,4.1,Adelaide Strikers,Melbourne Renegades,BE Patterson,TT Beaumont,LMM Tahuhu,0,0,,,,,,,,,
1023659,2016/17,2016-12-11,North Sydney Oval No.2,1,4.2,Adelaide Strikers,Melbourne Renegades,BE Patterson,TT Beaumont,LMM Tahuhu,1,0,,,,,,,,,
1023659,2016/17,2016-12-11,North Sydney Oval No.2,1,4.3,Adelaide Strikers,Melbourne Renegades,TT Beaumont,BE Patterson,LMM Tahuhu,0,0,,,,,,,,,
1023659,2016/17,2016-12-11,North Sydney Oval No.2,1,4.4,Adelaide Strikers,Melbourne Renegades,TT Beaumont,BE Patterson,LMM Tahuhu,2,0,,,,,,,,,
1023659,2016/17,2016-12-11,North Sydney Oval No.2,1,4.5,Adelaide Strikers,Melbourne Renegades,TT Beaumont,BE Patterson,LMM Tahuhu,2,0,,,,,,,,,
1023659,2016/17,2016-12-11,North Sydney Oval No.2,1,4.6,Adelaide Strikers,Melbourne Renegades,TT Beaumont,BE Patterson,LMM Tahuhu,0,1,1,,,,,,,,
1023659,2016/17,2016-12-11,North Sydney Oval No.2,1,4.7,Adelaide Strikers,Melbourne Renegades,TT Beaumont,BE Patterson,LMM Tahuhu,4,0,,,,,,,,,
1023659,2016/17,2016-12-11,North Sydney Oval No.2,1,5.1,Adelaide Strikers,Melbourne Renegades,BE Patterson,TT Beaumont,S Molineux,0,0,,,,,,,,,
1023659,2016/17,2016-12-11,North Sydney Oval No.2,1,5.2,Adelaide Strikers,Melbourne Renegades,BE Patterson,TT Beaumont,S Molineux,0,0,,,,,,bowled,BE Patterson,,
1023659,2016/17,2016-12-11,North Sydney Oval No.2,1,5.3,Adelaide Strikers,Melbourne Renegades,A Price,TT Beaumont,S Molineux,0,0,,,,,,,,,
1023659,2016/17,2016-12-11,North Sydney Oval No.2,1,5.4,Adelaide Strikers,Melbourne Renegades,A Price,TT Beaumont,S Molineux,2,0,,,,,,,,,
1023659,2016/17,2016-12-11,North Sydney Oval No.2,1,5.5,Adelaide Strikers,Melbourne Renegades,A Price,TT Beaumont,S Molineux,4,0,,,,,,,,,
1023659,2016/17,2016-12-11,North Sydney Oval No.2,1,5.6,Adelaide Strikers,Melbourne Renegades,A Price,TT Beaumont,S Molineux,0,0,,,,,,caught and bowled,A Price,,
1023659,2016/17,2016-12-11,North Sydney Oval No.2,1,6.1,Adelaide Strikers,Melbourne Renegades,TT Beaumont,CM Edwards,LMM Tahuhu,0,0,,,,,,,,,
1023659,2016/17,2016-12-11,North Sydney Oval No.2,1,6.2,Adelaide Strikers,Melbourne Renegades,TT Beaumont,CM Edwards,LMM Tahuhu,4,0,,,,,,,,,
1023659,2016/17,2016-12-11,North Sydney Oval No.2,1,6.3,Adelaide Strikers,Melbourne Renegades,TT Beaumont,CM Edwards,LMM Tahuhu,0,0,,,,,,,,,
1023659,2016/17,2016-12-11,North Sydney Oval No.2,1,6.4,Adelaide Strikers,Melbourne Renegades,TT Beaumont,CM Edwards,LMM Tahuhu,1,0,,,,,,,,,
1023659,2016/17,2016-12-11,North Sydney Oval No.2,1,6.5,Adelaide Strikers,Melbourne Renegades,CM Edwards,TT Beaumont,LMM Tahuhu,0,0,,,,,,,,,
1023659,2016/17,2016-12-11,North Sydney Oval No.2,1,6.6,Adelaide Strikers,Melbourne Renegades,CM Edwards,TT Beaumont,LMM Tahuhu,0,0,,,,,,,,,
1023659,2016/17,2016-12-11,North Sydney Oval No.2,1,7.1,Adelaide Strikers,Melbourne Renegades,TT Beaumont,CM Edwards,S Molineux,0,0,,,,,,,,,
1023659,2016/17,2016-12-11,North Sydney Oval No.2,1,7.2,Adelaide Strikers,Melbourne Renegades,TT Beaumont,CM Edwards,S Molineux,1,0,,,,,,,,,
1023659,2016/17,2016-12-11,North Sydney Oval No.2,1,7.3,Adelaide Strikers,Melbourne Renegades,CM Edwards,TT Beaumont,S Molineux,1,0,,,,,,,,,
1023659,2016/17,2016-12-11,North Sydney Oval No.2,1,7.4,Adelaide Strikers,Melbourne Renegades,TT Beaumont,CM Edwards,S Molineux,0,0,,,,,,,,,
1023659,2016/17,2016-12-11,North Sydney Oval No.2,1,7.5,Adelaide Strikers,Melbourne Renegades,TT Beaumont,CM Edwards,S Molineux,0,0,,,,,,caught,TT Beaumont,,
1023659,2016/17,2016-12-11,North Sydney Oval No.2,1,7.6,Adelaide Strikers,Melbourne Renegades,SJ Coyte,CM Edwards,S Molineux,0,1,,,,1,,,,,
1023659,2016/17,2016-12-11,North Sydney Oval No.2,1,8.1,Adelaide Strikers,Melbourne Renegades,SJ Coyte,CM Edwards,NM Goodwin,0,0,,,,,,,,,
1023659,2016/17,2016-12-11,North Sydney Oval No.2,1,8.2,Adelaide Strikers,Melbourne Renegades,SJ Coyte,CM Edwards,NM Goodwin,0,0,,,,,,,,,
1023659,2016/17,2016-12-11,North Sydney Oval No.2,1,8.3,Adelaide Strikers,Melbourne Renegades,SJ Coyte,CM Edwards,NM Goodwin,0,0,,,,,,,,,
1023659,2016/17,2016-12-11,North Sydney Oval No.2,1,8.4,Adelaide Strikers,Melbourne Renegades,SJ Coyte,CM Edwards,NM Goodwin,2,0,,,,,,,,,
1023659,2016/17,2016-12-11,North Sydney Oval No.2,1,8.5,Adelaide Strikers,Melbourne Renegades,SJ Coyte,CM Edwards,NM Goodwin,1,0,,,,,,,,,
1023659,2016/17,2016-12-11,North Sydney Oval No.2,1,8.6,Adelaide Strikers,Melbourne Renegades,CM Edwards,SJ Coyte,NM Goodwin,0,0,,,,,,,,,
1023659,2016/17,2016-12-11,North Sydney Oval No.2,1,9.1,Adelaide Strikers,Melbourne Renegades,SJ Coyte,CM Edwards,S Molineux,0,0,,,,,,,,,
1023659,2016/17,2016-12-11,North Sydney Oval No.2,1,9.2,Adelaide Strikers,Melbourne Renegades,SJ Coyte,CM Edwards,S Molineux,0,0,,,,,,bowled,SJ Coyte,,
1023659,2016/17,2016-12-11,North Sydney Oval No.2,1,9.3,Adelaide Strikers,Melbourne Renegades,SFM Devine,CM Edwards,S Molineux,0,0,,,,,,,,,
1023659,2016/17,2016-12-11,North Sydney Oval No.2,1,9.4,Adelaide Strikers,Melbourne Renegades,SFM Devine,CM Edwards,S Molineux,0,0,,,,,,,,,
1023659,2016/17,2016-12-11,North Sydney Oval No.2,1,9.5,Adelaide Strikers,Melbourne Renegades,SFM Devine,CM Edwards,S Molineux,0,0,,,,,,,,,
1023659,2016/17,2016-12-11,North Sydney Oval No.2,1,9.6,Adelaide Strikers,Melbourne Renegades,SFM Devine,CM Edwards,S Molineux,4,0,,,,,,,,,
1023659,2016/17,2016-12-11,North Sydney Oval No.2,1,10.1,Adelaide Strikers,Melbourne Renegades,CM Edwards,SFM Devine,NM Goodwin,0,0,,,,,,,,,
1023659,2016/17,2016-12-11,North Sydney Oval No.2,1,10.2,Adelaide Strikers,Melbourne Renegades,CM Edwards,SFM Devine,NM Goodwin,0,0,,,,,,,,,
1023659,2016/17,2016-12-11,North Sydney Oval No.2,1,10.3,Adelaide Strikers,Melbourne Renegades,CM Edwards,SFM Devine,NM Goodwin,1,0,,,,,,,,,
1023659,2016/17,2016-12-11,North Sydney Oval No.2,1,10.4,Adelaide Strikers,Melbourne Renegades,SFM Devine,CM Edwards,NM Goodwin,4,0,,,,,,,,,
1023659,2016/17,2016-12-11,North Sydney Oval No.2,1,10.5,Adelaide Strikers,Melbourne Renegades,SFM Devine,CM Edwards,NM Goodwin,4,0,,,,,,,,,
1023659,2016/17,2016-12-11,North Sydney Oval No.2,1,10.6,Adelaide Strikers,Melbourne Renegades,SFM Devine,CM Edwards,NM Goodwin,1,0,,,,,,,,,
1023659,2016/17,2016-12-11,North Sydney Oval No.2,1,11.1,Adelaide Strikers,Melbourne Renegades,SFM Devine,CM Edwards,S Molineux,1,0,,,,,,,,,
1023659,2016/17,2016-12-11,North Sydney Oval No.2,1,11.2,Adelaide Strikers,Melbourne Renegades,CM Edwards,SFM Devine,S Molineux,0,0,,,,,,,,,
1023659,2016/17,2016-12-11,North Sydney Oval No.2,1,11.3,Adelaide Strikers,Melbourne Renegades,CM Edwards,SFM Devine,S Molineux,4,0,,,,,,,,,
1023659,2016/17,2016-12-11,North Sydney Oval No.2,1,11.4,Adelaide Strikers,Melbourne Renegades,CM Edwards,SFM Devine,S Molineux,1,0,,,,,,,,,
1023659,2016/17,2016-12-11,North Sydney Oval No.2,1,11.5,Adelaide Strikers,Melbourne Renegades,SFM Devine,CM Edwards,S Molineux,0,0,,,,,,,,,
1023659,2016/17,2016-12-11,North Sydney Oval No.2,1,11.6,Adelaide Strikers,Melbourne Renegades,SFM Devine,CM Edwards,S Molineux,0,0,,,,,,,,,
1023659,2016/17,2016-12-11,North Sydney Oval No.2,1,12.1,Adelaide Strikers,Melbourne Renegades,CM Edwards,SFM Devine,NM Goodwin,0,0,,,,,,,,,
1023659,2016/17,2016-12-11,North Sydney Oval No.2,1,12.2,Adelaide Strikers,Melbourne Renegades,CM Edwards,SFM Devine,NM Goodwin,2,0,,,,,,,,,
1023659,2016/17,2016-12-11,North Sydney Oval No.2,1,12.3,Adelaide Strikers,Melbourne Renegades,CM Edwards,SFM Devine,NM Goodwin,1,0,,,,,,,,,
1023659,2016/17,2016-12-11,North Sydney Oval No.2,1,12.4,Adelaide Strikers,Melbourne Renegades,SFM Devine,CM Edwards,NM Goodwin,1,0,,,,,,,,,
1023659,2016/17,2016-12-11,North Sydney Oval No.2,1,12.5,Adelaide Strikers,Melbourne Renegades,CM Edwards,SFM Devine,NM Goodwin,1,0,,,,,,,,,
1023659,2016/17,2016-12-11,North Sydney Oval No.2,1,12.6,Adelaide Strikers,Melbourne Renegades,SFM Devine,CM Edwards,NM Goodwin,0,0,,,,,,,,,
1023659,2016/17,2016-12-11,North Sydney Oval No.2,1,13.1,Adelaide Strikers,Melbourne Renegades,CM Edwards,SFM Devine,M Brown,0,1,1,,,,,,,,
1023659,2016/17,2016-12-11,North Sydney Oval No.2,1,13.2,Adelaide Strikers,Melbourne Renegades,CM Edwards,SFM Devine,M Brown,0,0,,,,,,,,,
1023659,2016/17,2016-12-11,North Sydney Oval No.2,1,13.3,Adelaide Strikers,Melbourne Renegades,CM Edwards,SFM Devine,M Brown,1,0,,,,,,,,,
1023659,2016/17,2016-12-11,North Sydney Oval No.2,1,13.4,Adelaide Strikers,Melbourne Renegades,SFM Devine,CM Edwards,M Brown,0,0,,,,,,,,,
1023659,2016/17,2016-12-11,North Sydney Oval No.2,1,13.5,Adelaide Strikers,Melbourne Renegades,SFM Devine,CM Edwards,M Brown,0,1,1,,,,,,,,
1023659,2016/17,2016-12-11,North Sydney Oval No.2,1,13.6,Adelaide Strikers,Melbourne Renegades,SFM Devine,CM Edwards,M Brown,0,0,,,,,,,,,
1023659,2016/17,2016-12-11,North Sydney Oval No.2,1,13.7,Adelaide Strikers,Melbourne Renegades,SFM Devine,CM Edwards,M Brown,1,0,,,,,,,,,
1023659,2016/17,2016-12-11,North Sydney Oval No.2,1,13.8,Adelaide Strikers,Melbourne Renegades,CM Edwards,SFM Devine,M Brown,1,0,,,,,,,,,
1023659,2016/17,2016-12-11,North Sydney Oval No.2,1,14.1,Adelaide Strikers,Melbourne Renegades,CM Edwards,SFM Devine,NM Goodwin,4,0,,,,,,,,,
1023659,2016/17,2016-12-11,North Sydney Oval No.2,1,14.2,Adelaide Strikers,Melbourne Renegades,CM Edwards,SFM Devine,NM Goodwin,0,0,,,,,,,,,
1023659,2016/17,2016-12-11,North Sydney Oval No.2,1,14.3,Adelaide Strikers,Melbourne Renegades,CM Edwards,SFM Devine,NM Goodwin,0,0,,,,,,,,,
1023659,2016/17,2016-12-11,North Sydney Oval No.2,1,14.4,Adelaide Strikers,Melbourne Renegades,CM Edwards,SFM Devine,NM Goodwin,4,0,,,,,,,,,
1023659,2016/17,2016-12-11,North Sydney Oval No.2,1,14.5,Adelaide Strikers,Melbourne Renegades,CM Edwards,SFM Devine,NM Goodwin,0,0,,,,,,,,,
1023659,2016/17,2016-12-11,North Sydney Oval No.2,1,14.6,Adelaide Strikers,Melbourne Renegades,CM Edwards,SFM Devine,NM Goodwin,1,0,,,,,,,,,
1023659,2016/17,2016-12-11,North Sydney Oval No.2,1,15.1,Adelaide Strikers,Melbourne Renegades,CM Edwards,SFM Devine,M Brown,4,0,,,,,,,,,
1023659,2016/17,2016-12-11,North Sydney Oval No.2,1,15.2,Adelaide Strikers,Melbourne Renegades,CM Edwards,SFM Devine,M Brown,4,0,,,,,,,,,
1023659,2016/17,2016-12-11,North Sydney Oval No.2,1,15.3,Adelaide Strikers,Melbourne Renegades,CM Edwards,SFM Devine,M Brown,0,0,,,,,,,,,
1023659,2016/17,2016-12-11,North Sydney Oval No.2,1,15.4,Adelaide Strikers,Melbourne Renegades,CM Edwards,SFM Devine,M Brown,0,0,,,,,,,,,
1023659,2016/17,2016-12-11,North Sydney Oval No.2,1,15.5,Adelaide Strikers,Melbourne Renegades,CM Edwards,SFM Devine,M Brown,1,0,,,,,,,,,
1023659,2016/17,2016-12-11,North Sydney Oval No.2,1,15.6,Adelaide Strikers,Melbourne Renegades,SFM Devine,CM Edwards,M Brown,0,0,,,,,,run out,CM Edwards,,
1023659,2016/17,2016-12-11,North Sydney Oval No.2,1,16.1,Adelaide Strikers,Melbourne Renegades,SFM Devine,ML Schutt,M Strano,1,0,,,,,,,,,
1023659,2016/17,2016-12-11,North Sydney Oval No.2,1,16.2,Adelaide Strikers,Melbourne Renegades,ML Schutt,SFM Devine,M Strano,2,0,,,,,,,,,
1023659,2016/17,2016-12-11,North Sydney Oval No.2,1,16.3,Adelaide Strikers,Melbourne Renegades,ML Schutt,SFM Devine,M Strano,1,0,,,,,,,,,
1023659,2016/17,2016-12-11,North Sydney Oval No.2,1,16.4,Adelaide Strikers,Melbourne Renegades,SFM Devine,ML Schutt,M Strano,1,0,,,,,,,,,
1023659,2016/17,2016-12-11,North Sydney Oval No.2,1,16.5,Adelaide Strikers,Melbourne Renegades,ML Schutt,SFM Devine,M Strano,0,0,,,,,,,,,
1023659,2016/17,2016-12-11,North Sydney Oval No.2,1,16.6,Adelaide Strikers,Melbourne Renegades,ML Schutt,SFM Devine,M Strano,0,0,,,,,,caught and bowled,ML Schutt,,
1023659,2016/17,2016-12-11,North Sydney Oval No.2,1,17.1,Adelaide Strikers,Melbourne Renegades,SFM Devine,TM McGrath,NA Plane,1,0,,,,,,,,,
1023659,2016/17,2016-12-11,North Sydney Oval No.2,1,17.2,Adelaide Strikers,Melbourne Renegades,TM McGrath,SFM Devine,NA Plane,0,1,1,,,,,,,,
1023659,2016/17,2016-12-11,North Sydney Oval No.2,1,17.3,Adelaide Strikers,Melbourne Renegades,TM McGrath,SFM Devine,NA Plane,0,0,,,,,,,,,
1023659,2016/17,2016-12-11,North Sydney Oval No.2,1,17.4,Adelaide Strikers,Melbourne Renegades,TM McGrath,SFM Devine,NA Plane,1,0,,,,,,,,,
1023659,2016/17,2016-12-11,North Sydney Oval No.2,1,17.5,Adelaide Strikers,Melbourne Renegades,SFM Devine,TM McGrath,NA Plane,1,0,,,,,,,,,
1023659,2016/17,2016-12-11,North Sydney Oval No.2,1,17.6,Adelaide Strikers,Melbourne Renegades,TM McGrath,SFM Devine,NA Plane,1,0,,,,,,,,,
1023659,2016/17,2016-12-11,North Sydney Oval No.2,1,17.7,Adelaide Strikers,Melbourne Renegades,SFM Devine,TM McGrath,NA Plane,4,0,,,,,,,,,
1023659,2016/17,2016-12-11,North Sydney Oval No.2,1,18.1,Adelaide Strikers,Melbourne Renegades,TM McGrath,SFM Devine,M Strano,0,0,,,,,,,,,
1023659,2016/17,2016-12-11,North Sydney Oval No.2,1,18.2,Adelaide Strikers,Melbourne Renegades,TM McGrath,SFM Devine,M Strano,1,0,,,,,,,,,
1023659,2016/17,2016-12-11,North Sydney Oval No.2,1,18.3,Adelaide Strikers,Melbourne Renegades,SFM Devine,TM McGrath,M Strano,2,0,,,,,,,,,
1023659,2016/17,2016-12-11,North Sydney Oval No.2,1,18.4,Adelaide Strikers,Melbourne Renegades,SFM Devine,TM McGrath,M Strano,6,0,,,,,,,,,
1023659,2016/17,2016-12-11,North Sydney Oval No.2,1,18.5,Adelaide Strikers,Melbourne Renegades,SFM Devine,TM McGrath,M Strano,1,0,,,,,,,,,
1023659,2016/17,2016-12-11,North Sydney Oval No.2,1,18.6,Adelaide Strikers,Melbourne Renegades,TM McGrath,SFM Devine,M Strano,4,0,,,,,,,,,
1023659,2016/17,2016-12-11,North Sydney Oval No.2,1,19.1,Adelaide Strikers,Melbourne Renegades,SFM Devine,TM McGrath,NA Plane,6,0,,,,,,,,,
1023659,2016/17,2016-12-11,North Sydney Oval No.2,1,19.2,Adelaide Strikers,Melbourne Renegades,SFM Devine,TM McGrath,NA Plane,1,0,,,,,,,,,
1023659,2016/17,2016-12-11,North Sydney Oval No.2,1,19.3,Adelaide Strikers,Melbourne Renegades,TM McGrath,SFM Devine,NA Plane,1,0,,,,,,,,,
1023659,2016/17,2016-12-11,North Sydney Oval No.2,1,19.4,Adelaide Strikers,Melbourne Renegades,SFM Devine,TM McGrath,NA Plane,1,0,,,,,,,,,
1023659,2016/17,2016-12-11,North Sydney Oval No.2,1,19.5,Adelaide Strikers,Melbourne Renegades,TM McGrath,SFM Devine,NA Plane,2,0,,,,,,,,,
1023659,2016/17,2016-12-11,North Sydney Oval No.2,1,19.6,Adelaide Strikers,Melbourne Renegades,TM McGrath,SFM Devine,NA Plane,6,0,,,,,,,,,
1023659,2016/17,2016-12-11,North Sydney Oval No.2,2,0.1,Melbourne Renegades,Adelaide Strikers,GM Harris,RH Priest,ML Schutt,0,1,,,,1,,,,,
1023659,2016/17,2016-12-11,North Sydney Oval No.2,2,0.2,Melbourne Renegades,Adelaide Strikers,RH Priest,GM Harris,ML Schutt,0,0,,,,,,,,,
1023659,2016/17,2016-12-11,North Sydney Oval No.2,2,0.3,Melbourne Renegades,Adelaide Strikers,RH Priest,GM Harris,ML Schutt,0,0,,,,,,,,,
1023659,2016/17,2016-12-11,North Sydney Oval No.2,2,0.4,Melbourne Renegades,Adelaide Strikers,RH Priest,GM Harris,ML Schutt,2,0,,,,,,,,,
1023659,2016/17,2016-12-11,North Sydney Oval No.2,2,0.5,Melbourne Renegades,Adelaide Strikers,RH Priest,GM Harris,ML Schutt,1,0,,,,,,,,,
1023659,2016/17,2016-12-11,North Sydney Oval No.2,2,0.6,Melbourne Renegades,Adelaide Strikers,GM Harris,RH Priest,ML Schutt,0,0,,,,,,,,,
1023659,2016/17,2016-12-11,North Sydney Oval No.2,2,1.1,Melbourne Renegades,Adelaide Strikers,RH Priest,GM Harris,S Nitschke,0,0,,,,,,,,,
1023659,2016/17,2016-12-11,North Sydney Oval No.2,2,1.2,Melbourne Renegades,Adelaide Strikers,RH Priest,GM Harris,S Nitschke,0,0,,,,,,,,,
1023659,2016/17,2016-12-11,North Sydney Oval No.2,2,1.3,Melbourne Renegades,Adelaide Strikers,RH Priest,GM Harris,S Nitschke,0,0,,,,,,,,,
1023659,2016/17,2016-12-11,North Sydney Oval No.2,2,1.4,Melbourne Renegades,Adelaide Strikers,RH Priest,GM Harris,S Nitschke,0,0,,,,,,,,,
1023659,2016/17,2016-12-11,North Sydney Oval No.2,2,1.5,Melbourne Renegades,Adelaide Strikers,RH Priest,GM Harris,S Nitschke,0,0,,,,,,,,,
1023659,2016/17,2016-12-11,North Sydney Oval No.2,2,1.6,Melbourne Renegades,Adelaide Strikers,RH Priest,GM Harris,S Nitschke,1,0,,,,,,,,,
1023659,2016/17,2016-12-11,North Sydney Oval No.2,2,2.1,Melbourne Renegades,Adelaide Strikers,RH Priest,GM Harris,ML Schutt,4,0,,,,,,,,,
1023659,2016/17,2016-12-11,North Sydney Oval No.2,2,2.2,Melbourne Renegades,Adelaide Strikers,RH Priest,GM Harris,ML Schutt,1,0,,,,,,,,,
1023659,2016/17,2016-12-11,North Sydney Oval No.2,2,2.3,Melbourne Renegades,Adelaide Strikers,GM Harris,RH Priest,ML Schutt,0,0,,,,,,,,,
1023659,2016/17,2016-12-11,North Sydney Oval No.2,2,2.4,Melbourne Renegades,Adelaide Strikers,GM Harris,RH Priest,ML Schutt,0,0,,,,,,,,,
1023659,2016/17,2016-12-11,North Sydney Oval No.2,2,2.5,Melbourne Renegades,Adelaide Strikers,GM Harris,RH Priest,ML Schutt,0,0,,,,,,,,,
1023659,2016/17,2016-12-11,North Sydney Oval No.2,2,2.6,Melbourne Renegades,Adelaide Strikers,GM Harris,RH Priest,ML Schutt,0,0,,,,,,,,,
1023659,2016/17,2016-12-11,North Sydney Oval No.2,2,3.1,Melbourne Renegades,Adelaide Strikers,RH Priest,GM Harris,A Wellington,0,0,,,,,,,,,
1023659,2016/17,2016-12-11,North Sydney Oval No.2,2,3.2,Melbourne Renegades,Adelaide Strikers,RH Priest,GM Harris,A Wellington,0,0,,,,,,,,,
1023659,2016/17,2016-12-11,North Sydney Oval No.2,2,3.3,Melbourne Renegades,Adelaide Strikers,RH Priest,GM Harris,A Wellington,0,0,,,,,,,,,
1023659,2016/17,2016-12-11,North Sydney Oval No.2,2,3.4,Melbourne Renegades,Adelaide Strikers,RH Priest,GM Harris,A Wellington,6,0,,,,,,,,,
1023659,2016/17,2016-12-11,North Sydney Oval No.2,2,3.5,Melbourne Renegades,Adelaide Strikers,RH Priest,GM Harris,A Wellington,0,0,,,,,,,,,
1023659,2016/17,2016-12-11,North Sydney Oval No.2,2,3.6,Melbourne Renegades,Adelaide Strikers,RH Priest,GM Harris,A Wellington,0,0,,,,,,,,,
1023659,2016/17,2016-12-11,North Sydney Oval No.2,2,4.1,Melbourne Renegades,Adelaide Strikers,GM Harris,RH Priest,ML Schutt,0,0,,,,,,,,,
1023659,2016/17,2016-12-11,North Sydney Oval No.2,2,4.2,Melbourne Renegades,Adelaide Strikers,GM Harris,RH Priest,ML Schutt,0,0,,,,,,,,,
1023659,2016/17,2016-12-11,North Sydney Oval No.2,2,4.3,Melbourne Renegades,Adelaide Strikers,GM Harris,RH Priest,ML Schutt,0,0,,,,,,,,,
1023659,2016/17,2016-12-11,North Sydney Oval No.2,2,4.4,Melbourne Renegades,Adelaide Strikers,GM Harris,RH Priest,ML Schutt,4,0,,,,,,,,,
1023659,2016/17,2016-12-11,North Sydney Oval No.2,2,4.5,Melbourne Renegades,Adelaide Strikers,GM Harris,RH Priest,ML Schutt,0,0,,,,,,,,,
1023659,2016/17,2016-12-11,North Sydney Oval No.2,2,4.6,Melbourne Renegades,Adelaide Strikers,GM Harris,RH Priest,ML Schutt,6,0,,,,,,,,,
1023659,2016/17,2016-12-11,North Sydney Oval No.2,2,5.1,Melbourne Renegades,Adelaide Strikers,RH Priest,GM Harris,S Nitschke,1,0,,,,,,,,,
1023659,2016/17,2016-12-11,North Sydney Oval No.2,2,5.2,Melbourne Renegades,Adelaide Strikers,GM Harris,RH Priest,S Nitschke,0,0,,,,,,,,,
1023659,2016/17,2016-12-11,North Sydney Oval No.2,2,5.3,Melbourne Renegades,Adelaide Strikers,GM Harris,RH Priest,S Nitschke,0,0,,,,,,,,,
1023659,2016/17,2016-12-11,North Sydney Oval No.2,2,5.4,Melbourne Renegades,Adelaide Strikers,GM Harris,RH Priest,S Nitschke,0,1,1,,,,,stumped,GM Harris,,
1023659,2016/17,2016-12-11,North Sydney Oval No.2,2,5.5,Melbourne Renegades,Adelaide Strikers,KL Britt,RH Priest,S Nitschke,1,0,,,,,,,,,
1023659,2016/17,2016-12-11,North Sydney Oval No.2,2,5.6,Melbourne Renegades,Adelaide Strikers,RH Priest,KL Britt,S Nitschke,0,0,,,,,,,,,
1023659,2016/17,2016-12-11,North Sydney Oval No.2,2,5.7,Melbourne Renegades,Adelaide Strikers,RH Priest,KL Britt,S Nitschke,0,0,,,,,,,,,
1023659,2016/17,2016-12-11,North Sydney Oval No.2,2,6.1,Melbourne Renegades,Adelaide Strikers,KL Britt,RH Priest,SJ Coyte,1,0,,,,,,,,,
1023659,2016/17,2016-12-11,North Sydney Oval No.2,2,6.2,Melbourne Renegades,Adelaide Strikers,RH Priest,KL Britt,SJ Coyte,2,0,,,,,,,,,
1023659,2016/17,2016-12-11,North Sydney Oval No.2,2,6.3,Melbourne Renegades,Adelaide Strikers,RH Priest,KL Britt,SJ Coyte,1,0,,,,,,,,,
1023659,2016/17,2016-12-11,North Sydney Oval No.2,2,6.4,Melbourne Renegades,Adelaide Strikers,KL Britt,RH Priest,SJ Coyte,0,1,1,,,,,,,,
1023659,2016/17,2016-12-11,North Sydney Oval No.2,2,6.5,Melbourne Renegades,Adelaide Strikers,KL Britt,RH Priest,SJ Coyte,1,0,,,,,,,,,
1023659,2016/17,2016-12-11,North Sydney Oval No.2,2,6.6,Melbourne Renegades,Adelaide Strikers,RH Priest,KL Britt,SJ Coyte,1,0,,,,,,,,,
1023659,2016/17,2016-12-11,North Sydney Oval No.2,2,6.7,Melbourne Renegades,Adelaide Strikers,KL Britt,RH Priest,SJ Coyte,1,0,,,,,,,,,
1023659,2016/17,2016-12-11,North Sydney Oval No.2,2,7.1,Melbourne Renegades,Adelaide Strikers,KL Britt,RH Priest,S Nitschke,1,0,,,,,,,,,
1023659,2016/17,2016-12-11,North Sydney Oval No.2,2,7.2,Melbourne Renegades,Adelaide Strikers,RH Priest,KL Britt,S Nitschke,1,0,,,,,,,,,
1023659,2016/17,2016-12-11,North Sydney Oval No.2,2,7.3,Melbourne Renegades,Adelaide Strikers,KL Britt,RH Priest,S Nitschke,0,0,,,,,,,,,
1023659,2016/17,2016-12-11,North Sydney Oval No.2,2,7.4,Melbourne Renegades,Adelaide Strikers,KL Britt,RH Priest,S Nitschke,1,0,,,,,,,,,
1023659,2016/17,2016-12-11,North Sydney Oval No.2,2,7.5,Melbourne Renegades,Adelaide Strikers,RH Priest,KL Britt,S Nitschke,1,0,,,,,,,,,
1023659,2016/17,2016-12-11,North Sydney Oval No.2,2,7.6,Melbourne Renegades,Adelaide Strikers,KL Britt,RH Priest,S Nitschke,1,0,,,,,,,,,
1023659,2016/17,2016-12-11,North Sydney Oval No.2,2,8.1,Melbourne Renegades,Adelaide Strikers,KL Britt,RH Priest,SJ Coyte,0,0,,,,,,,,,
1023659,2016/17,2016-12-11,North Sydney Oval No.2,2,8.2,Melbourne Renegades,Adelaide Strikers,KL Britt,RH Priest,SJ Coyte,0,0,,,,,,,,,
1023659,2016/17,2016-12-11,North Sydney Oval No.2,2,8.3,Melbourne Renegades,Adelaide Strikers,KL Britt,RH Priest,SJ Coyte,2,0,,,,,,,,,
1023659,2016/17,2016-12-11,North Sydney Oval No.2,2,8.4,Melbourne Renegades,Adelaide Strikers,KL Britt,RH Priest,SJ Coyte,1,0,,,,,,,,,
1023659,2016/17,2016-12-11,North Sydney Oval No.2,2,8.5,Melbourne Renegades,Adelaide Strikers,RH Priest,KL Britt,SJ Coyte,4,0,,,,,,,,,
1023659,2016/17,2016-12-11,North Sydney Oval No.2,2,8.6,Melbourne Renegades,Adelaide Strikers,RH Priest,KL Britt,SJ Coyte,0,0,,,,,,,,,
1023659,2016/17,2016-12-11,North Sydney Oval No.2,2,9.1,Melbourne Renegades,Adelaide Strikers,KL Britt,RH Priest,S Nitschke,0,0,,,,,,,,,
1023659,2016/17,2016-12-11,North Sydney Oval No.2,2,9.2,Melbourne Renegades,Adelaide Strikers,KL Britt,RH Priest,S Nitschke,0,0,,,,,,,,,
1023659,2016/17,2016-12-11,North Sydney Oval No.2,2,9.3,Melbourne Renegades,Adelaide Strikers,KL Britt,RH Priest,S Nitschke,0,0,,,,,,,,,
1023659,2016/17,2016-12-11,North Sydney Oval No.2,2,9.4,Melbourne Renegades,Adelaide Strikers,KL Britt,RH Priest,S Nitschke,0,0,,,,,,caught,KL Britt,,
1023659,2016/17,2016-12-11,North Sydney Oval No.2,2,9.5,Melbourne Renegades,Adelaide Strikers,DN Wyatt,RH Priest,S Nitschke,0,0,,,,,,,,,
1023659,2016/17,2016-12-11,North Sydney Oval No.2,2,9.6,Melbourne Renegades,Adelaide Strikers,DN Wyatt,RH Priest,S Nitschke,1,0,,,,,,,,,
1023659,2016/17,2016-12-11,North Sydney Oval No.2,2,10.1,Melbourne Renegades,Adelaide Strikers,DN Wyatt,RH Priest,SFM Devine,1,0,,,,,,,,,
1023659,2016/17,2016-12-11,North Sydney Oval No.2,2,10.2,Melbourne Renegades,Adelaide Strikers,RH Priest,DN Wyatt,SFM Devine,0,1,1,,,,,,,,
1023659,2016/17,2016-12-11,North Sydney Oval No.2,2,10.3,Melbourne Renegades,Adelaide Strikers,RH Priest,DN Wyatt,SFM Devine,0,0,,,,,,,,,
1023659,2016/17,2016-12-11,North Sydney Oval No.2,2,10.4,Melbourne Renegades,Adelaide Strikers,RH Priest,DN Wyatt,SFM Devine,6,0,,,,,,,,,
1023659,2016/17,2016-12-11,North Sydney Oval No.2,2,10.5,Melbourne Renegades,Adelaide Strikers,RH Priest,DN Wyatt,SFM Devine,4,0,,,,,,,,,
1023659,2016/17,2016-12-11,North Sydney Oval No.2,2,10.6,Melbourne Renegades,Adelaide Strikers,RH Priest,DN Wyatt,SFM Devine,1,0,,,,,,,,,
1023659,2016/17,2016-12-11,North Sydney Oval No.2,2,10.7,Melbourne Renegades,Adelaide Strikers,DN Wyatt,RH Priest,SFM Devine,1,0,,,,,,,,,
1023659,2016/17,2016-12-11,North Sydney Oval No.2,2,11.1,Melbourne Renegades,Adelaide Strikers,DN Wyatt,RH Priest,A Wellington,0,0,,,,,,,,,
1023659,2016/17,2016-12-11,North Sydney Oval No.2,2,11.2,Melbourne Renegades,Adelaide Strikers,DN Wyatt,RH Priest,A Wellington,0,0,,,,,,,,,
1023659,2016/17,2016-12-11,North Sydney Oval No.2,2,11.3,Melbourne Renegades,Adelaide Strikers,DN Wyatt,RH Priest,A Wellington,0,0,,,,,,,,,
1023659,2016/17,2016-12-11,North Sydney Oval No.2,2,11.4,Melbourne Renegades,Adelaide Strikers,DN Wyatt,RH Priest,A Wellington,4,0,,,,,,,,,
1023659,2016/17,2016-12-11,North Sydney Oval No.2,2,11.5,Melbourne Renegades,Adelaide Strikers,DN Wyatt,RH Priest,A Wellington,2,0,,,,,,,,,
1023659,2016/17,2016-12-11,North Sydney Oval No.2,2,11.6,Melbourne Renegades,Adelaide Strikers,DN Wyatt,RH Priest,A Wellington,1,0,,,,,,,,,
1023659,2016/17,2016-12-11,North Sydney Oval No.2,2,12.1,Melbourne Renegades,Adelaide Strikers,DN Wyatt,RH Priest,A Price,1,0,,,,,,,,,
1023659,2016/17,2016-12-11,North Sydney Oval No.2,2,12.2,Melbourne Renegades,Adelaide Strikers,RH Priest,DN Wyatt,A Price,0,0,,,,,,,,,
1023659,2016/17,2016-12-11,North Sydney Oval No.2,2,12.3,Melbourne Renegades,Adelaide Strikers,RH Priest,DN Wyatt,A Price,2,0,,,,,,,,,
1023659,2016/17,2016-12-11,North Sydney Oval No.2,2,12.4,Melbourne Renegades,Adelaide Strikers,RH Priest,DN Wyatt,A Price,1,0,,,,,,,,,
1023659,2016/17,2016-12-11,North Sydney Oval No.2,2,12.5,Melbourne Renegades,Adelaide Strikers,DN Wyatt,RH Priest,A Price,0,0,,,,,,,,,
1023659,2016/17,2016-12-11,North Sydney Oval No.2,2,12.6,Melbourne Renegades,Adelaide Strikers,DN Wyatt,RH Priest,A Price,1,0,,,,,,,,,
1023659,2016/17,2016-12-11,North Sydney Oval No.2,2,13.1,Melbourne Renegades,Adelaide Strikers,DN Wyatt,RH Priest,A Wellington,0,0,,,,,,,,,
1023659,2016/17,2016-12-11,North Sydney Oval No.2,2,13.2,Melbourne Renegades,Adelaide Strikers,DN Wyatt,RH Priest,A Wellington,0,0,,,,,,,,,
1023659,2016/17,2016-12-11,North Sydney Oval No.2,2,13.3,Melbourne Renegades,Adelaide Strikers,DN Wyatt,RH Priest,A Wellington,4,0,,,,,,,,,
1023659,2016/17,2016-12-11,North Sydney Oval No.2,2,13.4,Melbourne Renegades,Adelaide Strikers,DN Wyatt,RH Priest,A Wellington,4,0,,,,,,,,,
1023659,2016/17,2016-12-11,North Sydney Oval No.2,2,13.5,Melbourne Renegades,Adelaide Strikers,DN Wyatt,RH Priest,A Wellington,1,0,,,,,,,,,
1023659,2016/17,2016-12-11,North Sydney Oval No.2,2,13.6,Melbourne Renegades,Adelaide Strikers,RH Priest,DN Wyatt,A Wellington,4,0,,,,,,,,,
1023659,2016/17,2016-12-11,North Sydney Oval No.2,2,14.1,Melbourne Renegades,Adelaide Strikers,DN Wyatt,RH Priest,A Price,1,0,,,,,,,,,
1023659,2016/17,2016-12-11,North Sydney Oval No.2,2,14.2,Melbourne Renegades,Adelaide Strikers,RH Priest,DN Wyatt,A Price,0,0,,,,,,caught,RH Priest,,
1023659,2016/17,2016-12-11,North Sydney Oval No.2,2,14.3,Melbourne Renegades,Adelaide Strikers,DN Wyatt,S Molineux,A Price,0,0,,,,,,,,,
1023659,2016/17,2016-12-11,North Sydney Oval No.2,2,14.4,Melbourne Renegades,Adelaide Strikers,DN Wyatt,S Molineux,A Price,4,0,,,,,,,,,
1023659,2016/17,2016-12-11,North Sydney Oval No.2,2,14.5,Melbourne Renegades,Adelaide Strikers,DN Wyatt,S Molineux,A Price,1,0,,,,,,,,,
1023659,2016/17,2016-12-11,North Sydney Oval No.2,2,14.6,Melbourne Renegades,Adelaide Strikers,S Molineux,DN Wyatt,A Price,1,0,,,,,,,,,
1023659,2016/17,2016-12-11,North Sydney Oval No.2,2,15.1,Melbourne Renegades,Adelaide Strikers,S Molineux,DN Wyatt,SJ Coyte,2,0,,,,,,,,,
1023659,2016/17,2016-12-11,North Sydney Oval No.2,2,15.2,Melbourne Renegades,Adelaide Strikers,S Molineux,DN Wyatt,SJ Coyte,1,0,,,,,,,,,
1023659,2016/17,2016-12-11,North Sydney Oval No.2,2,15.3,Melbourne Renegades,Adelaide Strikers,DN Wyatt,S Molineux,SJ Coyte,0,1,1,,,,,,,,
1023659,2016/17,2016-12-11,North Sydney Oval No.2,2,15.4,Melbourne Renegades,Adelaide Strikers,DN Wyatt,S Molineux,SJ Coyte,1,0,,,,,,,,,
1023659,2016/17,2016-12-11,North Sydney Oval No.2,2,15.5,Melbourne Renegades,Adelaide Strikers,S Molineux,DN Wyatt,SJ Coyte,0,0,,,,,,,,,
1023659,2016/17,2016-12-11,North Sydney Oval No.2,2,15.6,Melbourne Renegades,Adelaide Strikers,S Molineux,DN Wyatt,SJ Coyte,1,0,,,,,,,,,
1023659,2016/17,2016-12-11,North Sydney Oval No.2,2,15.7,Melbourne Renegades,Adelaide Strikers,DN Wyatt,S Molineux,SJ Coyte,1,0,,,,,,,,,
1023659,2016/17,2016-12-11,North Sydney Oval No.2,2,16.1,Melbourne Renegades,Adelaide Strikers,DN Wyatt,S Molineux,A Price,1,0,,,,,,,,,
1023659,2016/17,2016-12-11,North Sydney Oval No.2,2,16.2,Melbourne Renegades,Adelaide Strikers,S Molineux,DN Wyatt,A Price,0,0,,,,,,,,,
1023659,2016/17,2016-12-11,North Sydney Oval No.2,2,16.3,Melbourne Renegades,Adelaide Strikers,S Molineux,DN Wyatt,A Price,4,0,,,,,,,,,
1023659,2016/17,2016-12-11,North Sydney Oval No.2,2,16.4,Melbourne Renegades,Adelaide Strikers,S Molineux,DN Wyatt,A Price,0,0,,,,,,,,,
1023659,2016/17,2016-12-11,North Sydney Oval No.2,2,16.5,Melbourne Renegades,Adelaide Strikers,S Molineux,DN Wyatt,A Price,1,0,,,,,,,,,
1023659,2016/17,2016-12-11,North Sydney Oval No.2,2,16.6,Melbourne Renegades,Adelaide Strikers,DN Wyatt,S Molineux,A Price,0,0,,,,,,,,,
1023659,2016/17,2016-12-11,North Sydney Oval No.2,2,17.1,Melbourne Renegades,Adelaide Strikers,S Molineux,DN Wyatt,SJ Coyte,6,0,,,,,,,,,
1023659,2016/17,2016-12-11,North Sydney Oval No.2,2,17.2,Melbourne Renegades,Adelaide Strikers,S Molineux,DN Wyatt,SJ Coyte,2,0,,,,,,,,,
1023659,2016/17,2016-12-11,North Sydney Oval No.2,2,17.3,Melbourne Renegades,Adelaide Strikers,S Molineux,DN Wyatt,SJ Coyte,1,0,,,,,,,,,
1023659,2016/17,2016-12-11,North Sydney Oval No.2,2,17.4,Melbourne Renegades,Adelaide Strikers,DN Wyatt,S Molineux,SJ Coyte,0,0,,,,,,,,,
1023659,2016/17,2016-12-11,North Sydney Oval No.2,2,17.5,Melbourne Renegades,Adelaide Strikers,DN Wyatt,S Molineux,SJ Coyte,1,0,,,,,,,,,
1023659,2016/17,2016-12-11,North Sydney Oval No.2,2,17.6,Melbourne Renegades,Adelaide Strikers,S Molineux,DN Wyatt,SJ Coyte,1,0,,,,,,,,,
1023659,2016/17,2016-12-11,North Sydney Oval No.2,2,18.1,Melbourne Renegades,Adelaide Strikers,S Molineux,DN Wyatt,A Price,1,0,,,,,,,,,
1023659,2016/17,2016-12-11,North Sydney Oval No.2,2,18.2,Melbourne Renegades,Adelaide Strikers,DN Wyatt,S Molineux,A Price,1,0,,,,,,,,,
1023659,2016/17,2016-12-11,North Sydney Oval No.2,2,18.3,Melbourne Renegades,Adelaide Strikers,S Molineux,DN Wyatt,A Price,1,0,,,,,,,,,
1023659,2016/17,2016-12-11,North Sydney Oval No.2,2,18.4,Melbourne Renegades,Adelaide Strikers,DN Wyatt,S Molineux,A Price,1,0,,,,,,,,,
1023659,2016/17,2016-12-11,North Sydney Oval No.2,2,18.5,Melbourne Renegades,Adelaide Strikers,S Molineux,DN Wyatt,A Price,1,0,,,,,,,,,
1023659,2016/17,2016-12-11,North Sydney Oval No.2,2,18.6,Melbourne Renegades,Adelaide Strikers,DN Wyatt,S Molineux,A Price,0,0,,,,,,,,,
1023659,2016/17,2016-12-11,North Sydney Oval No.2,2,19.1,Melbourne Renegades,Adelaide Strikers,S Molineux,DN Wyatt,TM McGrath,1,0,,,,,,,,,
1023659,2016/17,2016-12-11,North Sydney Oval No.2,2,19.2,Melbourne Renegades,Adelaide Strikers,DN Wyatt,S Molineux,TM McGrath,1,0,,,,,,,,,
1023659,2016/17,2016-12-11,North Sydney Oval No.2,2,19.3,Melbourne Renegades,Adelaide Strikers,S Molineux,DN Wyatt,TM McGrath,4,0,,,,,,,,,
