version,2.1.0
info,balls_per_over,6
info,team,Hobart Hurricanes
info,team,Sydney Sixers
info,gender,female
info,season,2016/17
info,date,2016/12/29
info,event,Women's Big Bash League
info,match_number,25
info,venue,Hurstville Oval
info,city,Sydney
info,toss_winner,Hobart Hurricanes
info,toss_decision,bat
info,player_of_match,SE Aley
info,umpire,Troy Penman
info,umpire,Anthony Hobson
info,match_referee,GE Reed
info,winner,Sydney Sixers
info,winner_wickets,7
info,player,Hobart Hurricanes,HK Matthews
info,player,Hobart Hurricanes,G Redmayne
info,player,Hobart Hurricanes,HC Knight
info,player,Hobart Hurricanes,EA Burns
info,player,Hobart Hurricanes,CL Hall
info,player,Hobart Hurricanes,IMHC Joyce
info,player,Hobart Hurricanes,V Pyke
info,player,Hobart Hurricanes,E Thompson
info,player,Hobart Hurricanes,M Phillips
info,player,Hobart Hurricanes,B Hepburn
info,player,Hobart Hurricanes,JL Hunter
info,player,Sydney Sixers,AJ Healy
info,player,Sydney Sixers,EA Perry
info,player,Sydney Sixers,A Gardner
info,player,Sydney Sixers,SJ McGlashan
info,player,Sydney Sixers,D van Niekerk
info,player,Sydney Sixers,M Kapp
info,player,Sydney Sixers,AR Reakes
info,player,Sydney Sixers,SE Aley
info,player,Sydney Sixers,LC Sthalekar
info,player,Sydney Sixers,EA Leys
info,player,Sydney Sixers,LG Smith
info,registry,people,A Gardner,bc969efb
info,registry,people,AJ Healy,321644de
info,registry,people,AR Reakes,13781d43
info,registry,people,Anthony Hobson,397cf8e4
info,registry,people,B Hepburn,df04fc4f
info,registry,people,CL Hall,6026e2ae
info,registry,people,D van Niekerk,8c5775f3
info,registry,people,E Thompson,a7c3c366
info,registry,people,EA Burns,2e0b6638
info,registry,people,EA Leys,a6d06180
info,registry,people,EA Perry,be150fc8
info,registry,people,G Redmayne,324b9eee
info,registry,people,GE Reed,2a96701e
info,registry,people,HC Knight,4ba0289e
info,registry,people,HK Matthews,d32cf49a
info,registry,people,IMHC Joyce,d3b4b8ed
info,registry,people,JL Hunter,110839f2
info,registry,people,LC Sthalekar,6bb7a785
info,registry,people,LG Smith,9c515112
info,registry,people,M Kapp,63e3b6b3
info,registry,people,M Phillips,216ae65f
info,registry,people,SE Aley,5be043df
info,registry,people,SJ McGlashan,af71535d
info,registry,people,Troy Penman,0aa42c26
info,registry,people,V Pyke,cb937b2d
