version,2.1.0
info,balls_per_over,6
info,team,Hobart Hurricanes
info,team,Melbourne Renegades
info,gender,female
info,season,2016/17
info,date,2016/12/18
info,event,Women's Big Bash League
info,match_number,14
info,venue,Queen Elizabeth II Oval
info,city,Bendigo
info,toss_winner,Melbourne Renegades
info,toss_decision,field
info,player_of_match,AE Satterthwaite
info,umpire,D Brigham
info,umpire,S Brne
info,match_referee,RG Patterson
info,outcome,tie
info,eliminator,Hobart Hurricanes
info,player,Hobart Hurricanes,HK Matthews
info,player,Hobart Hurricanes,G Redmayne
info,player,Hobart Hurricanes,HC Knight
info,player,Hobart Hurricanes,AE Satterthwaite
info,player,Hobart Hurricanes,EA Burns
info,player,Hobart Hurricanes,CL Hall
info,player,Hobart Hurricanes,V Pyke
info,player,Hobart Hurricanes,E Thompson
info,player,Hobart Hurricanes,B Hepburn
info,player,Hobart Hurricanes,K Fryett
info,player,Hobart Hurricanes,C Raack
info,player,Melbourne Renegades,GM Harris
info,player,Melbourne Renegades,RH Priest
info,player,Melbourne Renegades,KL Britt
info,player,Melbourne Renegades,DN Wyatt
info,player,Melbourne Renegades,S Molineux
info,player,Melbourne Renegades,M Strano
info,player,Melbourne Renegades,LMM Tahuhu
info,player,Melbourne Renegades,G Wareham
info,player,Melbourne Renegades,NM Goodwin
info,player,Melbourne Renegades,NA Plane
info,player,Melbourne Renegades,M Brown
info,registry,people,AE Satterthwaite,72b7ed1e
info,registry,people,B Hepburn,df04fc4f
info,registry,people,C Raack,28aba384
info,registry,people,CL Hall,6026e2ae
info,registry,people,D Brigham,464daf41
info,registry,people,DN Wyatt,a139c379
info,registry,people,E Thompson,a7c3c366
info,registry,people,EA Burns,2e0b6638
info,registry,people,G Redmayne,324b9eee
info,registry,people,G Wareham,f0b4e47d
info,registry,people,GM Harris,72166006
info,registry,people,HC Knight,4ba0289e
info,registry,people,HK Matthews,d32cf49a
info,registry,people,K Fryett,0d19fa13
info,registry,people,KL Britt,b9e15440
info,registry,people,LMM Tahuhu,60471339
info,registry,people,M Brown,78bec461
info,registry,people,M Strano,f57d5dbb
info,registry,people,NA Plane,29ed56ec
info,registry,people,NM Goodwin,4241dc19
info,registry,people,RG Patterson,d264c880
info,registry,people,RH Priest,e6f0408a
info,registry,people,S Brne,f552dfcb
info,registry,people,S Molineux,99e23670
info,registry,people,V Pyke,cb937b2d
