match_id,season,start_date,venue,innings,ball,batting_team,bowling_team,striker,non_striker,bowler,runs_off_bat,extras,wides,noballs,byes,legbyes,penalty,wicket_type,player_dismissed,other_wicket_type,other_player_dismissed
1023675,2016/17,2016-12-17,Howell Oval,1,0.1,Sydney Thunder,Adelaide Strikers,SR Taylor,RL Haynes,ML Schutt,0,0,,,,,,,,,
1023675,2016/17,2016-12-17,Howell Oval,1,0.2,Sydney Thunder,Adelaide Strikers,SR Taylor,RL Haynes,ML Schutt,0,1,,,,1,,,,,
1023675,2016/17,2016-12-17,Howell Oval,1,0.3,Sydney Thunder,Adelaide Strikers,RL Haynes,SR Taylor,ML Schutt,0,0,,,,,,,,,
1023675,2016/17,2016-12-17,Howell Oval,1,0.4,Sydney Thunder,Adelaide Strikers,RL Haynes,SR Taylor,ML Schutt,0,0,,,,,,,,,
1023675,2016/17,2016-12-17,Howell Oval,1,0.5,Sydney Thunder,Adelaide Strikers,RL Haynes,SR Taylor,ML Schutt,1,0,,,,,,,,,
1023675,2016/17,2016-12-17,Howell Oval,1,0.6,Sydney Thunder,Adelaide Strikers,SR Taylor,RL Haynes,ML Schutt,1,0,,,,,,,,,
1023675,2016/17,2016-12-17,Howell Oval,1,1.1,Sydney Thunder,Adelaide Strikers,SR Taylor,RL Haynes,SFM Devine,0,0,,,,,,,,,
1023675,2016/17,2016-12-17,Howell Oval,1,1.2,Sydney Thunder,Adelaide Strikers,SR Taylor,RL Haynes,SFM Devine,0,0,,,,,,,,,
1023675,2016/17,2016-12-17,Howell Oval,1,1.3,Sydney Thunder,Adelaide Strikers,SR Taylor,RL Haynes,SFM Devine,0,0,,,,,,,,,
1023675,2016/17,2016-12-17,Howell Oval,1,1.4,Sydney Thunder,Adelaide Strikers,SR Taylor,RL Haynes,SFM Devine,2,0,,,,,,,,,
1023675,2016/17,2016-12-17,Howell Oval,1,1.5,Sydney Thunder,Adelaide Strikers,SR Taylor,RL Haynes,SFM Devine,0,0,,,,,,,,,
1023675,2016/17,2016-12-17,Howell Oval,1,1.6,Sydney Thunder,Adelaide Strikers,SR Taylor,RL Haynes,SFM Devine,1,0,,,,,,,,,
1023675,2016/17,2016-12-17,Howell Oval,1,2.1,Sydney Thunder,Adelaide Strikers,SR Taylor,RL Haynes,ML Schutt,0,0,,,,,,,,,
1023675,2016/17,2016-12-17,Howell Oval,1,2.2,Sydney Thunder,Adelaide Strikers,SR Taylor,RL Haynes,ML Schutt,1,0,,,,,,,,,
1023675,2016/17,2016-12-17,Howell Oval,1,2.3,Sydney Thunder,Adelaide Strikers,RL Haynes,SR Taylor,ML Schutt,1,0,,,,,,,,,
1023675,2016/17,2016-12-17,Howell Oval,1,2.4,Sydney Thunder,Adelaide Strikers,SR Taylor,RL Haynes,ML Schutt,0,0,,,,,,,,,
1023675,2016/17,2016-12-17,Howell Oval,1,2.5,Sydney Thunder,Adelaide Strikers,SR Taylor,RL Haynes,ML Schutt,1,0,,,,,,,,,
1023675,2016/17,2016-12-17,Howell Oval,1,2.6,Sydney Thunder,Adelaide Strikers,RL Haynes,SR Taylor,ML Schutt,2,0,,,,,,,,,
1023675,2016/17,2016-12-17,Howell Oval,1,3.1,Sydney Thunder,Adelaide Strikers,SR Taylor,RL Haynes,SFM Devine,0,0,,,,,,caught,SR Taylor,,
1023675,2016/17,2016-12-17,Howell Oval,1,3.2,Sydney Thunder,Adelaide Strikers,AJ Blackwell,RL Haynes,SFM Devine,1,0,,,,,,,,,
1023675,2016/17,2016-12-17,Howell Oval,1,3.3,Sydney Thunder,Adelaide Strikers,RL Haynes,AJ Blackwell,SFM Devine,0,0,,,,,,,,,
1023675,2016/17,2016-12-17,Howell Oval,1,3.4,Sydney Thunder,Adelaide Strikers,RL Haynes,AJ Blackwell,SFM Devine,0,0,,,,,,,,,
1023675,2016/17,2016-12-17,Howell Oval,1,3.5,Sydney Thunder,Adelaide Strikers,RL Haynes,AJ Blackwell,SFM Devine,2,0,,,,,,,,,
1023675,2016/17,2016-12-17,Howell Oval,1,3.6,Sydney Thunder,Adelaide Strikers,RL Haynes,AJ Blackwell,SFM Devine,2,0,,,,,,,,,
1023675,2016/17,2016-12-17,Howell Oval,1,4.1,Sydney Thunder,Adelaide Strikers,AJ Blackwell,RL Haynes,ML Schutt,4,0,,,,,,,,,
1023675,2016/17,2016-12-17,Howell Oval,1,4.2,Sydney Thunder,Adelaide Strikers,AJ Blackwell,RL Haynes,ML Schutt,0,0,,,,,,,,,
1023675,2016/17,2016-12-17,Howell Oval,1,4.3,Sydney Thunder,Adelaide Strikers,AJ Blackwell,RL Haynes,ML Schutt,0,0,,,,,,,,,
1023675,2016/17,2016-12-17,Howell Oval,1,4.4,Sydney Thunder,Adelaide Strikers,AJ Blackwell,RL Haynes,ML Schutt,0,0,,,,,,,,,
1023675,2016/17,2016-12-17,Howell Oval,1,4.5,Sydney Thunder,Adelaide Strikers,AJ Blackwell,RL Haynes,ML Schutt,0,0,,,,,,,,,
1023675,2016/17,2016-12-17,Howell Oval,1,4.6,Sydney Thunder,Adelaide Strikers,AJ Blackwell,RL Haynes,ML Schutt,0,2,2,,,,,,,,
1023675,2016/17,2016-12-17,Howell Oval,1,4.7,Sydney Thunder,Adelaide Strikers,RL Haynes,AJ Blackwell,ML Schutt,0,0,,,,,,,,,
1023675,2016/17,2016-12-17,Howell Oval,1,5.1,Sydney Thunder,Adelaide Strikers,AJ Blackwell,RL Haynes,TM McGrath,0,1,1,,,,,,,,
1023675,2016/17,2016-12-17,Howell Oval,1,5.2,Sydney Thunder,Adelaide Strikers,AJ Blackwell,RL Haynes,TM McGrath,1,0,,,,,,,,,
1023675,2016/17,2016-12-17,Howell Oval,1,5.3,Sydney Thunder,Adelaide Strikers,RL Haynes,AJ Blackwell,TM McGrath,0,0,,,,,,caught,RL Haynes,,
1023675,2016/17,2016-12-17,Howell Oval,1,5.4,Sydney Thunder,Adelaide Strikers,AJ Blackwell,H Kaur,TM McGrath,0,1,1,,,,,,,,
1023675,2016/17,2016-12-17,Howell Oval,1,5.5,Sydney Thunder,Adelaide Strikers,AJ Blackwell,H Kaur,TM McGrath,0,0,,,,,,,,,
1023675,2016/17,2016-12-17,Howell Oval,1,5.6,Sydney Thunder,Adelaide Strikers,AJ Blackwell,H Kaur,TM McGrath,1,0,,,,,,,,,
1023675,2016/17,2016-12-17,Howell Oval,1,5.7,Sydney Thunder,Adelaide Strikers,H Kaur,AJ Blackwell,TM McGrath,0,0,,,,,,,,,
1023675,2016/17,2016-12-17,Howell Oval,1,5.8,Sydney Thunder,Adelaide Strikers,H Kaur,AJ Blackwell,TM McGrath,0,0,,,,,,,,,
1023675,2016/17,2016-12-17,Howell Oval,1,6.1,Sydney Thunder,Adelaide Strikers,AJ Blackwell,H Kaur,SJ Coyte,0,0,,,,,,,,,
1023675,2016/17,2016-12-17,Howell Oval,1,6.2,Sydney Thunder,Adelaide Strikers,AJ Blackwell,H Kaur,SJ Coyte,0,0,,,,,,,,,
1023675,2016/17,2016-12-17,Howell Oval,1,6.3,Sydney Thunder,Adelaide Strikers,AJ Blackwell,H Kaur,SJ Coyte,0,0,,,,,,,,,
1023675,2016/17,2016-12-17,Howell Oval,1,6.4,Sydney Thunder,Adelaide Strikers,AJ Blackwell,H Kaur,SJ Coyte,0,0,,,,,,,,,
1023675,2016/17,2016-12-17,Howell Oval,1,6.5,Sydney Thunder,Adelaide Strikers,AJ Blackwell,H Kaur,SJ Coyte,0,0,,,,,,,,,
1023675,2016/17,2016-12-17,Howell Oval,1,6.6,Sydney Thunder,Adelaide Strikers,AJ Blackwell,H Kaur,SJ Coyte,1,0,,,,,,,,,
1023675,2016/17,2016-12-17,Howell Oval,1,7.1,Sydney Thunder,Adelaide Strikers,AJ Blackwell,H Kaur,TM McGrath,1,0,,,,,,,,,
1023675,2016/17,2016-12-17,Howell Oval,1,7.2,Sydney Thunder,Adelaide Strikers,H Kaur,AJ Blackwell,TM McGrath,0,0,,,,,,bowled,H Kaur,,
1023675,2016/17,2016-12-17,Howell Oval,1,7.3,Sydney Thunder,Adelaide Strikers,EA Osborne,AJ Blackwell,TM McGrath,0,0,,,,,,,,,
1023675,2016/17,2016-12-17,Howell Oval,1,7.4,Sydney Thunder,Adelaide Strikers,EA Osborne,AJ Blackwell,TM McGrath,0,0,,,,,,,,,
1023675,2016/17,2016-12-17,Howell Oval,1,7.5,Sydney Thunder,Adelaide Strikers,EA Osborne,AJ Blackwell,TM McGrath,0,0,,,,,,,,,
1023675,2016/17,2016-12-17,Howell Oval,1,7.6,Sydney Thunder,Adelaide Strikers,EA Osborne,AJ Blackwell,TM McGrath,0,0,,,,,,,,,
1023675,2016/17,2016-12-17,Howell Oval,1,8.1,Sydney Thunder,Adelaide Strikers,AJ Blackwell,EA Osborne,SJ Coyte,2,0,,,,,,,,,
1023675,2016/17,2016-12-17,Howell Oval,1,8.2,Sydney Thunder,Adelaide Strikers,AJ Blackwell,EA Osborne,SJ Coyte,0,0,,,,,,,,,
1023675,2016/17,2016-12-17,Howell Oval,1,8.3,Sydney Thunder,Adelaide Strikers,AJ Blackwell,EA Osborne,SJ Coyte,6,0,,,,,,,,,
1023675,2016/17,2016-12-17,Howell Oval,1,8.4,Sydney Thunder,Adelaide Strikers,AJ Blackwell,EA Osborne,SJ Coyte,1,0,,,,,,,,,
1023675,2016/17,2016-12-17,Howell Oval,1,8.5,Sydney Thunder,Adelaide Strikers,EA Osborne,AJ Blackwell,SJ Coyte,1,0,,,,,,,,,
1023675,2016/17,2016-12-17,Howell Oval,1,8.6,Sydney Thunder,Adelaide Strikers,AJ Blackwell,EA Osborne,SJ Coyte,2,0,,,,,,,,,
1023675,2016/17,2016-12-17,Howell Oval,1,9.1,Sydney Thunder,Adelaide Strikers,EA Osborne,AJ Blackwell,S Nitschke,0,0,,,,,,,,,
1023675,2016/17,2016-12-17,Howell Oval,1,9.2,Sydney Thunder,Adelaide Strikers,EA Osborne,AJ Blackwell,S Nitschke,1,0,,,,,,,,,
1023675,2016/17,2016-12-17,Howell Oval,1,9.3,Sydney Thunder,Adelaide Strikers,AJ Blackwell,EA Osborne,S Nitschke,0,0,,,,,,,,,
1023675,2016/17,2016-12-17,Howell Oval,1,9.4,Sydney Thunder,Adelaide Strikers,AJ Blackwell,EA Osborne,S Nitschke,4,0,,,,,,,,,
1023675,2016/17,2016-12-17,Howell Oval,1,9.5,Sydney Thunder,Adelaide Strikers,AJ Blackwell,EA Osborne,S Nitschke,1,0,,,,,,,,,
1023675,2016/17,2016-12-17,Howell Oval,1,9.6,Sydney Thunder,Adelaide Strikers,EA Osborne,AJ Blackwell,S Nitschke,1,0,,,,,,,,,
1023675,2016/17,2016-12-17,Howell Oval,1,10.1,Sydney Thunder,Adelaide Strikers,EA Osborne,AJ Blackwell,A Wellington,0,0,,,,,,,,,
1023675,2016/17,2016-12-17,Howell Oval,1,10.2,Sydney Thunder,Adelaide Strikers,EA Osborne,AJ Blackwell,A Wellington,0,0,,,,,,,,,
1023675,2016/17,2016-12-17,Howell Oval,1,10.3,Sydney Thunder,Adelaide Strikers,EA Osborne,AJ Blackwell,A Wellington,0,0,,,,,,,,,
1023675,2016/17,2016-12-17,Howell Oval,1,10.4,Sydney Thunder,Adelaide Strikers,EA Osborne,AJ Blackwell,A Wellington,0,0,,,,,,,,,
1023675,2016/17,2016-12-17,Howell Oval,1,10.5,Sydney Thunder,Adelaide Strikers,EA Osborne,AJ Blackwell,A Wellington,0,0,,,,,,,,,
1023675,2016/17,2016-12-17,Howell Oval,1,10.6,Sydney Thunder,Adelaide Strikers,EA Osborne,AJ Blackwell,A Wellington,1,0,,,,,,,,,
1023675,2016/17,2016-12-17,Howell Oval,1,11.1,Sydney Thunder,Adelaide Strikers,EA Osborne,AJ Blackwell,S Nitschke,1,0,,,,,,,,,
1023675,2016/17,2016-12-17,Howell Oval,1,11.2,Sydney Thunder,Adelaide Strikers,AJ Blackwell,EA Osborne,S Nitschke,1,0,,,,,,,,,
1023675,2016/17,2016-12-17,Howell Oval,1,11.3,Sydney Thunder,Adelaide Strikers,EA Osborne,AJ Blackwell,S Nitschke,0,0,,,,,,,,,
1023675,2016/17,2016-12-17,Howell Oval,1,11.4,Sydney Thunder,Adelaide Strikers,EA Osborne,AJ Blackwell,S Nitschke,1,0,,,,,,,,,
1023675,2016/17,2016-12-17,Howell Oval,1,11.5,Sydney Thunder,Adelaide Strikers,AJ Blackwell,EA Osborne,S Nitschke,2,0,,,,,,,,,
1023675,2016/17,2016-12-17,Howell Oval,1,11.6,Sydney Thunder,Adelaide Strikers,AJ Blackwell,EA Osborne,S Nitschke,0,0,,,,,,caught,AJ Blackwell,,
1023675,2016/17,2016-12-17,Howell Oval,1,12.1,Sydney Thunder,Adelaide Strikers,EA Osborne,NE Stalenberg,A Wellington,0,0,,,,,,,,,
1023675,2016/17,2016-12-17,Howell Oval,1,12.2,Sydney Thunder,Adelaide Strikers,EA Osborne,NE Stalenberg,A Wellington,0,0,,,,,,,,,
1023675,2016/17,2016-12-17,Howell Oval,1,12.3,Sydney Thunder,Adelaide Strikers,EA Osborne,NE Stalenberg,A Wellington,0,0,,,,,,bowled,EA Osborne,,
1023675,2016/17,2016-12-17,Howell Oval,1,12.4,Sydney Thunder,Adelaide Strikers,RM Farrell,NE Stalenberg,A Wellington,0,0,,,,,,,,,
1023675,2016/17,2016-12-17,Howell Oval,1,12.5,Sydney Thunder,Adelaide Strikers,RM Farrell,NE Stalenberg,A Wellington,2,0,,,,,,,,,
1023675,2016/17,2016-12-17,Howell Oval,1,12.6,Sydney Thunder,Adelaide Strikers,RM Farrell,NE Stalenberg,A Wellington,0,0,,,,,,,,,
1023675,2016/17,2016-12-17,Howell Oval,1,13.1,Sydney Thunder,Adelaide Strikers,NE Stalenberg,RM Farrell,S Nitschke,1,0,,,,,,,,,
1023675,2016/17,2016-12-17,Howell Oval,1,13.2,Sydney Thunder,Adelaide Strikers,RM Farrell,NE Stalenberg,S Nitschke,0,0,,,,,,,,,
1023675,2016/17,2016-12-17,Howell Oval,1,13.3,Sydney Thunder,Adelaide Strikers,RM Farrell,NE Stalenberg,S Nitschke,1,0,,,,,,,,,
1023675,2016/17,2016-12-17,Howell Oval,1,13.4,Sydney Thunder,Adelaide Strikers,NE Stalenberg,RM Farrell,S Nitschke,0,0,,,,,,,,,
1023675,2016/17,2016-12-17,Howell Oval,1,13.5,Sydney Thunder,Adelaide Strikers,NE Stalenberg,RM Farrell,S Nitschke,1,0,,,,,,,,,
1023675,2016/17,2016-12-17,Howell Oval,1,13.6,Sydney Thunder,Adelaide Strikers,RM Farrell,NE Stalenberg,S Nitschke,0,0,,,,,,,,,
1023675,2016/17,2016-12-17,Howell Oval,1,14.1,Sydney Thunder,Adelaide Strikers,NE Stalenberg,RM Farrell,A Wellington,1,0,,,,,,,,,
1023675,2016/17,2016-12-17,Howell Oval,1,14.2,Sydney Thunder,Adelaide Strikers,RM Farrell,NE Stalenberg,A Wellington,0,0,,,,,,,,,
1023675,2016/17,2016-12-17,Howell Oval,1,14.3,Sydney Thunder,Adelaide Strikers,RM Farrell,NE Stalenberg,A Wellington,1,0,,,,,,,,,
1023675,2016/17,2016-12-17,Howell Oval,1,14.4,Sydney Thunder,Adelaide Strikers,NE Stalenberg,RM Farrell,A Wellington,0,0,,,,,,,,,
1023675,2016/17,2016-12-17,Howell Oval,1,14.5,Sydney Thunder,Adelaide Strikers,NE Stalenberg,RM Farrell,A Wellington,0,0,,,,,,,,,
1023675,2016/17,2016-12-17,Howell Oval,1,14.6,Sydney Thunder,Adelaide Strikers,NE Stalenberg,RM Farrell,A Wellington,1,0,,,,,,,,,
1023675,2016/17,2016-12-17,Howell Oval,1,15.1,Sydney Thunder,Adelaide Strikers,NE Stalenberg,RM Farrell,S Nitschke,0,0,,,,,,,,,
1023675,2016/17,2016-12-17,Howell Oval,1,15.2,Sydney Thunder,Adelaide Strikers,NE Stalenberg,RM Farrell,S Nitschke,1,0,,,,,,,,,
1023675,2016/17,2016-12-17,Howell Oval,1,15.3,Sydney Thunder,Adelaide Strikers,RM Farrell,NE Stalenberg,S Nitschke,1,0,,,,,,,,,
1023675,2016/17,2016-12-17,Howell Oval,1,15.4,Sydney Thunder,Adelaide Strikers,NE Stalenberg,RM Farrell,S Nitschke,1,0,,,,,,,,,
1023675,2016/17,2016-12-17,Howell Oval,1,15.5,Sydney Thunder,Adelaide Strikers,RM Farrell,NE Stalenberg,S Nitschke,1,0,,,,,,,,,
1023675,2016/17,2016-12-17,Howell Oval,1,15.6,Sydney Thunder,Adelaide Strikers,NE Stalenberg,RM Farrell,S Nitschke,0,0,,,,,,,,,
1023675,2016/17,2016-12-17,Howell Oval,1,16.1,Sydney Thunder,Adelaide Strikers,RM Farrell,NE Stalenberg,A Wellington,0,0,,,,,,,,,
1023675,2016/17,2016-12-17,Howell Oval,1,16.2,Sydney Thunder,Adelaide Strikers,RM Farrell,NE Stalenberg,A Wellington,1,0,,,,,,,,,
1023675,2016/17,2016-12-17,Howell Oval,1,16.3,Sydney Thunder,Adelaide Strikers,NE Stalenberg,RM Farrell,A Wellington,0,0,,,,,,,,,
1023675,2016/17,2016-12-17,Howell Oval,1,16.4,Sydney Thunder,Adelaide Strikers,NE Stalenberg,RM Farrell,A Wellington,1,0,,,,,,,,,
1023675,2016/17,2016-12-17,Howell Oval,1,16.5,Sydney Thunder,Adelaide Strikers,RM Farrell,NE Stalenberg,A Wellington,1,0,,,,,,,,,
1023675,2016/17,2016-12-17,Howell Oval,1,16.6,Sydney Thunder,Adelaide Strikers,NE Stalenberg,RM Farrell,A Wellington,6,0,,,,,,,,,
1023675,2016/17,2016-12-17,Howell Oval,1,17.1,Sydney Thunder,Adelaide Strikers,RM Farrell,NE Stalenberg,TM McGrath,0,0,,,,,,,,,
1023675,2016/17,2016-12-17,Howell Oval,1,17.2,Sydney Thunder,Adelaide Strikers,RM Farrell,NE Stalenberg,TM McGrath,1,0,,,,,,,,,
1023675,2016/17,2016-12-17,Howell Oval,1,17.3,Sydney Thunder,Adelaide Strikers,NE Stalenberg,RM Farrell,TM McGrath,1,0,,,,,,,,,
1023675,2016/17,2016-12-17,Howell Oval,1,17.4,Sydney Thunder,Adelaide Strikers,RM Farrell,NE Stalenberg,TM McGrath,0,2,,,2,,,,,,
1023675,2016/17,2016-12-17,Howell Oval,1,17.5,Sydney Thunder,Adelaide Strikers,RM Farrell,NE Stalenberg,TM McGrath,1,0,,,,,,,,,
1023675,2016/17,2016-12-17,Howell Oval,1,17.6,Sydney Thunder,Adelaide Strikers,NE Stalenberg,RM Farrell,TM McGrath,1,0,,,,,,,,,
1023675,2016/17,2016-12-17,Howell Oval,1,18.1,Sydney Thunder,Adelaide Strikers,NE Stalenberg,RM Farrell,ML Schutt,1,0,,,,,,,,,
1023675,2016/17,2016-12-17,Howell Oval,1,18.2,Sydney Thunder,Adelaide Strikers,RM Farrell,NE Stalenberg,ML Schutt,2,0,,,,,,,,,
1023675,2016/17,2016-12-17,Howell Oval,1,18.3,Sydney Thunder,Adelaide Strikers,RM Farrell,NE Stalenberg,ML Schutt,1,0,,,,,,,,,
1023675,2016/17,2016-12-17,Howell Oval,1,18.4,Sydney Thunder,Adelaide Strikers,NE Stalenberg,RM Farrell,ML Schutt,1,0,,,,,,,,,
1023675,2016/17,2016-12-17,Howell Oval,1,18.5,Sydney Thunder,Adelaide Strikers,RM Farrell,NE Stalenberg,ML Schutt,4,0,,,,,,,,,
1023675,2016/17,2016-12-17,Howell Oval,1,18.6,Sydney Thunder,Adelaide Strikers,RM Farrell,NE Stalenberg,ML Schutt,1,0,,,,,,,,,
1023675,2016/17,2016-12-17,Howell Oval,1,19.1,Sydney Thunder,Adelaide Strikers,RM Farrell,NE Stalenberg,TM McGrath,4,0,,,,,,,,,
1023675,2016/17,2016-12-17,Howell Oval,1,19.2,Sydney Thunder,Adelaide Strikers,RM Farrell,NE Stalenberg,TM McGrath,0,0,,,,,,,,,
1023675,2016/17,2016-12-17,Howell Oval,1,19.3,Sydney Thunder,Adelaide Strikers,RM Farrell,NE Stalenberg,TM McGrath,2,0,,,,,,,,,
1023675,2016/17,2016-12-17,Howell Oval,1,19.4,Sydney Thunder,Adelaide Strikers,RM Farrell,NE Stalenberg,TM McGrath,1,0,,,,,,,,,
1023675,2016/17,2016-12-17,Howell Oval,1,19.5,Sydney Thunder,Adelaide Strikers,NE Stalenberg,RM Farrell,TM McGrath,1,0,,,,,,,,,
1023675,2016/17,2016-12-17,Howell Oval,1,19.6,Sydney Thunder,Adelaide Strikers,RM Farrell,NE Stalenberg,TM McGrath,4,0,,,,,,,,,
1023675,2016/17,2016-12-17,Howell Oval,2,0.1,Adelaide Strikers,Sydney Thunder,TT Beaumont,BE Patterson,SL Bates,1,0,,,,,,,,,
1023675,2016/17,2016-12-17,Howell Oval,2,0.2,Adelaide Strikers,Sydney Thunder,BE Patterson,TT Beaumont,SL Bates,0,0,,,,,,,,,
1023675,2016/17,2016-12-17,Howell Oval,2,0.3,Adelaide Strikers,Sydney Thunder,BE Patterson,TT Beaumont,SL Bates,0,0,,,,,,,,,
1023675,2016/17,2016-12-17,Howell Oval,2,0.4,Adelaide Strikers,Sydney Thunder,BE Patterson,TT Beaumont,SL Bates,0,0,,,,,,,,,
1023675,2016/17,2016-12-17,Howell Oval,2,0.5,Adelaide Strikers,Sydney Thunder,BE Patterson,TT Beaumont,SL Bates,0,0,,,,,,,,,
1023675,2016/17,2016-12-17,Howell Oval,2,0.6,Adelaide Strikers,Sydney Thunder,BE Patterson,TT Beaumont,SL Bates,0,0,,,,,,,,,
1023675,2016/17,2016-12-17,Howell Oval,2,1.1,Adelaide Strikers,Sydney Thunder,TT Beaumont,BE Patterson,RM Farrell,0,1,1,,,,,,,,
1023675,2016/17,2016-12-17,Howell Oval,2,1.2,Adelaide Strikers,Sydney Thunder,TT Beaumont,BE Patterson,RM Farrell,1,0,,,,,,,,,
1023675,2016/17,2016-12-17,Howell Oval,2,1.3,Adelaide Strikers,Sydney Thunder,BE Patterson,TT Beaumont,RM Farrell,2,0,,,,,,,,,
1023675,2016/17,2016-12-17,Howell Oval,2,1.4,Adelaide Strikers,Sydney Thunder,BE Patterson,TT Beaumont,RM Farrell,0,0,,,,,,,,,
1023675,2016/17,2016-12-17,Howell Oval,2,1.5,Adelaide Strikers,Sydney Thunder,BE Patterson,TT Beaumont,RM Farrell,0,0,,,,,,,,,
1023675,2016/17,2016-12-17,Howell Oval,2,1.6,Adelaide Strikers,Sydney Thunder,BE Patterson,TT Beaumont,RM Farrell,0,0,,,,,,,,,
1023675,2016/17,2016-12-17,Howell Oval,2,1.7,Adelaide Strikers,Sydney Thunder,BE Patterson,TT Beaumont,RM Farrell,0,0,,,,,,,,,
1023675,2016/17,2016-12-17,Howell Oval,2,2.1,Adelaide Strikers,Sydney Thunder,TT Beaumont,BE Patterson,SL Bates,0,0,,,,,,,,,
1023675,2016/17,2016-12-17,Howell Oval,2,2.2,Adelaide Strikers,Sydney Thunder,TT Beaumont,BE Patterson,SL Bates,1,0,,,,,,,,,
1023675,2016/17,2016-12-17,Howell Oval,2,2.3,Adelaide Strikers,Sydney Thunder,BE Patterson,TT Beaumont,SL Bates,0,0,,,,,,,,,
1023675,2016/17,2016-12-17,Howell Oval,2,2.4,Adelaide Strikers,Sydney Thunder,BE Patterson,TT Beaumont,SL Bates,1,0,,,,,,,,,
1023675,2016/17,2016-12-17,Howell Oval,2,2.5,Adelaide Strikers,Sydney Thunder,TT Beaumont,BE Patterson,SL Bates,2,0,,,,,,,,,
1023675,2016/17,2016-12-17,Howell Oval,2,2.6,Adelaide Strikers,Sydney Thunder,TT Beaumont,BE Patterson,SL Bates,0,0,,,,,,,,,
1023675,2016/17,2016-12-17,Howell Oval,2,3.1,Adelaide Strikers,Sydney Thunder,BE Patterson,TT Beaumont,RM Farrell,0,0,,,,,,,,,
1023675,2016/17,2016-12-17,Howell Oval,2,3.2,Adelaide Strikers,Sydney Thunder,BE Patterson,TT Beaumont,RM Farrell,1,0,,,,,,,,,
1023675,2016/17,2016-12-17,Howell Oval,2,3.3,Adelaide Strikers,Sydney Thunder,TT Beaumont,BE Patterson,RM Farrell,0,0,,,,,,,,,
1023675,2016/17,2016-12-17,Howell Oval,2,3.4,Adelaide Strikers,Sydney Thunder,TT Beaumont,BE Patterson,RM Farrell,0,0,,,,,,caught,TT Beaumont,,
1023675,2016/17,2016-12-17,Howell Oval,2,3.5,Adelaide Strikers,Sydney Thunder,SFM Devine,BE Patterson,RM Farrell,0,0,,,,,,,,,
1023675,2016/17,2016-12-17,Howell Oval,2,3.6,Adelaide Strikers,Sydney Thunder,SFM Devine,BE Patterson,RM Farrell,1,0,,,,,,,,,
1023675,2016/17,2016-12-17,Howell Oval,2,4.1,Adelaide Strikers,Sydney Thunder,SFM Devine,BE Patterson,B Vakarewa,0,1,1,,,,,,,,
1023675,2016/17,2016-12-17,Howell Oval,2,4.2,Adelaide Strikers,Sydney Thunder,SFM Devine,BE Patterson,B Vakarewa,0,1,1,,,,,,,,
1023675,2016/17,2016-12-17,Howell Oval,2,4.3,Adelaide Strikers,Sydney Thunder,SFM Devine,BE Patterson,B Vakarewa,2,0,,,,,,,,,
1023675,2016/17,2016-12-17,Howell Oval,2,4.4,Adelaide Strikers,Sydney Thunder,SFM Devine,BE Patterson,B Vakarewa,4,0,,,,,,,,,
1023675,2016/17,2016-12-17,Howell Oval,2,4.5,Adelaide Strikers,Sydney Thunder,SFM Devine,BE Patterson,B Vakarewa,1,0,,,,,,,,,
1023675,2016/17,2016-12-17,Howell Oval,2,4.6,Adelaide Strikers,Sydney Thunder,BE Patterson,SFM Devine,B Vakarewa,0,0,,,,,,,,,
1023675,2016/17,2016-12-17,Howell Oval,2,4.7,Adelaide Strikers,Sydney Thunder,BE Patterson,SFM Devine,B Vakarewa,0,0,,,,,,,,,
1023675,2016/17,2016-12-17,Howell Oval,2,4.8,Adelaide Strikers,Sydney Thunder,BE Patterson,SFM Devine,B Vakarewa,1,0,,,,,,,,,
1023675,2016/17,2016-12-17,Howell Oval,2,5.1,Adelaide Strikers,Sydney Thunder,BE Patterson,SFM Devine,NJ Carey,0,0,,,,,,,,,
1023675,2016/17,2016-12-17,Howell Oval,2,5.2,Adelaide Strikers,Sydney Thunder,BE Patterson,SFM Devine,NJ Carey,1,0,,,,,,,,,
1023675,2016/17,2016-12-17,Howell Oval,2,5.3,Adelaide Strikers,Sydney Thunder,SFM Devine,BE Patterson,NJ Carey,0,0,,,,,,,,,
1023675,2016/17,2016-12-17,Howell Oval,2,5.4,Adelaide Strikers,Sydney Thunder,SFM Devine,BE Patterson,NJ Carey,0,0,,,,,,,,,
1023675,2016/17,2016-12-17,Howell Oval,2,5.5,Adelaide Strikers,Sydney Thunder,SFM Devine,BE Patterson,NJ Carey,4,0,,,,,,,,,
1023675,2016/17,2016-12-17,Howell Oval,2,5.6,Adelaide Strikers,Sydney Thunder,SFM Devine,BE Patterson,NJ Carey,0,0,,,,,,,,,
1023675,2016/17,2016-12-17,Howell Oval,2,6.1,Adelaide Strikers,Sydney Thunder,BE Patterson,SFM Devine,SR Taylor,0,0,,,,,,,,,
1023675,2016/17,2016-12-17,Howell Oval,2,6.2,Adelaide Strikers,Sydney Thunder,BE Patterson,SFM Devine,SR Taylor,0,0,,,,,,,,,
1023675,2016/17,2016-12-17,Howell Oval,2,6.3,Adelaide Strikers,Sydney Thunder,BE Patterson,SFM Devine,SR Taylor,4,0,,,,,,,,,
1023675,2016/17,2016-12-17,Howell Oval,2,6.4,Adelaide Strikers,Sydney Thunder,BE Patterson,SFM Devine,SR Taylor,1,0,,,,,,,,,
1023675,2016/17,2016-12-17,Howell Oval,2,6.5,Adelaide Strikers,Sydney Thunder,SFM Devine,BE Patterson,SR Taylor,0,0,,,,,,,,,
1023675,2016/17,2016-12-17,Howell Oval,2,6.6,Adelaide Strikers,Sydney Thunder,SFM Devine,BE Patterson,SR Taylor,0,2,2,,,,,,,,
1023675,2016/17,2016-12-17,Howell Oval,2,6.7,Adelaide Strikers,Sydney Thunder,BE Patterson,SFM Devine,SR Taylor,1,0,,,,,,,,,
1023675,2016/17,2016-12-17,Howell Oval,2,7.1,Adelaide Strikers,Sydney Thunder,BE Patterson,SFM Devine,NJ Carey,0,0,,,,,,,,,
1023675,2016/17,2016-12-17,Howell Oval,2,7.2,Adelaide Strikers,Sydney Thunder,BE Patterson,SFM Devine,NJ Carey,0,0,,,,,,,,,
1023675,2016/17,2016-12-17,Howell Oval,2,7.3,Adelaide Strikers,Sydney Thunder,BE Patterson,SFM Devine,NJ Carey,0,0,,,,,,,,,
1023675,2016/17,2016-12-17,Howell Oval,2,7.4,Adelaide Strikers,Sydney Thunder,BE Patterson,SFM Devine,NJ Carey,0,0,,,,,,,,,
1023675,2016/17,2016-12-17,Howell Oval,2,7.5,Adelaide Strikers,Sydney Thunder,BE Patterson,SFM Devine,NJ Carey,2,0,,,,,,,,,
1023675,2016/17,2016-12-17,Howell Oval,2,7.6,Adelaide Strikers,Sydney Thunder,BE Patterson,SFM Devine,NJ Carey,1,0,,,,,,,,,
1023675,2016/17,2016-12-17,Howell Oval,2,8.1,Adelaide Strikers,Sydney Thunder,BE Patterson,SFM Devine,H Kaur,0,0,,,,,,,,,
1023675,2016/17,2016-12-17,Howell Oval,2,8.2,Adelaide Strikers,Sydney Thunder,BE Patterson,SFM Devine,H Kaur,0,0,,,,,,,,,
1023675,2016/17,2016-12-17,Howell Oval,2,8.3,Adelaide Strikers,Sydney Thunder,BE Patterson,SFM Devine,H Kaur,4,0,,,,,,,,,
1023675,2016/17,2016-12-17,Howell Oval,2,8.4,Adelaide Strikers,Sydney Thunder,BE Patterson,SFM Devine,H Kaur,1,0,,,,,,,,,
1023675,2016/17,2016-12-17,Howell Oval,2,8.5,Adelaide Strikers,Sydney Thunder,SFM Devine,BE Patterson,H Kaur,6,0,,,,,,,,,
1023675,2016/17,2016-12-17,Howell Oval,2,8.6,Adelaide Strikers,Sydney Thunder,SFM Devine,BE Patterson,H Kaur,0,1,,,1,,,,,,
1023675,2016/17,2016-12-17,Howell Oval,2,9.1,Adelaide Strikers,Sydney Thunder,SFM Devine,BE Patterson,RM Farrell,4,0,,,,,,,,,
1023675,2016/17,2016-12-17,Howell Oval,2,9.2,Adelaide Strikers,Sydney Thunder,SFM Devine,BE Patterson,RM Farrell,0,0,,,,,,,,,
1023675,2016/17,2016-12-17,Howell Oval,2,9.3,Adelaide Strikers,Sydney Thunder,SFM Devine,BE Patterson,RM Farrell,0,0,,,,,,,,,
1023675,2016/17,2016-12-17,Howell Oval,2,9.4,Adelaide Strikers,Sydney Thunder,SFM Devine,BE Patterson,RM Farrell,2,0,,,,,,,,,
1023675,2016/17,2016-12-17,Howell Oval,2,9.5,Adelaide Strikers,Sydney Thunder,SFM Devine,BE Patterson,RM Farrell,2,0,,,,,,,,,
1023675,2016/17,2016-12-17,Howell Oval,2,9.6,Adelaide Strikers,Sydney Thunder,SFM Devine,BE Patterson,RM Farrell,0,0,,,,,,,,,
1023675,2016/17,2016-12-17,Howell Oval,2,10.1,Adelaide Strikers,Sydney Thunder,BE Patterson,SFM Devine,NJ Carey,1,0,,,,,,,,,
1023675,2016/17,2016-12-17,Howell Oval,2,10.2,Adelaide Strikers,Sydney Thunder,SFM Devine,BE Patterson,NJ Carey,0,0,,,,,,,,,
1023675,2016/17,2016-12-17,Howell Oval,2,10.3,Adelaide Strikers,Sydney Thunder,SFM Devine,BE Patterson,NJ Carey,2,0,,,,,,,,,
1023675,2016/17,2016-12-17,Howell Oval,2,10.4,Adelaide Strikers,Sydney Thunder,SFM Devine,BE Patterson,NJ Carey,1,0,,,,,,,,,
1023675,2016/17,2016-12-17,Howell Oval,2,10.5,Adelaide Strikers,Sydney Thunder,BE Patterson,SFM Devine,NJ Carey,0,0,,,,,,,,,
1023675,2016/17,2016-12-17,Howell Oval,2,10.6,Adelaide Strikers,Sydney Thunder,BE Patterson,SFM Devine,NJ Carey,4,0,,,,,,,,,
1023675,2016/17,2016-12-17,Howell Oval,2,11.1,Adelaide Strikers,Sydney Thunder,SFM Devine,BE Patterson,EA Osborne,0,0,,,,,,,,,
1023675,2016/17,2016-12-17,Howell Oval,2,11.2,Adelaide Strikers,Sydney Thunder,SFM Devine,BE Patterson,EA Osborne,4,0,,,,,,,,,
1023675,2016/17,2016-12-17,Howell Oval,2,11.3,Adelaide Strikers,Sydney Thunder,SFM Devine,BE Patterson,EA Osborne,1,0,,,,,,,,,
1023675,2016/17,2016-12-17,Howell Oval,2,11.4,Adelaide Strikers,Sydney Thunder,BE Patterson,SFM Devine,EA Osborne,1,0,,,,,,,,,
1023675,2016/17,2016-12-17,Howell Oval,2,11.5,Adelaide Strikers,Sydney Thunder,SFM Devine,BE Patterson,EA Osborne,0,0,,,,,,,,,
1023675,2016/17,2016-12-17,Howell Oval,2,11.6,Adelaide Strikers,Sydney Thunder,SFM Devine,BE Patterson,EA Osborne,1,0,,,,,,,,,
1023675,2016/17,2016-12-17,Howell Oval,2,12.1,Adelaide Strikers,Sydney Thunder,SFM Devine,BE Patterson,SL Bates,1,0,,,,,,,,,
1023675,2016/17,2016-12-17,Howell Oval,2,12.2,Adelaide Strikers,Sydney Thunder,BE Patterson,SFM Devine,SL Bates,1,0,,,,,,,,,
1023675,2016/17,2016-12-17,Howell Oval,2,12.3,Adelaide Strikers,Sydney Thunder,SFM Devine,BE Patterson,SL Bates,0,0,,,,,,,,,
1023675,2016/17,2016-12-17,Howell Oval,2,12.4,Adelaide Strikers,Sydney Thunder,SFM Devine,BE Patterson,SL Bates,1,0,,,,,,,,,
1023675,2016/17,2016-12-17,Howell Oval,2,12.5,Adelaide Strikers,Sydney Thunder,BE Patterson,SFM Devine,SL Bates,0,0,,,,,,stumped,BE Patterson,,
1023675,2016/17,2016-12-17,Howell Oval,2,12.6,Adelaide Strikers,Sydney Thunder,SJ Coyte,SFM Devine,SL Bates,0,0,,,,,,,,,
1023675,2016/17,2016-12-17,Howell Oval,2,13.1,Adelaide Strikers,Sydney Thunder,SFM Devine,SJ Coyte,EA Osborne,1,0,,,,,,,,,
1023675,2016/17,2016-12-17,Howell Oval,2,13.2,Adelaide Strikers,Sydney Thunder,SJ Coyte,SFM Devine,EA Osborne,0,0,,,,,,,,,
1023675,2016/17,2016-12-17,Howell Oval,2,13.3,Adelaide Strikers,Sydney Thunder,SJ Coyte,SFM Devine,EA Osborne,1,0,,,,,,,,,
1023675,2016/17,2016-12-17,Howell Oval,2,13.4,Adelaide Strikers,Sydney Thunder,SFM Devine,SJ Coyte,EA Osborne,1,1,,1,,,,,,,
1023675,2016/17,2016-12-17,Howell Oval,2,13.5,Adelaide Strikers,Sydney Thunder,SJ Coyte,SFM Devine,EA Osborne,2,0,,,,,,,,,
1023675,2016/17,2016-12-17,Howell Oval,2,13.6,Adelaide Strikers,Sydney Thunder,SJ Coyte,SFM Devine,EA Osborne,0,0,,,,,,bowled,SJ Coyte,,
1023675,2016/17,2016-12-17,Howell Oval,2,13.7,Adelaide Strikers,Sydney Thunder,S Nitschke,SFM Devine,EA Osborne,0,0,,,,,,,,,
1023675,2016/17,2016-12-17,Howell Oval,2,14.1,Adelaide Strikers,Sydney Thunder,SFM Devine,S Nitschke,SL Bates,4,0,,,,,,,,,
1023675,2016/17,2016-12-17,Howell Oval,2,14.2,Adelaide Strikers,Sydney Thunder,SFM Devine,S Nitschke,SL Bates,0,0,,,,,,caught,SFM Devine,,
1023675,2016/17,2016-12-17,Howell Oval,2,14.3,Adelaide Strikers,Sydney Thunder,TM McGrath,S Nitschke,SL Bates,0,0,,,,,,,,,
1023675,2016/17,2016-12-17,Howell Oval,2,14.4,Adelaide Strikers,Sydney Thunder,TM McGrath,S Nitschke,SL Bates,0,0,,,,,,,,,
1023675,2016/17,2016-12-17,Howell Oval,2,14.5,Adelaide Strikers,Sydney Thunder,TM McGrath,S Nitschke,SL Bates,2,0,,,,,,,,,
1023675,2016/17,2016-12-17,Howell Oval,2,14.6,Adelaide Strikers,Sydney Thunder,TM McGrath,S Nitschke,SL Bates,0,0,,,,,,,,,
1023675,2016/17,2016-12-17,Howell Oval,2,15.1,Adelaide Strikers,Sydney Thunder,S Nitschke,TM McGrath,EA Osborne,0,0,,,,,,,,,
1023675,2016/17,2016-12-17,Howell Oval,2,15.2,Adelaide Strikers,Sydney Thunder,S Nitschke,TM McGrath,EA Osborne,1,0,,,,,,,,,
1023675,2016/17,2016-12-17,Howell Oval,2,15.3,Adelaide Strikers,Sydney Thunder,TM McGrath,S Nitschke,EA Osborne,1,0,,,,,,,,,
1023675,2016/17,2016-12-17,Howell Oval,2,15.4,Adelaide Strikers,Sydney Thunder,S Nitschke,TM McGrath,EA Osborne,1,0,,,,,,,,,
1023675,2016/17,2016-12-17,Howell Oval,2,15.5,Adelaide Strikers,Sydney Thunder,TM McGrath,S Nitschke,EA Osborne,1,0,,,,,,,,,
1023675,2016/17,2016-12-17,Howell Oval,2,15.6,Adelaide Strikers,Sydney Thunder,S Nitschke,TM McGrath,EA Osborne,0,0,,,,,,,,,
1023675,2016/17,2016-12-17,Howell Oval,2,16.1,Adelaide Strikers,Sydney Thunder,TM McGrath,S Nitschke,RM Farrell,1,0,,,,,,,,,
1023675,2016/17,2016-12-17,Howell Oval,2,16.2,Adelaide Strikers,Sydney Thunder,S Nitschke,TM McGrath,RM Farrell,0,0,,,,,,,,,
1023675,2016/17,2016-12-17,Howell Oval,2,16.3,Adelaide Strikers,Sydney Thunder,S Nitschke,TM McGrath,RM Farrell,1,0,,,,,,,,,
1023675,2016/17,2016-12-17,Howell Oval,2,16.4,Adelaide Strikers,Sydney Thunder,TM McGrath,S Nitschke,RM Farrell,1,0,,,,,,,,,
1023675,2016/17,2016-12-17,Howell Oval,2,16.5,Adelaide Strikers,Sydney Thunder,S Nitschke,TM McGrath,RM Farrell,1,0,,,,,,,,,
1023675,2016/17,2016-12-17,Howell Oval,2,16.6,Adelaide Strikers,Sydney Thunder,TM McGrath,S Nitschke,RM Farrell,1,0,,,,,,,,,
1023675,2016/17,2016-12-17,Howell Oval,2,17.1,Adelaide Strikers,Sydney Thunder,TM McGrath,S Nitschke,EA Osborne,1,0,,,,,,,,,
1023675,2016/17,2016-12-17,Howell Oval,2,17.2,Adelaide Strikers,Sydney Thunder,S Nitschke,TM McGrath,EA Osborne,1,0,,,,,,,,,
1023675,2016/17,2016-12-17,Howell Oval,2,17.3,Adelaide Strikers,Sydney Thunder,TM McGrath,S Nitschke,EA Osborne,1,0,,,,,,,,,
1023675,2016/17,2016-12-17,Howell Oval,2,17.4,Adelaide Strikers,Sydney Thunder,S Nitschke,TM McGrath,EA Osborne,3,0,,,,,,,,,
1023675,2016/17,2016-12-17,Howell Oval,2,17.5,Adelaide Strikers,Sydney Thunder,TM McGrath,S Nitschke,EA Osborne,1,0,,,,,,,,,
