match_id,season,start_date,venue,innings,ball,batting_team,bowling_team,striker,non_striker,bowler,runs_off_bat,extras,wides,noballs,byes,legbyes,penalty,wicket_type,player_dismissed,other_wicket_type,other_player_dismissed
1026847,2016/17,2016-11-04,"Mission Road Ground, Mong Kok",1,0.1,Hong Kong,Papua New Guinea,C Carter,KD Shah,CA Soper,0,0,,,,,,,,,
1026847,2016/17,2016-11-04,"Mission Road Ground, Mong Kok",1,0.2,Hong Kong,Papua New Guinea,C Carter,KD Shah,CA Soper,0,0,,,,,,,,,
1026847,2016/17,2016-11-04,"Mission Road Ground, Mong Kok",1,0.3,Hong Kong,Papua New Guinea,C Carter,KD Shah,CA Soper,0,0,,,,,,,,,
1026847,2016/17,2016-11-04,"Mission Road Ground, Mong Kok",1,0.4,Hong Kong,Papua New Guinea,C Carter,KD Shah,CA Soper,0,0,,,,,,,,,
1026847,2016/17,2016-11-04,"Mission Road Ground, Mong Kok",1,0.5,Hong Kong,Papua New Guinea,C Carter,KD Shah,CA Soper,0,0,,,,,,,,,
1026847,2016/17,2016-11-04,"Mission Road Ground, Mong Kok",1,0.6,Hong Kong,Papua New Guinea,C Carter,KD Shah,CA Soper,0,0,,,,,,,,,
1026847,2016/17,2016-11-04,"Mission Road Ground, Mong Kok",1,1.1,Hong Kong,Papua New Guinea,KD Shah,C Carter,N Vanua,0,0,,,,,,,,,
1026847,2016/17,2016-11-04,"Mission Road Ground, Mong Kok",1,1.2,Hong Kong,Papua New Guinea,KD Shah,C Carter,N Vanua,0,0,,,,,,,,,
1026847,2016/17,2016-11-04,"Mission Road Ground, Mong Kok",1,1.3,Hong Kong,Papua New Guinea,KD Shah,C Carter,N Vanua,0,0,,,,,,,,,
1026847,2016/17,2016-11-04,"Mission Road Ground, Mong Kok",1,1.4,Hong Kong,Papua New Guinea,KD Shah,C Carter,N Vanua,0,0,,,,,,,,,
1026847,2016/17,2016-11-04,"Mission Road Ground, Mong Kok",1,1.5,Hong Kong,Papua New Guinea,KD Shah,C Carter,N Vanua,0,0,,,,,,,,,
1026847,2016/17,2016-11-04,"Mission Road Ground, Mong Kok",1,1.6,Hong Kong,Papua New Guinea,KD Shah,C Carter,N Vanua,0,0,,,,,,,,,
1026847,2016/17,2016-11-04,"Mission Road Ground, Mong Kok",1,2.1,Hong Kong,Papua New Guinea,C Carter,KD Shah,CA Soper,0,0,,,,,,,,,
1026847,2016/17,2016-11-04,"Mission Road Ground, Mong Kok",1,2.2,Hong Kong,Papua New Guinea,C Carter,KD Shah,CA Soper,0,0,,,,,,,,,
1026847,2016/17,2016-11-04,"Mission Road Ground, Mong Kok",1,2.3,Hong Kong,Papua New Guinea,C Carter,KD Shah,CA Soper,4,0,,,,,,,,,
1026847,2016/17,2016-11-04,"Mission Road Ground, Mong Kok",1,2.4,Hong Kong,Papua New Guinea,C Carter,KD Shah,CA Soper,0,0,,,,,,,,,
1026847,2016/17,2016-11-04,"Mission Road Ground, Mong Kok",1,2.5,Hong Kong,Papua New Guinea,C Carter,KD Shah,CA Soper,0,0,,,,,,,,,
1026847,2016/17,2016-11-04,"Mission Road Ground, Mong Kok",1,2.6,Hong Kong,Papua New Guinea,C Carter,KD Shah,CA Soper,0,0,,,,,,,,,
1026847,2016/17,2016-11-04,"Mission Road Ground, Mong Kok",1,3.1,Hong Kong,Papua New Guinea,KD Shah,C Carter,N Vanua,0,0,,,,,,,,,
1026847,2016/17,2016-11-04,"Mission Road Ground, Mong Kok",1,3.2,Hong Kong,Papua New Guinea,KD Shah,C Carter,N Vanua,0,0,,,,,,,,,
1026847,2016/17,2016-11-04,"Mission Road Ground, Mong Kok",1,3.3,Hong Kong,Papua New Guinea,KD Shah,C Carter,N Vanua,0,0,,,,,,,,,
1026847,2016/17,2016-11-04,"Mission Road Ground, Mong Kok",1,3.4,Hong Kong,Papua New Guinea,KD Shah,C Carter,N Vanua,3,0,,,,,,,,,
1026847,2016/17,2016-11-04,"Mission Road Ground, Mong Kok",1,3.5,Hong Kong,Papua New Guinea,C Carter,KD Shah,N Vanua,0,1,,1,,,,,,,
1026847,2016/17,2016-11-04,"Mission Road Ground, Mong Kok",1,3.6,Hong Kong,Papua New Guinea,C Carter,KD Shah,N Vanua,4,0,,,,,,,,,
1026847,2016/17,2016-11-04,"Mission Road Ground, Mong Kok",1,3.7,Hong Kong,Papua New Guinea,C Carter,KD Shah,N Vanua,0,0,,,,,,,,,
1026847,2016/17,2016-11-04,"Mission Road Ground, Mong Kok",1,4.1,Hong Kong,Papua New Guinea,KD Shah,C Carter,CA Soper,0,0,,,,,,,,,
1026847,2016/17,2016-11-04,"Mission Road Ground, Mong Kok",1,4.2,Hong Kong,Papua New Guinea,KD Shah,C Carter,CA Soper,4,0,,,,,,,,,
1026847,2016/17,2016-11-04,"Mission Road Ground, Mong Kok",1,4.3,Hong Kong,Papua New Guinea,KD Shah,C Carter,CA Soper,0,0,,,,,,,,,
1026847,2016/17,2016-11-04,"Mission Road Ground, Mong Kok",1,4.4,Hong Kong,Papua New Guinea,KD Shah,C Carter,CA Soper,0,1,1,,,,,,,,
1026847,2016/17,2016-11-04,"Mission Road Ground, Mong Kok",1,4.5,Hong Kong,Papua New Guinea,KD Shah,C Carter,CA Soper,1,0,,,,,,,,,
1026847,2016/17,2016-11-04,"Mission Road Ground, Mong Kok",1,4.6,Hong Kong,Papua New Guinea,C Carter,KD Shah,CA Soper,4,0,,,,,,,,,
1026847,2016/17,2016-11-04,"Mission Road Ground, Mong Kok",1,4.7,Hong Kong,Papua New Guinea,C Carter,KD Shah,CA Soper,4,0,,,,,,,,,
1026847,2016/17,2016-11-04,"Mission Road Ground, Mong Kok",1,5.1,Hong Kong,Papua New Guinea,KD Shah,C Carter,N Vanua,0,0,,,,,,,,,
1026847,2016/17,2016-11-04,"Mission Road Ground, Mong Kok",1,5.2,Hong Kong,Papua New Guinea,KD Shah,C Carter,N Vanua,0,0,,,,,,,,,
1026847,2016/17,2016-11-04,"Mission Road Ground, Mong Kok",1,5.3,Hong Kong,Papua New Guinea,KD Shah,C Carter,N Vanua,0,0,,,,,,,,,
1026847,2016/17,2016-11-04,"Mission Road Ground, Mong Kok",1,5.4,Hong Kong,Papua New Guinea,KD Shah,C Carter,N Vanua,0,0,,,,,,,,,
1026847,2016/17,2016-11-04,"Mission Road Ground, Mong Kok",1,5.5,Hong Kong,Papua New Guinea,KD Shah,C Carter,N Vanua,1,0,,,,,,,,,
1026847,2016/17,2016-11-04,"Mission Road Ground, Mong Kok",1,5.6,Hong Kong,Papua New Guinea,C Carter,KD Shah,N Vanua,0,0,,,,,,caught,C Carter,,
1026847,2016/17,2016-11-04,"Mission Road Ground, Mong Kok",1,6.1,Hong Kong,Papua New Guinea,KD Shah,Nizakat Khan,CA Soper,0,0,,,,,,bowled,KD Shah,,
1026847,2016/17,2016-11-04,"Mission Road Ground, Mong Kok",1,6.2,Hong Kong,Papua New Guinea,Nizakat Khan,Babar Hayat,CA Soper,0,0,,,,,,,,,
1026847,2016/17,2016-11-04,"Mission Road Ground, Mong Kok",1,6.3,Hong Kong,Papua New Guinea,Nizakat Khan,Babar Hayat,CA Soper,0,0,,,,,,,,,
1026847,2016/17,2016-11-04,"Mission Road Ground, Mong Kok",1,6.4,Hong Kong,Papua New Guinea,Nizakat Khan,Babar Hayat,CA Soper,1,0,,,,,,,,,
1026847,2016/17,2016-11-04,"Mission Road Ground, Mong Kok",1,6.5,Hong Kong,Papua New Guinea,Babar Hayat,Nizakat Khan,CA Soper,0,0,,,,,,,,,
1026847,2016/17,2016-11-04,"Mission Road Ground, Mong Kok",1,6.6,Hong Kong,Papua New Guinea,Babar Hayat,Nizakat Khan,CA Soper,0,0,,,,,,,,,
1026847,2016/17,2016-11-04,"Mission Road Ground, Mong Kok",1,7.1,Hong Kong,Papua New Guinea,Nizakat Khan,Babar Hayat,N Vanua,0,0,,,,,,,,,
1026847,2016/17,2016-11-04,"Mission Road Ground, Mong Kok",1,7.2,Hong Kong,Papua New Guinea,Nizakat Khan,Babar Hayat,N Vanua,0,0,,,,,,,,,
1026847,2016/17,2016-11-04,"Mission Road Ground, Mong Kok",1,7.3,Hong Kong,Papua New Guinea,Nizakat Khan,Babar Hayat,N Vanua,0,0,,,,,,,,,
1026847,2016/17,2016-11-04,"Mission Road Ground, Mong Kok",1,7.4,Hong Kong,Papua New Guinea,Nizakat Khan,Babar Hayat,N Vanua,1,0,,,,,,,,,
1026847,2016/17,2016-11-04,"Mission Road Ground, Mong Kok",1,7.5,Hong Kong,Papua New Guinea,Babar Hayat,Nizakat Khan,N Vanua,0,0,,,,,,,,,
1026847,2016/17,2016-11-04,"Mission Road Ground, Mong Kok",1,7.6,Hong Kong,Papua New Guinea,Babar Hayat,Nizakat Khan,N Vanua,0,0,,,,,,,,,
1026847,2016/17,2016-11-04,"Mission Road Ground, Mong Kok",1,8.1,Hong Kong,Papua New Guinea,Nizakat Khan,Babar Hayat,CA Soper,0,0,,,,,,,,,
1026847,2016/17,2016-11-04,"Mission Road Ground, Mong Kok",1,8.2,Hong Kong,Papua New Guinea,Nizakat Khan,Babar Hayat,CA Soper,0,0,,,,,,,,,
1026847,2016/17,2016-11-04,"Mission Road Ground, Mong Kok",1,8.3,Hong Kong,Papua New Guinea,Nizakat Khan,Babar Hayat,CA Soper,0,0,,,,,,,,,
1026847,2016/17,2016-11-04,"Mission Road Ground, Mong Kok",1,8.4,Hong Kong,Papua New Guinea,Nizakat Khan,Babar Hayat,CA Soper,0,0,,,,,,,,,
1026847,2016/17,2016-11-04,"Mission Road Ground, Mong Kok",1,8.5,Hong Kong,Papua New Guinea,Nizakat Khan,Babar Hayat,CA Soper,0,0,,,,,,,,,
1026847,2016/17,2016-11-04,"Mission Road Ground, Mong Kok",1,8.6,Hong Kong,Papua New Guinea,Nizakat Khan,Babar Hayat,CA Soper,1,0,,,,,,,,,
1026847,2016/17,2016-11-04,"Mission Road Ground, Mong Kok",1,9.1,Hong Kong,Papua New Guinea,Nizakat Khan,Babar Hayat,N Vanua,0,0,,,,,,,,,
1026847,2016/17,2016-11-04,"Mission Road Ground, Mong Kok",1,9.2,Hong Kong,Papua New Guinea,Nizakat Khan,Babar Hayat,N Vanua,4,0,,,,,,,,,
1026847,2016/17,2016-11-04,"Mission Road Ground, Mong Kok",1,9.3,Hong Kong,Papua New Guinea,Nizakat Khan,Babar Hayat,N Vanua,0,0,,,,,,,,,
1026847,2016/17,2016-11-04,"Mission Road Ground, Mong Kok",1,9.4,Hong Kong,Papua New Guinea,Nizakat Khan,Babar Hayat,N Vanua,0,1,,1,,,,,,,
1026847,2016/17,2016-11-04,"Mission Road Ground, Mong Kok",1,9.5,Hong Kong,Papua New Guinea,Nizakat Khan,Babar Hayat,N Vanua,6,0,,,,,,,,,
1026847,2016/17,2016-11-04,"Mission Road Ground, Mong Kok",1,9.6,Hong Kong,Papua New Guinea,Nizakat Khan,Babar Hayat,N Vanua,0,0,,,,,,,,,
1026847,2016/17,2016-11-04,"Mission Road Ground, Mong Kok",1,9.7,Hong Kong,Papua New Guinea,Nizakat Khan,Babar Hayat,N Vanua,0,0,,,,,,,,,
1026847,2016/17,2016-11-04,"Mission Road Ground, Mong Kok",1,10.1,Hong Kong,Papua New Guinea,Babar Hayat,Nizakat Khan,WT Gavera,0,0,,,,,,,,,
1026847,2016/17,2016-11-04,"Mission Road Ground, Mong Kok",1,10.2,Hong Kong,Papua New Guinea,Babar Hayat,Nizakat Khan,WT Gavera,1,0,,,,,,,,,
1026847,2016/17,2016-11-04,"Mission Road Ground, Mong Kok",1,10.3,Hong Kong,Papua New Guinea,Nizakat Khan,Babar Hayat,WT Gavera,1,0,,,,,,,,,
1026847,2016/17,2016-11-04,"Mission Road Ground, Mong Kok",1,10.4,Hong Kong,Papua New Guinea,Babar Hayat,Nizakat Khan,WT Gavera,0,0,,,,,,,,,
1026847,2016/17,2016-11-04,"Mission Road Ground, Mong Kok",1,10.5,Hong Kong,Papua New Guinea,Babar Hayat,Nizakat Khan,WT Gavera,0,0,,,,,,,,,
1026847,2016/17,2016-11-04,"Mission Road Ground, Mong Kok",1,10.6,Hong Kong,Papua New Guinea,Babar Hayat,Nizakat Khan,WT Gavera,4,0,,,,,,,,,
1026847,2016/17,2016-11-04,"Mission Road Ground, Mong Kok",1,11.1,Hong Kong,Papua New Guinea,Nizakat Khan,Babar Hayat,S Bau,1,0,,,,,,,,,
1026847,2016/17,2016-11-04,"Mission Road Ground, Mong Kok",1,11.2,Hong Kong,Papua New Guinea,Babar Hayat,Nizakat Khan,S Bau,0,0,,,,,,,,,
1026847,2016/17,2016-11-04,"Mission Road Ground, Mong Kok",1,11.3,Hong Kong,Papua New Guinea,Babar Hayat,Nizakat Khan,S Bau,1,0,,,,,,,,,
1026847,2016/17,2016-11-04,"Mission Road Ground, Mong Kok",1,11.4,Hong Kong,Papua New Guinea,Nizakat Khan,Babar Hayat,S Bau,0,0,,,,,,,,,
1026847,2016/17,2016-11-04,"Mission Road Ground, Mong Kok",1,11.5,Hong Kong,Papua New Guinea,Nizakat Khan,Babar Hayat,S Bau,4,0,,,,,,,,,
1026847,2016/17,2016-11-04,"Mission Road Ground, Mong Kok",1,11.6,Hong Kong,Papua New Guinea,Nizakat Khan,Babar Hayat,S Bau,0,0,,,,,,,,,
1026847,2016/17,2016-11-04,"Mission Road Ground, Mong Kok",1,12.1,Hong Kong,Papua New Guinea,Babar Hayat,Nizakat Khan,WT Gavera,0,0,,,,,,,,,
1026847,2016/17,2016-11-04,"Mission Road Ground, Mong Kok",1,12.2,Hong Kong,Papua New Guinea,Babar Hayat,Nizakat Khan,WT Gavera,1,0,,,,,,,,,
1026847,2016/17,2016-11-04,"Mission Road Ground, Mong Kok",1,12.3,Hong Kong,Papua New Guinea,Nizakat Khan,Babar Hayat,WT Gavera,0,0,,,,,,,,,
1026847,2016/17,2016-11-04,"Mission Road Ground, Mong Kok",1,12.4,Hong Kong,Papua New Guinea,Nizakat Khan,Babar Hayat,WT Gavera,1,0,,,,,,,,,
1026847,2016/17,2016-11-04,"Mission Road Ground, Mong Kok",1,12.5,Hong Kong,Papua New Guinea,Babar Hayat,Nizakat Khan,WT Gavera,1,0,,,,,,,,,
1026847,2016/17,2016-11-04,"Mission Road Ground, Mong Kok",1,12.6,Hong Kong,Papua New Guinea,Nizakat Khan,Babar Hayat,WT Gavera,1,0,,,,,,,,,
1026847,2016/17,2016-11-04,"Mission Road Ground, Mong Kok",1,13.1,Hong Kong,Papua New Guinea,Nizakat Khan,Babar Hayat,MD Dai,0,0,,,,,,,,,
1026847,2016/17,2016-11-04,"Mission Road Ground, Mong Kok",1,13.2,Hong Kong,Papua New Guinea,Nizakat Khan,Babar Hayat,MD Dai,0,0,,,,,,,,,
1026847,2016/17,2016-11-04,"Mission Road Ground, Mong Kok",1,13.3,Hong Kong,Papua New Guinea,Nizakat Khan,Babar Hayat,MD Dai,0,0,,,,,,,,,
1026847,2016/17,2016-11-04,"Mission Road Ground, Mong Kok",1,13.4,Hong Kong,Papua New Guinea,Nizakat Khan,Babar Hayat,MD Dai,0,0,,,,,,,,,
1026847,2016/17,2016-11-04,"Mission Road Ground, Mong Kok",1,13.5,Hong Kong,Papua New Guinea,Nizakat Khan,Babar Hayat,MD Dai,1,0,,,,,,,,,
1026847,2016/17,2016-11-04,"Mission Road Ground, Mong Kok",1,13.6,Hong Kong,Papua New Guinea,Babar Hayat,Nizakat Khan,MD Dai,0,0,,,,,,,,,
1026847,2016/17,2016-11-04,"Mission Road Ground, Mong Kok",1,14.1,Hong Kong,Papua New Guinea,Nizakat Khan,Babar Hayat,WT Gavera,0,0,,,,,,,,,
1026847,2016/17,2016-11-04,"Mission Road Ground, Mong Kok",1,14.2,Hong Kong,Papua New Guinea,Nizakat Khan,Babar Hayat,WT Gavera,1,0,,,,,,,,,
1026847,2016/17,2016-11-04,"Mission Road Ground, Mong Kok",1,14.3,Hong Kong,Papua New Guinea,Babar Hayat,Nizakat Khan,WT Gavera,0,0,,,,,,,,,
1026847,2016/17,2016-11-04,"Mission Road Ground, Mong Kok",1,14.4,Hong Kong,Papua New Guinea,Babar Hayat,Nizakat Khan,WT Gavera,1,0,,,,,,,,,
1026847,2016/17,2016-11-04,"Mission Road Ground, Mong Kok",1,14.5,Hong Kong,Papua New Guinea,Nizakat Khan,Babar Hayat,WT Gavera,0,0,,,,,,,,,
1026847,2016/17,2016-11-04,"Mission Road Ground, Mong Kok",1,14.6,Hong Kong,Papua New Guinea,Nizakat Khan,Babar Hayat,WT Gavera,1,0,,,,,,,,,
1026847,2016/17,2016-11-04,"Mission Road Ground, Mong Kok",1,15.1,Hong Kong,Papua New Guinea,Nizakat Khan,Babar Hayat,MD Dai,1,0,,,,,,,,,
1026847,2016/17,2016-11-04,"Mission Road Ground, Mong Kok",1,15.2,Hong Kong,Papua New Guinea,Babar Hayat,Nizakat Khan,MD Dai,0,0,,,,,,,,,
1026847,2016/17,2016-11-04,"Mission Road Ground, Mong Kok",1,15.3,Hong Kong,Papua New Guinea,Babar Hayat,Nizakat Khan,MD Dai,0,0,,,,,,,,,
1026847,2016/17,2016-11-04,"Mission Road Ground, Mong Kok",1,15.4,Hong Kong,Papua New Guinea,Babar Hayat,Nizakat Khan,MD Dai,0,0,,,,,,,,,
1026847,2016/17,2016-11-04,"Mission Road Ground, Mong Kok",1,15.5,Hong Kong,Papua New Guinea,Babar Hayat,Nizakat Khan,MD Dai,0,0,,,,,,,,,
1026847,2016/17,2016-11-04,"Mission Road Ground, Mong Kok",1,15.6,Hong Kong,Papua New Guinea,Babar Hayat,Nizakat Khan,MD Dai,0,0,,,,,,,,,
1026847,2016/17,2016-11-04,"Mission Road Ground, Mong Kok",1,16.1,Hong Kong,Papua New Guinea,Nizakat Khan,Babar Hayat,WT Gavera,0,0,,,,,,,,,
1026847,2016/17,2016-11-04,"Mission Road Ground, Mong Kok",1,16.2,Hong Kong,Papua New Guinea,Nizakat Khan,Babar Hayat,WT Gavera,4,0,,,,,,,,,
1026847,2016/17,2016-11-04,"Mission Road Ground, Mong Kok",1,16.3,Hong Kong,Papua New Guinea,Nizakat Khan,Babar Hayat,WT Gavera,0,0,,,,,,,,,
1026847,2016/17,2016-11-04,"Mission Road Ground, Mong Kok",1,16.4,Hong Kong,Papua New Guinea,Nizakat Khan,Babar Hayat,WT Gavera,1,0,,,,,,,,,
1026847,2016/17,2016-11-04,"Mission Road Ground, Mong Kok",1,16.5,Hong Kong,Papua New Guinea,Babar Hayat,Nizakat Khan,WT Gavera,2,0,,,,,,,,,
1026847,2016/17,2016-11-04,"Mission Road Ground, Mong Kok",1,16.6,Hong Kong,Papua New Guinea,Babar Hayat,Nizakat Khan,WT Gavera,1,0,,,,,,,,,
1026847,2016/17,2016-11-04,"Mission Road Ground, Mong Kok",1,17.1,Hong Kong,Papua New Guinea,Babar Hayat,Nizakat Khan,MD Dai,0,0,,,,,,,,,
1026847,2016/17,2016-11-04,"Mission Road Ground, Mong Kok",1,17.2,Hong Kong,Papua New Guinea,Babar Hayat,Nizakat Khan,MD Dai,0,0,,,,,,,,,
1026847,2016/17,2016-11-04,"Mission Road Ground, Mong Kok",1,17.3,Hong Kong,Papua New Guinea,Babar Hayat,Nizakat Khan,MD Dai,6,0,,,,,,,,,
1026847,2016/17,2016-11-04,"Mission Road Ground, Mong Kok",1,17.4,Hong Kong,Papua New Guinea,Babar Hayat,Nizakat Khan,MD Dai,1,0,,,,,,,,,
1026847,2016/17,2016-11-04,"Mission Road Ground, Mong Kok",1,17.5,Hong Kong,Papua New Guinea,Nizakat Khan,Babar Hayat,MD Dai,1,0,,,,,,,,,
1026847,2016/17,2016-11-04,"Mission Road Ground, Mong Kok",1,17.6,Hong Kong,Papua New Guinea,Babar Hayat,Nizakat Khan,MD Dai,0,0,,,,,,,,,
1026847,2016/17,2016-11-04,"Mission Road Ground, Mong Kok",1,18.1,Hong Kong,Papua New Guinea,Nizakat Khan,Babar Hayat,WT Gavera,0,0,,,,,,,,,
1026847,2016/17,2016-11-04,"Mission Road Ground, Mong Kok",1,18.2,Hong Kong,Papua New Guinea,Nizakat Khan,Babar Hayat,WT Gavera,0,0,,,,,,,,,
1026847,2016/17,2016-11-04,"Mission Road Ground, Mong Kok",1,18.3,Hong Kong,Papua New Guinea,Nizakat Khan,Babar Hayat,WT Gavera,0,0,,,,,,,,,
1026847,2016/17,2016-11-04,"Mission Road Ground, Mong Kok",1,18.4,Hong Kong,Papua New Guinea,Nizakat Khan,Babar Hayat,WT Gavera,0,0,,,,,,,,,
1026847,2016/17,2016-11-04,"Mission Road Ground, Mong Kok",1,18.5,Hong Kong,Papua New Guinea,Nizakat Khan,Babar Hayat,WT Gavera,0,0,,,,,,,,,
1026847,2016/17,2016-11-04,"Mission Road Ground, Mong Kok",1,18.6,Hong Kong,Papua New Guinea,Nizakat Khan,Babar Hayat,WT Gavera,0,0,,,,,,,,,
1026847,2016/17,2016-11-04,"Mission Road Ground, Mong Kok",1,19.1,Hong Kong,Papua New Guinea,Babar Hayat,Nizakat Khan,MD Dai,6,0,,,,,,,,,
1026847,2016/17,2016-11-04,"Mission Road Ground, Mong Kok",1,19.2,Hong Kong,Papua New Guinea,Babar Hayat,Nizakat Khan,MD Dai,0,0,,,,,,,,,
1026847,2016/17,2016-11-04,"Mission Road Ground, Mong Kok",1,19.3,Hong Kong,Papua New Guinea,Babar Hayat,Nizakat Khan,MD Dai,0,0,,,,,,,,,
1026847,2016/17,2016-11-04,"Mission Road Ground, Mong Kok",1,19.4,Hong Kong,Papua New Guinea,Babar Hayat,Nizakat Khan,MD Dai,1,0,,,,,,,,,
1026847,2016/17,2016-11-04,"Mission Road Ground, Mong Kok",1,19.5,Hong Kong,Papua New Guinea,Nizakat Khan,Babar Hayat,MD Dai,1,0,,,,,,,,,
1026847,2016/17,2016-11-04,"Mission Road Ground, Mong Kok",1,19.6,Hong Kong,Papua New Guinea,Babar Hayat,Nizakat Khan,MD Dai,0,0,,,,,,,,,
1026847,2016/17,2016-11-04,"Mission Road Ground, Mong Kok",1,20.1,Hong Kong,Papua New Guinea,Nizakat Khan,Babar Hayat,A Vala,0,0,,,,,,,,,
1026847,2016/17,2016-11-04,"Mission Road Ground, Mong Kok",1,20.2,Hong Kong,Papua New Guinea,Nizakat Khan,Babar Hayat,A Vala,0,0,,,,,,,,,
1026847,2016/17,2016-11-04,"Mission Road Ground, Mong Kok",1,20.3,Hong Kong,Papua New Guinea,Nizakat Khan,Babar Hayat,A Vala,1,0,,,,,,,,,
1026847,2016/17,2016-11-04,"Mission Road Ground, Mong Kok",1,20.4,Hong Kong,Papua New Guinea,Babar Hayat,Nizakat Khan,A Vala,0,0,,,,,,,,,
1026847,2016/17,2016-11-04,"Mission Road Ground, Mong Kok",1,20.5,Hong Kong,Papua New Guinea,Babar Hayat,Nizakat Khan,A Vala,0,0,,,,,,,,,
1026847,2016/17,2016-11-04,"Mission Road Ground, Mong Kok",1,20.6,Hong Kong,Papua New Guinea,Babar Hayat,Nizakat Khan,A Vala,0,0,,,,,,,,,
1026847,2016/17,2016-11-04,"Mission Road Ground, Mong Kok",1,21.1,Hong Kong,Papua New Guinea,Nizakat Khan,Babar Hayat,MD Dai,0,0,,,,,,,,,
1026847,2016/17,2016-11-04,"Mission Road Ground, Mong Kok",1,21.2,Hong Kong,Papua New Guinea,Nizakat Khan,Babar Hayat,MD Dai,1,0,,,,,,,,,
1026847,2016/17,2016-11-04,"Mission Road Ground, Mong Kok",1,21.3,Hong Kong,Papua New Guinea,Babar Hayat,Nizakat Khan,MD Dai,0,0,,,,,,,,,
1026847,2016/17,2016-11-04,"Mission Road Ground, Mong Kok",1,21.4,Hong Kong,Papua New Guinea,Babar Hayat,Nizakat Khan,MD Dai,1,0,,,,,,,,,
1026847,2016/17,2016-11-04,"Mission Road Ground, Mong Kok",1,21.5,Hong Kong,Papua New Guinea,Nizakat Khan,Babar Hayat,MD Dai,0,0,,,,,,,,,
1026847,2016/17,2016-11-04,"Mission Road Ground, Mong Kok",1,21.6,Hong Kong,Papua New Guinea,Nizakat Khan,Babar Hayat,MD Dai,0,0,,,,,,,,,
1026847,2016/17,2016-11-04,"Mission Road Ground, Mong Kok",1,22.1,Hong Kong,Papua New Guinea,Babar Hayat,Nizakat Khan,A Vala,0,0,,,,,,,,,
1026847,2016/17,2016-11-04,"Mission Road Ground, Mong Kok",1,22.2,Hong Kong,Papua New Guinea,Babar Hayat,Nizakat Khan,A Vala,0,0,,,,,,,,,
1026847,2016/17,2016-11-04,"Mission Road Ground, Mong Kok",1,22.3,Hong Kong,Papua New Guinea,Babar Hayat,Nizakat Khan,A Vala,0,0,,,,,,,,,
1026847,2016/17,2016-11-04,"Mission Road Ground, Mong Kok",1,22.4,Hong Kong,Papua New Guinea,Babar Hayat,Nizakat Khan,A Vala,1,0,,,,,,,,,
1026847,2016/17,2016-11-04,"Mission Road Ground, Mong Kok",1,22.5,Hong Kong,Papua New Guinea,Nizakat Khan,Babar Hayat,A Vala,1,0,,,,,,,,,
1026847,2016/17,2016-11-04,"Mission Road Ground, Mong Kok",1,22.6,Hong Kong,Papua New Guinea,Babar Hayat,Nizakat Khan,A Vala,4,0,,,,,,,,,
1026847,2016/17,2016-11-04,"Mission Road Ground, Mong Kok",1,23.1,Hong Kong,Papua New Guinea,Nizakat Khan,Babar Hayat,MD Dai,6,0,,,,,,,,,
1026847,2016/17,2016-11-04,"Mission Road Ground, Mong Kok",1,23.2,Hong Kong,Papua New Guinea,Nizakat Khan,Babar Hayat,MD Dai,0,0,,,,,,,,,
1026847,2016/17,2016-11-04,"Mission Road Ground, Mong Kok",1,23.3,Hong Kong,Papua New Guinea,Nizakat Khan,Babar Hayat,MD Dai,4,0,,,,,,,,,
1026847,2016/17,2016-11-04,"Mission Road Ground, Mong Kok",1,23.4,Hong Kong,Papua New Guinea,Nizakat Khan,Babar Hayat,MD Dai,0,0,,,,,,,,,
1026847,2016/17,2016-11-04,"Mission Road Ground, Mong Kok",1,23.5,Hong Kong,Papua New Guinea,Nizakat Khan,Babar Hayat,MD Dai,0,0,,,,,,,,,
1026847,2016/17,2016-11-04,"Mission Road Ground, Mong Kok",1,23.6,Hong Kong,Papua New Guinea,Nizakat Khan,Babar Hayat,MD Dai,0,0,,,,,,bowled,Nizakat Khan,,
1026847,2016/17,2016-11-04,"Mission Road Ground, Mong Kok",1,24.1,Hong Kong,Papua New Guinea,Babar Hayat,Anshuman Rath,A Vala,0,0,,,,,,,,,
1026847,2016/17,2016-11-04,"Mission Road Ground, Mong Kok",1,24.2,Hong Kong,Papua New Guinea,Babar Hayat,Anshuman Rath,A Vala,0,0,,,,,,,,,
1026847,2016/17,2016-11-04,"Mission Road Ground, Mong Kok",1,24.3,Hong Kong,Papua New Guinea,Babar Hayat,Anshuman Rath,A Vala,1,0,,,,,,,,,
1026847,2016/17,2016-11-04,"Mission Road Ground, Mong Kok",1,24.4,Hong Kong,Papua New Guinea,Anshuman Rath,Babar Hayat,A Vala,1,0,,,,,,,,,
1026847,2016/17,2016-11-04,"Mission Road Ground, Mong Kok",1,24.5,Hong Kong,Papua New Guinea,Babar Hayat,Anshuman Rath,A Vala,1,0,,,,,,,,,
1026847,2016/17,2016-11-04,"Mission Road Ground, Mong Kok",1,24.6,Hong Kong,Papua New Guinea,Anshuman Rath,Babar Hayat,A Vala,0,0,,,,,,caught,Anshuman Rath,,
1026847,2016/17,2016-11-04,"Mission Road Ground, Mong Kok",1,25.1,Hong Kong,Papua New Guinea,Babar Hayat,Shahid Wasif,MD Dai,0,0,,,,,,,,,
1026847,2016/17,2016-11-04,"Mission Road Ground, Mong Kok",1,25.2,Hong Kong,Papua New Guinea,Babar Hayat,Shahid Wasif,MD Dai,1,0,,,,,,,,,
1026847,2016/17,2016-11-04,"Mission Road Ground, Mong Kok",1,25.3,Hong Kong,Papua New Guinea,Shahid Wasif,Babar Hayat,MD Dai,0,0,,,,,,,,,
1026847,2016/17,2016-11-04,"Mission Road Ground, Mong Kok",1,25.4,Hong Kong,Papua New Guinea,Shahid Wasif,Babar Hayat,MD Dai,0,0,,,,,,,,,
1026847,2016/17,2016-11-04,"Mission Road Ground, Mong Kok",1,25.5,Hong Kong,Papua New Guinea,Shahid Wasif,Babar Hayat,MD Dai,0,0,,,,,,,,,
1026847,2016/17,2016-11-04,"Mission Road Ground, Mong Kok",1,25.6,Hong Kong,Papua New Guinea,Shahid Wasif,Babar Hayat,MD Dai,1,0,,,,,,,,,
1026847,2016/17,2016-11-04,"Mission Road Ground, Mong Kok",1,26.1,Hong Kong,Papua New Guinea,Shahid Wasif,Babar Hayat,N Vanua,0,0,,,,,,,,,
1026847,2016/17,2016-11-04,"Mission Road Ground, Mong Kok",1,26.2,Hong Kong,Papua New Guinea,Shahid Wasif,Babar Hayat,N Vanua,0,0,,,,,,,,,
1026847,2016/17,2016-11-04,"Mission Road Ground, Mong Kok",1,26.3,Hong Kong,Papua New Guinea,Shahid Wasif,Babar Hayat,N Vanua,0,0,,,,,,,,,
1026847,2016/17,2016-11-04,"Mission Road Ground, Mong Kok",1,26.4,Hong Kong,Papua New Guinea,Shahid Wasif,Babar Hayat,N Vanua,0,0,,,,,,,,,
1026847,2016/17,2016-11-04,"Mission Road Ground, Mong Kok",1,26.5,Hong Kong,Papua New Guinea,Shahid Wasif,Babar Hayat,N Vanua,0,0,,,,,,,,,
1026847,2016/17,2016-11-04,"Mission Road Ground, Mong Kok",1,26.6,Hong Kong,Papua New Guinea,Shahid Wasif,Babar Hayat,N Vanua,1,0,,,,,,,,,
1026847,2016/17,2016-11-04,"Mission Road Ground, Mong Kok",1,27.1,Hong Kong,Papua New Guinea,Shahid Wasif,Babar Hayat,MD Dai,0,0,,,,,,,,,
1026847,2016/17,2016-11-04,"Mission Road Ground, Mong Kok",1,27.2,Hong Kong,Papua New Guinea,Shahid Wasif,Babar Hayat,MD Dai,0,0,,,,,,lbw,Shahid Wasif,,
1026847,2016/17,2016-11-04,"Mission Road Ground, Mong Kok",1,27.3,Hong Kong,Papua New Guinea,Ehsan Khan,Babar Hayat,MD Dai,0,0,,,,,,caught,Ehsan Khan,,
1026847,2016/17,2016-11-04,"Mission Road Ground, Mong Kok",1,27.4,Hong Kong,Papua New Guinea,Tanwir Afzal,Babar Hayat,MD Dai,0,0,,,,,,,,,
1026847,2016/17,2016-11-04,"Mission Road Ground, Mong Kok",1,27.5,Hong Kong,Papua New Guinea,Tanwir Afzal,Babar Hayat,MD Dai,4,0,,,,,,,,,
1026847,2016/17,2016-11-04,"Mission Road Ground, Mong Kok",1,27.6,Hong Kong,Papua New Guinea,Tanwir Afzal,Babar Hayat,MD Dai,0,0,,,,,,,,,
1026847,2016/17,2016-11-04,"Mission Road Ground, Mong Kok",1,28.1,Hong Kong,Papua New Guinea,Babar Hayat,Tanwir Afzal,N Vanua,0,0,,,,,,,,,
1026847,2016/17,2016-11-04,"Mission Road Ground, Mong Kok",1,28.2,Hong Kong,Papua New Guinea,Babar Hayat,Tanwir Afzal,N Vanua,0,0,,,,,,,,,
1026847,2016/17,2016-11-04,"Mission Road Ground, Mong Kok",1,28.3,Hong Kong,Papua New Guinea,Babar Hayat,Tanwir Afzal,N Vanua,1,0,,,,,,,,,
1026847,2016/17,2016-11-04,"Mission Road Ground, Mong Kok",1,28.4,Hong Kong,Papua New Guinea,Tanwir Afzal,Babar Hayat,N Vanua,1,0,,,,,,,,,
1026847,2016/17,2016-11-04,"Mission Road Ground, Mong Kok",1,28.5,Hong Kong,Papua New Guinea,Babar Hayat,Tanwir Afzal,N Vanua,1,0,,,,,,,,,
1026847,2016/17,2016-11-04,"Mission Road Ground, Mong Kok",1,28.6,Hong Kong,Papua New Guinea,Tanwir Afzal,Babar Hayat,N Vanua,1,0,,,,,,,,,
1026847,2016/17,2016-11-04,"Mission Road Ground, Mong Kok",1,29.1,Hong Kong,Papua New Guinea,Tanwir Afzal,Babar Hayat,MD Dai,0,0,,,,,,,,,
1026847,2016/17,2016-11-04,"Mission Road Ground, Mong Kok",1,29.2,Hong Kong,Papua New Guinea,Tanwir Afzal,Babar Hayat,MD Dai,0,0,,,,,,,,,
1026847,2016/17,2016-11-04,"Mission Road Ground, Mong Kok",1,29.3,Hong Kong,Papua New Guinea,Tanwir Afzal,Babar Hayat,MD Dai,6,0,,,,,,,,,
1026847,2016/17,2016-11-04,"Mission Road Ground, Mong Kok",1,29.4,Hong Kong,Papua New Guinea,Tanwir Afzal,Babar Hayat,MD Dai,2,0,,,,,,,,,
1026847,2016/17,2016-11-04,"Mission Road Ground, Mong Kok",1,29.5,Hong Kong,Papua New Guinea,Tanwir Afzal,Babar Hayat,MD Dai,0,0,,,,,,,,,
1026847,2016/17,2016-11-04,"Mission Road Ground, Mong Kok",1,29.6,Hong Kong,Papua New Guinea,Tanwir Afzal,Babar Hayat,MD Dai,0,0,,,,,,,,,
1026847,2016/17,2016-11-04,"Mission Road Ground, Mong Kok",1,30.1,Hong Kong,Papua New Guinea,Babar Hayat,Tanwir Afzal,N Vanua,1,0,,,,,,,,,
1026847,2016/17,2016-11-04,"Mission Road Ground, Mong Kok",1,30.2,Hong Kong,Papua New Guinea,Tanwir Afzal,Babar Hayat,N Vanua,4,0,,,,,,,,,
1026847,2016/17,2016-11-04,"Mission Road Ground, Mong Kok",1,30.3,Hong Kong,Papua New Guinea,Tanwir Afzal,Babar Hayat,N Vanua,0,0,,,,,,,,,
1026847,2016/17,2016-11-04,"Mission Road Ground, Mong Kok",1,30.4,Hong Kong,Papua New Guinea,Tanwir Afzal,Babar Hayat,N Vanua,1,0,,,,,,,,,
1026847,2016/17,2016-11-04,"Mission Road Ground, Mong Kok",1,30.5,Hong Kong,Papua New Guinea,Babar Hayat,Tanwir Afzal,N Vanua,0,0,,,,,,,,,
1026847,2016/17,2016-11-04,"Mission Road Ground, Mong Kok",1,30.6,Hong Kong,Papua New Guinea,Babar Hayat,Tanwir Afzal,N Vanua,0,0,,,,,,,,,
1026847,2016/17,2016-11-04,"Mission Road Ground, Mong Kok",1,31.1,Hong Kong,Papua New Guinea,Tanwir Afzal,Babar Hayat,MD Dai,0,0,,,,,,,,,
1026847,2016/17,2016-11-04,"Mission Road Ground, Mong Kok",1,31.2,Hong Kong,Papua New Guinea,Tanwir Afzal,Babar Hayat,MD Dai,1,0,,,,,,,,,
1026847,2016/17,2016-11-04,"Mission Road Ground, Mong Kok",1,31.3,Hong Kong,Papua New Guinea,Babar Hayat,Tanwir Afzal,MD Dai,0,5,5,,,,,,,,
1026847,2016/17,2016-11-04,"Mission Road Ground, Mong Kok",1,31.4,Hong Kong,Papua New Guinea,Babar Hayat,Tanwir Afzal,MD Dai,1,0,,,,,,,,,
1026847,2016/17,2016-11-04,"Mission Road Ground, Mong Kok",1,31.5,Hong Kong,Papua New Guinea,Tanwir Afzal,Babar Hayat,MD Dai,6,0,,,,,,,,,
1026847,2016/17,2016-11-04,"Mission Road Ground, Mong Kok",1,31.6,Hong Kong,Papua New Guinea,Tanwir Afzal,Babar Hayat,MD Dai,1,0,,,,,,,,,
1026847,2016/17,2016-11-04,"Mission Road Ground, Mong Kok",1,31.7,Hong Kong,Papua New Guinea,Babar Hayat,Tanwir Afzal,MD Dai,0,0,,,,,,,,,
1026847,2016/17,2016-11-04,"Mission Road Ground, Mong Kok",1,32.1,Hong Kong,Papua New Guinea,Tanwir Afzal,Babar Hayat,CA Soper,0,0,,,,,,,,,
1026847,2016/17,2016-11-04,"Mission Road Ground, Mong Kok",1,32.2,Hong Kong,Papua New Guinea,Tanwir Afzal,Babar Hayat,CA Soper,0,0,,,,,,,,,
1026847,2016/17,2016-11-04,"Mission Road Ground, Mong Kok",1,32.3,Hong Kong,Papua New Guinea,Tanwir Afzal,Babar Hayat,CA Soper,0,0,,,,,,,,,
1026847,2016/17,2016-11-04,"Mission Road Ground, Mong Kok",1,32.4,Hong Kong,Papua New Guinea,Tanwir Afzal,Babar Hayat,CA Soper,2,0,,,,,,,,,
1026847,2016/17,2016-11-04,"Mission Road Ground, Mong Kok",1,32.5,Hong Kong,Papua New Guinea,Tanwir Afzal,Babar Hayat,CA Soper,1,0,,,,,,,,,
1026847,2016/17,2016-11-04,"Mission Road Ground, Mong Kok",1,32.6,Hong Kong,Papua New Guinea,Babar Hayat,Tanwir Afzal,CA Soper,0,0,,,,,,,,,
1026847,2016/17,2016-11-04,"Mission Road Ground, Mong Kok",1,33.1,Hong Kong,Papua New Guinea,Tanwir Afzal,Babar Hayat,S Bau,1,0,,,,,,,,,
1026847,2016/17,2016-11-04,"Mission Road Ground, Mong Kok",1,33.2,Hong Kong,Papua New Guinea,Babar Hayat,Tanwir Afzal,S Bau,0,0,,,,,,,,,
1026847,2016/17,2016-11-04,"Mission Road Ground, Mong Kok",1,33.3,Hong Kong,Papua New Guinea,Babar Hayat,Tanwir Afzal,S Bau,1,0,,,,,,,,,
1026847,2016/17,2016-11-04,"Mission Road Ground, Mong Kok",1,33.4,Hong Kong,Papua New Guinea,Tanwir Afzal,Babar Hayat,S Bau,4,0,,,,,,,,,
1026847,2016/17,2016-11-04,"Mission Road Ground, Mong Kok",1,33.5,Hong Kong,Papua New Guinea,Tanwir Afzal,Babar Hayat,S Bau,4,0,,,,,,,,,
1026847,2016/17,2016-11-04,"Mission Road Ground, Mong Kok",1,33.6,Hong Kong,Papua New Guinea,Tanwir Afzal,Babar Hayat,S Bau,0,0,,,,,,,,,
1026847,2016/17,2016-11-04,"Mission Road Ground, Mong Kok",1,34.1,Hong Kong,Papua New Guinea,Babar Hayat,Tanwir Afzal,CA Soper,0,0,,,,,,,,,
1026847,2016/17,2016-11-04,"Mission Road Ground, Mong Kok",1,34.2,Hong Kong,Papua New Guinea,Babar Hayat,Tanwir Afzal,CA Soper,1,0,,,,,,,,,
1026847,2016/17,2016-11-04,"Mission Road Ground, Mong Kok",1,34.3,Hong Kong,Papua New Guinea,Tanwir Afzal,Babar Hayat,CA Soper,0,0,,,,,,,,,
1026847,2016/17,2016-11-04,"Mission Road Ground, Mong Kok",1,34.4,Hong Kong,Papua New Guinea,Tanwir Afzal,Babar Hayat,CA Soper,4,0,,,,,,,,,
1026847,2016/17,2016-11-04,"Mission Road Ground, Mong Kok",1,34.5,Hong Kong,Papua New Guinea,Tanwir Afzal,Babar Hayat,CA Soper,0,0,,,,,,,,,
1026847,2016/17,2016-11-04,"Mission Road Ground, Mong Kok",1,34.6,Hong Kong,Papua New Guinea,Tanwir Afzal,Babar Hayat,CA Soper,4,0,,,,,,,,,
1026847,2016/17,2016-11-04,"Mission Road Ground, Mong Kok",1,35.1,Hong Kong,Papua New Guinea,Babar Hayat,Tanwir Afzal,A Vala,0,1,1,,,,,,,,
1026847,2016/17,2016-11-04,"Mission Road Ground, Mong Kok",1,35.2,Hong Kong,Papua New Guinea,Babar Hayat,Tanwir Afzal,A Vala,1,0,,,,,,,,,
1026847,2016/17,2016-11-04,"Mission Road Ground, Mong Kok",1,35.3,Hong Kong,Papua New Guinea,Tanwir Afzal,Babar Hayat,A Vala,0,0,,,,,,stumped,Tanwir Afzal,,
1026847,2016/17,2016-11-04,"Mission Road Ground, Mong Kok",1,35.4,Hong Kong,Papua New Guinea,Aizaz Khan,Babar Hayat,A Vala,0,0,,,,,,,,,
1026847,2016/17,2016-11-04,"Mission Road Ground, Mong Kok",1,35.5,Hong Kong,Papua New Guinea,Aizaz Khan,Babar Hayat,A Vala,0,0,,,,,,,,,
1026847,2016/17,2016-11-04,"Mission Road Ground, Mong Kok",1,35.6,Hong Kong,Papua New Guinea,Aizaz Khan,Babar Hayat,A Vala,0,0,,,,,,,,,
1026847,2016/17,2016-11-04,"Mission Road Ground, Mong Kok",1,35.7,Hong Kong,Papua New Guinea,Aizaz Khan,Babar Hayat,A Vala,0,0,,,,,,,,,
1026847,2016/17,2016-11-04,"Mission Road Ground, Mong Kok",1,36.1,Hong Kong,Papua New Guinea,Babar Hayat,Aizaz Khan,WT Gavera,1,0,,,,,,,,,
1026847,2016/17,2016-11-04,"Mission Road Ground, Mong Kok",1,36.2,Hong Kong,Papua New Guinea,Aizaz Khan,Babar Hayat,WT Gavera,1,0,,,,,,,,,
1026847,2016/17,2016-11-04,"Mission Road Ground, Mong Kok",1,36.3,Hong Kong,Papua New Guinea,Babar Hayat,Aizaz Khan,WT Gavera,1,0,,,,,,,,,
1026847,2016/17,2016-11-04,"Mission Road Ground, Mong Kok",1,36.4,Hong Kong,Papua New Guinea,Aizaz Khan,Babar Hayat,WT Gavera,1,0,,,,,,,,,
1026847,2016/17,2016-11-04,"Mission Road Ground, Mong Kok",1,36.5,Hong Kong,Papua New Guinea,Babar Hayat,Aizaz Khan,WT Gavera,1,0,,,,,,,,,
1026847,2016/17,2016-11-04,"Mission Road Ground, Mong Kok",1,36.6,Hong Kong,Papua New Guinea,Aizaz Khan,Babar Hayat,WT Gavera,1,0,,,,,,,,,
1026847,2016/17,2016-11-04,"Mission Road Ground, Mong Kok",1,37.1,Hong Kong,Papua New Guinea,Aizaz Khan,Babar Hayat,A Vala,0,0,,,,,,,,,
1026847,2016/17,2016-11-04,"Mission Road Ground, Mong Kok",1,37.2,Hong Kong,Papua New Guinea,Aizaz Khan,Babar Hayat,A Vala,0,0,,,,,,,,,
1026847,2016/17,2016-11-04,"Mission Road Ground, Mong Kok",1,37.3,Hong Kong,Papua New Guinea,Aizaz Khan,Babar Hayat,A Vala,1,0,,,,,,,,,
1026847,2016/17,2016-11-04,"Mission Road Ground, Mong Kok",1,37.4,Hong Kong,Papua New Guinea,Babar Hayat,Aizaz Khan,A Vala,1,0,,,,,,,,,
1026847,2016/17,2016-11-04,"Mission Road Ground, Mong Kok",1,37.5,Hong Kong,Papua New Guinea,Aizaz Khan,Babar Hayat,A Vala,0,0,,,,,,,,,
1026847,2016/17,2016-11-04,"Mission Road Ground, Mong Kok",1,37.6,Hong Kong,Papua New Guinea,Aizaz Khan,Babar Hayat,A Vala,0,0,,,,,,,,,
1026847,2016/17,2016-11-04,"Mission Road Ground, Mong Kok",1,38.1,Hong Kong,Papua New Guinea,Babar Hayat,Aizaz Khan,H Hiri,0,0,,,,,,,,,
1026847,2016/17,2016-11-04,"Mission Road Ground, Mong Kok",1,38.2,Hong Kong,Papua New Guinea,Babar Hayat,Aizaz Khan,H Hiri,0,0,,,,,,,,,
1026847,2016/17,2016-11-04,"Mission Road Ground, Mong Kok",1,38.3,Hong Kong,Papua New Guinea,Babar Hayat,Aizaz Khan,H Hiri,1,0,,,,,,,,,
1026847,2016/17,2016-11-04,"Mission Road Ground, Mong Kok",1,38.4,Hong Kong,Papua New Guinea,Aizaz Khan,Babar Hayat,H Hiri,0,0,,,,,,,,,
1026847,2016/17,2016-11-04,"Mission Road Ground, Mong Kok",1,38.5,Hong Kong,Papua New Guinea,Aizaz Khan,Babar Hayat,H Hiri,0,0,,,,,,,,,
1026847,2016/17,2016-11-04,"Mission Road Ground, Mong Kok",1,38.6,Hong Kong,Papua New Guinea,Aizaz Khan,Babar Hayat,H Hiri,0,0,,,,,,,,,
1026847,2016/17,2016-11-04,"Mission Road Ground, Mong Kok",1,39.1,Hong Kong,Papua New Guinea,Babar Hayat,Aizaz Khan,A Vala,0,0,,,,,,,,,
1026847,2016/17,2016-11-04,"Mission Road Ground, Mong Kok",1,39.2,Hong Kong,Papua New Guinea,Babar Hayat,Aizaz Khan,A Vala,0,0,,,,,,,,,
1026847,2016/17,2016-11-04,"Mission Road Ground, Mong Kok",1,39.3,Hong Kong,Papua New Guinea,Babar Hayat,Aizaz Khan,A Vala,1,0,,,,,,,,,
1026847,2016/17,2016-11-04,"Mission Road Ground, Mong Kok",1,39.4,Hong Kong,Papua New Guinea,Aizaz Khan,Babar Hayat,A Vala,0,0,,,,,,,,,
1026847,2016/17,2016-11-04,"Mission Road Ground, Mong Kok",1,39.5,Hong Kong,Papua New Guinea,Aizaz Khan,Babar Hayat,A Vala,6,0,,,,,,,,,
1026847,2016/17,2016-11-04,"Mission Road Ground, Mong Kok",1,39.6,Hong Kong,Papua New Guinea,Aizaz Khan,Babar Hayat,A Vala,1,0,,,,,,,,,
1026847,2016/17,2016-11-04,"Mission Road Ground, Mong Kok",1,40.1,Hong Kong,Papua New Guinea,Aizaz Khan,Babar Hayat,H Hiri,1,0,,,,,,,,,
1026847,2016/17,2016-11-04,"Mission Road Ground, Mong Kok",1,40.2,Hong Kong,Papua New Guinea,Babar Hayat,Aizaz Khan,H Hiri,4,0,,,,,,,,,
1026847,2016/17,2016-11-04,"Mission Road Ground, Mong Kok",1,40.3,Hong Kong,Papua New Guinea,Babar Hayat,Aizaz Khan,H Hiri,6,0,,,,,,,,,
1026847,2016/17,2016-11-04,"Mission Road Ground, Mong Kok",1,40.4,Hong Kong,Papua New Guinea,Babar Hayat,Aizaz Khan,H Hiri,0,0,,,,,,,,,
1026847,2016/17,2016-11-04,"Mission Road Ground, Mong Kok",1,40.5,Hong Kong,Papua New Guinea,Babar Hayat,Aizaz Khan,H Hiri,4,0,,,,,,,,,
1026847,2016/17,2016-11-04,"Mission Road Ground, Mong Kok",1,40.6,Hong Kong,Papua New Guinea,Babar Hayat,Aizaz Khan,H Hiri,1,0,,,,,,,,,
1026847,2016/17,2016-11-04,"Mission Road Ground, Mong Kok",1,41.1,Hong Kong,Papua New Guinea,Babar Hayat,Aizaz Khan,A Vala,1,0,,,,,,,,,
1026847,2016/17,2016-11-04,"Mission Road Ground, Mong Kok",1,41.2,Hong Kong,Papua New Guinea,Aizaz Khan,Babar Hayat,A Vala,1,0,,,,,,,,,
1026847,2016/17,2016-11-04,"Mission Road Ground, Mong Kok",1,41.3,Hong Kong,Papua New Guinea,Babar Hayat,Aizaz Khan,A Vala,0,0,,,,,,,,,
1026847,2016/17,2016-11-04,"Mission Road Ground, Mong Kok",1,41.4,Hong Kong,Papua New Guinea,Babar Hayat,Aizaz Khan,A Vala,1,0,,,,,,,,,
1026847,2016/17,2016-11-04,"Mission Road Ground, Mong Kok",1,41.5,Hong Kong,Papua New Guinea,Aizaz Khan,Babar Hayat,A Vala,1,0,,,,,,,,,
1026847,2016/17,2016-11-04,"Mission Road Ground, Mong Kok",1,41.6,Hong Kong,Papua New Guinea,Babar Hayat,Aizaz Khan,A Vala,0,0,,,,,,,,,
1026847,2016/17,2016-11-04,"Mission Road Ground, Mong Kok",1,42.1,Hong Kong,Papua New Guinea,Aizaz Khan,Babar Hayat,WT Gavera,1,0,,,,,,,,,
1026847,2016/17,2016-11-04,"Mission Road Ground, Mong Kok",1,42.2,Hong Kong,Papua New Guinea,Babar Hayat,Aizaz Khan,WT Gavera,1,0,,,,,,,,,
1026847,2016/17,2016-11-04,"Mission Road Ground, Mong Kok",1,42.3,Hong Kong,Papua New Guinea,Aizaz Khan,Babar Hayat,WT Gavera,1,0,,,,,,,,,
1026847,2016/17,2016-11-04,"Mission Road Ground, Mong Kok",1,42.4,Hong Kong,Papua New Guinea,Babar Hayat,Aizaz Khan,WT Gavera,0,0,,,,,,,,,
1026847,2016/17,2016-11-04,"Mission Road Ground, Mong Kok",1,42.5,Hong Kong,Papua New Guinea,Babar Hayat,Aizaz Khan,WT Gavera,0,0,,,,,,,,,
1026847,2016/17,2016-11-04,"Mission Road Ground, Mong Kok",1,42.6,Hong Kong,Papua New Guinea,Babar Hayat,Aizaz Khan,WT Gavera,0,0,,,,,,,,,
1026847,2016/17,2016-11-04,"Mission Road Ground, Mong Kok",1,43.1,Hong Kong,Papua New Guinea,Aizaz Khan,Babar Hayat,A Vala,0,0,,,,,,,,,
1026847,2016/17,2016-11-04,"Mission Road Ground, Mong Kok",1,43.2,Hong Kong,Papua New Guinea,Aizaz Khan,Babar Hayat,A Vala,0,0,,,,,,,,,
1026847,2016/17,2016-11-04,"Mission Road Ground, Mong Kok",1,43.3,Hong Kong,Papua New Guinea,Aizaz Khan,Babar Hayat,A Vala,4,0,,,,,,,,,
1026847,2016/17,2016-11-04,"Mission Road Ground, Mong Kok",1,43.4,Hong Kong,Papua New Guinea,Aizaz Khan,Babar Hayat,A Vala,0,0,,,,,,,,,
1026847,2016/17,2016-11-04,"Mission Road Ground, Mong Kok",1,43.5,Hong Kong,Papua New Guinea,Aizaz Khan,Babar Hayat,A Vala,6,0,,,,,,,,,
1026847,2016/17,2016-11-04,"Mission Road Ground, Mong Kok",1,43.6,Hong Kong,Papua New Guinea,Aizaz Khan,Babar Hayat,A Vala,0,0,,,,,,,,,
1026847,2016/17,2016-11-04,"Mission Road Ground, Mong Kok",1,44.1,Hong Kong,Papua New Guinea,Babar Hayat,Aizaz Khan,WT Gavera,1,0,,,,,,,,,
1026847,2016/17,2016-11-04,"Mission Road Ground, Mong Kok",1,44.2,Hong Kong,Papua New Guinea,Aizaz Khan,Babar Hayat,WT Gavera,1,0,,,,,,,,,
1026847,2016/17,2016-11-04,"Mission Road Ground, Mong Kok",1,44.3,Hong Kong,Papua New Guinea,Babar Hayat,Aizaz Khan,WT Gavera,1,0,,,,,,,,,
1026847,2016/17,2016-11-04,"Mission Road Ground, Mong Kok",1,44.4,Hong Kong,Papua New Guinea,Aizaz Khan,Babar Hayat,WT Gavera,0,0,,,,,,,,,
1026847,2016/17,2016-11-04,"Mission Road Ground, Mong Kok",1,44.5,Hong Kong,Papua New Guinea,Aizaz Khan,Babar Hayat,WT Gavera,0,0,,,,,,,,,
1026847,2016/17,2016-11-04,"Mission Road Ground, Mong Kok",1,44.6,Hong Kong,Papua New Guinea,Aizaz Khan,Babar Hayat,WT Gavera,1,0,,,,,,,,,
1026847,2016/17,2016-11-04,"Mission Road Ground, Mong Kok",1,45.1,Hong Kong,Papua New Guinea,Aizaz Khan,Babar Hayat,N Vanua,1,0,,,,,,,,,
1026847,2016/17,2016-11-04,"Mission Road Ground, Mong Kok",1,45.2,Hong Kong,Papua New Guinea,Babar Hayat,Aizaz Khan,N Vanua,0,1,1,,,,,,,,
1026847,2016/17,2016-11-04,"Mission Road Ground, Mong Kok",1,45.3,Hong Kong,Papua New Guinea,Babar Hayat,Aizaz Khan,N Vanua,1,1,,1,,,,,,,
1026847,2016/17,2016-11-04,"Mission Road Ground, Mong Kok",1,45.4,Hong Kong,Papua New Guinea,Aizaz Khan,Babar Hayat,N Vanua,1,0,,,,,,,,,
1026847,2016/17,2016-11-04,"Mission Road Ground, Mong Kok",1,45.5,Hong Kong,Papua New Guinea,Babar Hayat,Aizaz Khan,N Vanua,1,0,,,,,,,,,
1026847,2016/17,2016-11-04,"Mission Road Ground, Mong Kok",1,45.6,Hong Kong,Papua New Guinea,Aizaz Khan,Babar Hayat,N Vanua,0,0,,,,,,,,,
1026847,2016/17,2016-11-04,"Mission Road Ground, Mong Kok",1,45.7,Hong Kong,Papua New Guinea,Aizaz Khan,Babar Hayat,N Vanua,0,0,,,,,,,,,
1026847,2016/17,2016-11-04,"Mission Road Ground, Mong Kok",1,45.8,Hong Kong,Papua New Guinea,Aizaz Khan,Babar Hayat,N Vanua,0,0,,,,,,,,,
1026847,2016/17,2016-11-04,"Mission Road Ground, Mong Kok",1,46.1,Hong Kong,Papua New Guinea,Babar Hayat,Aizaz Khan,WT Gavera,6,0,,,,,,,,,
1026847,2016/17,2016-11-04,"Mission Road Ground, Mong Kok",1,46.2,Hong Kong,Papua New Guinea,Babar Hayat,Aizaz Khan,WT Gavera,1,0,,,,,,,,,
1026847,2016/17,2016-11-04,"Mission Road Ground, Mong Kok",1,46.3,Hong Kong,Papua New Guinea,Aizaz Khan,Babar Hayat,WT Gavera,0,4,,,4,,,,,,
1026847,2016/17,2016-11-04,"Mission Road Ground, Mong Kok",1,46.4,Hong Kong,Papua New Guinea,Aizaz Khan,Babar Hayat,WT Gavera,1,0,,,,,,,,,
1026847,2016/17,2016-11-04,"Mission Road Ground, Mong Kok",1,46.5,Hong Kong,Papua New Guinea,Babar Hayat,Aizaz Khan,WT Gavera,0,0,,,,,,caught,Babar Hayat,,
1026847,2016/17,2016-11-04,"Mission Road Ground, Mong Kok",1,46.6,Hong Kong,Papua New Guinea,Nadeem Ahmed,Aizaz Khan,WT Gavera,1,0,,,,,,,,,
1026847,2016/17,2016-11-04,"Mission Road Ground, Mong Kok",1,47.1,Hong Kong,Papua New Guinea,Nadeem Ahmed,Aizaz Khan,N Vanua,0,5,5,,,,,,,,
1026847,2016/17,2016-11-04,"Mission Road Ground, Mong Kok",1,47.2,Hong Kong,Papua New Guinea,Nadeem Ahmed,Aizaz Khan,N Vanua,0,0,,,,,,,,,
1026847,2016/17,2016-11-04,"Mission Road Ground, Mong Kok",1,47.3,Hong Kong,Papua New Guinea,Nadeem Ahmed,Aizaz Khan,N Vanua,0,0,,,,,,,,,
1026847,2016/17,2016-11-04,"Mission Road Ground, Mong Kok",1,47.4,Hong Kong,Papua New Guinea,Nadeem Ahmed,Aizaz Khan,N Vanua,0,0,,,,,,,,,
1026847,2016/17,2016-11-04,"Mission Road Ground, Mong Kok",1,47.5,Hong Kong,Papua New Guinea,Nadeem Ahmed,Aizaz Khan,N Vanua,0,0,,,,,,,,,
1026847,2016/17,2016-11-04,"Mission Road Ground, Mong Kok",1,47.6,Hong Kong,Papua New Guinea,Nadeem Ahmed,Aizaz Khan,N Vanua,1,0,,,,,,,,,
1026847,2016/17,2016-11-04,"Mission Road Ground, Mong Kok",1,47.7,Hong Kong,Papua New Guinea,Aizaz Khan,Nadeem Ahmed,N Vanua,0,1,1,,,,,,,,
1026847,2016/17,2016-11-04,"Mission Road Ground, Mong Kok",1,47.8,Hong Kong,Papua New Guinea,Aizaz Khan,Nadeem Ahmed,N Vanua,1,0,,,,,,,,,
1026847,2016/17,2016-11-04,"Mission Road Ground, Mong Kok",1,48.1,Hong Kong,Papua New Guinea,Aizaz Khan,Nadeem Ahmed,WT Gavera,4,0,,,,,,,,,
1026847,2016/17,2016-11-04,"Mission Road Ground, Mong Kok",1,48.2,Hong Kong,Papua New Guinea,Aizaz Khan,Nadeem Ahmed,WT Gavera,1,0,,,,,,,,,
1026847,2016/17,2016-11-04,"Mission Road Ground, Mong Kok",1,48.3,Hong Kong,Papua New Guinea,Nadeem Ahmed,Aizaz Khan,WT Gavera,0,0,,,,,,,,,
1026847,2016/17,2016-11-04,"Mission Road Ground, Mong Kok",1,48.4,Hong Kong,Papua New Guinea,Nadeem Ahmed,Aizaz Khan,WT Gavera,0,0,,,,,,,,,
1026847,2016/17,2016-11-04,"Mission Road Ground, Mong Kok",1,48.5,Hong Kong,Papua New Guinea,Nadeem Ahmed,Aizaz Khan,WT Gavera,0,1,1,,,,,,,,
1026847,2016/17,2016-11-04,"Mission Road Ground, Mong Kok",1,48.6,Hong Kong,Papua New Guinea,Nadeem Ahmed,Aizaz Khan,WT Gavera,0,0,,,,,,,,,
1026847,2016/17,2016-11-04,"Mission Road Ground, Mong Kok",1,48.7,Hong Kong,Papua New Guinea,Nadeem Ahmed,Aizaz Khan,WT Gavera,4,0,,,,,,,,,
1026847,2016/17,2016-11-04,"Mission Road Ground, Mong Kok",1,49.1,Hong Kong,Papua New Guinea,Aizaz Khan,Nadeem Ahmed,CA Soper,1,0,,,,,,,,,
1026847,2016/17,2016-11-04,"Mission Road Ground, Mong Kok",1,49.2,Hong Kong,Papua New Guinea,Nadeem Ahmed,Aizaz Khan,CA Soper,0,0,,,,,,caught,Nadeem Ahmed,,
1026847,2016/17,2016-11-04,"Mission Road Ground, Mong Kok",1,49.3,Hong Kong,Papua New Guinea,Aizaz Khan,Tanveer Ahmed,CA Soper,6,0,,,,,,,,,
1026847,2016/17,2016-11-04,"Mission Road Ground, Mong Kok",1,49.4,Hong Kong,Papua New Guinea,Aizaz Khan,Tanveer Ahmed,CA Soper,0,0,,,,,,bowled,Aizaz Khan,,
1026847,2016/17,2016-11-04,"Mission Road Ground, Mong Kok",2,0.1,Papua New Guinea,Hong Kong,TP Ura,VV Morea,Nadeem Ahmed,0,0,,,,,,,,,
1026847,2016/17,2016-11-04,"Mission Road Ground, Mong Kok",2,0.2,Papua New Guinea,Hong Kong,TP Ura,VV Morea,Nadeem Ahmed,6,0,,,,,,,,,
1026847,2016/17,2016-11-04,"Mission Road Ground, Mong Kok",2,0.3,Papua New Guinea,Hong Kong,TP Ura,VV Morea,Nadeem Ahmed,0,0,,,,,,,,,
1026847,2016/17,2016-11-04,"Mission Road Ground, Mong Kok",2,0.4,Papua New Guinea,Hong Kong,TP Ura,VV Morea,Nadeem Ahmed,0,0,,,,,,,,,
1026847,2016/17,2016-11-04,"Mission Road Ground, Mong Kok",2,0.5,Papua New Guinea,Hong Kong,TP Ura,VV Morea,Nadeem Ahmed,0,0,,,,,,,,,
1026847,2016/17,2016-11-04,"Mission Road Ground, Mong Kok",2,0.6,Papua New Guinea,Hong Kong,TP Ura,VV Morea,Nadeem Ahmed,1,0,,,,,,,,,
1026847,2016/17,2016-11-04,"Mission Road Ground, Mong Kok",2,1.1,Papua New Guinea,Hong Kong,TP Ura,VV Morea,Tanwir Afzal,0,1,1,,,,,,,,
1026847,2016/17,2016-11-04,"Mission Road Ground, Mong Kok",2,1.2,Papua New Guinea,Hong Kong,TP Ura,VV Morea,Tanwir Afzal,0,0,,,,,,,,,
1026847,2016/17,2016-11-04,"Mission Road Ground, Mong Kok",2,1.3,Papua New Guinea,Hong Kong,TP Ura,VV Morea,Tanwir Afzal,0,0,,,,,,,,,
1026847,2016/17,2016-11-04,"Mission Road Ground, Mong Kok",2,1.4,Papua New Guinea,Hong Kong,TP Ura,VV Morea,Tanwir Afzal,0,0,,,,,,,,,
1026847,2016/17,2016-11-04,"Mission Road Ground, Mong Kok",2,1.5,Papua New Guinea,Hong Kong,TP Ura,VV Morea,Tanwir Afzal,0,0,,,,,,,,,
1026847,2016/17,2016-11-04,"Mission Road Ground, Mong Kok",2,1.6,Papua New Guinea,Hong Kong,TP Ura,VV Morea,Tanwir Afzal,0,0,,,,,,,,,
1026847,2016/17,2016-11-04,"Mission Road Ground, Mong Kok",2,1.7,Papua New Guinea,Hong Kong,TP Ura,VV Morea,Tanwir Afzal,4,0,,,,,,,,,
1026847,2016/17,2016-11-04,"Mission Road Ground, Mong Kok",2,2.1,Papua New Guinea,Hong Kong,VV Morea,TP Ura,Nadeem Ahmed,0,0,,,,,,,,,
1026847,2016/17,2016-11-04,"Mission Road Ground, Mong Kok",2,2.2,Papua New Guinea,Hong Kong,VV Morea,TP Ura,Nadeem Ahmed,0,0,,,,,,,,,
1026847,2016/17,2016-11-04,"Mission Road Ground, Mong Kok",2,2.3,Papua New Guinea,Hong Kong,VV Morea,TP Ura,Nadeem Ahmed,4,0,,,,,,,,,
1026847,2016/17,2016-11-04,"Mission Road Ground, Mong Kok",2,2.4,Papua New Guinea,Hong Kong,VV Morea,TP Ura,Nadeem Ahmed,0,0,,,,,,,,,
1026847,2016/17,2016-11-04,"Mission Road Ground, Mong Kok",2,2.5,Papua New Guinea,Hong Kong,VV Morea,TP Ura,Nadeem Ahmed,0,0,,,,,,,,,
1026847,2016/17,2016-11-04,"Mission Road Ground, Mong Kok",2,2.6,Papua New Guinea,Hong Kong,VV Morea,TP Ura,Nadeem Ahmed,1,0,,,,,,,,,
1026847,2016/17,2016-11-04,"Mission Road Ground, Mong Kok",2,3.1,Papua New Guinea,Hong Kong,VV Morea,TP Ura,Tanwir Afzal,0,0,,,,,,,,,
1026847,2016/17,2016-11-04,"Mission Road Ground, Mong Kok",2,3.2,Papua New Guinea,Hong Kong,VV Morea,TP Ura,Tanwir Afzal,0,0,,,,,,,,,
1026847,2016/17,2016-11-04,"Mission Road Ground, Mong Kok",2,3.3,Papua New Guinea,Hong Kong,VV Morea,TP Ura,Tanwir Afzal,0,0,,,,,,,,,
1026847,2016/17,2016-11-04,"Mission Road Ground, Mong Kok",2,3.4,Papua New Guinea,Hong Kong,VV Morea,TP Ura,Tanwir Afzal,0,0,,,,,,bowled,VV Morea,,
1026847,2016/17,2016-11-04,"Mission Road Ground, Mong Kok",2,3.5,Papua New Guinea,Hong Kong,L Siaka,TP Ura,Tanwir Afzal,0,0,,,,,,,,,
1026847,2016/17,2016-11-04,"Mission Road Ground, Mong Kok",2,3.6,Papua New Guinea,Hong Kong,L Siaka,TP Ura,Tanwir Afzal,0,0,,,,,,,,,
1026847,2016/17,2016-11-04,"Mission Road Ground, Mong Kok",2,4.1,Papua New Guinea,Hong Kong,TP Ura,L Siaka,Nadeem Ahmed,0,0,,,,,,,,,
1026847,2016/17,2016-11-04,"Mission Road Ground, Mong Kok",2,4.2,Papua New Guinea,Hong Kong,TP Ura,L Siaka,Nadeem Ahmed,0,0,,,,,,caught,TP Ura,,
1026847,2016/17,2016-11-04,"Mission Road Ground, Mong Kok",2,4.3,Papua New Guinea,Hong Kong,A Vala,L Siaka,Nadeem Ahmed,0,0,,,,,,,,,
1026847,2016/17,2016-11-04,"Mission Road Ground, Mong Kok",2,4.4,Papua New Guinea,Hong Kong,A Vala,L Siaka,Nadeem Ahmed,0,0,,,,,,,,,
1026847,2016/17,2016-11-04,"Mission Road Ground, Mong Kok",2,4.5,Papua New Guinea,Hong Kong,A Vala,L Siaka,Nadeem Ahmed,0,0,,,,,,,,,
1026847,2016/17,2016-11-04,"Mission Road Ground, Mong Kok",2,4.6,Papua New Guinea,Hong Kong,A Vala,L Siaka,Nadeem Ahmed,0,0,,,,,,,,,
1026847,2016/17,2016-11-04,"Mission Road Ground, Mong Kok",2,5.1,Papua New Guinea,Hong Kong,L Siaka,A Vala,Tanwir Afzal,0,0,,,,,,,,,
1026847,2016/17,2016-11-04,"Mission Road Ground, Mong Kok",2,5.2,Papua New Guinea,Hong Kong,L Siaka,A Vala,Tanwir Afzal,6,0,,,,,,,,,
1026847,2016/17,2016-11-04,"Mission Road Ground, Mong Kok",2,5.3,Papua New Guinea,Hong Kong,L Siaka,A Vala,Tanwir Afzal,0,0,,,,,,,,,
1026847,2016/17,2016-11-04,"Mission Road Ground, Mong Kok",2,5.4,Papua New Guinea,Hong Kong,L Siaka,A Vala,Tanwir Afzal,0,0,,,,,,,,,
1026847,2016/17,2016-11-04,"Mission Road Ground, Mong Kok",2,5.5,Papua New Guinea,Hong Kong,L Siaka,A Vala,Tanwir Afzal,0,0,,,,,,,,,
1026847,2016/17,2016-11-04,"Mission Road Ground, Mong Kok",2,5.6,Papua New Guinea,Hong Kong,L Siaka,A Vala,Tanwir Afzal,0,0,,,,,,,,,
1026847,2016/17,2016-11-04,"Mission Road Ground, Mong Kok",2,6.1,Papua New Guinea,Hong Kong,A Vala,L Siaka,Aizaz Khan,2,0,,,,,,,,,
1026847,2016/17,2016-11-04,"Mission Road Ground, Mong Kok",2,6.2,Papua New Guinea,Hong Kong,A Vala,L Siaka,Aizaz Khan,1,0,,,,,,,,,
1026847,2016/17,2016-11-04,"Mission Road Ground, Mong Kok",2,6.3,Papua New Guinea,Hong Kong,L Siaka,A Vala,Aizaz Khan,0,1,,,,1,,,,,
1026847,2016/17,2016-11-04,"Mission Road Ground, Mong Kok",2,6.4,Papua New Guinea,Hong Kong,A Vala,L Siaka,Aizaz Khan,2,0,,,,,,,,,
1026847,2016/17,2016-11-04,"Mission Road Ground, Mong Kok",2,6.5,Papua New Guinea,Hong Kong,A Vala,L Siaka,Aizaz Khan,2,0,,,,,,,,,
1026847,2016/17,2016-11-04,"Mission Road Ground, Mong Kok",2,6.6,Papua New Guinea,Hong Kong,A Vala,L Siaka,Aizaz Khan,4,0,,,,,,,,,
1026847,2016/17,2016-11-04,"Mission Road Ground, Mong Kok",2,7.1,Papua New Guinea,Hong Kong,L Siaka,A Vala,Tanwir Afzal,0,0,,,,,,,,,
1026847,2016/17,2016-11-04,"Mission Road Ground, Mong Kok",2,7.2,Papua New Guinea,Hong Kong,L Siaka,A Vala,Tanwir Afzal,1,0,,,,,,,,,
1026847,2016/17,2016-11-04,"Mission Road Ground, Mong Kok",2,7.3,Papua New Guinea,Hong Kong,A Vala,L Siaka,Tanwir Afzal,0,0,,,,,,,,,
1026847,2016/17,2016-11-04,"Mission Road Ground, Mong Kok",2,7.4,Papua New Guinea,Hong Kong,A Vala,L Siaka,Tanwir Afzal,2,0,,,,,,,,,
1026847,2016/17,2016-11-04,"Mission Road Ground, Mong Kok",2,7.5,Papua New Guinea,Hong Kong,A Vala,L Siaka,Tanwir Afzal,1,0,,,,,,,,,
1026847,2016/17,2016-11-04,"Mission Road Ground, Mong Kok",2,7.6,Papua New Guinea,Hong Kong,L Siaka,A Vala,Tanwir Afzal,1,0,,,,,,,,,
1026847,2016/17,2016-11-04,"Mission Road Ground, Mong Kok",2,8.1,Papua New Guinea,Hong Kong,L Siaka,A Vala,Aizaz Khan,1,0,,,,,,,,,
1026847,2016/17,2016-11-04,"Mission Road Ground, Mong Kok",2,8.2,Papua New Guinea,Hong Kong,A Vala,L Siaka,Aizaz Khan,1,0,,,,,,,,,
1026847,2016/17,2016-11-04,"Mission Road Ground, Mong Kok",2,8.3,Papua New Guinea,Hong Kong,L Siaka,A Vala,Aizaz Khan,4,0,,,,,,,,,
1026847,2016/17,2016-11-04,"Mission Road Ground, Mong Kok",2,8.4,Papua New Guinea,Hong Kong,L Siaka,A Vala,Aizaz Khan,2,0,,,,,,,,,
1026847,2016/17,2016-11-04,"Mission Road Ground, Mong Kok",2,8.5,Papua New Guinea,Hong Kong,L Siaka,A Vala,Aizaz Khan,0,0,,,,,,,,,
1026847,2016/17,2016-11-04,"Mission Road Ground, Mong Kok",2,8.6,Papua New Guinea,Hong Kong,L Siaka,A Vala,Aizaz Khan,0,0,,,,,,,,,
1026847,2016/17,2016-11-04,"Mission Road Ground, Mong Kok",2,9.1,Papua New Guinea,Hong Kong,A Vala,L Siaka,Tanwir Afzal,1,0,,,,,,,,,
1026847,2016/17,2016-11-04,"Mission Road Ground, Mong Kok",2,9.2,Papua New Guinea,Hong Kong,L Siaka,A Vala,Tanwir Afzal,1,0,,,,,,,,,
1026847,2016/17,2016-11-04,"Mission Road Ground, Mong Kok",2,9.3,Papua New Guinea,Hong Kong,A Vala,L Siaka,Tanwir Afzal,1,1,,1,,,,,,,
1026847,2016/17,2016-11-04,"Mission Road Ground, Mong Kok",2,9.4,Papua New Guinea,Hong Kong,L Siaka,A Vala,Tanwir Afzal,6,0,,,,,,,,,
1026847,2016/17,2016-11-04,"Mission Road Ground, Mong Kok",2,9.5,Papua New Guinea,Hong Kong,L Siaka,A Vala,Tanwir Afzal,1,0,,,,,,,,,
1026847,2016/17,2016-11-04,"Mission Road Ground, Mong Kok",2,9.6,Papua New Guinea,Hong Kong,A Vala,L Siaka,Tanwir Afzal,1,0,,,,,,,,,
1026847,2016/17,2016-11-04,"Mission Road Ground, Mong Kok",2,9.7,Papua New Guinea,Hong Kong,L Siaka,A Vala,Tanwir Afzal,0,0,,,,,,,,,
1026847,2016/17,2016-11-04,"Mission Road Ground, Mong Kok",2,10.1,Papua New Guinea,Hong Kong,A Vala,L Siaka,Aizaz Khan,0,0,,,,,,,,,
1026847,2016/17,2016-11-04,"Mission Road Ground, Mong Kok",2,10.2,Papua New Guinea,Hong Kong,A Vala,L Siaka,Aizaz Khan,4,0,,,,,,,,,
1026847,2016/17,2016-11-04,"Mission Road Ground, Mong Kok",2,10.3,Papua New Guinea,Hong Kong,A Vala,L Siaka,Aizaz Khan,1,0,,,,,,,,,
1026847,2016/17,2016-11-04,"Mission Road Ground, Mong Kok",2,10.4,Papua New Guinea,Hong Kong,L Siaka,A Vala,Aizaz Khan,1,0,,,,,,,,,
1026847,2016/17,2016-11-04,"Mission Road Ground, Mong Kok",2,10.5,Papua New Guinea,Hong Kong,A Vala,L Siaka,Aizaz Khan,1,0,,,,,,,,,
1026847,2016/17,2016-11-04,"Mission Road Ground, Mong Kok",2,10.6,Papua New Guinea,Hong Kong,L Siaka,A Vala,Aizaz Khan,0,0,,,,,,,,,
1026847,2016/17,2016-11-04,"Mission Road Ground, Mong Kok",2,11.1,Papua New Guinea,Hong Kong,A Vala,L Siaka,Ehsan Khan,1,0,,,,,,,,,
1026847,2016/17,2016-11-04,"Mission Road Ground, Mong Kok",2,11.2,Papua New Guinea,Hong Kong,L Siaka,A Vala,Ehsan Khan,0,0,,,,,,,,,
1026847,2016/17,2016-11-04,"Mission Road Ground, Mong Kok",2,11.3,Papua New Guinea,Hong Kong,L Siaka,A Vala,Ehsan Khan,0,0,,,,,,,,,
1026847,2016/17,2016-11-04,"Mission Road Ground, Mong Kok",2,11.4,Papua New Guinea,Hong Kong,L Siaka,A Vala,Ehsan Khan,1,0,,,,,,,,,
1026847,2016/17,2016-11-04,"Mission Road Ground, Mong Kok",2,11.5,Papua New Guinea,Hong Kong,A Vala,L Siaka,Ehsan Khan,0,0,,,,,,,,,
1026847,2016/17,2016-11-04,"Mission Road Ground, Mong Kok",2,11.6,Papua New Guinea,Hong Kong,A Vala,L Siaka,Ehsan Khan,0,1,1,,,,,,,,
1026847,2016/17,2016-11-04,"Mission Road Ground, Mong Kok",2,11.7,Papua New Guinea,Hong Kong,A Vala,L Siaka,Ehsan Khan,1,0,,,,,,,,,
1026847,2016/17,2016-11-04,"Mission Road Ground, Mong Kok",2,12.1,Papua New Guinea,Hong Kong,A Vala,L Siaka,Tanveer Ahmed,1,0,,,,,,,,,
1026847,2016/17,2016-11-04,"Mission Road Ground, Mong Kok",2,12.2,Papua New Guinea,Hong Kong,L Siaka,A Vala,Tanveer Ahmed,0,0,,,,,,,,,
1026847,2016/17,2016-11-04,"Mission Road Ground, Mong Kok",2,12.3,Papua New Guinea,Hong Kong,L Siaka,A Vala,Tanveer Ahmed,0,0,,,,,,,,,
1026847,2016/17,2016-11-04,"Mission Road Ground, Mong Kok",2,12.4,Papua New Guinea,Hong Kong,L Siaka,A Vala,Tanveer Ahmed,1,0,,,,,,,,,
1026847,2016/17,2016-11-04,"Mission Road Ground, Mong Kok",2,12.5,Papua New Guinea,Hong Kong,A Vala,L Siaka,Tanveer Ahmed,0,1,,,,1,,,,,
1026847,2016/17,2016-11-04,"Mission Road Ground, Mong Kok",2,12.6,Papua New Guinea,Hong Kong,L Siaka,A Vala,Tanveer Ahmed,0,0,,,,,,,,,
1026847,2016/17,2016-11-04,"Mission Road Ground, Mong Kok",2,13.1,Papua New Guinea,Hong Kong,A Vala,L Siaka,Ehsan Khan,1,0,,,,,,,,,
1026847,2016/17,2016-11-04,"Mission Road Ground, Mong Kok",2,13.2,Papua New Guinea,Hong Kong,L Siaka,A Vala,Ehsan Khan,4,0,,,,,,,,,
1026847,2016/17,2016-11-04,"Mission Road Ground, Mong Kok",2,13.3,Papua New Guinea,Hong Kong,L Siaka,A Vala,Ehsan Khan,1,0,,,,,,,,,
1026847,2016/17,2016-11-04,"Mission Road Ground, Mong Kok",2,13.4,Papua New Guinea,Hong Kong,A Vala,L Siaka,Ehsan Khan,0,0,,,,,,,,,
1026847,2016/17,2016-11-04,"Mission Road Ground, Mong Kok",2,13.5,Papua New Guinea,Hong Kong,A Vala,L Siaka,Ehsan Khan,0,0,,,,,,,,,
1026847,2016/17,2016-11-04,"Mission Road Ground, Mong Kok",2,13.6,Papua New Guinea,Hong Kong,A Vala,L Siaka,Ehsan Khan,0,0,,,,,,,,,
1026847,2016/17,2016-11-04,"Mission Road Ground, Mong Kok",2,14.1,Papua New Guinea,Hong Kong,L Siaka,A Vala,Tanveer Ahmed,0,0,,,,,,,,,
1026847,2016/17,2016-11-04,"Mission Road Ground, Mong Kok",2,14.2,Papua New Guinea,Hong Kong,L Siaka,A Vala,Tanveer Ahmed,1,0,,,,,,,,,
1026847,2016/17,2016-11-04,"Mission Road Ground, Mong Kok",2,14.3,Papua New Guinea,Hong Kong,A Vala,L Siaka,Tanveer Ahmed,4,0,,,,,,,,,
1026847,2016/17,2016-11-04,"Mission Road Ground, Mong Kok",2,14.4,Papua New Guinea,Hong Kong,A Vala,L Siaka,Tanveer Ahmed,0,0,,,,,,,,,
1026847,2016/17,2016-11-04,"Mission Road Ground, Mong Kok",2,14.5,Papua New Guinea,Hong Kong,A Vala,L Siaka,Tanveer Ahmed,2,0,,,,,,,,,
1026847,2016/17,2016-11-04,"Mission Road Ground, Mong Kok",2,14.6,Papua New Guinea,Hong Kong,A Vala,L Siaka,Tanveer Ahmed,2,0,,,,,,,,,
1026847,2016/17,2016-11-04,"Mission Road Ground, Mong Kok",2,15.1,Papua New Guinea,Hong Kong,L Siaka,A Vala,Ehsan Khan,1,0,,,,,,,,,
1026847,2016/17,2016-11-04,"Mission Road Ground, Mong Kok",2,15.2,Papua New Guinea,Hong Kong,A Vala,L Siaka,Ehsan Khan,0,0,,,,,,,,,
1026847,2016/17,2016-11-04,"Mission Road Ground, Mong Kok",2,15.3,Papua New Guinea,Hong Kong,A Vala,L Siaka,Ehsan Khan,4,0,,,,,,,,,
1026847,2016/17,2016-11-04,"Mission Road Ground, Mong Kok",2,15.4,Papua New Guinea,Hong Kong,A Vala,L Siaka,Ehsan Khan,1,0,,,,,,,,,
1026847,2016/17,2016-11-04,"Mission Road Ground, Mong Kok",2,15.5,Papua New Guinea,Hong Kong,L Siaka,A Vala,Ehsan Khan,1,0,,,,,,,,,
1026847,2016/17,2016-11-04,"Mission Road Ground, Mong Kok",2,15.6,Papua New Guinea,Hong Kong,A Vala,L Siaka,Ehsan Khan,0,0,,,,,,,,,
1026847,2016/17,2016-11-04,"Mission Road Ground, Mong Kok",2,16.1,Papua New Guinea,Hong Kong,L Siaka,A Vala,Anshuman Rath,0,0,,,,,,,,,
1026847,2016/17,2016-11-04,"Mission Road Ground, Mong Kok",2,16.2,Papua New Guinea,Hong Kong,L Siaka,A Vala,Anshuman Rath,0,0,,,,,,,,,
1026847,2016/17,2016-11-04,"Mission Road Ground, Mong Kok",2,16.3,Papua New Guinea,Hong Kong,L Siaka,A Vala,Anshuman Rath,0,0,,,,,,,,,
1026847,2016/17,2016-11-04,"Mission Road Ground, Mong Kok",2,16.4,Papua New Guinea,Hong Kong,L Siaka,A Vala,Anshuman Rath,1,0,,,,,,,,,
1026847,2016/17,2016-11-04,"Mission Road Ground, Mong Kok",2,16.5,Papua New Guinea,Hong Kong,A Vala,L Siaka,Anshuman Rath,0,0,,,,,,,,,
1026847,2016/17,2016-11-04,"Mission Road Ground, Mong Kok",2,16.6,Papua New Guinea,Hong Kong,A Vala,L Siaka,Anshuman Rath,1,0,,,,,,,,,
1026847,2016/17,2016-11-04,"Mission Road Ground, Mong Kok",2,17.1,Papua New Guinea,Hong Kong,A Vala,L Siaka,Ehsan Khan,1,0,,,,,,,,,
1026847,2016/17,2016-11-04,"Mission Road Ground, Mong Kok",2,17.2,Papua New Guinea,Hong Kong,L Siaka,A Vala,Ehsan Khan,1,0,,,,,,,,,
1026847,2016/17,2016-11-04,"Mission Road Ground, Mong Kok",2,17.3,Papua New Guinea,Hong Kong,A Vala,L Siaka,Ehsan Khan,0,0,,,,,,caught,A Vala,,
1026847,2016/17,2016-11-04,"Mission Road Ground, Mong Kok",2,17.4,Papua New Guinea,Hong Kong,S Bau,L Siaka,Ehsan Khan,1,0,,,,,,,,,
1026847,2016/17,2016-11-04,"Mission Road Ground, Mong Kok",2,17.5,Papua New Guinea,Hong Kong,L Siaka,S Bau,Ehsan Khan,0,0,,,,,,,,,
1026847,2016/17,2016-11-04,"Mission Road Ground, Mong Kok",2,17.6,Papua New Guinea,Hong Kong,L Siaka,S Bau,Ehsan Khan,0,0,,,,,,,,,
1026847,2016/17,2016-11-04,"Mission Road Ground, Mong Kok",2,18.1,Papua New Guinea,Hong Kong,S Bau,L Siaka,Anshuman Rath,0,0,,,,,,,,,
1026847,2016/17,2016-11-04,"Mission Road Ground, Mong Kok",2,18.2,Papua New Guinea,Hong Kong,S Bau,L Siaka,Anshuman Rath,0,0,,,,,,,,,
1026847,2016/17,2016-11-04,"Mission Road Ground, Mong Kok",2,18.3,Papua New Guinea,Hong Kong,S Bau,L Siaka,Anshuman Rath,0,0,,,,,,,,,
1026847,2016/17,2016-11-04,"Mission Road Ground, Mong Kok",2,18.4,Papua New Guinea,Hong Kong,S Bau,L Siaka,Anshuman Rath,0,0,,,,,,,,,
1026847,2016/17,2016-11-04,"Mission Road Ground, Mong Kok",2,18.5,Papua New Guinea,Hong Kong,S Bau,L Siaka,Anshuman Rath,0,0,,,,,,,,,
1026847,2016/17,2016-11-04,"Mission Road Ground, Mong Kok",2,18.6,Papua New Guinea,Hong Kong,S Bau,L Siaka,Anshuman Rath,1,0,,,,,,,,,
1026847,2016/17,2016-11-04,"Mission Road Ground, Mong Kok",2,19.1,Papua New Guinea,Hong Kong,S Bau,L Siaka,Ehsan Khan,4,0,,,,,,,,,
1026847,2016/17,2016-11-04,"Mission Road Ground, Mong Kok",2,19.2,Papua New Guinea,Hong Kong,S Bau,L Siaka,Ehsan Khan,0,0,,,,,,,,,
1026847,2016/17,2016-11-04,"Mission Road Ground, Mong Kok",2,19.3,Papua New Guinea,Hong Kong,S Bau,L Siaka,Ehsan Khan,0,0,,,,,,,,,
1026847,2016/17,2016-11-04,"Mission Road Ground, Mong Kok",2,19.4,Papua New Guinea,Hong Kong,S Bau,L Siaka,Ehsan Khan,0,0,,,,,,,,,
1026847,2016/17,2016-11-04,"Mission Road Ground, Mong Kok",2,19.5,Papua New Guinea,Hong Kong,S Bau,L Siaka,Ehsan Khan,1,0,,,,,,,,,
1026847,2016/17,2016-11-04,"Mission Road Ground, Mong Kok",2,19.6,Papua New Guinea,Hong Kong,L Siaka,S Bau,Ehsan Khan,0,0,,,,,,,,,
1026847,2016/17,2016-11-04,"Mission Road Ground, Mong Kok",2,20.1,Papua New Guinea,Hong Kong,S Bau,L Siaka,Anshuman Rath,1,0,,,,,,,,,
1026847,2016/17,2016-11-04,"Mission Road Ground, Mong Kok",2,20.2,Papua New Guinea,Hong Kong,L Siaka,S Bau,Anshuman Rath,0,0,,,,,,caught,L Siaka,,
1026847,2016/17,2016-11-04,"Mission Road Ground, Mong Kok",2,20.3,Papua New Guinea,Hong Kong,S Bau,D Bau,Anshuman Rath,0,0,,,,,,,,,
1026847,2016/17,2016-11-04,"Mission Road Ground, Mong Kok",2,20.4,Papua New Guinea,Hong Kong,S Bau,D Bau,Anshuman Rath,0,0,,,,,,caught,S Bau,,
1026847,2016/17,2016-11-04,"Mission Road Ground, Mong Kok",2,20.5,Papua New Guinea,Hong Kong,MD Dai,D Bau,Anshuman Rath,0,0,,,,,,,,,
1026847,2016/17,2016-11-04,"Mission Road Ground, Mong Kok",2,20.6,Papua New Guinea,Hong Kong,MD Dai,D Bau,Anshuman Rath,0,0,,,,,,,,,
1026847,2016/17,2016-11-04,"Mission Road Ground, Mong Kok",2,21.1,Papua New Guinea,Hong Kong,D Bau,MD Dai,Ehsan Khan,0,0,,,,,,,,,
1026847,2016/17,2016-11-04,"Mission Road Ground, Mong Kok",2,21.2,Papua New Guinea,Hong Kong,D Bau,MD Dai,Ehsan Khan,0,0,,,,,,,,,
1026847,2016/17,2016-11-04,"Mission Road Ground, Mong Kok",2,21.3,Papua New Guinea,Hong Kong,D Bau,MD Dai,Ehsan Khan,4,0,,,,,,,,,
1026847,2016/17,2016-11-04,"Mission Road Ground, Mong Kok",2,21.4,Papua New Guinea,Hong Kong,D Bau,MD Dai,Ehsan Khan,0,0,,,,,,,,,
1026847,2016/17,2016-11-04,"Mission Road Ground, Mong Kok",2,21.5,Papua New Guinea,Hong Kong,D Bau,MD Dai,Ehsan Khan,0,0,,,,,,,,,
1026847,2016/17,2016-11-04,"Mission Road Ground, Mong Kok",2,21.6,Papua New Guinea,Hong Kong,D Bau,MD Dai,Ehsan Khan,0,0,,,,,,,,,
1026847,2016/17,2016-11-04,"Mission Road Ground, Mong Kok",2,22.1,Papua New Guinea,Hong Kong,MD Dai,D Bau,Anshuman Rath,1,0,,,,,,,,,
1026847,2016/17,2016-11-04,"Mission Road Ground, Mong Kok",2,22.2,Papua New Guinea,Hong Kong,D Bau,MD Dai,Anshuman Rath,0,0,,,,,,,,,
1026847,2016/17,2016-11-04,"Mission Road Ground, Mong Kok",2,22.3,Papua New Guinea,Hong Kong,D Bau,MD Dai,Anshuman Rath,1,0,,,,,,,,,
1026847,2016/17,2016-11-04,"Mission Road Ground, Mong Kok",2,22.4,Papua New Guinea,Hong Kong,MD Dai,D Bau,Anshuman Rath,0,0,,,,,,,,,
1026847,2016/17,2016-11-04,"Mission Road Ground, Mong Kok",2,22.5,Papua New Guinea,Hong Kong,MD Dai,D Bau,Anshuman Rath,0,0,,,,,,,,,
1026847,2016/17,2016-11-04,"Mission Road Ground, Mong Kok",2,22.6,Papua New Guinea,Hong Kong,MD Dai,D Bau,Anshuman Rath,0,0,,,,,,,,,
1026847,2016/17,2016-11-04,"Mission Road Ground, Mong Kok",2,23.1,Papua New Guinea,Hong Kong,D Bau,MD Dai,Nadeem Ahmed,1,0,,,,,,,,,
1026847,2016/17,2016-11-04,"Mission Road Ground, Mong Kok",2,23.2,Papua New Guinea,Hong Kong,MD Dai,D Bau,Nadeem Ahmed,1,0,,,,,,,,,
1026847,2016/17,2016-11-04,"Mission Road Ground, Mong Kok",2,23.3,Papua New Guinea,Hong Kong,D Bau,MD Dai,Nadeem Ahmed,0,0,,,,,,,,,
1026847,2016/17,2016-11-04,"Mission Road Ground, Mong Kok",2,23.4,Papua New Guinea,Hong Kong,D Bau,MD Dai,Nadeem Ahmed,0,1,,1,,,,,,,
1026847,2016/17,2016-11-04,"Mission Road Ground, Mong Kok",2,23.5,Papua New Guinea,Hong Kong,D Bau,MD Dai,Nadeem Ahmed,6,0,,,,,,,,,
1026847,2016/17,2016-11-04,"Mission Road Ground, Mong Kok",2,23.6,Papua New Guinea,Hong Kong,D Bau,MD Dai,Nadeem Ahmed,0,0,,,,,,,,,
1026847,2016/17,2016-11-04,"Mission Road Ground, Mong Kok",2,23.7,Papua New Guinea,Hong Kong,D Bau,MD Dai,Nadeem Ahmed,0,0,,,,,,,,,
1026847,2016/17,2016-11-04,"Mission Road Ground, Mong Kok",2,24.1,Papua New Guinea,Hong Kong,MD Dai,D Bau,Anshuman Rath,0,0,,,,,,stumped,MD Dai,,
1026847,2016/17,2016-11-04,"Mission Road Ground, Mong Kok",2,24.2,Papua New Guinea,Hong Kong,H Hiri,D Bau,Anshuman Rath,0,0,,,,,,,,,
1026847,2016/17,2016-11-04,"Mission Road Ground, Mong Kok",2,24.3,Papua New Guinea,Hong Kong,H Hiri,D Bau,Anshuman Rath,0,0,,,,,,,,,
1026847,2016/17,2016-11-04,"Mission Road Ground, Mong Kok",2,24.4,Papua New Guinea,Hong Kong,H Hiri,D Bau,Anshuman Rath,0,0,,,,,,,,,
1026847,2016/17,2016-11-04,"Mission Road Ground, Mong Kok",2,24.5,Papua New Guinea,Hong Kong,H Hiri,D Bau,Anshuman Rath,0,0,,,,,,,,,
1026847,2016/17,2016-11-04,"Mission Road Ground, Mong Kok",2,24.6,Papua New Guinea,Hong Kong,H Hiri,D Bau,Anshuman Rath,0,0,,,,,,,,,
1026847,2016/17,2016-11-04,"Mission Road Ground, Mong Kok",2,25.1,Papua New Guinea,Hong Kong,D Bau,H Hiri,Nadeem Ahmed,0,0,,,,,,,,,
1026847,2016/17,2016-11-04,"Mission Road Ground, Mong Kok",2,25.2,Papua New Guinea,Hong Kong,D Bau,H Hiri,Nadeem Ahmed,0,0,,,,,,,,,
1026847,2016/17,2016-11-04,"Mission Road Ground, Mong Kok",2,25.3,Papua New Guinea,Hong Kong,D Bau,H Hiri,Nadeem Ahmed,0,0,,,,,,,,,
1026847,2016/17,2016-11-04,"Mission Road Ground, Mong Kok",2,25.4,Papua New Guinea,Hong Kong,D Bau,H Hiri,Nadeem Ahmed,0,0,,,,,,,,,
1026847,2016/17,2016-11-04,"Mission Road Ground, Mong Kok",2,25.5,Papua New Guinea,Hong Kong,D Bau,H Hiri,Nadeem Ahmed,2,0,,,,,,,,,
1026847,2016/17,2016-11-04,"Mission Road Ground, Mong Kok",2,25.6,Papua New Guinea,Hong Kong,D Bau,H Hiri,Nadeem Ahmed,0,0,,,,,,,,,
1026847,2016/17,2016-11-04,"Mission Road Ground, Mong Kok",2,26.1,Papua New Guinea,Hong Kong,H Hiri,D Bau,Anshuman Rath,0,0,,,,,,,,,
1026847,2016/17,2016-11-04,"Mission Road Ground, Mong Kok",2,26.2,Papua New Guinea,Hong Kong,H Hiri,D Bau,Anshuman Rath,0,0,,,,,,,,,
1026847,2016/17,2016-11-04,"Mission Road Ground, Mong Kok",2,26.3,Papua New Guinea,Hong Kong,H Hiri,D Bau,Anshuman Rath,0,0,,,,,,,,,
1026847,2016/17,2016-11-04,"Mission Road Ground, Mong Kok",2,26.4,Papua New Guinea,Hong Kong,H Hiri,D Bau,Anshuman Rath,0,0,,,,,,,,,
1026847,2016/17,2016-11-04,"Mission Road Ground, Mong Kok",2,26.5,Papua New Guinea,Hong Kong,H Hiri,D Bau,Anshuman Rath,0,0,,,,,,,,,
1026847,2016/17,2016-11-04,"Mission Road Ground, Mong Kok",2,26.6,Papua New Guinea,Hong Kong,H Hiri,D Bau,Anshuman Rath,0,0,,,,,,,,,
1026847,2016/17,2016-11-04,"Mission Road Ground, Mong Kok",2,27.1,Papua New Guinea,Hong Kong,D Bau,H Hiri,Nadeem Ahmed,0,0,,,,,,,,,
1026847,2016/17,2016-11-04,"Mission Road Ground, Mong Kok",2,27.2,Papua New Guinea,Hong Kong,D Bau,H Hiri,Nadeem Ahmed,0,0,,,,,,,,,
1026847,2016/17,2016-11-04,"Mission Road Ground, Mong Kok",2,27.3,Papua New Guinea,Hong Kong,D Bau,H Hiri,Nadeem Ahmed,1,0,,,,,,,,,
1026847,2016/17,2016-11-04,"Mission Road Ground, Mong Kok",2,27.4,Papua New Guinea,Hong Kong,H Hiri,D Bau,Nadeem Ahmed,0,0,,,,,,,,,
1026847,2016/17,2016-11-04,"Mission Road Ground, Mong Kok",2,27.5,Papua New Guinea,Hong Kong,H Hiri,D Bau,Nadeem Ahmed,0,0,,,,,,,,,
1026847,2016/17,2016-11-04,"Mission Road Ground, Mong Kok",2,27.6,Papua New Guinea,Hong Kong,H Hiri,D Bau,Nadeem Ahmed,1,0,,,,,,,,,
1026847,2016/17,2016-11-04,"Mission Road Ground, Mong Kok",2,28.1,Papua New Guinea,Hong Kong,H Hiri,D Bau,Anshuman Rath,0,0,,,,,,,,,
1026847,2016/17,2016-11-04,"Mission Road Ground, Mong Kok",2,28.2,Papua New Guinea,Hong Kong,H Hiri,D Bau,Anshuman Rath,0,0,,,,,,,,,
1026847,2016/17,2016-11-04,"Mission Road Ground, Mong Kok",2,28.3,Papua New Guinea,Hong Kong,H Hiri,D Bau,Anshuman Rath,0,0,,,,,,,,,
1026847,2016/17,2016-11-04,"Mission Road Ground, Mong Kok",2,28.4,Papua New Guinea,Hong Kong,H Hiri,D Bau,Anshuman Rath,4,0,,,,,,,,,
1026847,2016/17,2016-11-04,"Mission Road Ground, Mong Kok",2,28.5,Papua New Guinea,Hong Kong,H Hiri,D Bau,Anshuman Rath,1,0,,,,,,,,,
1026847,2016/17,2016-11-04,"Mission Road Ground, Mong Kok",2,28.6,Papua New Guinea,Hong Kong,D Bau,H Hiri,Anshuman Rath,0,0,,,,,,,,,
1026847,2016/17,2016-11-04,"Mission Road Ground, Mong Kok",2,29.1,Papua New Guinea,Hong Kong,H Hiri,D Bau,Ehsan Khan,1,0,,,,,,,,,
1026847,2016/17,2016-11-04,"Mission Road Ground, Mong Kok",2,29.2,Papua New Guinea,Hong Kong,D Bau,H Hiri,Ehsan Khan,4,0,,,,,,,,,
1026847,2016/17,2016-11-04,"Mission Road Ground, Mong Kok",2,29.3,Papua New Guinea,Hong Kong,D Bau,H Hiri,Ehsan Khan,0,0,,,,,,,,,
1026847,2016/17,2016-11-04,"Mission Road Ground, Mong Kok",2,29.4,Papua New Guinea,Hong Kong,D Bau,H Hiri,Ehsan Khan,1,0,,,,,,,,,
1026847,2016/17,2016-11-04,"Mission Road Ground, Mong Kok",2,29.5,Papua New Guinea,Hong Kong,H Hiri,D Bau,Ehsan Khan,0,0,,,,,,,,,
1026847,2016/17,2016-11-04,"Mission Road Ground, Mong Kok",2,29.6,Papua New Guinea,Hong Kong,H Hiri,D Bau,Ehsan Khan,0,0,,,,,,,,,
1026847,2016/17,2016-11-04,"Mission Road Ground, Mong Kok",2,30.1,Papua New Guinea,Hong Kong,D Bau,H Hiri,Anshuman Rath,0,0,,,,,,,,,
1026847,2016/17,2016-11-04,"Mission Road Ground, Mong Kok",2,30.2,Papua New Guinea,Hong Kong,D Bau,H Hiri,Anshuman Rath,0,0,,,,,,,,,
1026847,2016/17,2016-11-04,"Mission Road Ground, Mong Kok",2,30.3,Papua New Guinea,Hong Kong,D Bau,H Hiri,Anshuman Rath,0,0,,,,,,,,,
1026847,2016/17,2016-11-04,"Mission Road Ground, Mong Kok",2,30.4,Papua New Guinea,Hong Kong,D Bau,H Hiri,Anshuman Rath,0,0,,,,,,,,,
1026847,2016/17,2016-11-04,"Mission Road Ground, Mong Kok",2,30.5,Papua New Guinea,Hong Kong,D Bau,H Hiri,Anshuman Rath,0,0,,,,,,,,,
1026847,2016/17,2016-11-04,"Mission Road Ground, Mong Kok",2,30.6,Papua New Guinea,Hong Kong,D Bau,H Hiri,Anshuman Rath,2,0,,,,,,,,,
1026847,2016/17,2016-11-04,"Mission Road Ground, Mong Kok",2,31.1,Papua New Guinea,Hong Kong,H Hiri,D Bau,Ehsan Khan,0,0,,,,,,,,,
1026847,2016/17,2016-11-04,"Mission Road Ground, Mong Kok",2,31.2,Papua New Guinea,Hong Kong,H Hiri,D Bau,Ehsan Khan,0,0,,,,,,,,,
1026847,2016/17,2016-11-04,"Mission Road Ground, Mong Kok",2,31.3,Papua New Guinea,Hong Kong,H Hiri,D Bau,Ehsan Khan,0,0,,,,,,,,,
1026847,2016/17,2016-11-04,"Mission Road Ground, Mong Kok",2,31.4,Papua New Guinea,Hong Kong,H Hiri,D Bau,Ehsan Khan,0,0,,,,,,,,,
1026847,2016/17,2016-11-04,"Mission Road Ground, Mong Kok",2,31.5,Papua New Guinea,Hong Kong,H Hiri,D Bau,Ehsan Khan,0,0,,,,,,,,,
1026847,2016/17,2016-11-04,"Mission Road Ground, Mong Kok",2,31.6,Papua New Guinea,Hong Kong,H Hiri,D Bau,Ehsan Khan,1,0,,,,,,,,,
1026847,2016/17,2016-11-04,"Mission Road Ground, Mong Kok",2,32.1,Papua New Guinea,Hong Kong,H Hiri,D Bau,Anshuman Rath,0,0,,,,,,,,,
1026847,2016/17,2016-11-04,"Mission Road Ground, Mong Kok",2,32.2,Papua New Guinea,Hong Kong,H Hiri,D Bau,Anshuman Rath,1,0,,,,,,,,,
1026847,2016/17,2016-11-04,"Mission Road Ground, Mong Kok",2,32.3,Papua New Guinea,Hong Kong,D Bau,H Hiri,Anshuman Rath,0,0,,,,,,,,,
1026847,2016/17,2016-11-04,"Mission Road Ground, Mong Kok",2,32.4,Papua New Guinea,Hong Kong,D Bau,H Hiri,Anshuman Rath,4,0,,,,,,,,,
1026847,2016/17,2016-11-04,"Mission Road Ground, Mong Kok",2,32.5,Papua New Guinea,Hong Kong,D Bau,H Hiri,Anshuman Rath,1,0,,,,,,,,,
1026847,2016/17,2016-11-04,"Mission Road Ground, Mong Kok",2,32.6,Papua New Guinea,Hong Kong,H Hiri,D Bau,Anshuman Rath,0,0,,,,,,,,,
1026847,2016/17,2016-11-04,"Mission Road Ground, Mong Kok",2,33.1,Papua New Guinea,Hong Kong,D Bau,H Hiri,Nadeem Ahmed,0,0,,,,,,,,,
1026847,2016/17,2016-11-04,"Mission Road Ground, Mong Kok",2,33.2,Papua New Guinea,Hong Kong,D Bau,H Hiri,Nadeem Ahmed,1,0,,,,,,,,,
1026847,2016/17,2016-11-04,"Mission Road Ground, Mong Kok",2,33.3,Papua New Guinea,Hong Kong,H Hiri,D Bau,Nadeem Ahmed,1,0,,,,,,,,,
1026847,2016/17,2016-11-04,"Mission Road Ground, Mong Kok",2,33.4,Papua New Guinea,Hong Kong,D Bau,H Hiri,Nadeem Ahmed,2,0,,,,,,,,,
1026847,2016/17,2016-11-04,"Mission Road Ground, Mong Kok",2,33.5,Papua New Guinea,Hong Kong,D Bau,H Hiri,Nadeem Ahmed,1,0,,,,,,,,,
1026847,2016/17,2016-11-04,"Mission Road Ground, Mong Kok",2,33.6,Papua New Guinea,Hong Kong,H Hiri,D Bau,Nadeem Ahmed,0,0,,,,,,,,,
1026847,2016/17,2016-11-04,"Mission Road Ground, Mong Kok",2,34.1,Papua New Guinea,Hong Kong,D Bau,H Hiri,Anshuman Rath,1,0,,,,,,,,,
1026847,2016/17,2016-11-04,"Mission Road Ground, Mong Kok",2,34.2,Papua New Guinea,Hong Kong,H Hiri,D Bau,Anshuman Rath,0,0,,,,,,,,,
1026847,2016/17,2016-11-04,"Mission Road Ground, Mong Kok",2,34.3,Papua New Guinea,Hong Kong,H Hiri,D Bau,Anshuman Rath,1,0,,,,,,,,,
1026847,2016/17,2016-11-04,"Mission Road Ground, Mong Kok",2,34.4,Papua New Guinea,Hong Kong,D Bau,H Hiri,Anshuman Rath,0,0,,,,,,,,,
1026847,2016/17,2016-11-04,"Mission Road Ground, Mong Kok",2,34.5,Papua New Guinea,Hong Kong,D Bau,H Hiri,Anshuman Rath,1,0,,,,,,,,,
1026847,2016/17,2016-11-04,"Mission Road Ground, Mong Kok",2,34.6,Papua New Guinea,Hong Kong,H Hiri,D Bau,Anshuman Rath,0,0,,,,,,,,,
1026847,2016/17,2016-11-04,"Mission Road Ground, Mong Kok",2,35.1,Papua New Guinea,Hong Kong,D Bau,H Hiri,Nadeem Ahmed,0,0,,,,,,,,,
1026847,2016/17,2016-11-04,"Mission Road Ground, Mong Kok",2,35.2,Papua New Guinea,Hong Kong,D Bau,H Hiri,Nadeem Ahmed,1,0,,,,,,,,,
1026847,2016/17,2016-11-04,"Mission Road Ground, Mong Kok",2,35.3,Papua New Guinea,Hong Kong,H Hiri,D Bau,Nadeem Ahmed,0,0,,,,,,,,,
1026847,2016/17,2016-11-04,"Mission Road Ground, Mong Kok",2,35.4,Papua New Guinea,Hong Kong,H Hiri,D Bau,Nadeem Ahmed,0,0,,,,,,run out,D Bau,,
1026847,2016/17,2016-11-04,"Mission Road Ground, Mong Kok",2,35.5,Papua New Guinea,Hong Kong,N Vanua,H Hiri,Nadeem Ahmed,0,0,,,,,,caught,N Vanua,,
1026847,2016/17,2016-11-04,"Mission Road Ground, Mong Kok",2,35.6,Papua New Guinea,Hong Kong,H Hiri,CA Soper,Nadeem Ahmed,0,0,,,,,,bowled,H Hiri,,
1026847,2016/17,2016-11-04,"Mission Road Ground, Mong Kok",2,36.1,Papua New Guinea,Hong Kong,CA Soper,WT Gavera,Ehsan Khan,0,0,,,,,,,,,
1026847,2016/17,2016-11-04,"Mission Road Ground, Mong Kok",2,36.2,Papua New Guinea,Hong Kong,CA Soper,WT Gavera,Ehsan Khan,0,0,,,,,,,,,
1026847,2016/17,2016-11-04,"Mission Road Ground, Mong Kok",2,36.3,Papua New Guinea,Hong Kong,CA Soper,WT Gavera,Ehsan Khan,0,0,,,,,,,,,
1026847,2016/17,2016-11-04,"Mission Road Ground, Mong Kok",2,36.4,Papua New Guinea,Hong Kong,CA Soper,WT Gavera,Ehsan Khan,0,0,,,,,,,,,
1026847,2016/17,2016-11-04,"Mission Road Ground, Mong Kok",2,36.5,Papua New Guinea,Hong Kong,CA Soper,WT Gavera,Ehsan Khan,0,0,,,,,,,,,
1026847,2016/17,2016-11-04,"Mission Road Ground, Mong Kok",2,36.6,Papua New Guinea,Hong Kong,CA Soper,WT Gavera,Ehsan Khan,1,0,,,,,,,,,
1026847,2016/17,2016-11-04,"Mission Road Ground, Mong Kok",2,37.1,Papua New Guinea,Hong Kong,CA Soper,WT Gavera,Nadeem Ahmed,1,0,,,,,,,,,
1026847,2016/17,2016-11-04,"Mission Road Ground, Mong Kok",2,37.2,Papua New Guinea,Hong Kong,WT Gavera,CA Soper,Nadeem Ahmed,0,0,,,,,,,,,
1026847,2016/17,2016-11-04,"Mission Road Ground, Mong Kok",2,37.3,Papua New Guinea,Hong Kong,WT Gavera,CA Soper,Nadeem Ahmed,0,0,,,,,,,,,
1026847,2016/17,2016-11-04,"Mission Road Ground, Mong Kok",2,37.4,Papua New Guinea,Hong Kong,WT Gavera,CA Soper,Nadeem Ahmed,0,0,,,,,,,,,
1026847,2016/17,2016-11-04,"Mission Road Ground, Mong Kok",2,37.5,Papua New Guinea,Hong Kong,WT Gavera,CA Soper,Nadeem Ahmed,4,1,,1,,,,,,,
1026847,2016/17,2016-11-04,"Mission Road Ground, Mong Kok",2,37.6,Papua New Guinea,Hong Kong,WT Gavera,CA Soper,Nadeem Ahmed,0,0,,,,,,,,,
1026847,2016/17,2016-11-04,"Mission Road Ground, Mong Kok",2,37.7,Papua New Guinea,Hong Kong,WT Gavera,CA Soper,Nadeem Ahmed,0,0,,,,,,,,,
1026847,2016/17,2016-11-04,"Mission Road Ground, Mong Kok",2,38.1,Papua New Guinea,Hong Kong,CA Soper,WT Gavera,Ehsan Khan,0,0,,,,,,,,,
1026847,2016/17,2016-11-04,"Mission Road Ground, Mong Kok",2,38.2,Papua New Guinea,Hong Kong,CA Soper,WT Gavera,Ehsan Khan,0,0,,,,,,bowled,CA Soper,,
