match_id,season,start_date,venue,innings,ball,batting_team,bowling_team,striker,non_striker,bowler,runs_off_bat,extras,wides,noballs,byes,legbyes,penalty,wicket_type,player_dismissed,other_wicket_type,other_player_dismissed
1031435,2017,2017-06-25,Sophia Gardens,1,0.1,England,South Africa,JJ Roy,AD Hales,CH Morris,0,0,,,,,,,,,
1031435,2017,2017-06-25,Sophia Gardens,1,0.2,England,South Africa,JJ Roy,AD Hales,CH Morris,0,0,,,,,,,,,
1031435,2017,2017-06-25,Sophia Gardens,1,0.3,England,South Africa,JJ Roy,AD Hales,CH Morris,2,0,,,,,,,,,
1031435,2017,2017-06-25,Sophia Gardens,1,0.4,England,South Africa,JJ Roy,AD Hales,CH Morris,0,0,,,,,,,,,
1031435,2017,2017-06-25,Sophia Gardens,1,0.5,England,South Africa,JJ Roy,AD Hales,CH Morris,0,0,,,,,,,,,
1031435,2017,2017-06-25,Sophia Gardens,1,0.6,England,South Africa,JJ Roy,AD Hales,CH Morris,2,0,,,,,,,,,
1031435,2017,2017-06-25,Sophia Gardens,1,1.1,England,South Africa,AD Hales,JJ Roy,M Morkel,0,0,,,,,,,,,
1031435,2017,2017-06-25,Sophia Gardens,1,1.2,England,South Africa,AD Hales,JJ Roy,M Morkel,0,0,,,,,,,,,
1031435,2017,2017-06-25,Sophia Gardens,1,1.3,England,South Africa,AD Hales,JJ Roy,M Morkel,4,0,,,,,,,,,
1031435,2017,2017-06-25,Sophia Gardens,1,1.4,England,South Africa,AD Hales,JJ Roy,M Morkel,0,1,,,,1,,,,,
1031435,2017,2017-06-25,Sophia Gardens,1,1.5,England,South Africa,JJ Roy,AD Hales,M Morkel,4,0,,,,,,,,,
1031435,2017,2017-06-25,Sophia Gardens,1,1.6,England,South Africa,JJ Roy,AD Hales,M Morkel,0,0,,,,,,caught,JJ Roy,,
1031435,2017,2017-06-25,Sophia Gardens,1,2.1,England,South Africa,AD Hales,DJ Malan,CH Morris,1,0,,,,,,,,,
1031435,2017,2017-06-25,Sophia Gardens,1,2.2,England,South Africa,DJ Malan,AD Hales,CH Morris,0,0,,,,,,,,,
1031435,2017,2017-06-25,Sophia Gardens,1,2.3,England,South Africa,DJ Malan,AD Hales,CH Morris,6,0,,,,,,,,,
1031435,2017,2017-06-25,Sophia Gardens,1,2.4,England,South Africa,DJ Malan,AD Hales,CH Morris,1,0,,,,,,,,,
1031435,2017,2017-06-25,Sophia Gardens,1,2.5,England,South Africa,AD Hales,DJ Malan,CH Morris,0,0,,,,,,,,,
1031435,2017,2017-06-25,Sophia Gardens,1,2.6,England,South Africa,AD Hales,DJ Malan,CH Morris,0,0,,,,,,,,,
1031435,2017,2017-06-25,Sophia Gardens,1,3.1,England,South Africa,DJ Malan,AD Hales,M Morkel,2,0,,,,,,,,,
1031435,2017,2017-06-25,Sophia Gardens,1,3.2,England,South Africa,DJ Malan,AD Hales,M Morkel,0,0,,,,,,,,,
1031435,2017,2017-06-25,Sophia Gardens,1,3.3,England,South Africa,DJ Malan,AD Hales,M Morkel,2,0,,,,,,,,,
1031435,2017,2017-06-25,Sophia Gardens,1,3.4,England,South Africa,DJ Malan,AD Hales,M Morkel,0,0,,,,,,,,,
1031435,2017,2017-06-25,Sophia Gardens,1,3.5,England,South Africa,DJ Malan,AD Hales,M Morkel,0,0,,,,,,,,,
1031435,2017,2017-06-25,Sophia Gardens,1,3.6,England,South Africa,DJ Malan,AD Hales,M Morkel,1,0,,,,,,,,,
1031435,2017,2017-06-25,Sophia Gardens,1,4.1,England,South Africa,DJ Malan,AD Hales,AL Phehlukwayo,4,0,,,,,,,,,
1031435,2017,2017-06-25,Sophia Gardens,1,4.2,England,South Africa,DJ Malan,AD Hales,AL Phehlukwayo,1,0,,,,,,,,,
1031435,2017,2017-06-25,Sophia Gardens,1,4.3,England,South Africa,AD Hales,DJ Malan,AL Phehlukwayo,1,0,,,,,,,,,
1031435,2017,2017-06-25,Sophia Gardens,1,4.4,England,South Africa,DJ Malan,AD Hales,AL Phehlukwayo,4,0,,,,,,,,,
1031435,2017,2017-06-25,Sophia Gardens,1,4.5,England,South Africa,DJ Malan,AD Hales,AL Phehlukwayo,1,0,,,,,,,,,
1031435,2017,2017-06-25,Sophia Gardens,1,4.6,England,South Africa,AD Hales,DJ Malan,AL Phehlukwayo,0,1,1,,,,,,,,
1031435,2017,2017-06-25,Sophia Gardens,1,4.7,England,South Africa,AD Hales,DJ Malan,AL Phehlukwayo,1,0,,,,,,,,,
1031435,2017,2017-06-25,Sophia Gardens,1,5.1,England,South Africa,AD Hales,DJ Malan,D Paterson,1,0,,,,,,,,,
1031435,2017,2017-06-25,Sophia Gardens,1,5.2,England,South Africa,DJ Malan,AD Hales,D Paterson,1,0,,,,,,,,,
1031435,2017,2017-06-25,Sophia Gardens,1,5.3,England,South Africa,AD Hales,DJ Malan,D Paterson,0,0,,,,,,,,,
1031435,2017,2017-06-25,Sophia Gardens,1,5.4,England,South Africa,AD Hales,DJ Malan,D Paterson,0,0,,,,,,,,,
1031435,2017,2017-06-25,Sophia Gardens,1,5.5,England,South Africa,AD Hales,DJ Malan,D Paterson,1,0,,,,,,,,,
1031435,2017,2017-06-25,Sophia Gardens,1,5.6,England,South Africa,DJ Malan,AD Hales,D Paterson,4,0,,,,,,,,,
1031435,2017,2017-06-25,Sophia Gardens,1,6.1,England,South Africa,AD Hales,DJ Malan,CH Morris,1,0,,,,,,,,,
1031435,2017,2017-06-25,Sophia Gardens,1,6.2,England,South Africa,DJ Malan,AD Hales,CH Morris,0,0,,,,,,,,,
1031435,2017,2017-06-25,Sophia Gardens,1,6.3,England,South Africa,DJ Malan,AD Hales,CH Morris,0,0,,,,,,,,,
1031435,2017,2017-06-25,Sophia Gardens,1,6.4,England,South Africa,DJ Malan,AD Hales,CH Morris,0,1,1,,,,,,,,
1031435,2017,2017-06-25,Sophia Gardens,1,6.5,England,South Africa,DJ Malan,AD Hales,CH Morris,1,0,,,,,,,,,
1031435,2017,2017-06-25,Sophia Gardens,1,6.6,England,South Africa,AD Hales,DJ Malan,CH Morris,1,0,,,,,,,,,
1031435,2017,2017-06-25,Sophia Gardens,1,6.7,England,South Africa,DJ Malan,AD Hales,CH Morris,4,0,,,,,,,,,
1031435,2017,2017-06-25,Sophia Gardens,1,7.1,England,South Africa,AD Hales,DJ Malan,Imran Tahir,1,0,,,,,,,,,
1031435,2017,2017-06-25,Sophia Gardens,1,7.2,England,South Africa,DJ Malan,AD Hales,Imran Tahir,4,0,,,,,,,,,
1031435,2017,2017-06-25,Sophia Gardens,1,7.3,England,South Africa,DJ Malan,AD Hales,Imran Tahir,0,0,,,,,,,,,
1031435,2017,2017-06-25,Sophia Gardens,1,7.4,England,South Africa,DJ Malan,AD Hales,Imran Tahir,4,0,,,,,,,,,
1031435,2017,2017-06-25,Sophia Gardens,1,7.5,England,South Africa,DJ Malan,AD Hales,Imran Tahir,1,0,,,,,,,,,
1031435,2017,2017-06-25,Sophia Gardens,1,7.6,England,South Africa,AD Hales,DJ Malan,Imran Tahir,1,0,,,,,,,,,
1031435,2017,2017-06-25,Sophia Gardens,1,8.1,England,South Africa,AD Hales,DJ Malan,M Morkel,1,0,,,,,,,,,
1031435,2017,2017-06-25,Sophia Gardens,1,8.2,England,South Africa,DJ Malan,AD Hales,M Morkel,0,0,,,,,,,,,
1031435,2017,2017-06-25,Sophia Gardens,1,8.3,England,South Africa,DJ Malan,AD Hales,M Morkel,0,0,,,,,,,,,
1031435,2017,2017-06-25,Sophia Gardens,1,8.4,England,South Africa,DJ Malan,AD Hales,M Morkel,6,0,,,,,,,,,
1031435,2017,2017-06-25,Sophia Gardens,1,8.5,England,South Africa,DJ Malan,AD Hales,M Morkel,0,1,1,,,,,,,,
1031435,2017,2017-06-25,Sophia Gardens,1,8.6,England,South Africa,DJ Malan,AD Hales,M Morkel,0,0,,,,,,,,,
1031435,2017,2017-06-25,Sophia Gardens,1,8.7,England,South Africa,DJ Malan,AD Hales,M Morkel,0,0,,,,,,,,,
1031435,2017,2017-06-25,Sophia Gardens,1,9.1,England,South Africa,AD Hales,DJ Malan,Imran Tahir,6,0,,,,,,,,,
1031435,2017,2017-06-25,Sophia Gardens,1,9.2,England,South Africa,AD Hales,DJ Malan,Imran Tahir,1,0,,,,,,,,,
1031435,2017,2017-06-25,Sophia Gardens,1,9.3,England,South Africa,DJ Malan,AD Hales,Imran Tahir,0,0,,,,,,,,,
1031435,2017,2017-06-25,Sophia Gardens,1,9.4,England,South Africa,DJ Malan,AD Hales,Imran Tahir,0,0,,,,,,,,,
1031435,2017,2017-06-25,Sophia Gardens,1,9.5,England,South Africa,DJ Malan,AD Hales,Imran Tahir,4,0,,,,,,,,,
1031435,2017,2017-06-25,Sophia Gardens,1,9.6,England,South Africa,DJ Malan,AD Hales,Imran Tahir,4,0,,,,,,,,,
1031435,2017,2017-06-25,Sophia Gardens,1,10.1,England,South Africa,AD Hales,DJ Malan,M Morkel,1,0,,,,,,,,,
1031435,2017,2017-06-25,Sophia Gardens,1,10.2,England,South Africa,DJ Malan,AD Hales,M Morkel,1,0,,,,,,,,,
1031435,2017,2017-06-25,Sophia Gardens,1,10.3,England,South Africa,AD Hales,DJ Malan,M Morkel,4,0,,,,,,,,,
1031435,2017,2017-06-25,Sophia Gardens,1,10.4,England,South Africa,AD Hales,DJ Malan,M Morkel,1,0,,,,,,,,,
1031435,2017,2017-06-25,Sophia Gardens,1,10.5,England,South Africa,DJ Malan,AD Hales,M Morkel,0,0,,,,,,,,,
1031435,2017,2017-06-25,Sophia Gardens,1,10.6,England,South Africa,DJ Malan,AD Hales,M Morkel,4,0,,,,,,,,,
1031435,2017,2017-06-25,Sophia Gardens,1,11.1,England,South Africa,AD Hales,DJ Malan,D Paterson,1,0,,,,,,,,,
1031435,2017,2017-06-25,Sophia Gardens,1,11.2,England,South Africa,DJ Malan,AD Hales,D Paterson,1,0,,,,,,,,,
1031435,2017,2017-06-25,Sophia Gardens,1,11.3,England,South Africa,AD Hales,DJ Malan,D Paterson,6,0,,,,,,,,,
1031435,2017,2017-06-25,Sophia Gardens,1,11.4,England,South Africa,AD Hales,DJ Malan,D Paterson,1,0,,,,,,,,,
1031435,2017,2017-06-25,Sophia Gardens,1,11.5,England,South Africa,DJ Malan,AD Hales,D Paterson,4,0,,,,,,,,,
1031435,2017,2017-06-25,Sophia Gardens,1,11.6,England,South Africa,DJ Malan,AD Hales,D Paterson,4,0,,,,,,,,,
1031435,2017,2017-06-25,Sophia Gardens,1,12.1,England,South Africa,AD Hales,DJ Malan,AL Phehlukwayo,1,0,,,,,,,,,
1031435,2017,2017-06-25,Sophia Gardens,1,12.2,England,South Africa,DJ Malan,AD Hales,AL Phehlukwayo,1,0,,,,,,,,,
1031435,2017,2017-06-25,Sophia Gardens,1,12.3,England,South Africa,AD Hales,DJ Malan,AL Phehlukwayo,0,0,,,,,,caught,AD Hales,,
1031435,2017,2017-06-25,Sophia Gardens,1,12.4,England,South Africa,DJ Malan,JC Buttler,AL Phehlukwayo,3,0,,,,,,,,,
1031435,2017,2017-06-25,Sophia Gardens,1,12.5,England,South Africa,JC Buttler,DJ Malan,AL Phehlukwayo,1,0,,,,,,,,,
1031435,2017,2017-06-25,Sophia Gardens,1,12.6,England,South Africa,DJ Malan,JC Buttler,AL Phehlukwayo,1,0,,,,,,,,,
1031435,2017,2017-06-25,Sophia Gardens,1,13.1,England,South Africa,DJ Malan,JC Buttler,Imran Tahir,4,0,,,,,,,,,
1031435,2017,2017-06-25,Sophia Gardens,1,13.2,England,South Africa,DJ Malan,JC Buttler,Imran Tahir,0,0,,,,,,,,,
1031435,2017,2017-06-25,Sophia Gardens,1,13.3,England,South Africa,DJ Malan,JC Buttler,Imran Tahir,0,0,,,,,,caught,DJ Malan,,
1031435,2017,2017-06-25,Sophia Gardens,1,13.4,England,South Africa,JC Buttler,SW Billings,Imran Tahir,0,4,,,4,,,,,,
1031435,2017,2017-06-25,Sophia Gardens,1,13.5,England,South Africa,JC Buttler,SW Billings,Imran Tahir,0,1,,,1,,,,,,
1031435,2017,2017-06-25,Sophia Gardens,1,13.6,England,South Africa,SW Billings,JC Buttler,Imran Tahir,2,0,,,,,,,,,
1031435,2017,2017-06-25,Sophia Gardens,1,14.1,England,South Africa,JC Buttler,SW Billings,CH Morris,1,0,,,,,,,,,
1031435,2017,2017-06-25,Sophia Gardens,1,14.2,England,South Africa,SW Billings,JC Buttler,CH Morris,1,0,,,,,,,,,
1031435,2017,2017-06-25,Sophia Gardens,1,14.3,England,South Africa,JC Buttler,SW Billings,CH Morris,0,1,,,,1,,,,,
1031435,2017,2017-06-25,Sophia Gardens,1,14.4,England,South Africa,SW Billings,JC Buttler,CH Morris,1,0,,,,,,,,,
1031435,2017,2017-06-25,Sophia Gardens,1,14.5,England,South Africa,JC Buttler,SW Billings,CH Morris,0,0,,,,,,,,,
1031435,2017,2017-06-25,Sophia Gardens,1,14.6,England,South Africa,JC Buttler,SW Billings,CH Morris,1,0,,,,,,,,,
1031435,2017,2017-06-25,Sophia Gardens,1,15.1,England,South Africa,JC Buttler,SW Billings,Imran Tahir,0,4,,,,4,,,,,
1031435,2017,2017-06-25,Sophia Gardens,1,15.2,England,South Africa,JC Buttler,SW Billings,Imran Tahir,0,0,,,,,,,,,
1031435,2017,2017-06-25,Sophia Gardens,1,15.3,England,South Africa,JC Buttler,SW Billings,Imran Tahir,2,0,,,,,,,,,
1031435,2017,2017-06-25,Sophia Gardens,1,15.4,England,South Africa,JC Buttler,SW Billings,Imran Tahir,2,0,,,,,,,,,
1031435,2017,2017-06-25,Sophia Gardens,1,15.5,England,South Africa,JC Buttler,SW Billings,Imran Tahir,1,0,,,,,,,,,
1031435,2017,2017-06-25,Sophia Gardens,1,15.6,England,South Africa,SW Billings,JC Buttler,Imran Tahir,1,0,,,,,,,,,
1031435,2017,2017-06-25,Sophia Gardens,1,16.1,England,South Africa,SW Billings,JC Buttler,AL Phehlukwayo,0,0,,,,,,,,,
1031435,2017,2017-06-25,Sophia Gardens,1,16.2,England,South Africa,SW Billings,JC Buttler,AL Phehlukwayo,0,0,,,,,,,,,
1031435,2017,2017-06-25,Sophia Gardens,1,16.3,England,South Africa,SW Billings,JC Buttler,AL Phehlukwayo,1,0,,,,,,,,,
1031435,2017,2017-06-25,Sophia Gardens,1,16.4,England,South Africa,JC Buttler,SW Billings,AL Phehlukwayo,6,0,,,,,,,,,
1031435,2017,2017-06-25,Sophia Gardens,1,16.5,England,South Africa,JC Buttler,SW Billings,AL Phehlukwayo,4,0,,,,,,,,,
1031435,2017,2017-06-25,Sophia Gardens,1,16.6,England,South Africa,JC Buttler,SW Billings,AL Phehlukwayo,0,0,,,,,,,,,
1031435,2017,2017-06-25,Sophia Gardens,1,17.1,England,South Africa,SW Billings,JC Buttler,D Paterson,0,0,,,,,,,,,
1031435,2017,2017-06-25,Sophia Gardens,1,17.2,England,South Africa,SW Billings,JC Buttler,D Paterson,6,0,,,,,,,,,
1031435,2017,2017-06-25,Sophia Gardens,1,17.3,England,South Africa,SW Billings,JC Buttler,D Paterson,0,0,,,,,,,,,
1031435,2017,2017-06-25,Sophia Gardens,1,17.4,England,South Africa,SW Billings,JC Buttler,D Paterson,0,0,,,,,,caught,SW Billings,,
1031435,2017,2017-06-25,Sophia Gardens,1,17.5,England,South Africa,LS Livingstone,JC Buttler,D Paterson,0,0,,,,,,bowled,LS Livingstone,,
1031435,2017,2017-06-25,Sophia Gardens,1,17.6,England,South Africa,LE Plunkett,JC Buttler,D Paterson,0,0,,,,,,,,,
1031435,2017,2017-06-25,Sophia Gardens,1,18.1,England,South Africa,JC Buttler,LE Plunkett,AL Phehlukwayo,2,0,,,,,,,,,
1031435,2017,2017-06-25,Sophia Gardens,1,18.2,England,South Africa,JC Buttler,LE Plunkett,AL Phehlukwayo,2,0,,,,,,,,,
1031435,2017,2017-06-25,Sophia Gardens,1,18.3,England,South Africa,JC Buttler,LE Plunkett,AL Phehlukwayo,2,0,,,,,,,,,
1031435,2017,2017-06-25,Sophia Gardens,1,18.4,England,South Africa,JC Buttler,LE Plunkett,AL Phehlukwayo,6,0,,,,,,,,,
1031435,2017,2017-06-25,Sophia Gardens,1,18.5,England,South Africa,JC Buttler,LE Plunkett,AL Phehlukwayo,1,0,,,,,,,,,
1031435,2017,2017-06-25,Sophia Gardens,1,18.6,England,South Africa,LE Plunkett,JC Buttler,AL Phehlukwayo,0,0,,,,,,caught,LE Plunkett,,
1031435,2017,2017-06-25,Sophia Gardens,1,19.1,England,South Africa,DJ Willey,JC Buttler,D Paterson,1,0,,,,,,,,,
1031435,2017,2017-06-25,Sophia Gardens,1,19.2,England,South Africa,JC Buttler,DJ Willey,D Paterson,0,0,,,,,,,,,
1031435,2017,2017-06-25,Sophia Gardens,1,19.3,England,South Africa,JC Buttler,DJ Willey,D Paterson,0,0,,,,,,caught,JC Buttler,,
1031435,2017,2017-06-25,Sophia Gardens,1,19.4,England,South Africa,DJ Willey,CJ Jordan,D Paterson,0,0,,,,,,bowled,DJ Willey,,
1031435,2017,2017-06-25,Sophia Gardens,1,19.5,England,South Africa,TK Curran,CJ Jordan,D Paterson,0,0,,,,,,,,,
1031435,2017,2017-06-25,Sophia Gardens,1,19.6,England,South Africa,TK Curran,CJ Jordan,D Paterson,1,0,,,,,,,,,
1031435,2017,2017-06-25,Sophia Gardens,2,0.1,South Africa,England,JT Smuts,RR Hendricks,DJ Willey,0,1,1,,,,,,,,
1031435,2017,2017-06-25,Sophia Gardens,2,0.2,South Africa,England,JT Smuts,RR Hendricks,DJ Willey,0,4,,,,4,,,,,
1031435,2017,2017-06-25,Sophia Gardens,2,0.3,South Africa,England,JT Smuts,RR Hendricks,DJ Willey,0,0,,,,,,,,,
1031435,2017,2017-06-25,Sophia Gardens,2,0.4,South Africa,England,JT Smuts,RR Hendricks,DJ Willey,3,0,,,,,,,,,
1031435,2017,2017-06-25,Sophia Gardens,2,0.5,South Africa,England,RR Hendricks,JT Smuts,DJ Willey,0,0,,,,,,,,,
1031435,2017,2017-06-25,Sophia Gardens,2,0.6,South Africa,England,RR Hendricks,JT Smuts,DJ Willey,0,0,,,,,,,,,
1031435,2017,2017-06-25,Sophia Gardens,2,0.7,South Africa,England,RR Hendricks,JT Smuts,DJ Willey,0,0,,,,,,,,,
1031435,2017,2017-06-25,Sophia Gardens,2,1.1,South Africa,England,JT Smuts,RR Hendricks,TK Curran,1,0,,,,,,,,,
1031435,2017,2017-06-25,Sophia Gardens,2,1.2,South Africa,England,RR Hendricks,JT Smuts,TK Curran,0,1,,,,1,,,,,
1031435,2017,2017-06-25,Sophia Gardens,2,1.3,South Africa,England,JT Smuts,RR Hendricks,TK Curran,0,0,,,,,,,,,
1031435,2017,2017-06-25,Sophia Gardens,2,1.4,South Africa,England,JT Smuts,RR Hendricks,TK Curran,0,0,,,,,,,,,
1031435,2017,2017-06-25,Sophia Gardens,2,1.5,South Africa,England,JT Smuts,RR Hendricks,TK Curran,1,0,,,,,,,,,
1031435,2017,2017-06-25,Sophia Gardens,2,1.6,South Africa,England,RR Hendricks,JT Smuts,TK Curran,0,0,,,,,,caught,RR Hendricks,,
1031435,2017,2017-06-25,Sophia Gardens,2,2.1,South Africa,England,JT Smuts,CH Morris,DJ Willey,0,0,,,,,,,,,
1031435,2017,2017-06-25,Sophia Gardens,2,2.2,South Africa,England,JT Smuts,CH Morris,DJ Willey,0,0,,,,,,,,,
1031435,2017,2017-06-25,Sophia Gardens,2,2.3,South Africa,England,JT Smuts,CH Morris,DJ Willey,1,0,,,,,,,,,
1031435,2017,2017-06-25,Sophia Gardens,2,2.4,South Africa,England,CH Morris,JT Smuts,DJ Willey,0,0,,,,,,,,,
1031435,2017,2017-06-25,Sophia Gardens,2,2.5,South Africa,England,CH Morris,JT Smuts,DJ Willey,0,0,,,,,,,,,
1031435,2017,2017-06-25,Sophia Gardens,2,2.6,South Africa,England,CH Morris,JT Smuts,DJ Willey,1,0,,,,,,,,,
1031435,2017,2017-06-25,Sophia Gardens,2,3.1,South Africa,England,CH Morris,JT Smuts,TK Curran,0,0,,,,,,,,,
1031435,2017,2017-06-25,Sophia Gardens,2,3.2,South Africa,England,CH Morris,JT Smuts,TK Curran,3,0,,,,,,,,,
1031435,2017,2017-06-25,Sophia Gardens,2,3.3,South Africa,England,JT Smuts,CH Morris,TK Curran,0,1,,,,1,,,,,
1031435,2017,2017-06-25,Sophia Gardens,2,3.4,South Africa,England,CH Morris,JT Smuts,TK Curran,4,0,,,,,,,,,
1031435,2017,2017-06-25,Sophia Gardens,2,3.5,South Africa,England,CH Morris,JT Smuts,TK Curran,0,0,,,,,,,,,
1031435,2017,2017-06-25,Sophia Gardens,2,3.6,South Africa,England,CH Morris,JT Smuts,TK Curran,0,0,,,,,,,,,
1031435,2017,2017-06-25,Sophia Gardens,2,4.1,South Africa,England,JT Smuts,CH Morris,CJ Jordan,1,0,,,,,,,,,
1031435,2017,2017-06-25,Sophia Gardens,2,4.2,South Africa,England,CH Morris,JT Smuts,CJ Jordan,0,0,,,,,,caught,CH Morris,,
1031435,2017,2017-06-25,Sophia Gardens,2,4.3,South Africa,England,JT Smuts,AB de Villiers,CJ Jordan,0,0,,,,,,,,,
1031435,2017,2017-06-25,Sophia Gardens,2,4.4,South Africa,England,JT Smuts,AB de Villiers,CJ Jordan,0,0,,,,,,,,,
1031435,2017,2017-06-25,Sophia Gardens,2,4.5,South Africa,England,JT Smuts,AB de Villiers,CJ Jordan,1,0,,,,,,,,,
1031435,2017,2017-06-25,Sophia Gardens,2,4.6,South Africa,England,AB de Villiers,JT Smuts,CJ Jordan,3,0,,,,,,,,,
1031435,2017,2017-06-25,Sophia Gardens,2,5.1,South Africa,England,AB de Villiers,JT Smuts,LE Plunkett,1,0,,,,,,,,,
1031435,2017,2017-06-25,Sophia Gardens,2,5.2,South Africa,England,JT Smuts,AB de Villiers,LE Plunkett,0,0,,,,,,,,,
1031435,2017,2017-06-25,Sophia Gardens,2,5.3,South Africa,England,JT Smuts,AB de Villiers,LE Plunkett,0,0,,,,,,,,,
1031435,2017,2017-06-25,Sophia Gardens,2,5.4,South Africa,England,JT Smuts,AB de Villiers,LE Plunkett,6,0,,,,,,,,,
1031435,2017,2017-06-25,Sophia Gardens,2,5.5,South Africa,England,JT Smuts,AB de Villiers,LE Plunkett,4,0,,,,,,,,,
1031435,2017,2017-06-25,Sophia Gardens,2,5.6,South Africa,England,JT Smuts,AB de Villiers,LE Plunkett,1,0,,,,,,,,,
1031435,2017,2017-06-25,Sophia Gardens,2,6.1,South Africa,England,JT Smuts,AB de Villiers,MS Crane,4,0,,,,,,,,,
1031435,2017,2017-06-25,Sophia Gardens,2,6.2,South Africa,England,JT Smuts,AB de Villiers,MS Crane,0,0,,,,,,,,,
1031435,2017,2017-06-25,Sophia Gardens,2,6.3,South Africa,England,JT Smuts,AB de Villiers,MS Crane,1,0,,,,,,,,,
1031435,2017,2017-06-25,Sophia Gardens,2,6.4,South Africa,England,AB de Villiers,JT Smuts,MS Crane,2,0,,,,,,,,,
1031435,2017,2017-06-25,Sophia Gardens,2,6.5,South Africa,England,AB de Villiers,JT Smuts,MS Crane,1,0,,,,,,,,,
1031435,2017,2017-06-25,Sophia Gardens,2,6.6,South Africa,England,JT Smuts,AB de Villiers,MS Crane,1,0,,,,,,,,,
1031435,2017,2017-06-25,Sophia Gardens,2,7.1,South Africa,England,JT Smuts,AB de Villiers,LE Plunkett,1,0,,,,,,,,,
1031435,2017,2017-06-25,Sophia Gardens,2,7.2,South Africa,England,AB de Villiers,JT Smuts,LE Plunkett,1,0,,,,,,,,,
1031435,2017,2017-06-25,Sophia Gardens,2,7.3,South Africa,England,JT Smuts,AB de Villiers,LE Plunkett,0,0,,,,,,,,,
1031435,2017,2017-06-25,Sophia Gardens,2,7.4,South Africa,England,JT Smuts,AB de Villiers,LE Plunkett,1,0,,,,,,,,,
1031435,2017,2017-06-25,Sophia Gardens,2,7.5,South Africa,England,AB de Villiers,JT Smuts,LE Plunkett,0,0,,,,,,,,,
1031435,2017,2017-06-25,Sophia Gardens,2,7.6,South Africa,England,AB de Villiers,JT Smuts,LE Plunkett,0,0,,,,,,,,,
1031435,2017,2017-06-25,Sophia Gardens,2,8.1,South Africa,England,JT Smuts,AB de Villiers,MS Crane,1,0,,,,,,,,,
1031435,2017,2017-06-25,Sophia Gardens,2,8.2,South Africa,England,AB de Villiers,JT Smuts,MS Crane,1,0,,,,,,,,,
1031435,2017,2017-06-25,Sophia Gardens,2,8.3,South Africa,England,JT Smuts,AB de Villiers,MS Crane,1,0,,,,,,,,,
1031435,2017,2017-06-25,Sophia Gardens,2,8.4,South Africa,England,AB de Villiers,JT Smuts,MS Crane,4,0,,,,,,,,,
1031435,2017,2017-06-25,Sophia Gardens,2,8.5,South Africa,England,AB de Villiers,JT Smuts,MS Crane,0,0,,,,,,,,,
1031435,2017,2017-06-25,Sophia Gardens,2,8.6,South Africa,England,AB de Villiers,JT Smuts,MS Crane,2,0,,,,,,,,,
1031435,2017,2017-06-25,Sophia Gardens,2,9.1,South Africa,England,JT Smuts,AB de Villiers,LE Plunkett,0,0,,,,,,caught,JT Smuts,,
1031435,2017,2017-06-25,Sophia Gardens,2,9.2,South Africa,England,AB de Villiers,DA Miller,LE Plunkett,1,0,,,,,,,,,
1031435,2017,2017-06-25,Sophia Gardens,2,9.3,South Africa,England,DA Miller,AB de Villiers,LE Plunkett,1,0,,,,,,,,,
1031435,2017,2017-06-25,Sophia Gardens,2,9.4,South Africa,England,AB de Villiers,DA Miller,LE Plunkett,1,0,,,,,,,,,
1031435,2017,2017-06-25,Sophia Gardens,2,9.5,South Africa,England,DA Miller,AB de Villiers,LE Plunkett,1,0,,,,,,,,,
1031435,2017,2017-06-25,Sophia Gardens,2,9.6,South Africa,England,AB de Villiers,DA Miller,LE Plunkett,1,0,,,,,,,,,
1031435,2017,2017-06-25,Sophia Gardens,2,10.1,South Africa,England,AB de Villiers,DA Miller,MS Crane,4,0,,,,,,,,,
1031435,2017,2017-06-25,Sophia Gardens,2,10.2,South Africa,England,AB de Villiers,DA Miller,MS Crane,6,0,,,,,,,,,
1031435,2017,2017-06-25,Sophia Gardens,2,10.3,South Africa,England,AB de Villiers,DA Miller,MS Crane,6,0,,,,,,,,,
1031435,2017,2017-06-25,Sophia Gardens,2,10.4,South Africa,England,AB de Villiers,DA Miller,MS Crane,1,0,,,,,,,,,
1031435,2017,2017-06-25,Sophia Gardens,2,10.5,South Africa,England,DA Miller,AB de Villiers,MS Crane,1,0,,,,,,,,,
1031435,2017,2017-06-25,Sophia Gardens,2,10.6,South Africa,England,AB de Villiers,DA Miller,MS Crane,0,0,,,,,,caught,AB de Villiers,,
1031435,2017,2017-06-25,Sophia Gardens,2,11.1,South Africa,England,DA Miller,F Behardien,CJ Jordan,2,0,,,,,,,,,
1031435,2017,2017-06-25,Sophia Gardens,2,11.2,South Africa,England,DA Miller,F Behardien,CJ Jordan,2,0,,,,,,,,,
1031435,2017,2017-06-25,Sophia Gardens,2,11.3,South Africa,England,DA Miller,F Behardien,CJ Jordan,0,0,,,,,,caught,DA Miller,,
1031435,2017,2017-06-25,Sophia Gardens,2,11.4,South Africa,England,M Mosehle,F Behardien,CJ Jordan,0,0,,,,,,,,,
1031435,2017,2017-06-25,Sophia Gardens,2,11.5,South Africa,England,M Mosehle,F Behardien,CJ Jordan,0,0,,,,,,,,,
1031435,2017,2017-06-25,Sophia Gardens,2,11.6,South Africa,England,M Mosehle,F Behardien,CJ Jordan,0,0,,,,,,,,,
1031435,2017,2017-06-25,Sophia Gardens,2,12.1,South Africa,England,F Behardien,M Mosehle,MS Crane,2,0,,,,,,,,,
1031435,2017,2017-06-25,Sophia Gardens,2,12.2,South Africa,England,F Behardien,M Mosehle,MS Crane,0,0,,,,,,,,,
1031435,2017,2017-06-25,Sophia Gardens,2,12.3,South Africa,England,F Behardien,M Mosehle,MS Crane,0,0,,,,,,,,,
1031435,2017,2017-06-25,Sophia Gardens,2,12.4,South Africa,England,F Behardien,M Mosehle,MS Crane,0,0,,,,,,,,,
1031435,2017,2017-06-25,Sophia Gardens,2,12.5,South Africa,England,F Behardien,M Mosehle,MS Crane,0,0,,,,,,,,,
1031435,2017,2017-06-25,Sophia Gardens,2,12.6,South Africa,England,F Behardien,M Mosehle,MS Crane,0,0,,,,,,,,,
1031435,2017,2017-06-25,Sophia Gardens,2,13.1,South Africa,England,M Mosehle,F Behardien,CJ Jordan,1,0,,,,,,,,,
1031435,2017,2017-06-25,Sophia Gardens,2,13.2,South Africa,England,F Behardien,M Mosehle,CJ Jordan,1,0,,,,,,,,,
1031435,2017,2017-06-25,Sophia Gardens,2,13.3,South Africa,England,M Mosehle,F Behardien,CJ Jordan,1,0,,,,,,,,,
1031435,2017,2017-06-25,Sophia Gardens,2,13.4,South Africa,England,F Behardien,M Mosehle,CJ Jordan,0,0,,,,,,caught,F Behardien,,
1031435,2017,2017-06-25,Sophia Gardens,2,13.5,South Africa,England,M Mosehle,AL Phehlukwayo,CJ Jordan,1,0,,,,,,,,,
1031435,2017,2017-06-25,Sophia Gardens,2,13.6,South Africa,England,AL Phehlukwayo,M Mosehle,CJ Jordan,0,1,1,,,,,,,,
1031435,2017,2017-06-25,Sophia Gardens,2,13.7,South Africa,England,AL Phehlukwayo,M Mosehle,CJ Jordan,0,0,,,,,,,,,
1031435,2017,2017-06-25,Sophia Gardens,2,14.1,South Africa,England,M Mosehle,AL Phehlukwayo,DJ Willey,6,0,,,,,,,,,
1031435,2017,2017-06-25,Sophia Gardens,2,14.2,South Africa,England,M Mosehle,AL Phehlukwayo,DJ Willey,1,0,,,,,,,,,
1031435,2017,2017-06-25,Sophia Gardens,2,14.3,South Africa,England,AL Phehlukwayo,M Mosehle,DJ Willey,2,0,,,,,,,,,
1031435,2017,2017-06-25,Sophia Gardens,2,14.4,South Africa,England,AL Phehlukwayo,M Mosehle,DJ Willey,4,0,,,,,,,,,
1031435,2017,2017-06-25,Sophia Gardens,2,14.5,South Africa,England,AL Phehlukwayo,M Mosehle,DJ Willey,4,0,,,,,,,,,
1031435,2017,2017-06-25,Sophia Gardens,2,14.6,South Africa,England,AL Phehlukwayo,M Mosehle,DJ Willey,1,0,,,,,,,,,
1031435,2017,2017-06-25,Sophia Gardens,2,15.1,South Africa,England,AL Phehlukwayo,M Mosehle,LE Plunkett,0,0,,,,,,,,,
1031435,2017,2017-06-25,Sophia Gardens,2,15.2,South Africa,England,AL Phehlukwayo,M Mosehle,LE Plunkett,1,0,,,,,,,,,
1031435,2017,2017-06-25,Sophia Gardens,2,15.3,South Africa,England,M Mosehle,AL Phehlukwayo,LE Plunkett,0,2,,,,2,,,,,
1031435,2017,2017-06-25,Sophia Gardens,2,15.4,South Africa,England,M Mosehle,AL Phehlukwayo,LE Plunkett,1,0,,,,,,,,,
1031435,2017,2017-06-25,Sophia Gardens,2,15.5,South Africa,England,AL Phehlukwayo,M Mosehle,LE Plunkett,0,0,,,,,,,,,
1031435,2017,2017-06-25,Sophia Gardens,2,15.6,South Africa,England,AL Phehlukwayo,M Mosehle,LE Plunkett,0,0,,,,,,,,,
1031435,2017,2017-06-25,Sophia Gardens,2,16.1,South Africa,England,M Mosehle,AL Phehlukwayo,TK Curran,0,0,,,,,,,,,
1031435,2017,2017-06-25,Sophia Gardens,2,16.2,South Africa,England,M Mosehle,AL Phehlukwayo,TK Curran,0,0,,,,,,,,,
1031435,2017,2017-06-25,Sophia Gardens,2,16.3,South Africa,England,M Mosehle,AL Phehlukwayo,TK Curran,0,0,,,,,,,,,
1031435,2017,2017-06-25,Sophia Gardens,2,16.4,South Africa,England,M Mosehle,AL Phehlukwayo,TK Curran,6,0,,,,,,,,,
1031435,2017,2017-06-25,Sophia Gardens,2,16.5,South Africa,England,M Mosehle,AL Phehlukwayo,TK Curran,1,0,,,,,,,,,
1031435,2017,2017-06-25,Sophia Gardens,2,16.6,South Africa,England,AL Phehlukwayo,M Mosehle,TK Curran,0,0,,,,,,,,,
1031435,2017,2017-06-25,Sophia Gardens,2,17.1,South Africa,England,M Mosehle,AL Phehlukwayo,DJ Willey,6,0,,,,,,,,,
1031435,2017,2017-06-25,Sophia Gardens,2,17.2,South Africa,England,M Mosehle,AL Phehlukwayo,DJ Willey,6,0,,,,,,,,,
1031435,2017,2017-06-25,Sophia Gardens,2,17.3,South Africa,England,M Mosehle,AL Phehlukwayo,DJ Willey,1,0,,,,,,,,,
1031435,2017,2017-06-25,Sophia Gardens,2,17.4,South Africa,England,AL Phehlukwayo,M Mosehle,DJ Willey,2,0,,,,,,,,,
1031435,2017,2017-06-25,Sophia Gardens,2,17.5,South Africa,England,AL Phehlukwayo,M Mosehle,DJ Willey,1,0,,,,,,,,,
1031435,2017,2017-06-25,Sophia Gardens,2,17.6,South Africa,England,M Mosehle,AL Phehlukwayo,DJ Willey,0,0,,,,,,,,,
1031435,2017,2017-06-25,Sophia Gardens,2,18.1,South Africa,England,AL Phehlukwayo,M Mosehle,TK Curran,0,0,,,,,,,,,
1031435,2017,2017-06-25,Sophia Gardens,2,18.2,South Africa,England,AL Phehlukwayo,M Mosehle,TK Curran,0,1,,,,1,,,,,
1031435,2017,2017-06-25,Sophia Gardens,2,18.3,South Africa,England,M Mosehle,AL Phehlukwayo,TK Curran,1,0,,,,,,,,,
1031435,2017,2017-06-25,Sophia Gardens,2,18.4,South Africa,England,AL Phehlukwayo,M Mosehle,TK Curran,1,0,,,,,,,,,
1031435,2017,2017-06-25,Sophia Gardens,2,18.5,South Africa,England,M Mosehle,AL Phehlukwayo,TK Curran,4,0,,,,,,,,,
1031435,2017,2017-06-25,Sophia Gardens,2,18.6,South Africa,England,M Mosehle,AL Phehlukwayo,TK Curran,0,0,,,,,,caught,M Mosehle,,
1031435,2017,2017-06-25,Sophia Gardens,2,19.1,South Africa,England,M Morkel,AL Phehlukwayo,CJ Jordan,1,0,,,,,,,,,
1031435,2017,2017-06-25,Sophia Gardens,2,19.2,South Africa,England,AL Phehlukwayo,M Morkel,CJ Jordan,4,0,,,,,,,,,
1031435,2017,2017-06-25,Sophia Gardens,2,19.3,South Africa,England,AL Phehlukwayo,M Morkel,CJ Jordan,4,0,,,,,,,,,
1031435,2017,2017-06-25,Sophia Gardens,2,19.4,South Africa,England,AL Phehlukwayo,M Morkel,CJ Jordan,2,0,,,,,,,,,
1031435,2017,2017-06-25,Sophia Gardens,2,19.5,South Africa,England,AL Phehlukwayo,M Morkel,CJ Jordan,0,1,,1,,,,,,,
1031435,2017,2017-06-25,Sophia Gardens,2,19.6,South Africa,England,AL Phehlukwayo,M Morkel,CJ Jordan,1,0,,,,,,,,,
1031435,2017,2017-06-25,Sophia Gardens,2,19.7,South Africa,England,M Morkel,AL Phehlukwayo,CJ Jordan,4,0,,,,,,,,,
