match_id,season,start_date,venue,innings,ball,batting_team,bowling_team,striker,non_striker,bowler,runs_off_bat,extras,wides,noballs,byes,legbyes,penalty,wicket_type,player_dismissed,other_wicket_type,other_player_dismissed
1031429,2017,2017-05-29,Lord's,1,0.1,England,South Africa,JJ Roy,AD Hales,K Rabada,0,0,,,,,,,,,
1031429,2017,2017-05-29,Lord's,1,0.2,England,South Africa,JJ Roy,AD Hales,K Rabada,0,0,,,,,,,,,
1031429,2017,2017-05-29,Lord's,1,0.3,England,South Africa,JJ Roy,AD Hales,K Rabada,0,0,,,,,,,,,
1031429,2017,2017-05-29,Lord's,1,0.4,England,South Africa,JJ Roy,AD Hales,K Rabada,4,0,,,,,,,,,
1031429,2017,2017-05-29,Lord's,1,0.5,England,South Africa,JJ Roy,AD Hales,K Rabada,0,0,,,,,,caught,JJ Roy,,
1031429,2017,2017-05-29,Lord's,1,0.6,England,South Africa,JE Root,AD Hales,K Rabada,0,0,,,,,,,,,
1031429,2017,2017-05-29,Lord's,1,1.1,England,South Africa,AD Hales,JE Root,WD Parnell,1,0,,,,,,,,,
1031429,2017,2017-05-29,Lord's,1,1.2,England,South Africa,JE Root,AD Hales,WD Parnell,0,0,,,,,,,,,
1031429,2017,2017-05-29,Lord's,1,1.3,England,South Africa,JE Root,AD Hales,WD Parnell,0,0,,,,,,,,,
1031429,2017,2017-05-29,Lord's,1,1.4,England,South Africa,JE Root,AD Hales,WD Parnell,2,0,,,,,,,,,
1031429,2017,2017-05-29,Lord's,1,1.5,England,South Africa,JE Root,AD Hales,WD Parnell,0,0,,,,,,lbw,JE Root,,
1031429,2017,2017-05-29,Lord's,1,1.6,England,South Africa,EJG Morgan,AD Hales,WD Parnell,1,0,,,,,,,,,
1031429,2017,2017-05-29,Lord's,1,2.1,England,South Africa,EJG Morgan,AD Hales,K Rabada,0,0,,,,,,,,,
1031429,2017,2017-05-29,Lord's,1,2.2,England,South Africa,EJG Morgan,AD Hales,K Rabada,0,0,,,,,,,,,
1031429,2017,2017-05-29,Lord's,1,2.3,England,South Africa,EJG Morgan,AD Hales,K Rabada,0,0,,,,,,,,,
1031429,2017,2017-05-29,Lord's,1,2.4,England,South Africa,EJG Morgan,AD Hales,K Rabada,2,0,,,,,,,,,
1031429,2017,2017-05-29,Lord's,1,2.5,England,South Africa,EJG Morgan,AD Hales,K Rabada,0,0,,,,,,,,,
1031429,2017,2017-05-29,Lord's,1,2.6,England,South Africa,EJG Morgan,AD Hales,K Rabada,1,0,,,,,,,,,
1031429,2017,2017-05-29,Lord's,1,3.1,England,South Africa,EJG Morgan,AD Hales,WD Parnell,0,0,,,,,,,,,
1031429,2017,2017-05-29,Lord's,1,3.2,England,South Africa,EJG Morgan,AD Hales,WD Parnell,4,0,,,,,,,,,
1031429,2017,2017-05-29,Lord's,1,3.3,England,South Africa,EJG Morgan,AD Hales,WD Parnell,0,0,,,,,,,,,
1031429,2017,2017-05-29,Lord's,1,3.4,England,South Africa,EJG Morgan,AD Hales,WD Parnell,0,0,,,,,,,,,
1031429,2017,2017-05-29,Lord's,1,3.5,England,South Africa,EJG Morgan,AD Hales,WD Parnell,0,0,,,,,,,,,
1031429,2017,2017-05-29,Lord's,1,3.6,England,South Africa,EJG Morgan,AD Hales,WD Parnell,0,0,,,,,,caught,EJG Morgan,,
1031429,2017,2017-05-29,Lord's,1,4.1,England,South Africa,AD Hales,JM Bairstow,K Rabada,0,0,,,,,,caught,AD Hales,,
1031429,2017,2017-05-29,Lord's,1,4.2,England,South Africa,JC Buttler,JM Bairstow,K Rabada,0,1,1,,,,,,,,
1031429,2017,2017-05-29,Lord's,1,4.3,England,South Africa,JC Buttler,JM Bairstow,K Rabada,0,0,,,,,,,,,
1031429,2017,2017-05-29,Lord's,1,4.4,England,South Africa,JC Buttler,JM Bairstow,K Rabada,0,0,,,,,,,,,
1031429,2017,2017-05-29,Lord's,1,4.5,England,South Africa,JC Buttler,JM Bairstow,K Rabada,4,0,,,,,,,,,
1031429,2017,2017-05-29,Lord's,1,4.6,England,South Africa,JC Buttler,JM Bairstow,K Rabada,0,0,,,,,,caught,JC Buttler,,
1031429,2017,2017-05-29,Lord's,1,4.7,England,South Africa,AU Rashid,JM Bairstow,K Rabada,0,0,,,,,,caught,AU Rashid,,
1031429,2017,2017-05-29,Lord's,1,5.1,England,South Africa,JM Bairstow,DJ Willey,WD Parnell,0,0,,,,,,,,,
1031429,2017,2017-05-29,Lord's,1,5.2,England,South Africa,JM Bairstow,DJ Willey,WD Parnell,0,1,1,,,,,,,,
1031429,2017,2017-05-29,Lord's,1,5.3,England,South Africa,JM Bairstow,DJ Willey,WD Parnell,0,0,,,,,,,,,
1031429,2017,2017-05-29,Lord's,1,5.4,England,South Africa,JM Bairstow,DJ Willey,WD Parnell,0,0,,,,,,,,,
1031429,2017,2017-05-29,Lord's,1,5.5,England,South Africa,JM Bairstow,DJ Willey,WD Parnell,3,0,,,,,,,,,
1031429,2017,2017-05-29,Lord's,1,5.6,England,South Africa,DJ Willey,JM Bairstow,WD Parnell,0,0,,,,,,,,,
1031429,2017,2017-05-29,Lord's,1,5.7,England,South Africa,DJ Willey,JM Bairstow,WD Parnell,4,0,,,,,,,,,
1031429,2017,2017-05-29,Lord's,1,6.1,England,South Africa,JM Bairstow,DJ Willey,K Rabada,0,0,,,,,,,,,
1031429,2017,2017-05-29,Lord's,1,6.2,England,South Africa,JM Bairstow,DJ Willey,K Rabada,0,0,,,,,,,,,
1031429,2017,2017-05-29,Lord's,1,6.3,England,South Africa,JM Bairstow,DJ Willey,K Rabada,0,0,,,,,,,,,
1031429,2017,2017-05-29,Lord's,1,6.4,England,South Africa,JM Bairstow,DJ Willey,K Rabada,0,0,,,,,,,,,
1031429,2017,2017-05-29,Lord's,1,6.5,England,South Africa,JM Bairstow,DJ Willey,K Rabada,0,0,,,,,,,,,
1031429,2017,2017-05-29,Lord's,1,6.6,England,South Africa,JM Bairstow,DJ Willey,K Rabada,0,0,,,,,,,,,
1031429,2017,2017-05-29,Lord's,1,7.1,England,South Africa,DJ Willey,JM Bairstow,WD Parnell,4,0,,,,,,,,,
1031429,2017,2017-05-29,Lord's,1,7.2,England,South Africa,DJ Willey,JM Bairstow,WD Parnell,0,0,,,,,,,,,
1031429,2017,2017-05-29,Lord's,1,7.3,England,South Africa,DJ Willey,JM Bairstow,WD Parnell,0,0,,,,,,,,,
1031429,2017,2017-05-29,Lord's,1,7.4,England,South Africa,DJ Willey,JM Bairstow,WD Parnell,0,0,,,,,,,,,
1031429,2017,2017-05-29,Lord's,1,7.5,England,South Africa,DJ Willey,JM Bairstow,WD Parnell,0,0,,,,,,,,,
1031429,2017,2017-05-29,Lord's,1,7.6,England,South Africa,DJ Willey,JM Bairstow,WD Parnell,0,0,,,,,,,,,
1031429,2017,2017-05-29,Lord's,1,8.1,England,South Africa,JM Bairstow,DJ Willey,K Rabada,0,0,,,,,,,,,
1031429,2017,2017-05-29,Lord's,1,8.2,England,South Africa,JM Bairstow,DJ Willey,K Rabada,0,0,,,,,,,,,
1031429,2017,2017-05-29,Lord's,1,8.3,England,South Africa,JM Bairstow,DJ Willey,K Rabada,0,0,,,,,,,,,
1031429,2017,2017-05-29,Lord's,1,8.4,England,South Africa,JM Bairstow,DJ Willey,K Rabada,0,0,,,,,,,,,
1031429,2017,2017-05-29,Lord's,1,8.5,England,South Africa,JM Bairstow,DJ Willey,K Rabada,2,0,,,,,,,,,
1031429,2017,2017-05-29,Lord's,1,8.6,England,South Africa,JM Bairstow,DJ Willey,K Rabada,4,0,,,,,,,,,
1031429,2017,2017-05-29,Lord's,1,9.1,England,South Africa,DJ Willey,JM Bairstow,M Morkel,0,0,,,,,,,,,
1031429,2017,2017-05-29,Lord's,1,9.2,England,South Africa,DJ Willey,JM Bairstow,M Morkel,0,0,,,,,,,,,
1031429,2017,2017-05-29,Lord's,1,9.3,England,South Africa,DJ Willey,JM Bairstow,M Morkel,0,0,,,,,,,,,
1031429,2017,2017-05-29,Lord's,1,9.4,England,South Africa,DJ Willey,JM Bairstow,M Morkel,1,0,,,,,,,,,
1031429,2017,2017-05-29,Lord's,1,9.5,England,South Africa,JM Bairstow,DJ Willey,M Morkel,0,0,,,,,,,,,
1031429,2017,2017-05-29,Lord's,1,9.6,England,South Africa,JM Bairstow,DJ Willey,M Morkel,1,0,,,,,,,,,
1031429,2017,2017-05-29,Lord's,1,10.1,England,South Africa,JM Bairstow,DJ Willey,KA Maharaj,4,0,,,,,,,,,
1031429,2017,2017-05-29,Lord's,1,10.2,England,South Africa,JM Bairstow,DJ Willey,KA Maharaj,0,0,,,,,,,,,
1031429,2017,2017-05-29,Lord's,1,10.3,England,South Africa,JM Bairstow,DJ Willey,KA Maharaj,1,0,,,,,,,,,
1031429,2017,2017-05-29,Lord's,1,10.4,England,South Africa,DJ Willey,JM Bairstow,KA Maharaj,0,0,,,,,,,,,
1031429,2017,2017-05-29,Lord's,1,10.5,England,South Africa,DJ Willey,JM Bairstow,KA Maharaj,0,0,,,,,,,,,
1031429,2017,2017-05-29,Lord's,1,10.6,England,South Africa,DJ Willey,JM Bairstow,KA Maharaj,0,0,,,,,,,,,
1031429,2017,2017-05-29,Lord's,1,11.1,England,South Africa,JM Bairstow,DJ Willey,M Morkel,0,0,,,,,,,,,
1031429,2017,2017-05-29,Lord's,1,11.2,England,South Africa,JM Bairstow,DJ Willey,M Morkel,0,0,,,,,,,,,
1031429,2017,2017-05-29,Lord's,1,11.3,England,South Africa,JM Bairstow,DJ Willey,M Morkel,0,0,,,,,,,,,
1031429,2017,2017-05-29,Lord's,1,11.4,England,South Africa,JM Bairstow,DJ Willey,M Morkel,1,0,,,,,,,,,
1031429,2017,2017-05-29,Lord's,1,11.5,England,South Africa,DJ Willey,JM Bairstow,M Morkel,0,0,,,,,,,,,
1031429,2017,2017-05-29,Lord's,1,11.6,England,South Africa,DJ Willey,JM Bairstow,M Morkel,1,0,,,,,,,,,
1031429,2017,2017-05-29,Lord's,1,12.1,England,South Africa,DJ Willey,JM Bairstow,KA Maharaj,0,0,,,,,,,,,
1031429,2017,2017-05-29,Lord's,1,12.2,England,South Africa,DJ Willey,JM Bairstow,KA Maharaj,0,0,,,,,,,,,
1031429,2017,2017-05-29,Lord's,1,12.3,England,South Africa,DJ Willey,JM Bairstow,KA Maharaj,1,0,,,,,,,,,
1031429,2017,2017-05-29,Lord's,1,12.4,England,South Africa,JM Bairstow,DJ Willey,KA Maharaj,1,0,,,,,,,,,
1031429,2017,2017-05-29,Lord's,1,12.5,England,South Africa,DJ Willey,JM Bairstow,KA Maharaj,1,0,,,,,,,,,
1031429,2017,2017-05-29,Lord's,1,12.6,England,South Africa,JM Bairstow,DJ Willey,KA Maharaj,1,0,,,,,,,,,
1031429,2017,2017-05-29,Lord's,1,13.1,England,South Africa,JM Bairstow,DJ Willey,M Morkel,0,0,,,,,,,,,
1031429,2017,2017-05-29,Lord's,1,13.2,England,South Africa,JM Bairstow,DJ Willey,M Morkel,0,0,,,,,,,,,
1031429,2017,2017-05-29,Lord's,1,13.3,England,South Africa,JM Bairstow,DJ Willey,M Morkel,4,0,,,,,,,,,
1031429,2017,2017-05-29,Lord's,1,13.4,England,South Africa,JM Bairstow,DJ Willey,M Morkel,0,0,,,,,,,,,
1031429,2017,2017-05-29,Lord's,1,13.5,England,South Africa,JM Bairstow,DJ Willey,M Morkel,1,0,,,,,,,,,
1031429,2017,2017-05-29,Lord's,1,13.6,England,South Africa,DJ Willey,JM Bairstow,M Morkel,0,0,,,,,,,,,
1031429,2017,2017-05-29,Lord's,1,14.1,England,South Africa,JM Bairstow,DJ Willey,KA Maharaj,0,0,,,,,,,,,
1031429,2017,2017-05-29,Lord's,1,14.2,England,South Africa,JM Bairstow,DJ Willey,KA Maharaj,1,0,,,,,,,,,
1031429,2017,2017-05-29,Lord's,1,14.3,England,South Africa,DJ Willey,JM Bairstow,KA Maharaj,1,0,,,,,,,,,
1031429,2017,2017-05-29,Lord's,1,14.4,England,South Africa,JM Bairstow,DJ Willey,KA Maharaj,0,0,,,,,,,,,
1031429,2017,2017-05-29,Lord's,1,14.5,England,South Africa,JM Bairstow,DJ Willey,KA Maharaj,1,0,,,,,,,,,
1031429,2017,2017-05-29,Lord's,1,14.6,England,South Africa,DJ Willey,JM Bairstow,KA Maharaj,0,0,,,,,,,,,
1031429,2017,2017-05-29,Lord's,1,15.1,England,South Africa,JM Bairstow,DJ Willey,M Morkel,4,0,,,,,,,,,
1031429,2017,2017-05-29,Lord's,1,15.2,England,South Africa,JM Bairstow,DJ Willey,M Morkel,0,0,,,,,,,,,
1031429,2017,2017-05-29,Lord's,1,15.3,England,South Africa,JM Bairstow,DJ Willey,M Morkel,1,0,,,,,,,,,
1031429,2017,2017-05-29,Lord's,1,15.4,England,South Africa,DJ Willey,JM Bairstow,M Morkel,0,0,,,,,,,,,
1031429,2017,2017-05-29,Lord's,1,15.5,England,South Africa,DJ Willey,JM Bairstow,M Morkel,1,0,,,,,,,,,
1031429,2017,2017-05-29,Lord's,1,15.6,England,South Africa,JM Bairstow,DJ Willey,M Morkel,0,0,,,,,,,,,
1031429,2017,2017-05-29,Lord's,1,16.1,England,South Africa,DJ Willey,JM Bairstow,CH Morris,0,0,,,,,,,,,
1031429,2017,2017-05-29,Lord's,1,16.2,England,South Africa,DJ Willey,JM Bairstow,CH Morris,4,0,,,,,,,,,
1031429,2017,2017-05-29,Lord's,1,16.3,England,South Africa,DJ Willey,JM Bairstow,CH Morris,2,0,,,,,,,,,
1031429,2017,2017-05-29,Lord's,1,16.4,England,South Africa,DJ Willey,JM Bairstow,CH Morris,1,0,,,,,,,,,
1031429,2017,2017-05-29,Lord's,1,16.5,England,South Africa,JM Bairstow,DJ Willey,CH Morris,4,0,,,,,,,,,
1031429,2017,2017-05-29,Lord's,1,16.6,England,South Africa,JM Bairstow,DJ Willey,CH Morris,0,0,,,,,,,,,
1031429,2017,2017-05-29,Lord's,1,17.1,England,South Africa,DJ Willey,JM Bairstow,WD Parnell,0,0,,,,,,,,,
1031429,2017,2017-05-29,Lord's,1,17.2,England,South Africa,DJ Willey,JM Bairstow,WD Parnell,0,0,,,,,,,,,
1031429,2017,2017-05-29,Lord's,1,17.3,England,South Africa,DJ Willey,JM Bairstow,WD Parnell,2,0,,,,,,,,,
1031429,2017,2017-05-29,Lord's,1,17.4,England,South Africa,DJ Willey,JM Bairstow,WD Parnell,1,0,,,,,,,,,
1031429,2017,2017-05-29,Lord's,1,17.5,England,South Africa,JM Bairstow,DJ Willey,WD Parnell,0,0,,,,,,,,,
1031429,2017,2017-05-29,Lord's,1,17.6,England,South Africa,JM Bairstow,DJ Willey,WD Parnell,0,0,,,,,,,,,
1031429,2017,2017-05-29,Lord's,1,18.1,England,South Africa,DJ Willey,JM Bairstow,CH Morris,0,0,,,,,,,,,
1031429,2017,2017-05-29,Lord's,1,18.2,England,South Africa,DJ Willey,JM Bairstow,CH Morris,1,0,,,,,,,,,
1031429,2017,2017-05-29,Lord's,1,18.3,England,South Africa,JM Bairstow,DJ Willey,CH Morris,1,0,,,,,,,,,
1031429,2017,2017-05-29,Lord's,1,18.4,England,South Africa,DJ Willey,JM Bairstow,CH Morris,0,0,,,,,,,,,
1031429,2017,2017-05-29,Lord's,1,18.5,England,South Africa,DJ Willey,JM Bairstow,CH Morris,1,0,,,,,,,,,
1031429,2017,2017-05-29,Lord's,1,18.6,England,South Africa,JM Bairstow,DJ Willey,CH Morris,0,0,,,,,,,,,
1031429,2017,2017-05-29,Lord's,1,19.1,England,South Africa,DJ Willey,JM Bairstow,WD Parnell,0,0,,,,,,caught,DJ Willey,,
1031429,2017,2017-05-29,Lord's,1,19.2,England,South Africa,TS Roland-Jones,JM Bairstow,WD Parnell,1,0,,,,,,,,,
1031429,2017,2017-05-29,Lord's,1,19.3,England,South Africa,JM Bairstow,TS Roland-Jones,WD Parnell,0,0,,,,,,,,,
1031429,2017,2017-05-29,Lord's,1,19.4,England,South Africa,JM Bairstow,TS Roland-Jones,WD Parnell,0,0,,,,,,,,,
1031429,2017,2017-05-29,Lord's,1,19.5,England,South Africa,JM Bairstow,TS Roland-Jones,WD Parnell,4,0,,,,,,,,,
1031429,2017,2017-05-29,Lord's,1,19.6,England,South Africa,JM Bairstow,TS Roland-Jones,WD Parnell,0,0,,,,,,,,,
1031429,2017,2017-05-29,Lord's,1,20.1,England,South Africa,TS Roland-Jones,JM Bairstow,CH Morris,0,0,,,,,,,,,
1031429,2017,2017-05-29,Lord's,1,20.2,England,South Africa,TS Roland-Jones,JM Bairstow,CH Morris,0,0,,,,,,,,,
1031429,2017,2017-05-29,Lord's,1,20.3,England,South Africa,TS Roland-Jones,JM Bairstow,CH Morris,4,0,,,,,,,,,
1031429,2017,2017-05-29,Lord's,1,20.4,England,South Africa,TS Roland-Jones,JM Bairstow,CH Morris,0,0,,,,,,,,,
1031429,2017,2017-05-29,Lord's,1,20.5,England,South Africa,TS Roland-Jones,JM Bairstow,CH Morris,0,0,,,,,,,,,
1031429,2017,2017-05-29,Lord's,1,20.6,England,South Africa,TS Roland-Jones,JM Bairstow,CH Morris,0,0,,,,,,,,,
1031429,2017,2017-05-29,Lord's,1,21.1,England,South Africa,JM Bairstow,TS Roland-Jones,WD Parnell,0,0,,,,,,,,,
1031429,2017,2017-05-29,Lord's,1,21.2,England,South Africa,JM Bairstow,TS Roland-Jones,WD Parnell,0,0,,,,,,,,,
1031429,2017,2017-05-29,Lord's,1,21.3,England,South Africa,JM Bairstow,TS Roland-Jones,WD Parnell,0,0,,,,,,,,,
1031429,2017,2017-05-29,Lord's,1,21.4,England,South Africa,JM Bairstow,TS Roland-Jones,WD Parnell,1,0,,,,,,,,,
1031429,2017,2017-05-29,Lord's,1,21.5,England,South Africa,TS Roland-Jones,JM Bairstow,WD Parnell,0,0,,,,,,,,,
1031429,2017,2017-05-29,Lord's,1,21.6,England,South Africa,TS Roland-Jones,JM Bairstow,WD Parnell,0,5,5,,,,,,,,
1031429,2017,2017-05-29,Lord's,1,21.7,England,South Africa,TS Roland-Jones,JM Bairstow,WD Parnell,1,0,,,,,,,,,
1031429,2017,2017-05-29,Lord's,1,22.1,England,South Africa,TS Roland-Jones,JM Bairstow,CH Morris,0,0,,,,,,,,,
1031429,2017,2017-05-29,Lord's,1,22.2,England,South Africa,TS Roland-Jones,JM Bairstow,CH Morris,4,0,,,,,,,,,
1031429,2017,2017-05-29,Lord's,1,22.3,England,South Africa,TS Roland-Jones,JM Bairstow,CH Morris,0,0,,,,,,,,,
1031429,2017,2017-05-29,Lord's,1,22.4,England,South Africa,TS Roland-Jones,JM Bairstow,CH Morris,0,0,,,,,,,,,
1031429,2017,2017-05-29,Lord's,1,22.5,England,South Africa,TS Roland-Jones,JM Bairstow,CH Morris,6,0,,,,,,,,,
1031429,2017,2017-05-29,Lord's,1,22.6,England,South Africa,TS Roland-Jones,JM Bairstow,CH Morris,1,0,,,,,,,,,
1031429,2017,2017-05-29,Lord's,1,23.1,England,South Africa,TS Roland-Jones,JM Bairstow,WD Parnell,4,0,,,,,,,,,
1031429,2017,2017-05-29,Lord's,1,23.2,England,South Africa,TS Roland-Jones,JM Bairstow,WD Parnell,4,0,,,,,,,,,
1031429,2017,2017-05-29,Lord's,1,23.3,England,South Africa,TS Roland-Jones,JM Bairstow,WD Parnell,0,0,,,,,,,,,
1031429,2017,2017-05-29,Lord's,1,23.4,England,South Africa,TS Roland-Jones,JM Bairstow,WD Parnell,0,0,,,,,,,,,
1031429,2017,2017-05-29,Lord's,1,23.5,England,South Africa,TS Roland-Jones,JM Bairstow,WD Parnell,0,0,,,,,,,,,
1031429,2017,2017-05-29,Lord's,1,23.6,England,South Africa,TS Roland-Jones,JM Bairstow,WD Parnell,0,0,,,,,,,,,
1031429,2017,2017-05-29,Lord's,1,24.1,England,South Africa,JM Bairstow,TS Roland-Jones,K Rabada,0,0,,,,,,,,,
1031429,2017,2017-05-29,Lord's,1,24.2,England,South Africa,JM Bairstow,TS Roland-Jones,K Rabada,0,0,,,,,,,,,
1031429,2017,2017-05-29,Lord's,1,24.3,England,South Africa,JM Bairstow,TS Roland-Jones,K Rabada,0,0,,,,,,,,,
1031429,2017,2017-05-29,Lord's,1,24.4,England,South Africa,JM Bairstow,TS Roland-Jones,K Rabada,0,0,,,,,,,,,
1031429,2017,2017-05-29,Lord's,1,24.5,England,South Africa,JM Bairstow,TS Roland-Jones,K Rabada,4,0,,,,,,,,,
1031429,2017,2017-05-29,Lord's,1,24.6,England,South Africa,JM Bairstow,TS Roland-Jones,K Rabada,3,0,,,,,,,,,
1031429,2017,2017-05-29,Lord's,1,25.1,England,South Africa,JM Bairstow,TS Roland-Jones,KA Maharaj,0,0,,,,,,,,,
1031429,2017,2017-05-29,Lord's,1,25.2,England,South Africa,JM Bairstow,TS Roland-Jones,KA Maharaj,0,0,,,,,,,,,
1031429,2017,2017-05-29,Lord's,1,25.3,England,South Africa,JM Bairstow,TS Roland-Jones,KA Maharaj,4,0,,,,,,,,,
1031429,2017,2017-05-29,Lord's,1,25.4,England,South Africa,JM Bairstow,TS Roland-Jones,KA Maharaj,0,0,,,,,,,,,
1031429,2017,2017-05-29,Lord's,1,25.5,England,South Africa,JM Bairstow,TS Roland-Jones,KA Maharaj,0,0,,,,,,,,,
1031429,2017,2017-05-29,Lord's,1,25.6,England,South Africa,JM Bairstow,TS Roland-Jones,KA Maharaj,0,0,,,,,,,,,
1031429,2017,2017-05-29,Lord's,1,26.1,England,South Africa,TS Roland-Jones,JM Bairstow,K Rabada,4,0,,,,,,,,,
1031429,2017,2017-05-29,Lord's,1,26.2,England,South Africa,TS Roland-Jones,JM Bairstow,K Rabada,0,0,,,,,,,,,
1031429,2017,2017-05-29,Lord's,1,26.3,England,South Africa,TS Roland-Jones,JM Bairstow,K Rabada,0,0,,,,,,,,,
1031429,2017,2017-05-29,Lord's,1,26.4,England,South Africa,TS Roland-Jones,JM Bairstow,K Rabada,0,0,,,,,,,,,
1031429,2017,2017-05-29,Lord's,1,26.5,England,South Africa,TS Roland-Jones,JM Bairstow,K Rabada,0,0,,,,,,,,,
1031429,2017,2017-05-29,Lord's,1,26.6,England,South Africa,TS Roland-Jones,JM Bairstow,K Rabada,1,0,,,,,,,,,
1031429,2017,2017-05-29,Lord's,1,27.1,England,South Africa,TS Roland-Jones,JM Bairstow,KA Maharaj,0,0,,,,,,,,,
1031429,2017,2017-05-29,Lord's,1,27.2,England,South Africa,TS Roland-Jones,JM Bairstow,KA Maharaj,1,0,,,,,,,,,
1031429,2017,2017-05-29,Lord's,1,27.3,England,South Africa,JM Bairstow,TS Roland-Jones,KA Maharaj,0,0,,,,,,stumped,JM Bairstow,,
1031429,2017,2017-05-29,Lord's,1,27.4,England,South Africa,JT Ball,TS Roland-Jones,KA Maharaj,0,0,,,,,,,,,
1031429,2017,2017-05-29,Lord's,1,27.5,England,South Africa,JT Ball,TS Roland-Jones,KA Maharaj,0,0,,,,,,,,,
1031429,2017,2017-05-29,Lord's,1,27.6,England,South Africa,JT Ball,TS Roland-Jones,KA Maharaj,0,0,,,,,,,,,
1031429,2017,2017-05-29,Lord's,1,28.1,England,South Africa,TS Roland-Jones,JT Ball,K Rabada,0,0,,,,,,,,,
1031429,2017,2017-05-29,Lord's,1,28.2,England,South Africa,TS Roland-Jones,JT Ball,K Rabada,0,0,,,,,,,,,
1031429,2017,2017-05-29,Lord's,1,28.3,England,South Africa,TS Roland-Jones,JT Ball,K Rabada,0,0,,,,,,,,,
1031429,2017,2017-05-29,Lord's,1,28.4,England,South Africa,TS Roland-Jones,JT Ball,K Rabada,0,0,,,,,,,,,
1031429,2017,2017-05-29,Lord's,1,28.5,England,South Africa,TS Roland-Jones,JT Ball,K Rabada,1,0,,,,,,,,,
1031429,2017,2017-05-29,Lord's,1,28.6,England,South Africa,JT Ball,TS Roland-Jones,K Rabada,0,1,1,,,,,,,,
1031429,2017,2017-05-29,Lord's,1,28.7,England,South Africa,JT Ball,TS Roland-Jones,K Rabada,1,0,,,,,,,,,
1031429,2017,2017-05-29,Lord's,1,29.1,England,South Africa,JT Ball,TS Roland-Jones,KA Maharaj,2,0,,,,,,,,,
1031429,2017,2017-05-29,Lord's,1,29.2,England,South Africa,JT Ball,TS Roland-Jones,KA Maharaj,0,0,,,,,,,,,
1031429,2017,2017-05-29,Lord's,1,29.3,England,South Africa,JT Ball,TS Roland-Jones,KA Maharaj,0,0,,,,,,,,,
1031429,2017,2017-05-29,Lord's,1,29.4,England,South Africa,JT Ball,TS Roland-Jones,KA Maharaj,4,0,,,,,,,,,
1031429,2017,2017-05-29,Lord's,1,29.5,England,South Africa,JT Ball,TS Roland-Jones,KA Maharaj,0,0,,,,,,bowled,JT Ball,,
1031429,2017,2017-05-29,Lord's,1,29.6,England,South Africa,ST Finn,TS Roland-Jones,KA Maharaj,2,0,,,,,,,,,
1031429,2017,2017-05-29,Lord's,1,30.1,England,South Africa,TS Roland-Jones,ST Finn,K Rabada,3,0,,,,,,,,,
1031429,2017,2017-05-29,Lord's,1,30.2,England,South Africa,ST Finn,TS Roland-Jones,K Rabada,0,2,,,,2,,,,,
1031429,2017,2017-05-29,Lord's,1,30.3,England,South Africa,ST Finn,TS Roland-Jones,K Rabada,0,0,,,,,,,,,
1031429,2017,2017-05-29,Lord's,1,30.4,England,South Africa,ST Finn,TS Roland-Jones,K Rabada,1,0,,,,,,,,,
1031429,2017,2017-05-29,Lord's,1,30.5,England,South Africa,TS Roland-Jones,ST Finn,K Rabada,2,0,,,,,,,,,
1031429,2017,2017-05-29,Lord's,1,30.6,England,South Africa,TS Roland-Jones,ST Finn,K Rabada,0,0,,,,,,,,,
1031429,2017,2017-05-29,Lord's,1,31.1,England,South Africa,ST Finn,TS Roland-Jones,KA Maharaj,0,0,,,,,,caught,ST Finn,,
1031429,2017,2017-05-29,Lord's,2,0.1,South Africa,England,HM Amla,Q de Kock,DJ Willey,4,0,,,,,,,,,
1031429,2017,2017-05-29,Lord's,2,0.2,South Africa,England,HM Amla,Q de Kock,DJ Willey,0,0,,,,,,,,,
1031429,2017,2017-05-29,Lord's,2,0.3,South Africa,England,HM Amla,Q de Kock,DJ Willey,0,0,,,,,,,,,
1031429,2017,2017-05-29,Lord's,2,0.4,South Africa,England,HM Amla,Q de Kock,DJ Willey,4,0,,,,,,,,,
1031429,2017,2017-05-29,Lord's,2,0.5,South Africa,England,HM Amla,Q de Kock,DJ Willey,0,0,,,,,,,,,
1031429,2017,2017-05-29,Lord's,2,0.6,South Africa,England,HM Amla,Q de Kock,DJ Willey,0,0,,,,,,,,,
1031429,2017,2017-05-29,Lord's,2,1.1,South Africa,England,Q de Kock,HM Amla,JT Ball,0,1,1,,,,,,,,
1031429,2017,2017-05-29,Lord's,2,1.2,South Africa,England,Q de Kock,HM Amla,JT Ball,0,0,,,,,,,,,
1031429,2017,2017-05-29,Lord's,2,1.3,South Africa,England,Q de Kock,HM Amla,JT Ball,0,0,,,,,,,,,
1031429,2017,2017-05-29,Lord's,2,1.4,South Africa,England,Q de Kock,HM Amla,JT Ball,1,0,,,,,,,,,
1031429,2017,2017-05-29,Lord's,2,1.5,South Africa,England,HM Amla,Q de Kock,JT Ball,0,0,,,,,,,,,
1031429,2017,2017-05-29,Lord's,2,1.6,South Africa,England,HM Amla,Q de Kock,JT Ball,0,0,,,,,,,,,
1031429,2017,2017-05-29,Lord's,2,1.7,South Africa,England,HM Amla,Q de Kock,JT Ball,0,0,,,,,,,,,
1031429,2017,2017-05-29,Lord's,2,2.1,South Africa,England,Q de Kock,HM Amla,DJ Willey,1,0,,,,,,,,,
1031429,2017,2017-05-29,Lord's,2,2.2,South Africa,England,HM Amla,Q de Kock,DJ Willey,4,0,,,,,,,,,
1031429,2017,2017-05-29,Lord's,2,2.3,South Africa,England,HM Amla,Q de Kock,DJ Willey,0,0,,,,,,,,,
1031429,2017,2017-05-29,Lord's,2,2.4,South Africa,England,HM Amla,Q de Kock,DJ Willey,0,0,,,,,,,,,
1031429,2017,2017-05-29,Lord's,2,2.5,South Africa,England,HM Amla,Q de Kock,DJ Willey,0,0,,,,,,,,,
1031429,2017,2017-05-29,Lord's,2,2.6,South Africa,England,HM Amla,Q de Kock,DJ Willey,0,0,,,,,,,,,
1031429,2017,2017-05-29,Lord's,2,3.1,South Africa,England,Q de Kock,HM Amla,JT Ball,0,1,,,,1,,,,,
1031429,2017,2017-05-29,Lord's,2,3.2,South Africa,England,HM Amla,Q de Kock,JT Ball,0,0,,,,,,,,,
1031429,2017,2017-05-29,Lord's,2,3.3,South Africa,England,HM Amla,Q de Kock,JT Ball,0,1,1,,,,,,,,
1031429,2017,2017-05-29,Lord's,2,3.4,South Africa,England,HM Amla,Q de Kock,JT Ball,1,0,,,,,,,,,
1031429,2017,2017-05-29,Lord's,2,3.5,South Africa,England,Q de Kock,HM Amla,JT Ball,0,0,,,,,,,,,
1031429,2017,2017-05-29,Lord's,2,3.6,South Africa,England,Q de Kock,HM Amla,JT Ball,1,0,,,,,,,,,
1031429,2017,2017-05-29,Lord's,2,3.7,South Africa,England,HM Amla,Q de Kock,JT Ball,4,0,,,,,,,,,
1031429,2017,2017-05-29,Lord's,2,4.1,South Africa,England,Q de Kock,HM Amla,DJ Willey,4,0,,,,,,,,,
1031429,2017,2017-05-29,Lord's,2,4.2,South Africa,England,Q de Kock,HM Amla,DJ Willey,0,0,,,,,,,,,
1031429,2017,2017-05-29,Lord's,2,4.3,South Africa,England,Q de Kock,HM Amla,DJ Willey,1,0,,,,,,,,,
1031429,2017,2017-05-29,Lord's,2,4.4,South Africa,England,HM Amla,Q de Kock,DJ Willey,0,1,1,,,,,,,,
1031429,2017,2017-05-29,Lord's,2,4.5,South Africa,England,HM Amla,Q de Kock,DJ Willey,1,0,,,,,,,,,
1031429,2017,2017-05-29,Lord's,2,4.6,South Africa,England,Q de Kock,HM Amla,DJ Willey,4,0,,,,,,,,,
1031429,2017,2017-05-29,Lord's,2,4.7,South Africa,England,Q de Kock,HM Amla,DJ Willey,0,0,,,,,,,,,
1031429,2017,2017-05-29,Lord's,2,5.1,South Africa,England,HM Amla,Q de Kock,JT Ball,0,1,1,,,,,,,,
1031429,2017,2017-05-29,Lord's,2,5.2,South Africa,England,HM Amla,Q de Kock,JT Ball,0,0,,,,,,,,,
1031429,2017,2017-05-29,Lord's,2,5.3,South Africa,England,HM Amla,Q de Kock,JT Ball,0,0,,,,,,,,,
1031429,2017,2017-05-29,Lord's,2,5.4,South Africa,England,HM Amla,Q de Kock,JT Ball,0,0,,,,,,,,,
1031429,2017,2017-05-29,Lord's,2,5.5,South Africa,England,HM Amla,Q de Kock,JT Ball,1,0,,,,,,,,,
1031429,2017,2017-05-29,Lord's,2,5.6,South Africa,England,Q de Kock,HM Amla,JT Ball,0,0,,,,,,,,,
1031429,2017,2017-05-29,Lord's,2,5.7,South Africa,England,Q de Kock,HM Amla,JT Ball,0,0,,,,,,,,,
1031429,2017,2017-05-29,Lord's,2,6.1,South Africa,England,HM Amla,Q de Kock,ST Finn,4,0,,,,,,,,,
1031429,2017,2017-05-29,Lord's,2,6.2,South Africa,England,HM Amla,Q de Kock,ST Finn,0,0,,,,,,,,,
1031429,2017,2017-05-29,Lord's,2,6.3,South Africa,England,HM Amla,Q de Kock,ST Finn,1,0,,,,,,,,,
1031429,2017,2017-05-29,Lord's,2,6.4,South Africa,England,Q de Kock,HM Amla,ST Finn,0,0,,,,,,,,,
1031429,2017,2017-05-29,Lord's,2,6.5,South Africa,England,Q de Kock,HM Amla,ST Finn,1,0,,,,,,,,,
1031429,2017,2017-05-29,Lord's,2,6.6,South Africa,England,HM Amla,Q de Kock,ST Finn,0,0,,,,,,,,,
1031429,2017,2017-05-29,Lord's,2,7.1,South Africa,England,Q de Kock,HM Amla,JT Ball,0,0,,,,,,,,,
1031429,2017,2017-05-29,Lord's,2,7.2,South Africa,England,Q de Kock,HM Amla,JT Ball,0,0,,,,,,,,,
1031429,2017,2017-05-29,Lord's,2,7.3,South Africa,England,Q de Kock,HM Amla,JT Ball,1,0,,,,,,,,,
1031429,2017,2017-05-29,Lord's,2,7.4,South Africa,England,HM Amla,Q de Kock,JT Ball,1,0,,,,,,,,,
1031429,2017,2017-05-29,Lord's,2,7.5,South Africa,England,Q de Kock,HM Amla,JT Ball,2,0,,,,,,,,,
1031429,2017,2017-05-29,Lord's,2,7.6,South Africa,England,Q de Kock,HM Amla,JT Ball,2,0,,,,,,,,,
1031429,2017,2017-05-29,Lord's,2,8.1,South Africa,England,HM Amla,Q de Kock,ST Finn,0,0,,,,,,,,,
1031429,2017,2017-05-29,Lord's,2,8.2,South Africa,England,HM Amla,Q de Kock,ST Finn,4,0,,,,,,,,,
1031429,2017,2017-05-29,Lord's,2,8.3,South Africa,England,HM Amla,Q de Kock,ST Finn,0,0,,,,,,,,,
1031429,2017,2017-05-29,Lord's,2,8.4,South Africa,England,HM Amla,Q de Kock,ST Finn,4,0,,,,,,,,,
1031429,2017,2017-05-29,Lord's,2,8.5,South Africa,England,HM Amla,Q de Kock,ST Finn,0,0,,,,,,,,,
1031429,2017,2017-05-29,Lord's,2,8.6,South Africa,England,HM Amla,Q de Kock,ST Finn,0,0,,,,,,,,,
1031429,2017,2017-05-29,Lord's,2,9.1,South Africa,England,Q de Kock,HM Amla,JT Ball,0,0,,,,,,,,,
1031429,2017,2017-05-29,Lord's,2,9.2,South Africa,England,Q de Kock,HM Amla,JT Ball,1,0,,,,,,,,,
1031429,2017,2017-05-29,Lord's,2,9.3,South Africa,England,HM Amla,Q de Kock,JT Ball,0,0,,,,,,,,,
1031429,2017,2017-05-29,Lord's,2,9.4,South Africa,England,HM Amla,Q de Kock,JT Ball,0,0,,,,,,,,,
1031429,2017,2017-05-29,Lord's,2,9.5,South Africa,England,HM Amla,Q de Kock,JT Ball,0,0,,,,,,,,,
1031429,2017,2017-05-29,Lord's,2,9.6,South Africa,England,HM Amla,Q de Kock,JT Ball,0,0,,,,,,,,,
1031429,2017,2017-05-29,Lord's,2,10.1,South Africa,England,Q de Kock,HM Amla,ST Finn,0,0,,,,,,,,,
1031429,2017,2017-05-29,Lord's,2,10.2,South Africa,England,Q de Kock,HM Amla,ST Finn,0,0,,,,,,,,,
1031429,2017,2017-05-29,Lord's,2,10.3,South Africa,England,Q de Kock,HM Amla,ST Finn,1,0,,,,,,,,,
1031429,2017,2017-05-29,Lord's,2,10.4,South Africa,England,HM Amla,Q de Kock,ST Finn,0,0,,,,,,,,,
1031429,2017,2017-05-29,Lord's,2,10.5,South Africa,England,HM Amla,Q de Kock,ST Finn,1,0,,,,,,,,,
1031429,2017,2017-05-29,Lord's,2,10.6,South Africa,England,Q de Kock,HM Amla,ST Finn,0,0,,,,,,,,,
1031429,2017,2017-05-29,Lord's,2,11.1,South Africa,England,HM Amla,Q de Kock,JT Ball,0,0,,,,,,,,,
1031429,2017,2017-05-29,Lord's,2,11.2,South Africa,England,HM Amla,Q de Kock,JT Ball,2,0,,,,,,,,,
1031429,2017,2017-05-29,Lord's,2,11.3,South Africa,England,HM Amla,Q de Kock,JT Ball,2,0,,,,,,,,,
1031429,2017,2017-05-29,Lord's,2,11.4,South Africa,England,HM Amla,Q de Kock,JT Ball,0,0,,,,,,,,,
1031429,2017,2017-05-29,Lord's,2,11.5,South Africa,England,HM Amla,Q de Kock,JT Ball,4,0,,,,,,,,,
1031429,2017,2017-05-29,Lord's,2,11.6,South Africa,England,HM Amla,Q de Kock,JT Ball,0,0,,,,,,,,,
1031429,2017,2017-05-29,Lord's,2,12.1,South Africa,England,Q de Kock,HM Amla,TS Roland-Jones,0,0,,,,,,,,,
1031429,2017,2017-05-29,Lord's,2,12.2,South Africa,England,Q de Kock,HM Amla,TS Roland-Jones,1,0,,,,,,,,,
1031429,2017,2017-05-29,Lord's,2,12.3,South Africa,England,HM Amla,Q de Kock,TS Roland-Jones,1,0,,,,,,,,,
1031429,2017,2017-05-29,Lord's,2,12.4,South Africa,England,Q de Kock,HM Amla,TS Roland-Jones,4,0,,,,,,,,,
1031429,2017,2017-05-29,Lord's,2,12.5,South Africa,England,Q de Kock,HM Amla,TS Roland-Jones,2,0,,,,,,,,,
1031429,2017,2017-05-29,Lord's,2,12.6,South Africa,England,Q de Kock,HM Amla,TS Roland-Jones,0,0,,,,,,,,,
1031429,2017,2017-05-29,Lord's,2,13.1,South Africa,England,HM Amla,Q de Kock,JT Ball,0,0,,,,,,,,,
1031429,2017,2017-05-29,Lord's,2,13.2,South Africa,England,HM Amla,Q de Kock,JT Ball,4,0,,,,,,,,,
1031429,2017,2017-05-29,Lord's,2,13.3,South Africa,England,HM Amla,Q de Kock,JT Ball,0,0,,,,,,,,,
1031429,2017,2017-05-29,Lord's,2,13.4,South Africa,England,HM Amla,Q de Kock,JT Ball,0,0,,,,,,,,,
1031429,2017,2017-05-29,Lord's,2,13.5,South Africa,England,HM Amla,Q de Kock,JT Ball,4,0,,,,,,,,,
1031429,2017,2017-05-29,Lord's,2,13.6,South Africa,England,HM Amla,Q de Kock,JT Ball,0,1,1,,,,,,,,
1031429,2017,2017-05-29,Lord's,2,13.7,South Africa,England,HM Amla,Q de Kock,JT Ball,0,0,,,,,,,,,
1031429,2017,2017-05-29,Lord's,2,14.1,South Africa,England,Q de Kock,HM Amla,TS Roland-Jones,4,0,,,,,,,,,
1031429,2017,2017-05-29,Lord's,2,14.2,South Africa,England,Q de Kock,HM Amla,TS Roland-Jones,0,0,,,,,,,,,
1031429,2017,2017-05-29,Lord's,2,14.3,South Africa,England,Q de Kock,HM Amla,TS Roland-Jones,2,0,,,,,,,,,
1031429,2017,2017-05-29,Lord's,2,14.4,South Africa,England,Q de Kock,HM Amla,TS Roland-Jones,1,0,,,,,,,,,
1031429,2017,2017-05-29,Lord's,2,14.5,South Africa,England,HM Amla,Q de Kock,TS Roland-Jones,4,0,,,,,,,,,
1031429,2017,2017-05-29,Lord's,2,14.6,South Africa,England,HM Amla,Q de Kock,TS Roland-Jones,0,0,,,,,,bowled,HM Amla,,
1031429,2017,2017-05-29,Lord's,2,15.1,South Africa,England,Q de Kock,JP Duminy,JT Ball,0,0,,,,,,,,,
1031429,2017,2017-05-29,Lord's,2,15.2,South Africa,England,Q de Kock,JP Duminy,JT Ball,0,0,,,,,,,,,
1031429,2017,2017-05-29,Lord's,2,15.3,South Africa,England,Q de Kock,JP Duminy,JT Ball,0,0,,,,,,bowled,Q de Kock,,
1031429,2017,2017-05-29,Lord's,2,15.4,South Africa,England,F du Plessis,JP Duminy,JT Ball,4,0,,,,,,,,,
1031429,2017,2017-05-29,Lord's,2,15.5,South Africa,England,F du Plessis,JP Duminy,JT Ball,0,0,,,,,,,,,
1031429,2017,2017-05-29,Lord's,2,15.6,South Africa,England,F du Plessis,JP Duminy,JT Ball,0,0,,,,,,,,,
1031429,2017,2017-05-29,Lord's,2,16.1,South Africa,England,JP Duminy,F du Plessis,TS Roland-Jones,0,0,,,,,,,,,
1031429,2017,2017-05-29,Lord's,2,16.2,South Africa,England,JP Duminy,F du Plessis,TS Roland-Jones,0,0,,,,,,,,,
1031429,2017,2017-05-29,Lord's,2,16.3,South Africa,England,JP Duminy,F du Plessis,TS Roland-Jones,0,0,,,,,,,,,
1031429,2017,2017-05-29,Lord's,2,16.4,South Africa,England,JP Duminy,F du Plessis,TS Roland-Jones,0,0,,,,,,,,,
1031429,2017,2017-05-29,Lord's,2,16.5,South Africa,England,JP Duminy,F du Plessis,TS Roland-Jones,0,0,,,,,,,,,
1031429,2017,2017-05-29,Lord's,2,16.6,South Africa,England,JP Duminy,F du Plessis,TS Roland-Jones,0,0,,,,,,,,,
1031429,2017,2017-05-29,Lord's,2,17.1,South Africa,England,F du Plessis,JP Duminy,JT Ball,0,0,,,,,,,,,
1031429,2017,2017-05-29,Lord's,2,17.2,South Africa,England,F du Plessis,JP Duminy,JT Ball,0,0,,,,,,,,,
1031429,2017,2017-05-29,Lord's,2,17.3,South Africa,England,F du Plessis,JP Duminy,JT Ball,1,0,,,,,,,,,
1031429,2017,2017-05-29,Lord's,2,17.4,South Africa,England,JP Duminy,F du Plessis,JT Ball,0,0,,,,,,,,,
1031429,2017,2017-05-29,Lord's,2,17.5,South Africa,England,JP Duminy,F du Plessis,JT Ball,1,0,,,,,,,,,
1031429,2017,2017-05-29,Lord's,2,17.6,South Africa,England,F du Plessis,JP Duminy,JT Ball,0,0,,,,,,caught,F du Plessis,,
1031429,2017,2017-05-29,Lord's,2,18.1,South Africa,England,JP Duminy,AB de Villiers,TS Roland-Jones,0,0,,,,,,,,,
1031429,2017,2017-05-29,Lord's,2,18.2,South Africa,England,JP Duminy,AB de Villiers,TS Roland-Jones,0,0,,,,,,,,,
1031429,2017,2017-05-29,Lord's,2,18.3,South Africa,England,JP Duminy,AB de Villiers,TS Roland-Jones,2,0,,,,,,,,,
1031429,2017,2017-05-29,Lord's,2,18.4,South Africa,England,JP Duminy,AB de Villiers,TS Roland-Jones,0,0,,,,,,,,,
1031429,2017,2017-05-29,Lord's,2,18.5,South Africa,England,JP Duminy,AB de Villiers,TS Roland-Jones,1,0,,,,,,,,,
1031429,2017,2017-05-29,Lord's,2,18.6,South Africa,England,AB de Villiers,JP Duminy,TS Roland-Jones,0,0,,,,,,,,,
1031429,2017,2017-05-29,Lord's,2,19.1,South Africa,England,JP Duminy,AB de Villiers,JT Ball,0,1,1,,,,,,,,
1031429,2017,2017-05-29,Lord's,2,19.2,South Africa,England,JP Duminy,AB de Villiers,JT Ball,1,0,,,,,,,,,
1031429,2017,2017-05-29,Lord's,2,19.3,South Africa,England,AB de Villiers,JP Duminy,JT Ball,0,0,,,,,,,,,
1031429,2017,2017-05-29,Lord's,2,19.4,South Africa,England,AB de Villiers,JP Duminy,JT Ball,0,0,,,,,,,,,
1031429,2017,2017-05-29,Lord's,2,19.5,South Africa,England,AB de Villiers,JP Duminy,JT Ball,0,0,,,,,,,,,
1031429,2017,2017-05-29,Lord's,2,19.6,South Africa,England,AB de Villiers,JP Duminy,JT Ball,0,0,,,,,,,,,
1031429,2017,2017-05-29,Lord's,2,19.7,South Africa,England,AB de Villiers,JP Duminy,JT Ball,0,0,,,,,,,,,
1031429,2017,2017-05-29,Lord's,2,20.1,South Africa,England,JP Duminy,AB de Villiers,TS Roland-Jones,4,0,,,,,,,,,
1031429,2017,2017-05-29,Lord's,2,20.2,South Africa,England,JP Duminy,AB de Villiers,TS Roland-Jones,0,0,,,,,,,,,
1031429,2017,2017-05-29,Lord's,2,20.3,South Africa,England,JP Duminy,AB de Villiers,TS Roland-Jones,2,0,,,,,,,,,
1031429,2017,2017-05-29,Lord's,2,20.4,South Africa,England,JP Duminy,AB de Villiers,TS Roland-Jones,0,0,,,,,,,,,
1031429,2017,2017-05-29,Lord's,2,20.5,South Africa,England,JP Duminy,AB de Villiers,TS Roland-Jones,0,0,,,,,,,,,
1031429,2017,2017-05-29,Lord's,2,20.6,South Africa,England,JP Duminy,AB de Villiers,TS Roland-Jones,0,0,,,,,,,,,
1031429,2017,2017-05-29,Lord's,2,21.1,South Africa,England,AB de Villiers,JP Duminy,ST Finn,0,0,,,,,,,,,
1031429,2017,2017-05-29,Lord's,2,21.2,South Africa,England,AB de Villiers,JP Duminy,ST Finn,0,0,,,,,,,,,
1031429,2017,2017-05-29,Lord's,2,21.3,South Africa,England,AB de Villiers,JP Duminy,ST Finn,0,0,,,,,,,,,
1031429,2017,2017-05-29,Lord's,2,21.4,South Africa,England,AB de Villiers,JP Duminy,ST Finn,0,0,,,,,,,,,
1031429,2017,2017-05-29,Lord's,2,21.5,South Africa,England,AB de Villiers,JP Duminy,ST Finn,0,0,,,,,,,,,
1031429,2017,2017-05-29,Lord's,2,21.6,South Africa,England,AB de Villiers,JP Duminy,ST Finn,0,0,,,,,,,,,
1031429,2017,2017-05-29,Lord's,2,22.1,South Africa,England,JP Duminy,AB de Villiers,TS Roland-Jones,0,0,,,,,,,,,
1031429,2017,2017-05-29,Lord's,2,22.2,South Africa,England,JP Duminy,AB de Villiers,TS Roland-Jones,0,0,,,,,,,,,
1031429,2017,2017-05-29,Lord's,2,22.3,South Africa,England,JP Duminy,AB de Villiers,TS Roland-Jones,0,0,,,,,,,,,
1031429,2017,2017-05-29,Lord's,2,22.4,South Africa,England,JP Duminy,AB de Villiers,TS Roland-Jones,0,0,,,,,,,,,
1031429,2017,2017-05-29,Lord's,2,22.5,South Africa,England,JP Duminy,AB de Villiers,TS Roland-Jones,0,0,,,,,,,,,
1031429,2017,2017-05-29,Lord's,2,22.6,South Africa,England,JP Duminy,AB de Villiers,TS Roland-Jones,0,0,,,,,,,,,
1031429,2017,2017-05-29,Lord's,2,23.1,South Africa,England,AB de Villiers,JP Duminy,ST Finn,1,0,,,,,,,,,
1031429,2017,2017-05-29,Lord's,2,23.2,South Africa,England,JP Duminy,AB de Villiers,ST Finn,2,0,,,,,,,,,
1031429,2017,2017-05-29,Lord's,2,23.3,South Africa,England,JP Duminy,AB de Villiers,ST Finn,0,0,,,,,,,,,
1031429,2017,2017-05-29,Lord's,2,23.4,South Africa,England,JP Duminy,AB de Villiers,ST Finn,0,0,,,,,,,,,
1031429,2017,2017-05-29,Lord's,2,23.5,South Africa,England,JP Duminy,AB de Villiers,ST Finn,0,0,,,,,,,,,
1031429,2017,2017-05-29,Lord's,2,23.6,South Africa,England,JP Duminy,AB de Villiers,ST Finn,0,0,,,,,,,,,
1031429,2017,2017-05-29,Lord's,2,24.1,South Africa,England,AB de Villiers,JP Duminy,TS Roland-Jones,0,0,,,,,,,,,
1031429,2017,2017-05-29,Lord's,2,24.2,South Africa,England,AB de Villiers,JP Duminy,TS Roland-Jones,0,0,,,,,,,,,
1031429,2017,2017-05-29,Lord's,2,24.3,South Africa,England,AB de Villiers,JP Duminy,TS Roland-Jones,0,0,,,,,,,,,
1031429,2017,2017-05-29,Lord's,2,24.4,South Africa,England,AB de Villiers,JP Duminy,TS Roland-Jones,0,0,,,,,,,,,
1031429,2017,2017-05-29,Lord's,2,24.5,South Africa,England,AB de Villiers,JP Duminy,TS Roland-Jones,4,0,,,,,,,,,
1031429,2017,2017-05-29,Lord's,2,24.6,South Africa,England,AB de Villiers,JP Duminy,TS Roland-Jones,2,0,,,,,,,,,
1031429,2017,2017-05-29,Lord's,2,25.1,South Africa,England,JP Duminy,AB de Villiers,ST Finn,2,0,,,,,,,,,
1031429,2017,2017-05-29,Lord's,2,25.2,South Africa,England,JP Duminy,AB de Villiers,ST Finn,0,0,,,,,,,,,
1031429,2017,2017-05-29,Lord's,2,25.3,South Africa,England,JP Duminy,AB de Villiers,ST Finn,0,0,,,,,,,,,
1031429,2017,2017-05-29,Lord's,2,25.4,South Africa,England,JP Duminy,AB de Villiers,ST Finn,4,0,,,,,,,,,
1031429,2017,2017-05-29,Lord's,2,25.5,South Africa,England,JP Duminy,AB de Villiers,ST Finn,1,0,,,,,,,,,
1031429,2017,2017-05-29,Lord's,2,25.6,South Africa,England,AB de Villiers,JP Duminy,ST Finn,4,0,,,,,,,,,
1031429,2017,2017-05-29,Lord's,2,26.1,South Africa,England,JP Duminy,AB de Villiers,DJ Willey,1,0,,,,,,,,,
1031429,2017,2017-05-29,Lord's,2,26.2,South Africa,England,AB de Villiers,JP Duminy,DJ Willey,0,0,,,,,,,,,
1031429,2017,2017-05-29,Lord's,2,26.3,South Africa,England,AB de Villiers,JP Duminy,DJ Willey,0,0,,,,,,,,,
1031429,2017,2017-05-29,Lord's,2,26.4,South Africa,England,AB de Villiers,JP Duminy,DJ Willey,4,0,,,,,,,,,
1031429,2017,2017-05-29,Lord's,2,26.5,South Africa,England,AB de Villiers,JP Duminy,DJ Willey,4,0,,,,,,,,,
1031429,2017,2017-05-29,Lord's,2,26.6,South Africa,England,AB de Villiers,JP Duminy,DJ Willey,1,0,,,,,,,,,
1031429,2017,2017-05-29,Lord's,2,27.1,South Africa,England,AB de Villiers,JP Duminy,ST Finn,1,0,,,,,,,,,
1031429,2017,2017-05-29,Lord's,2,27.2,South Africa,England,JP Duminy,AB de Villiers,ST Finn,2,0,,,,,,,,,
1031429,2017,2017-05-29,Lord's,2,27.3,South Africa,England,JP Duminy,AB de Villiers,ST Finn,1,0,,,,,,,,,
1031429,2017,2017-05-29,Lord's,2,27.4,South Africa,England,AB de Villiers,JP Duminy,ST Finn,0,0,,,,,,,,,
1031429,2017,2017-05-29,Lord's,2,27.5,South Africa,England,AB de Villiers,JP Duminy,ST Finn,1,0,,,,,,,,,
1031429,2017,2017-05-29,Lord's,2,27.6,South Africa,England,JP Duminy,AB de Villiers,ST Finn,0,0,,,,,,,,,
1031429,2017,2017-05-29,Lord's,2,28.1,South Africa,England,AB de Villiers,JP Duminy,DJ Willey,4,0,,,,,,,,,
1031429,2017,2017-05-29,Lord's,2,28.2,South Africa,England,AB de Villiers,JP Duminy,DJ Willey,1,0,,,,,,,,,
1031429,2017,2017-05-29,Lord's,2,28.3,South Africa,England,JP Duminy,AB de Villiers,DJ Willey,0,0,,,,,,,,,
1031429,2017,2017-05-29,Lord's,2,28.4,South Africa,England,JP Duminy,AB de Villiers,DJ Willey,0,0,,,,,,,,,
1031429,2017,2017-05-29,Lord's,2,28.5,South Africa,England,JP Duminy,AB de Villiers,DJ Willey,4,0,,,,,,,,,
