match_id,season,start_date,venue,innings,ball,batting_team,bowling_team,striker,non_striker,bowler,runs_off_bat,extras,wides,noballs,byes,legbyes,penalty,wicket_type,player_dismissed,other_wicket_type,other_player_dismissed
1031671,2017,2017-09-24,County Ground,1,0.1,England,West Indies,JM Bairstow,AD Hales,JE Taylor,0,0,,,,,,,,,
1031671,2017,2017-09-24,County Ground,1,0.2,England,West Indies,JM Bairstow,AD Hales,JE Taylor,0,0,,,,,,,,,
1031671,2017,2017-09-24,County Ground,1,0.3,England,West Indies,JM Bairstow,AD Hales,JE Taylor,0,0,,,,,,,,,
1031671,2017,2017-09-24,County Ground,1,0.4,England,West Indies,JM Bairstow,AD Hales,JE Taylor,0,0,,,,,,,,,
1031671,2017,2017-09-24,County Ground,1,0.5,England,West Indies,JM Bairstow,AD Hales,JE Taylor,0,1,,,,1,,,,,
1031671,2017,2017-09-24,County Ground,1,0.6,England,West Indies,AD Hales,JM Bairstow,JE Taylor,0,0,,,,,,,,,
1031671,2017,2017-09-24,County Ground,1,1.1,England,West Indies,JM Bairstow,AD Hales,JO Holder,0,0,,,,,,,,,
1031671,2017,2017-09-24,County Ground,1,1.2,England,West Indies,JM Bairstow,AD Hales,JO Holder,1,0,,,,,,,,,
1031671,2017,2017-09-24,County Ground,1,1.3,England,West Indies,AD Hales,JM Bairstow,JO Holder,1,0,,,,,,,,,
1031671,2017,2017-09-24,County Ground,1,1.4,England,West Indies,JM Bairstow,AD Hales,JO Holder,0,0,,,,,,,,,
1031671,2017,2017-09-24,County Ground,1,1.5,England,West Indies,JM Bairstow,AD Hales,JO Holder,0,0,,,,,,,,,
1031671,2017,2017-09-24,County Ground,1,1.6,England,West Indies,JM Bairstow,AD Hales,JO Holder,0,0,,,,,,,,,
1031671,2017,2017-09-24,County Ground,1,2.1,England,West Indies,AD Hales,JM Bairstow,JE Taylor,2,1,,1,,,,,,,
1031671,2017,2017-09-24,County Ground,1,2.2,England,West Indies,AD Hales,JM Bairstow,JE Taylor,0,0,,,,,,,,,
1031671,2017,2017-09-24,County Ground,1,2.3,England,West Indies,AD Hales,JM Bairstow,JE Taylor,0,0,,,,,,,,,
1031671,2017,2017-09-24,County Ground,1,2.4,England,West Indies,AD Hales,JM Bairstow,JE Taylor,0,0,,,,,,,,,
1031671,2017,2017-09-24,County Ground,1,2.5,England,West Indies,AD Hales,JM Bairstow,JE Taylor,1,0,,,,,,,,,
1031671,2017,2017-09-24,County Ground,1,2.6,England,West Indies,JM Bairstow,AD Hales,JE Taylor,0,0,,,,,,,,,
1031671,2017,2017-09-24,County Ground,1,2.7,England,West Indies,JM Bairstow,AD Hales,JE Taylor,4,0,,,,,,,,,
1031671,2017,2017-09-24,County Ground,1,3.1,England,West Indies,AD Hales,JM Bairstow,JO Holder,2,0,,,,,,,,,
1031671,2017,2017-09-24,County Ground,1,3.2,England,West Indies,AD Hales,JM Bairstow,JO Holder,0,0,,,,,,,,,
1031671,2017,2017-09-24,County Ground,1,3.3,England,West Indies,AD Hales,JM Bairstow,JO Holder,0,0,,,,,,,,,
1031671,2017,2017-09-24,County Ground,1,3.4,England,West Indies,AD Hales,JM Bairstow,JO Holder,0,0,,,,,,,,,
1031671,2017,2017-09-24,County Ground,1,3.5,England,West Indies,AD Hales,JM Bairstow,JO Holder,0,0,,,,,,,,,
1031671,2017,2017-09-24,County Ground,1,3.6,England,West Indies,AD Hales,JM Bairstow,JO Holder,4,0,,,,,,,,,
1031671,2017,2017-09-24,County Ground,1,4.1,England,West Indies,JM Bairstow,AD Hales,JE Taylor,0,0,,,,,,,,,
1031671,2017,2017-09-24,County Ground,1,4.2,England,West Indies,JM Bairstow,AD Hales,JE Taylor,1,0,,,,,,,,,
1031671,2017,2017-09-24,County Ground,1,4.3,England,West Indies,AD Hales,JM Bairstow,JE Taylor,0,0,,,,,,,,,
1031671,2017,2017-09-24,County Ground,1,4.4,England,West Indies,AD Hales,JM Bairstow,JE Taylor,0,0,,,,,,,,,
1031671,2017,2017-09-24,County Ground,1,4.5,England,West Indies,AD Hales,JM Bairstow,JE Taylor,0,0,,,,,,,,,
1031671,2017,2017-09-24,County Ground,1,4.6,England,West Indies,AD Hales,JM Bairstow,JE Taylor,0,0,,,,,,,,,
1031671,2017,2017-09-24,County Ground,1,5.1,England,West Indies,JM Bairstow,AD Hales,JO Holder,1,0,,,,,,,,,
1031671,2017,2017-09-24,County Ground,1,5.2,England,West Indies,AD Hales,JM Bairstow,JO Holder,1,1,,1,,,,,,,
1031671,2017,2017-09-24,County Ground,1,5.3,England,West Indies,JM Bairstow,AD Hales,JO Holder,6,0,,,,,,,,,
1031671,2017,2017-09-24,County Ground,1,5.4,England,West Indies,JM Bairstow,AD Hales,JO Holder,0,0,,,,,,caught and bowled,JM Bairstow,,
1031671,2017,2017-09-24,County Ground,1,5.5,England,West Indies,JE Root,AD Hales,JO Holder,0,0,,,,,,,,,
1031671,2017,2017-09-24,County Ground,1,5.6,England,West Indies,JE Root,AD Hales,JO Holder,0,0,,,,,,,,,
1031671,2017,2017-09-24,County Ground,1,5.7,England,West Indies,JE Root,AD Hales,JO Holder,1,0,,,,,,,,,
1031671,2017,2017-09-24,County Ground,1,6.1,England,West Indies,JE Root,AD Hales,JE Taylor,0,0,,,,,,,,,
1031671,2017,2017-09-24,County Ground,1,6.2,England,West Indies,JE Root,AD Hales,JE Taylor,0,0,,,,,,,,,
1031671,2017,2017-09-24,County Ground,1,6.3,England,West Indies,JE Root,AD Hales,JE Taylor,0,0,,,,,,,,,
1031671,2017,2017-09-24,County Ground,1,6.4,England,West Indies,JE Root,AD Hales,JE Taylor,4,0,,,,,,,,,
1031671,2017,2017-09-24,County Ground,1,6.5,England,West Indies,JE Root,AD Hales,JE Taylor,4,0,,,,,,,,,
1031671,2017,2017-09-24,County Ground,1,6.6,England,West Indies,JE Root,AD Hales,JE Taylor,4,0,,,,,,,,,
1031671,2017,2017-09-24,County Ground,1,7.1,England,West Indies,AD Hales,JE Root,JO Holder,0,0,,,,,,,,,
1031671,2017,2017-09-24,County Ground,1,7.2,England,West Indies,AD Hales,JE Root,JO Holder,2,0,,,,,,,,,
1031671,2017,2017-09-24,County Ground,1,7.3,England,West Indies,AD Hales,JE Root,JO Holder,0,0,,,,,,,,,
1031671,2017,2017-09-24,County Ground,1,7.4,England,West Indies,AD Hales,JE Root,JO Holder,4,0,,,,,,,,,
1031671,2017,2017-09-24,County Ground,1,7.5,England,West Indies,AD Hales,JE Root,JO Holder,0,0,,,,,,,,,
1031671,2017,2017-09-24,County Ground,1,7.6,England,West Indies,AD Hales,JE Root,JO Holder,2,0,,,,,,,,,
1031671,2017,2017-09-24,County Ground,1,8.1,England,West Indies,JE Root,AD Hales,JE Taylor,0,0,,,,,,,,,
1031671,2017,2017-09-24,County Ground,1,8.2,England,West Indies,JE Root,AD Hales,JE Taylor,4,0,,,,,,,,,
1031671,2017,2017-09-24,County Ground,1,8.3,England,West Indies,JE Root,AD Hales,JE Taylor,1,0,,,,,,,,,
1031671,2017,2017-09-24,County Ground,1,8.4,England,West Indies,AD Hales,JE Root,JE Taylor,4,0,,,,,,,,,
1031671,2017,2017-09-24,County Ground,1,8.5,England,West Indies,AD Hales,JE Root,JE Taylor,0,0,,,,,,,,,
1031671,2017,2017-09-24,County Ground,1,8.6,England,West Indies,AD Hales,JE Root,JE Taylor,4,0,,,,,,,,,
1031671,2017,2017-09-24,County Ground,1,9.1,England,West Indies,JE Root,AD Hales,JO Holder,1,0,,,,,,,,,
1031671,2017,2017-09-24,County Ground,1,9.2,England,West Indies,AD Hales,JE Root,JO Holder,0,0,,,,,,,,,
1031671,2017,2017-09-24,County Ground,1,9.3,England,West Indies,AD Hales,JE Root,JO Holder,1,0,,,,,,,,,
1031671,2017,2017-09-24,County Ground,1,9.4,England,West Indies,JE Root,AD Hales,JO Holder,1,0,,,,,,,,,
1031671,2017,2017-09-24,County Ground,1,9.5,England,West Indies,AD Hales,JE Root,JO Holder,1,0,,,,,,,,,
1031671,2017,2017-09-24,County Ground,1,9.6,England,West Indies,JE Root,AD Hales,JO Holder,0,0,,,,,,,,,
1031671,2017,2017-09-24,County Ground,1,10.1,England,West Indies,AD Hales,JE Root,ML Cummins,0,0,,,,,,,,,
1031671,2017,2017-09-24,County Ground,1,10.2,England,West Indies,AD Hales,JE Root,ML Cummins,2,0,,,,,,,,,
1031671,2017,2017-09-24,County Ground,1,10.3,England,West Indies,AD Hales,JE Root,ML Cummins,4,0,,,,,,,,,
1031671,2017,2017-09-24,County Ground,1,10.4,England,West Indies,AD Hales,JE Root,ML Cummins,1,0,,,,,,,,,
1031671,2017,2017-09-24,County Ground,1,10.5,England,West Indies,JE Root,AD Hales,ML Cummins,1,0,,,,,,,,,
1031671,2017,2017-09-24,County Ground,1,10.6,England,West Indies,AD Hales,JE Root,ML Cummins,0,0,,,,,,lbw,AD Hales,,
1031671,2017,2017-09-24,County Ground,1,11.1,England,West Indies,JE Root,EJG Morgan,JO Holder,1,0,,,,,,,,,
1031671,2017,2017-09-24,County Ground,1,11.2,England,West Indies,EJG Morgan,JE Root,JO Holder,0,0,,,,,,caught,EJG Morgan,,
1031671,2017,2017-09-24,County Ground,1,11.3,England,West Indies,BA Stokes,JE Root,JO Holder,0,0,,,,,,,,,
1031671,2017,2017-09-24,County Ground,1,11.4,England,West Indies,BA Stokes,JE Root,JO Holder,0,0,,,,,,,,,
1031671,2017,2017-09-24,County Ground,1,11.5,England,West Indies,BA Stokes,JE Root,JO Holder,2,0,,,,,,,,,
1031671,2017,2017-09-24,County Ground,1,11.6,England,West Indies,BA Stokes,JE Root,JO Holder,1,0,,,,,,,,,
1031671,2017,2017-09-24,County Ground,1,12.1,England,West Indies,BA Stokes,JE Root,ML Cummins,4,0,,,,,,,,,
1031671,2017,2017-09-24,County Ground,1,12.2,England,West Indies,BA Stokes,JE Root,ML Cummins,0,0,,,,,,,,,
1031671,2017,2017-09-24,County Ground,1,12.3,England,West Indies,BA Stokes,JE Root,ML Cummins,3,0,,,,,,,,,
1031671,2017,2017-09-24,County Ground,1,12.4,England,West Indies,JE Root,BA Stokes,ML Cummins,1,0,,,,,,,,,
1031671,2017,2017-09-24,County Ground,1,12.5,England,West Indies,BA Stokes,JE Root,ML Cummins,0,0,,,,,,,,,
1031671,2017,2017-09-24,County Ground,1,12.6,England,West Indies,BA Stokes,JE Root,ML Cummins,0,0,,,,,,,,,
1031671,2017,2017-09-24,County Ground,1,13.1,England,West Indies,JE Root,BA Stokes,JO Holder,0,0,,,,,,,,,
1031671,2017,2017-09-24,County Ground,1,13.2,England,West Indies,JE Root,BA Stokes,JO Holder,4,0,,,,,,,,,
1031671,2017,2017-09-24,County Ground,1,13.3,England,West Indies,JE Root,BA Stokes,JO Holder,1,0,,,,,,,,,
1031671,2017,2017-09-24,County Ground,1,13.4,England,West Indies,BA Stokes,JE Root,JO Holder,1,0,,,,,,,,,
1031671,2017,2017-09-24,County Ground,1,13.5,England,West Indies,JE Root,BA Stokes,JO Holder,1,0,,,,,,,,,
1031671,2017,2017-09-24,County Ground,1,13.6,England,West Indies,BA Stokes,JE Root,JO Holder,1,0,,,,,,,,,
1031671,2017,2017-09-24,County Ground,1,14.1,England,West Indies,BA Stokes,JE Root,ML Cummins,0,0,,,,,,,,,
1031671,2017,2017-09-24,County Ground,1,14.2,England,West Indies,BA Stokes,JE Root,ML Cummins,0,0,,,,,,,,,
1031671,2017,2017-09-24,County Ground,1,14.3,England,West Indies,BA Stokes,JE Root,ML Cummins,1,0,,,,,,,,,
1031671,2017,2017-09-24,County Ground,1,14.4,England,West Indies,JE Root,BA Stokes,ML Cummins,0,0,,,,,,,,,
1031671,2017,2017-09-24,County Ground,1,14.5,England,West Indies,JE Root,BA Stokes,ML Cummins,6,0,,,,,,,,,
1031671,2017,2017-09-24,County Ground,1,14.6,England,West Indies,JE Root,BA Stokes,ML Cummins,1,0,,,,,,,,,
1031671,2017,2017-09-24,County Ground,1,15.1,England,West Indies,JE Root,BA Stokes,D Bishoo,2,0,,,,,,,,,
1031671,2017,2017-09-24,County Ground,1,15.2,England,West Indies,JE Root,BA Stokes,D Bishoo,2,0,,,,,,,,,
1031671,2017,2017-09-24,County Ground,1,15.3,England,West Indies,JE Root,BA Stokes,D Bishoo,1,0,,,,,,,,,
1031671,2017,2017-09-24,County Ground,1,15.4,England,West Indies,BA Stokes,JE Root,D Bishoo,1,0,,,,,,,,,
1031671,2017,2017-09-24,County Ground,1,15.5,England,West Indies,JE Root,BA Stokes,D Bishoo,1,0,,,,,,,,,
1031671,2017,2017-09-24,County Ground,1,15.6,England,West Indies,BA Stokes,JE Root,D Bishoo,0,0,,,,,,,,,
1031671,2017,2017-09-24,County Ground,1,16.1,England,West Indies,JE Root,BA Stokes,ML Cummins,1,0,,,,,,,,,
1031671,2017,2017-09-24,County Ground,1,16.2,England,West Indies,BA Stokes,JE Root,ML Cummins,1,0,,,,,,,,,
1031671,2017,2017-09-24,County Ground,1,16.3,England,West Indies,JE Root,BA Stokes,ML Cummins,1,0,,,,,,,,,
1031671,2017,2017-09-24,County Ground,1,16.4,England,West Indies,BA Stokes,JE Root,ML Cummins,0,0,,,,,,,,,
1031671,2017,2017-09-24,County Ground,1,16.5,England,West Indies,BA Stokes,JE Root,ML Cummins,4,0,,,,,,,,,
1031671,2017,2017-09-24,County Ground,1,16.6,England,West Indies,BA Stokes,JE Root,ML Cummins,1,0,,,,,,,,,
1031671,2017,2017-09-24,County Ground,1,17.1,England,West Indies,BA Stokes,JE Root,D Bishoo,1,0,,,,,,,,,
1031671,2017,2017-09-24,County Ground,1,17.2,England,West Indies,JE Root,BA Stokes,D Bishoo,1,0,,,,,,,,,
1031671,2017,2017-09-24,County Ground,1,17.3,England,West Indies,BA Stokes,JE Root,D Bishoo,1,0,,,,,,,,,
1031671,2017,2017-09-24,County Ground,1,17.4,England,West Indies,JE Root,BA Stokes,D Bishoo,1,0,,,,,,,,,
1031671,2017,2017-09-24,County Ground,1,17.5,England,West Indies,BA Stokes,JE Root,D Bishoo,1,0,,,,,,,,,
1031671,2017,2017-09-24,County Ground,1,17.6,England,West Indies,JE Root,BA Stokes,D Bishoo,1,0,,,,,,,,,
1031671,2017,2017-09-24,County Ground,1,18.1,England,West Indies,JE Root,BA Stokes,AR Nurse,0,0,,,,,,,,,
1031671,2017,2017-09-24,County Ground,1,18.2,England,West Indies,JE Root,BA Stokes,AR Nurse,1,0,,,,,,,,,
1031671,2017,2017-09-24,County Ground,1,18.3,England,West Indies,BA Stokes,JE Root,AR Nurse,0,0,,,,,,,,,
1031671,2017,2017-09-24,County Ground,1,18.4,England,West Indies,BA Stokes,JE Root,AR Nurse,4,0,,,,,,,,,
1031671,2017,2017-09-24,County Ground,1,18.5,England,West Indies,BA Stokes,JE Root,AR Nurse,1,0,,,,,,,,,
1031671,2017,2017-09-24,County Ground,1,18.6,England,West Indies,JE Root,BA Stokes,AR Nurse,0,0,,,,,,,,,
1031671,2017,2017-09-24,County Ground,1,19.1,England,West Indies,BA Stokes,JE Root,D Bishoo,1,0,,,,,,,,,
1031671,2017,2017-09-24,County Ground,1,19.2,England,West Indies,JE Root,BA Stokes,D Bishoo,0,0,,,,,,,,,
1031671,2017,2017-09-24,County Ground,1,19.3,England,West Indies,JE Root,BA Stokes,D Bishoo,1,0,,,,,,,,,
1031671,2017,2017-09-24,County Ground,1,19.4,England,West Indies,BA Stokes,JE Root,D Bishoo,1,0,,,,,,,,,
1031671,2017,2017-09-24,County Ground,1,19.5,England,West Indies,JE Root,BA Stokes,D Bishoo,0,0,,,,,,,,,
1031671,2017,2017-09-24,County Ground,1,19.6,England,West Indies,JE Root,BA Stokes,D Bishoo,1,0,,,,,,,,,
1031671,2017,2017-09-24,County Ground,1,20.1,England,West Indies,JE Root,BA Stokes,AR Nurse,0,0,,,,,,,,,
1031671,2017,2017-09-24,County Ground,1,20.2,England,West Indies,JE Root,BA Stokes,AR Nurse,0,0,,,,,,,,,
1031671,2017,2017-09-24,County Ground,1,20.3,England,West Indies,JE Root,BA Stokes,AR Nurse,0,0,,,,,,,,,
1031671,2017,2017-09-24,County Ground,1,20.4,England,West Indies,JE Root,BA Stokes,AR Nurse,1,0,,,,,,,,,
1031671,2017,2017-09-24,County Ground,1,20.5,England,West Indies,BA Stokes,JE Root,AR Nurse,1,0,,,,,,,,,
1031671,2017,2017-09-24,County Ground,1,20.6,England,West Indies,JE Root,BA Stokes,AR Nurse,1,0,,,,,,,,,
1031671,2017,2017-09-24,County Ground,1,21.1,England,West Indies,JE Root,BA Stokes,D Bishoo,1,0,,,,,,,,,
1031671,2017,2017-09-24,County Ground,1,21.2,England,West Indies,BA Stokes,JE Root,D Bishoo,1,0,,,,,,,,,
1031671,2017,2017-09-24,County Ground,1,21.3,England,West Indies,JE Root,BA Stokes,D Bishoo,1,0,,,,,,,,,
1031671,2017,2017-09-24,County Ground,1,21.4,England,West Indies,BA Stokes,JE Root,D Bishoo,0,0,,,,,,,,,
1031671,2017,2017-09-24,County Ground,1,21.5,England,West Indies,BA Stokes,JE Root,D Bishoo,6,0,,,,,,,,,
1031671,2017,2017-09-24,County Ground,1,21.6,England,West Indies,BA Stokes,JE Root,D Bishoo,1,0,,,,,,,,,
1031671,2017,2017-09-24,County Ground,1,22.1,England,West Indies,BA Stokes,JE Root,AR Nurse,0,0,,,,,,,,,
1031671,2017,2017-09-24,County Ground,1,22.2,England,West Indies,BA Stokes,JE Root,AR Nurse,0,0,,,,,,,,,
1031671,2017,2017-09-24,County Ground,1,22.3,England,West Indies,BA Stokes,JE Root,AR Nurse,0,0,,,,,,,,,
1031671,2017,2017-09-24,County Ground,1,22.4,England,West Indies,BA Stokes,JE Root,AR Nurse,1,0,,,,,,,,,
1031671,2017,2017-09-24,County Ground,1,22.5,England,West Indies,JE Root,BA Stokes,AR Nurse,0,0,,,,,,,,,
1031671,2017,2017-09-24,County Ground,1,22.6,England,West Indies,JE Root,BA Stokes,AR Nurse,0,0,,,,,,,,,
1031671,2017,2017-09-24,County Ground,1,23.1,England,West Indies,BA Stokes,JE Root,D Bishoo,0,0,,,,,,,,,
1031671,2017,2017-09-24,County Ground,1,23.2,England,West Indies,BA Stokes,JE Root,D Bishoo,0,0,,,,,,,,,
1031671,2017,2017-09-24,County Ground,1,23.3,England,West Indies,BA Stokes,JE Root,D Bishoo,1,0,,,,,,,,,
1031671,2017,2017-09-24,County Ground,1,23.4,England,West Indies,JE Root,BA Stokes,D Bishoo,1,0,,,,,,,,,
1031671,2017,2017-09-24,County Ground,1,23.5,England,West Indies,BA Stokes,JE Root,D Bishoo,4,0,,,,,,,,,
1031671,2017,2017-09-24,County Ground,1,23.6,England,West Indies,BA Stokes,JE Root,D Bishoo,0,0,,,,,,,,,
1031671,2017,2017-09-24,County Ground,1,24.1,England,West Indies,JE Root,BA Stokes,AR Nurse,1,0,,,,,,,,,
1031671,2017,2017-09-24,County Ground,1,24.2,England,West Indies,BA Stokes,JE Root,AR Nurse,4,0,,,,,,,,,
1031671,2017,2017-09-24,County Ground,1,24.3,England,West Indies,BA Stokes,JE Root,AR Nurse,1,0,,,,,,,,,
1031671,2017,2017-09-24,County Ground,1,24.4,England,West Indies,JE Root,BA Stokes,AR Nurse,1,0,,,,,,,,,
1031671,2017,2017-09-24,County Ground,1,24.5,England,West Indies,BA Stokes,JE Root,AR Nurse,1,0,,,,,,,,,
1031671,2017,2017-09-24,County Ground,1,24.6,England,West Indies,JE Root,BA Stokes,AR Nurse,1,0,,,,,,,,,
1031671,2017,2017-09-24,County Ground,1,25.1,England,West Indies,JE Root,BA Stokes,R Powell,1,0,,,,,,,,,
1031671,2017,2017-09-24,County Ground,1,25.2,England,West Indies,BA Stokes,JE Root,R Powell,1,0,,,,,,,,,
1031671,2017,2017-09-24,County Ground,1,25.3,England,West Indies,JE Root,BA Stokes,R Powell,0,0,,,,,,,,,
1031671,2017,2017-09-24,County Ground,1,25.4,England,West Indies,JE Root,BA Stokes,R Powell,0,0,,,,,,,,,
1031671,2017,2017-09-24,County Ground,1,25.5,England,West Indies,JE Root,BA Stokes,R Powell,0,0,,,,,,,,,
1031671,2017,2017-09-24,County Ground,1,25.6,England,West Indies,JE Root,BA Stokes,R Powell,0,0,,,,,,,,,
1031671,2017,2017-09-24,County Ground,1,26.1,England,West Indies,BA Stokes,JE Root,AR Nurse,0,0,,,,,,,,,
1031671,2017,2017-09-24,County Ground,1,26.2,England,West Indies,BA Stokes,JE Root,AR Nurse,0,0,,,,,,,,,
1031671,2017,2017-09-24,County Ground,1,26.3,England,West Indies,BA Stokes,JE Root,AR Nurse,1,0,,,,,,,,,
1031671,2017,2017-09-24,County Ground,1,26.4,England,West Indies,JE Root,BA Stokes,AR Nurse,2,0,,,,,,,,,
1031671,2017,2017-09-24,County Ground,1,26.5,England,West Indies,JE Root,BA Stokes,AR Nurse,1,0,,,,,,,,,
1031671,2017,2017-09-24,County Ground,1,26.6,England,West Indies,BA Stokes,JE Root,AR Nurse,0,0,,,,,,,,,
1031671,2017,2017-09-24,County Ground,1,27.1,England,West Indies,JE Root,BA Stokes,R Powell,4,0,,,,,,,,,
1031671,2017,2017-09-24,County Ground,1,27.2,England,West Indies,JE Root,BA Stokes,R Powell,0,0,,,,,,,,,
1031671,2017,2017-09-24,County Ground,1,27.3,England,West Indies,JE Root,BA Stokes,R Powell,0,0,,,,,,,,,
1031671,2017,2017-09-24,County Ground,1,27.4,England,West Indies,JE Root,BA Stokes,R Powell,1,0,,,,,,,,,
1031671,2017,2017-09-24,County Ground,1,27.5,England,West Indies,BA Stokes,JE Root,R Powell,1,0,,,,,,,,,
1031671,2017,2017-09-24,County Ground,1,27.6,England,West Indies,JE Root,BA Stokes,R Powell,0,0,,,,,,,,,
1031671,2017,2017-09-24,County Ground,1,28.1,England,West Indies,BA Stokes,JE Root,AR Nurse,1,0,,,,,,,,,
1031671,2017,2017-09-24,County Ground,1,28.2,England,West Indies,JE Root,BA Stokes,AR Nurse,0,0,,,,,,,,,
1031671,2017,2017-09-24,County Ground,1,28.3,England,West Indies,JE Root,BA Stokes,AR Nurse,1,0,,,,,,,,,
1031671,2017,2017-09-24,County Ground,1,28.4,England,West Indies,BA Stokes,JE Root,AR Nurse,1,0,,,,,,,,,
1031671,2017,2017-09-24,County Ground,1,28.5,England,West Indies,JE Root,BA Stokes,AR Nurse,4,0,,,,,,,,,
1031671,2017,2017-09-24,County Ground,1,28.6,England,West Indies,JE Root,BA Stokes,AR Nurse,6,0,,,,,,,,,
1031671,2017,2017-09-24,County Ground,1,29.1,England,West Indies,BA Stokes,JE Root,R Powell,0,0,,,,,,,,,
1031671,2017,2017-09-24,County Ground,1,29.2,England,West Indies,BA Stokes,JE Root,R Powell,0,0,,,,,,,,,
1031671,2017,2017-09-24,County Ground,1,29.3,England,West Indies,BA Stokes,JE Root,R Powell,1,0,,,,,,,,,
1031671,2017,2017-09-24,County Ground,1,29.4,England,West Indies,JE Root,BA Stokes,R Powell,1,0,,,,,,,,,
1031671,2017,2017-09-24,County Ground,1,29.5,England,West Indies,BA Stokes,JE Root,R Powell,1,0,,,,,,,,,
1031671,2017,2017-09-24,County Ground,1,29.6,England,West Indies,JE Root,BA Stokes,R Powell,0,0,,,,,,,,,
1031671,2017,2017-09-24,County Ground,1,30.1,England,West Indies,BA Stokes,JE Root,AR Nurse,6,0,,,,,,,,,
1031671,2017,2017-09-24,County Ground,1,30.2,England,West Indies,BA Stokes,JE Root,AR Nurse,6,0,,,,,,,,,
1031671,2017,2017-09-24,County Ground,1,30.3,England,West Indies,BA Stokes,JE Root,AR Nurse,1,0,,,,,,,,,
1031671,2017,2017-09-24,County Ground,1,30.4,England,West Indies,JE Root,BA Stokes,AR Nurse,1,0,,,,,,,,,
1031671,2017,2017-09-24,County Ground,1,30.5,England,West Indies,BA Stokes,JE Root,AR Nurse,2,0,,,,,,,,,
1031671,2017,2017-09-24,County Ground,1,30.6,England,West Indies,BA Stokes,JE Root,AR Nurse,0,0,,,,,,,,,
1031671,2017,2017-09-24,County Ground,1,31.1,England,West Indies,JE Root,BA Stokes,R Powell,1,0,,,,,,,,,
1031671,2017,2017-09-24,County Ground,1,31.2,England,West Indies,BA Stokes,JE Root,R Powell,0,0,,,,,,caught,BA Stokes,,
1031671,2017,2017-09-24,County Ground,1,31.3,England,West Indies,JE Root,JC Buttler,R Powell,1,0,,,,,,,,,
1031671,2017,2017-09-24,County Ground,1,31.4,England,West Indies,JC Buttler,JE Root,R Powell,0,0,,,,,,,,,
1031671,2017,2017-09-24,County Ground,1,31.5,England,West Indies,JC Buttler,JE Root,R Powell,2,0,,,,,,,,,
1031671,2017,2017-09-24,County Ground,1,31.6,England,West Indies,JC Buttler,JE Root,R Powell,0,0,,,,,,,,,
1031671,2017,2017-09-24,County Ground,1,32.1,England,West Indies,JE Root,JC Buttler,ML Cummins,0,0,,,,,,,,,
1031671,2017,2017-09-24,County Ground,1,32.2,England,West Indies,JE Root,JC Buttler,ML Cummins,1,0,,,,,,,,,
1031671,2017,2017-09-24,County Ground,1,32.3,England,West Indies,JC Buttler,JE Root,ML Cummins,0,0,,,,,,bowled,JC Buttler,,
1031671,2017,2017-09-24,County Ground,1,32.4,England,West Indies,MM Ali,JE Root,ML Cummins,0,0,,,,,,,,,
1031671,2017,2017-09-24,County Ground,1,32.5,England,West Indies,MM Ali,JE Root,ML Cummins,0,0,,,,,,,,,
1031671,2017,2017-09-24,County Ground,1,32.6,England,West Indies,MM Ali,JE Root,ML Cummins,1,0,,,,,,,,,
1031671,2017,2017-09-24,County Ground,1,33.1,England,West Indies,MM Ali,JE Root,R Powell,0,0,,,,,,,,,
1031671,2017,2017-09-24,County Ground,1,33.2,England,West Indies,MM Ali,JE Root,R Powell,1,0,,,,,,,,,
1031671,2017,2017-09-24,County Ground,1,33.3,England,West Indies,JE Root,MM Ali,R Powell,1,0,,,,,,,,,
1031671,2017,2017-09-24,County Ground,1,33.4,England,West Indies,MM Ali,JE Root,R Powell,0,0,,,,,,,,,
1031671,2017,2017-09-24,County Ground,1,33.5,England,West Indies,MM Ali,JE Root,R Powell,0,0,,,,,,,,,
1031671,2017,2017-09-24,County Ground,1,33.6,England,West Indies,MM Ali,JE Root,R Powell,4,0,,,,,,,,,
1031671,2017,2017-09-24,County Ground,1,34.1,England,West Indies,JE Root,MM Ali,ML Cummins,0,0,,,,,,lbw,JE Root,,
1031671,2017,2017-09-24,County Ground,1,34.2,England,West Indies,CR Woakes,MM Ali,ML Cummins,0,0,,,,,,,,,
1031671,2017,2017-09-24,County Ground,1,34.3,England,West Indies,CR Woakes,MM Ali,ML Cummins,0,0,,,,,,,,,
1031671,2017,2017-09-24,County Ground,1,34.4,England,West Indies,CR Woakes,MM Ali,ML Cummins,0,0,,,,,,,,,
1031671,2017,2017-09-24,County Ground,1,34.5,England,West Indies,CR Woakes,MM Ali,ML Cummins,1,0,,,,,,,,,
1031671,2017,2017-09-24,County Ground,1,34.6,England,West Indies,MM Ali,CR Woakes,ML Cummins,1,0,,,,,,,,,
1031671,2017,2017-09-24,County Ground,1,35.1,England,West Indies,MM Ali,CR Woakes,R Powell,1,0,,,,,,,,,
1031671,2017,2017-09-24,County Ground,1,35.2,England,West Indies,CR Woakes,MM Ali,R Powell,0,0,,,,,,,,,
1031671,2017,2017-09-24,County Ground,1,35.3,England,West Indies,CR Woakes,MM Ali,R Powell,0,0,,,,,,,,,
1031671,2017,2017-09-24,County Ground,1,35.4,England,West Indies,CR Woakes,MM Ali,R Powell,0,0,,,,,,,,,
1031671,2017,2017-09-24,County Ground,1,35.5,England,West Indies,CR Woakes,MM Ali,R Powell,1,0,,,,,,,,,
1031671,2017,2017-09-24,County Ground,1,35.6,England,West Indies,MM Ali,CR Woakes,R Powell,1,0,,,,,,,,,
1031671,2017,2017-09-24,County Ground,1,36.1,England,West Indies,MM Ali,CR Woakes,ML Cummins,0,0,,,,,,,,,
1031671,2017,2017-09-24,County Ground,1,36.2,England,West Indies,MM Ali,CR Woakes,ML Cummins,1,0,,,,,,,,,
1031671,2017,2017-09-24,County Ground,1,36.3,England,West Indies,CR Woakes,MM Ali,ML Cummins,1,0,,,,,,,,,
1031671,2017,2017-09-24,County Ground,1,36.4,England,West Indies,MM Ali,CR Woakes,ML Cummins,0,0,,,,,,,,,
1031671,2017,2017-09-24,County Ground,1,36.5,England,West Indies,MM Ali,CR Woakes,ML Cummins,4,0,,,,,,,,,
1031671,2017,2017-09-24,County Ground,1,36.6,England,West Indies,MM Ali,CR Woakes,ML Cummins,0,0,,,,,,,,,
1031671,2017,2017-09-24,County Ground,1,37.1,England,West Indies,CR Woakes,MM Ali,R Powell,1,0,,,,,,,,,
1031671,2017,2017-09-24,County Ground,1,37.2,England,West Indies,MM Ali,CR Woakes,R Powell,4,0,,,,,,,,,
1031671,2017,2017-09-24,County Ground,1,37.3,England,West Indies,MM Ali,CR Woakes,R Powell,0,0,,,,,,,,,
1031671,2017,2017-09-24,County Ground,1,37.4,England,West Indies,MM Ali,CR Woakes,R Powell,0,0,,,,,,,,,
1031671,2017,2017-09-24,County Ground,1,37.5,England,West Indies,MM Ali,CR Woakes,R Powell,1,0,,,,,,,,,
1031671,2017,2017-09-24,County Ground,1,37.6,England,West Indies,CR Woakes,MM Ali,R Powell,1,0,,,,,,,,,
1031671,2017,2017-09-24,County Ground,1,38.1,England,West Indies,CR Woakes,MM Ali,JE Taylor,1,0,,,,,,,,,
1031671,2017,2017-09-24,County Ground,1,38.2,England,West Indies,MM Ali,CR Woakes,JE Taylor,0,0,,,,,,,,,
1031671,2017,2017-09-24,County Ground,1,38.3,England,West Indies,MM Ali,CR Woakes,JE Taylor,2,0,,,,,,,,,
1031671,2017,2017-09-24,County Ground,1,38.4,England,West Indies,MM Ali,CR Woakes,JE Taylor,0,0,,,,,,,,,
1031671,2017,2017-09-24,County Ground,1,38.5,England,West Indies,MM Ali,CR Woakes,JE Taylor,0,0,,,,,,,,,
1031671,2017,2017-09-24,County Ground,1,38.6,England,West Indies,MM Ali,CR Woakes,JE Taylor,1,0,,,,,,,,,
1031671,2017,2017-09-24,County Ground,1,39.1,England,West Indies,MM Ali,CR Woakes,R Powell,0,0,,,,,,,,,
1031671,2017,2017-09-24,County Ground,1,39.2,England,West Indies,MM Ali,CR Woakes,R Powell,4,0,,,,,,,,,
1031671,2017,2017-09-24,County Ground,1,39.3,England,West Indies,MM Ali,CR Woakes,R Powell,1,0,,,,,,,,,
1031671,2017,2017-09-24,County Ground,1,39.4,England,West Indies,CR Woakes,MM Ali,R Powell,1,0,,,,,,,,,
1031671,2017,2017-09-24,County Ground,1,39.5,England,West Indies,MM Ali,CR Woakes,R Powell,1,0,,,,,,,,,
1031671,2017,2017-09-24,County Ground,1,39.6,England,West Indies,CR Woakes,MM Ali,R Powell,0,0,,,,,,,,,
1031671,2017,2017-09-24,County Ground,1,40.1,England,West Indies,MM Ali,CR Woakes,JE Taylor,1,0,,,,,,,,,
1031671,2017,2017-09-24,County Ground,1,40.2,England,West Indies,CR Woakes,MM Ali,JE Taylor,0,0,,,,,,,,,
1031671,2017,2017-09-24,County Ground,1,40.3,England,West Indies,CR Woakes,MM Ali,JE Taylor,0,1,1,,,,,,,,
1031671,2017,2017-09-24,County Ground,1,40.4,England,West Indies,CR Woakes,MM Ali,JE Taylor,1,0,,,,,,,,,
1031671,2017,2017-09-24,County Ground,1,40.5,England,West Indies,MM Ali,CR Woakes,JE Taylor,0,0,,,,,,,,,
1031671,2017,2017-09-24,County Ground,1,40.6,England,West Indies,MM Ali,CR Woakes,JE Taylor,1,0,,,,,,,,,
1031671,2017,2017-09-24,County Ground,1,40.7,England,West Indies,CR Woakes,MM Ali,JE Taylor,1,0,,,,,,,,,
1031671,2017,2017-09-24,County Ground,1,41.1,England,West Indies,CR Woakes,MM Ali,JO Holder,0,0,,,,,,,,,
1031671,2017,2017-09-24,County Ground,1,41.2,England,West Indies,CR Woakes,MM Ali,JO Holder,0,0,,,,,,,,,
1031671,2017,2017-09-24,County Ground,1,41.3,England,West Indies,CR Woakes,MM Ali,JO Holder,2,0,,,,,,,,,
1031671,2017,2017-09-24,County Ground,1,41.4,England,West Indies,CR Woakes,MM Ali,JO Holder,2,0,,,,,,,,,
1031671,2017,2017-09-24,County Ground,1,41.5,England,West Indies,CR Woakes,MM Ali,JO Holder,1,0,,,,,,,,,
1031671,2017,2017-09-24,County Ground,1,41.6,England,West Indies,MM Ali,CR Woakes,JO Holder,1,0,,,,,,,,,
1031671,2017,2017-09-24,County Ground,1,42.1,England,West Indies,MM Ali,CR Woakes,JE Taylor,4,0,,,,,,,,,
1031671,2017,2017-09-24,County Ground,1,42.2,England,West Indies,MM Ali,CR Woakes,JE Taylor,0,0,,,,,,,,,
1031671,2017,2017-09-24,County Ground,1,42.3,England,West Indies,MM Ali,CR Woakes,JE Taylor,1,0,,,,,,,,,
1031671,2017,2017-09-24,County Ground,1,42.4,England,West Indies,CR Woakes,MM Ali,JE Taylor,1,0,,,,,,,,,
1031671,2017,2017-09-24,County Ground,1,42.5,England,West Indies,MM Ali,CR Woakes,JE Taylor,1,0,,,,,,,,,
1031671,2017,2017-09-24,County Ground,1,42.6,England,West Indies,CR Woakes,MM Ali,JE Taylor,4,0,,,,,,,,,
1031671,2017,2017-09-24,County Ground,1,43.1,England,West Indies,MM Ali,CR Woakes,JO Holder,1,0,,,,,,,,,
1031671,2017,2017-09-24,County Ground,1,43.2,England,West Indies,CR Woakes,MM Ali,JO Holder,2,0,,,,,,,,,
1031671,2017,2017-09-24,County Ground,1,43.3,England,West Indies,CR Woakes,MM Ali,JO Holder,1,0,,,,,,,,,
1031671,2017,2017-09-24,County Ground,1,43.4,England,West Indies,MM Ali,CR Woakes,JO Holder,1,0,,,,,,,,,
1031671,2017,2017-09-24,County Ground,1,43.5,England,West Indies,CR Woakes,MM Ali,JO Holder,2,0,,,,,,,,,
1031671,2017,2017-09-24,County Ground,1,43.6,England,West Indies,CR Woakes,MM Ali,JO Holder,1,0,,,,,,,,,
1031671,2017,2017-09-24,County Ground,1,44.1,England,West Indies,CR Woakes,MM Ali,ML Cummins,1,0,,,,,,,,,
1031671,2017,2017-09-24,County Ground,1,44.2,England,West Indies,MM Ali,CR Woakes,ML Cummins,6,0,,,,,,,,,
1031671,2017,2017-09-24,County Ground,1,44.3,England,West Indies,MM Ali,CR Woakes,ML Cummins,6,0,,,,,,,,,
1031671,2017,2017-09-24,County Ground,1,44.4,England,West Indies,MM Ali,CR Woakes,ML Cummins,2,0,,,,,,,,,
1031671,2017,2017-09-24,County Ground,1,44.5,England,West Indies,MM Ali,CR Woakes,ML Cummins,4,0,,,,,,,,,
1031671,2017,2017-09-24,County Ground,1,44.6,England,West Indies,MM Ali,CR Woakes,ML Cummins,6,0,,,,,,,,,
1031671,2017,2017-09-24,County Ground,1,45.1,England,West Indies,CR Woakes,MM Ali,JO Holder,1,0,,,,,,,,,
1031671,2017,2017-09-24,County Ground,1,45.2,England,West Indies,MM Ali,CR Woakes,JO Holder,6,0,,,,,,,,,
1031671,2017,2017-09-24,County Ground,1,45.3,England,West Indies,MM Ali,CR Woakes,JO Holder,6,0,,,,,,,,,
1031671,2017,2017-09-24,County Ground,1,45.4,England,West Indies,MM Ali,CR Woakes,JO Holder,6,0,,,,,,,,,
1031671,2017,2017-09-24,County Ground,1,45.5,England,West Indies,MM Ali,CR Woakes,JO Holder,2,0,,,,,,,,,
1031671,2017,2017-09-24,County Ground,1,45.6,England,West Indies,MM Ali,CR Woakes,JO Holder,4,0,,,,,,,,,
1031671,2017,2017-09-24,County Ground,1,46.1,England,West Indies,CR Woakes,MM Ali,JE Taylor,1,0,,,,,,,,,
1031671,2017,2017-09-24,County Ground,1,46.2,England,West Indies,MM Ali,CR Woakes,JE Taylor,1,0,,,,,,,,,
1031671,2017,2017-09-24,County Ground,1,46.3,England,West Indies,CR Woakes,MM Ali,JE Taylor,0,0,,,,,,,,,
1031671,2017,2017-09-24,County Ground,1,46.4,England,West Indies,CR Woakes,MM Ali,JE Taylor,6,0,,,,,,,,,
1031671,2017,2017-09-24,County Ground,1,46.5,England,West Indies,CR Woakes,MM Ali,JE Taylor,0,0,,,,,,caught,CR Woakes,,
1031671,2017,2017-09-24,County Ground,1,46.6,England,West Indies,LE Plunkett,MM Ali,JE Taylor,0,1,1,,,,,,,,
1031671,2017,2017-09-24,County Ground,1,46.7,England,West Indies,LE Plunkett,MM Ali,JE Taylor,1,0,,,,,,,,,
1031671,2017,2017-09-24,County Ground,1,47.1,England,West Indies,LE Plunkett,MM Ali,ML Cummins,1,0,,,,,,,,,
1031671,2017,2017-09-24,County Ground,1,47.2,England,West Indies,MM Ali,LE Plunkett,ML Cummins,6,0,,,,,,,,,
1031671,2017,2017-09-24,County Ground,1,47.3,England,West Indies,MM Ali,LE Plunkett,ML Cummins,0,0,,,,,,,,,
1031671,2017,2017-09-24,County Ground,1,47.4,England,West Indies,MM Ali,LE Plunkett,ML Cummins,6,0,,,,,,,,,
1031671,2017,2017-09-24,County Ground,1,47.5,England,West Indies,MM Ali,LE Plunkett,ML Cummins,1,0,,,,,,,,,
1031671,2017,2017-09-24,County Ground,1,47.6,England,West Indies,LE Plunkett,MM Ali,ML Cummins,1,0,,,,,,,,,
1031671,2017,2017-09-24,County Ground,1,48.1,England,West Indies,LE Plunkett,MM Ali,AR Nurse,1,0,,,,,,,,,
1031671,2017,2017-09-24,County Ground,1,48.2,England,West Indies,MM Ali,LE Plunkett,AR Nurse,0,0,,,,,,,,,
1031671,2017,2017-09-24,County Ground,1,48.3,England,West Indies,MM Ali,LE Plunkett,AR Nurse,1,0,,,,,,,,,
1031671,2017,2017-09-24,County Ground,1,48.4,England,West Indies,LE Plunkett,MM Ali,AR Nurse,1,0,,,,,,,,,
1031671,2017,2017-09-24,County Ground,1,48.5,England,West Indies,MM Ali,LE Plunkett,AR Nurse,0,0,,,,,,caught,MM Ali,,
1031671,2017,2017-09-24,County Ground,1,48.6,England,West Indies,LE Plunkett,DJ Willey,AR Nurse,4,0,,,,,,,,,
1031671,2017,2017-09-24,County Ground,1,49.1,England,West Indies,DJ Willey,LE Plunkett,JE Taylor,0,0,,,,,,run out,LE Plunkett,,
1031671,2017,2017-09-24,County Ground,1,49.2,England,West Indies,AU Rashid,DJ Willey,JE Taylor,0,1,1,,,,,,,,
1031671,2017,2017-09-24,County Ground,1,49.3,England,West Indies,AU Rashid,DJ Willey,JE Taylor,1,0,,,,,,,,,
1031671,2017,2017-09-24,County Ground,1,49.4,England,West Indies,DJ Willey,AU Rashid,JE Taylor,0,0,,,,,,,,,
1031671,2017,2017-09-24,County Ground,1,49.5,England,West Indies,DJ Willey,AU Rashid,JE Taylor,1,0,,,,,,,,,
1031671,2017,2017-09-24,County Ground,1,49.6,England,West Indies,AU Rashid,DJ Willey,JE Taylor,4,0,,,,,,,,,
1031671,2017,2017-09-24,County Ground,1,49.7,England,West Indies,AU Rashid,DJ Willey,JE Taylor,4,0,,,,,,,,,
1031671,2017,2017-09-24,County Ground,2,0.1,West Indies,England,CH Gayle,E Lewis,CR Woakes,0,0,,,,,,,,,
1031671,2017,2017-09-24,County Ground,2,0.2,West Indies,England,CH Gayle,E Lewis,CR Woakes,1,0,,,,,,,,,
1031671,2017,2017-09-24,County Ground,2,0.3,West Indies,England,E Lewis,CH Gayle,CR Woakes,0,0,,,,,,,,,
1031671,2017,2017-09-24,County Ground,2,0.4,West Indies,England,E Lewis,CH Gayle,CR Woakes,0,0,,,,,,,,,
1031671,2017,2017-09-24,County Ground,2,0.5,West Indies,England,E Lewis,CH Gayle,CR Woakes,1,0,,,,,,,,,
1031671,2017,2017-09-24,County Ground,2,0.6,West Indies,England,CH Gayle,E Lewis,CR Woakes,0,0,,,,,,,,,
1031671,2017,2017-09-24,County Ground,2,1.1,West Indies,England,E Lewis,CH Gayle,DJ Willey,0,0,,,,,,,,,
1031671,2017,2017-09-24,County Ground,2,1.2,West Indies,England,E Lewis,CH Gayle,DJ Willey,6,0,,,,,,,,,
1031671,2017,2017-09-24,County Ground,2,1.3,West Indies,England,E Lewis,CH Gayle,DJ Willey,0,1,1,,,,,,,,
1031671,2017,2017-09-24,County Ground,2,1.4,West Indies,England,E Lewis,CH Gayle,DJ Willey,0,0,,,,,,,,,
1031671,2017,2017-09-24,County Ground,2,1.5,West Indies,England,E Lewis,CH Gayle,DJ Willey,6,0,,,,,,,,,
1031671,2017,2017-09-24,County Ground,2,1.6,West Indies,England,E Lewis,CH Gayle,DJ Willey,0,0,,,,,,caught,E Lewis,,
1031671,2017,2017-09-24,County Ground,2,1.7,West Indies,England,SD Hope,CH Gayle,DJ Willey,0,0,,,,,,,,,
1031671,2017,2017-09-24,County Ground,2,2.1,West Indies,England,CH Gayle,SD Hope,CR Woakes,4,0,,,,,,,,,
1031671,2017,2017-09-24,County Ground,2,2.2,West Indies,England,CH Gayle,SD Hope,CR Woakes,6,0,,,,,,,,,
1031671,2017,2017-09-24,County Ground,2,2.3,West Indies,England,CH Gayle,SD Hope,CR Woakes,0,0,,,,,,,,,
1031671,2017,2017-09-24,County Ground,2,2.4,West Indies,England,CH Gayle,SD Hope,CR Woakes,0,0,,,,,,,,,
1031671,2017,2017-09-24,County Ground,2,2.5,West Indies,England,CH Gayle,SD Hope,CR Woakes,0,0,,,,,,,,,
1031671,2017,2017-09-24,County Ground,2,2.6,West Indies,England,CH Gayle,SD Hope,CR Woakes,0,0,,,,,,,,,
1031671,2017,2017-09-24,County Ground,2,3.1,West Indies,England,SD Hope,CH Gayle,DJ Willey,0,0,,,,,,,,,
1031671,2017,2017-09-24,County Ground,2,3.2,West Indies,England,SD Hope,CH Gayle,DJ Willey,0,0,,,,,,,,,
1031671,2017,2017-09-24,County Ground,2,3.3,West Indies,England,SD Hope,CH Gayle,DJ Willey,0,0,,,,,,,,,
1031671,2017,2017-09-24,County Ground,2,3.4,West Indies,England,SD Hope,CH Gayle,DJ Willey,4,0,,,,,,,,,
1031671,2017,2017-09-24,County Ground,2,3.5,West Indies,England,SD Hope,CH Gayle,DJ Willey,0,0,,,,,,,,,
1031671,2017,2017-09-24,County Ground,2,3.6,West Indies,England,SD Hope,CH Gayle,DJ Willey,0,0,,,,,,,,,
1031671,2017,2017-09-24,County Ground,2,4.1,West Indies,England,CH Gayle,SD Hope,CR Woakes,0,0,,,,,,,,,
1031671,2017,2017-09-24,County Ground,2,4.2,West Indies,England,CH Gayle,SD Hope,CR Woakes,0,0,,,,,,,,,
1031671,2017,2017-09-24,County Ground,2,4.3,West Indies,England,CH Gayle,SD Hope,CR Woakes,0,0,,,,,,,,,
1031671,2017,2017-09-24,County Ground,2,4.4,West Indies,England,CH Gayle,SD Hope,CR Woakes,0,0,,,,,,,,,
1031671,2017,2017-09-24,County Ground,2,4.5,West Indies,England,CH Gayle,SD Hope,CR Woakes,0,0,,,,,,,,,
1031671,2017,2017-09-24,County Ground,2,4.6,West Indies,England,CH Gayle,SD Hope,CR Woakes,0,0,,,,,,,,,
1031671,2017,2017-09-24,County Ground,2,5.1,West Indies,England,SD Hope,CH Gayle,DJ Willey,0,0,,,,,,,,,
1031671,2017,2017-09-24,County Ground,2,5.2,West Indies,England,SD Hope,CH Gayle,DJ Willey,1,0,,,,,,,,,
1031671,2017,2017-09-24,County Ground,2,5.3,West Indies,England,CH Gayle,SD Hope,DJ Willey,0,0,,,,,,,,,
1031671,2017,2017-09-24,County Ground,2,5.4,West Indies,England,CH Gayle,SD Hope,DJ Willey,0,0,,,,,,,,,
1031671,2017,2017-09-24,County Ground,2,5.5,West Indies,England,CH Gayle,SD Hope,DJ Willey,4,0,,,,,,,,,
1031671,2017,2017-09-24,County Ground,2,5.6,West Indies,England,CH Gayle,SD Hope,DJ Willey,4,0,,,,,,,,,
1031671,2017,2017-09-24,County Ground,2,6.1,West Indies,England,SD Hope,CH Gayle,CR Woakes,0,0,,,,,,,,,
1031671,2017,2017-09-24,County Ground,2,6.2,West Indies,England,SD Hope,CH Gayle,CR Woakes,0,0,,,,,,,,,
1031671,2017,2017-09-24,County Ground,2,6.3,West Indies,England,SD Hope,CH Gayle,CR Woakes,1,0,,,,,,,,,
1031671,2017,2017-09-24,County Ground,2,6.4,West Indies,England,CH Gayle,SD Hope,CR Woakes,1,0,,,,,,,,,
1031671,2017,2017-09-24,County Ground,2,6.5,West Indies,England,SD Hope,CH Gayle,CR Woakes,1,0,,,,,,,,,
1031671,2017,2017-09-24,County Ground,2,6.6,West Indies,England,CH Gayle,SD Hope,CR Woakes,4,0,,,,,,,,,
1031671,2017,2017-09-24,County Ground,2,7.1,West Indies,England,SD Hope,CH Gayle,DJ Willey,0,0,,,,,,,,,
1031671,2017,2017-09-24,County Ground,2,7.2,West Indies,England,SD Hope,CH Gayle,DJ Willey,4,0,,,,,,,,,
1031671,2017,2017-09-24,County Ground,2,7.3,West Indies,England,SD Hope,CH Gayle,DJ Willey,0,0,,,,,,,,,
1031671,2017,2017-09-24,County Ground,2,7.4,West Indies,England,SD Hope,CH Gayle,DJ Willey,0,0,,,,,,,,,
1031671,2017,2017-09-24,County Ground,2,7.5,West Indies,England,SD Hope,CH Gayle,DJ Willey,4,0,,,,,,,,,
1031671,2017,2017-09-24,County Ground,2,7.6,West Indies,England,SD Hope,CH Gayle,DJ Willey,0,0,,,,,,,,,
1031671,2017,2017-09-24,County Ground,2,8.1,West Indies,England,CH Gayle,SD Hope,CR Woakes,4,0,,,,,,,,,
1031671,2017,2017-09-24,County Ground,2,8.2,West Indies,England,CH Gayle,SD Hope,CR Woakes,4,0,,,,,,,,,
1031671,2017,2017-09-24,County Ground,2,8.3,West Indies,England,CH Gayle,SD Hope,CR Woakes,0,0,,,,,,,,,
1031671,2017,2017-09-24,County Ground,2,8.4,West Indies,England,CH Gayle,SD Hope,CR Woakes,0,1,,,,1,,,,,
1031671,2017,2017-09-24,County Ground,2,8.5,West Indies,England,SD Hope,CH Gayle,CR Woakes,0,0,,,,,,,,,
1031671,2017,2017-09-24,County Ground,2,8.6,West Indies,England,SD Hope,CH Gayle,CR Woakes,0,0,,,,,,,,,
1031671,2017,2017-09-24,County Ground,2,9.1,West Indies,England,CH Gayle,SD Hope,LE Plunkett,0,0,,,,,,,,,
1031671,2017,2017-09-24,County Ground,2,9.2,West Indies,England,CH Gayle,SD Hope,LE Plunkett,6,0,,,,,,,,,
1031671,2017,2017-09-24,County Ground,2,9.3,West Indies,England,CH Gayle,SD Hope,LE Plunkett,0,0,,,,,,,,,
1031671,2017,2017-09-24,County Ground,2,9.4,West Indies,England,CH Gayle,SD Hope,LE Plunkett,1,0,,,,,,,,,
1031671,2017,2017-09-24,County Ground,2,9.5,West Indies,England,SD Hope,CH Gayle,LE Plunkett,4,0,,,,,,,,,
1031671,2017,2017-09-24,County Ground,2,9.6,West Indies,England,SD Hope,CH Gayle,LE Plunkett,0,0,,,,,,,,,
1031671,2017,2017-09-24,County Ground,2,10.1,West Indies,England,CH Gayle,SD Hope,MM Ali,0,0,,,,,,,,,
1031671,2017,2017-09-24,County Ground,2,10.2,West Indies,England,CH Gayle,SD Hope,MM Ali,0,0,,,,,,,,,
1031671,2017,2017-09-24,County Ground,2,10.3,West Indies,England,CH Gayle,SD Hope,MM Ali,0,0,,,,,,,,,
1031671,2017,2017-09-24,County Ground,2,10.4,West Indies,England,CH Gayle,SD Hope,MM Ali,4,0,,,,,,,,,
1031671,2017,2017-09-24,County Ground,2,10.5,West Indies,England,CH Gayle,SD Hope,MM Ali,0,0,,,,,,,,,
1031671,2017,2017-09-24,County Ground,2,10.6,West Indies,England,CH Gayle,SD Hope,MM Ali,0,0,,,,,,,,,
1031671,2017,2017-09-24,County Ground,2,11.1,West Indies,England,SD Hope,CH Gayle,LE Plunkett,1,0,,,,,,,,,
1031671,2017,2017-09-24,County Ground,2,11.2,West Indies,England,CH Gayle,SD Hope,LE Plunkett,0,0,,,,,,,,,
1031671,2017,2017-09-24,County Ground,2,11.3,West Indies,England,CH Gayle,SD Hope,LE Plunkett,1,0,,,,,,,,,
1031671,2017,2017-09-24,County Ground,2,11.4,West Indies,England,SD Hope,CH Gayle,LE Plunkett,0,0,,,,,,caught,SD Hope,,
1031671,2017,2017-09-24,County Ground,2,11.5,West Indies,England,MN Samuels,CH Gayle,LE Plunkett,0,0,,,,,,,,,
1031671,2017,2017-09-24,County Ground,2,11.6,West Indies,England,MN Samuels,CH Gayle,LE Plunkett,0,0,,,,,,,,,
1031671,2017,2017-09-24,County Ground,2,12.1,West Indies,England,CH Gayle,MN Samuels,MM Ali,6,0,,,,,,,,,
1031671,2017,2017-09-24,County Ground,2,12.2,West Indies,England,CH Gayle,MN Samuels,MM Ali,0,0,,,,,,,,,
1031671,2017,2017-09-24,County Ground,2,12.3,West Indies,England,CH Gayle,MN Samuels,MM Ali,2,0,,,,,,,,,
1031671,2017,2017-09-24,County Ground,2,12.4,West Indies,England,CH Gayle,MN Samuels,MM Ali,4,0,,,,,,,,,
1031671,2017,2017-09-24,County Ground,2,12.5,West Indies,England,CH Gayle,MN Samuels,MM Ali,1,0,,,,,,,,,
1031671,2017,2017-09-24,County Ground,2,12.6,West Indies,England,MN Samuels,CH Gayle,MM Ali,0,0,,,,,,,,,
1031671,2017,2017-09-24,County Ground,2,13.1,West Indies,England,CH Gayle,MN Samuels,LE Plunkett,1,0,,,,,,,,,
1031671,2017,2017-09-24,County Ground,2,13.2,West Indies,England,MN Samuels,CH Gayle,LE Plunkett,0,0,,,,,,,,,
1031671,2017,2017-09-24,County Ground,2,13.3,West Indies,England,MN Samuels,CH Gayle,LE Plunkett,5,0,,,,,,,,,
1031671,2017,2017-09-24,County Ground,2,13.4,West Indies,England,CH Gayle,MN Samuels,LE Plunkett,1,0,,,,,,,,,
1031671,2017,2017-09-24,County Ground,2,13.5,West Indies,England,MN Samuels,CH Gayle,LE Plunkett,1,0,,,,,,,,,
1031671,2017,2017-09-24,County Ground,2,13.6,West Indies,England,CH Gayle,MN Samuels,LE Plunkett,1,0,,,,,,,,,
1031671,2017,2017-09-24,County Ground,2,14.1,West Indies,England,CH Gayle,MN Samuels,MM Ali,1,0,,,,,,,,,
1031671,2017,2017-09-24,County Ground,2,14.2,West Indies,England,MN Samuels,CH Gayle,MM Ali,0,0,,,,,,,,,
1031671,2017,2017-09-24,County Ground,2,14.3,West Indies,England,MN Samuels,CH Gayle,MM Ali,1,0,,,,,,,,,
1031671,2017,2017-09-24,County Ground,2,14.4,West Indies,England,CH Gayle,MN Samuels,MM Ali,0,0,,,,,,,,,
1031671,2017,2017-09-24,County Ground,2,14.5,West Indies,England,CH Gayle,MN Samuels,MM Ali,1,0,,,,,,,,,
1031671,2017,2017-09-24,County Ground,2,14.6,West Indies,England,MN Samuels,CH Gayle,MM Ali,0,0,,,,,,,,,
1031671,2017,2017-09-24,County Ground,2,15.1,West Indies,England,CH Gayle,MN Samuels,LE Plunkett,1,0,,,,,,,,,
1031671,2017,2017-09-24,County Ground,2,15.2,West Indies,England,MN Samuels,CH Gayle,LE Plunkett,4,0,,,,,,,,,
1031671,2017,2017-09-24,County Ground,2,15.3,West Indies,England,MN Samuels,CH Gayle,LE Plunkett,0,0,,,,,,caught,MN Samuels,,
1031671,2017,2017-09-24,County Ground,2,15.4,West Indies,England,JN Mohammed,CH Gayle,LE Plunkett,0,0,,,,,,,,,
1031671,2017,2017-09-24,County Ground,2,15.5,West Indies,England,JN Mohammed,CH Gayle,LE Plunkett,0,0,,,,,,,,,
1031671,2017,2017-09-24,County Ground,2,15.6,West Indies,England,JN Mohammed,CH Gayle,LE Plunkett,0,0,,,,,,,,,
1031671,2017,2017-09-24,County Ground,2,16.1,West Indies,England,CH Gayle,JN Mohammed,MM Ali,0,1,,,,1,,,,,
1031671,2017,2017-09-24,County Ground,2,16.2,West Indies,England,JN Mohammed,CH Gayle,MM Ali,0,0,,,,,,,,,
1031671,2017,2017-09-24,County Ground,2,16.3,West Indies,England,JN Mohammed,CH Gayle,MM Ali,1,0,,,,,,,,,
1031671,2017,2017-09-24,County Ground,2,16.4,West Indies,England,CH Gayle,JN Mohammed,MM Ali,1,0,,,,,,,,,
1031671,2017,2017-09-24,County Ground,2,16.5,West Indies,England,JN Mohammed,CH Gayle,MM Ali,0,1,1,,,,,,,,
1031671,2017,2017-09-24,County Ground,2,16.6,West Indies,England,JN Mohammed,CH Gayle,MM Ali,1,0,,,,,,,,,
1031671,2017,2017-09-24,County Ground,2,16.7,West Indies,England,CH Gayle,JN Mohammed,MM Ali,1,0,,,,,,,,,
1031671,2017,2017-09-24,County Ground,2,17.1,West Indies,England,CH Gayle,JN Mohammed,LE Plunkett,1,0,,,,,,,,,
1031671,2017,2017-09-24,County Ground,2,17.2,West Indies,England,JN Mohammed,CH Gayle,LE Plunkett,0,0,,,,,,,,,
1031671,2017,2017-09-24,County Ground,2,17.3,West Indies,England,JN Mohammed,CH Gayle,LE Plunkett,0,0,,,,,,,,,
1031671,2017,2017-09-24,County Ground,2,17.4,West Indies,England,JN Mohammed,CH Gayle,LE Plunkett,0,0,,,,,,,,,
1031671,2017,2017-09-24,County Ground,2,17.5,West Indies,England,JN Mohammed,CH Gayle,LE Plunkett,0,0,,,,,,,,,
1031671,2017,2017-09-24,County Ground,2,17.6,West Indies,England,JN Mohammed,CH Gayle,LE Plunkett,1,0,,,,,,,,,
1031671,2017,2017-09-24,County Ground,2,18.1,West Indies,England,JN Mohammed,CH Gayle,MM Ali,0,0,,,,,,,,,
1031671,2017,2017-09-24,County Ground,2,18.2,West Indies,England,JN Mohammed,CH Gayle,MM Ali,6,0,,,,,,,,,
1031671,2017,2017-09-24,County Ground,2,18.3,West Indies,England,JN Mohammed,CH Gayle,MM Ali,0,0,,,,,,,,,
1031671,2017,2017-09-24,County Ground,2,18.4,West Indies,England,JN Mohammed,CH Gayle,MM Ali,0,0,,,,,,,,,
1031671,2017,2017-09-24,County Ground,2,18.5,West Indies,England,JN Mohammed,CH Gayle,MM Ali,0,0,,,,,,,,,
1031671,2017,2017-09-24,County Ground,2,18.6,West Indies,England,JN Mohammed,CH Gayle,MM Ali,1,0,,,,,,,,,
1031671,2017,2017-09-24,County Ground,2,19.1,West Indies,England,JN Mohammed,CH Gayle,BA Stokes,0,0,,,,,,,,,
1031671,2017,2017-09-24,County Ground,2,19.2,West Indies,England,JN Mohammed,CH Gayle,BA Stokes,0,1,1,,,,,,,,
1031671,2017,2017-09-24,County Ground,2,19.3,West Indies,England,JN Mohammed,CH Gayle,BA Stokes,2,0,,,,,,,,,
1031671,2017,2017-09-24,County Ground,2,19.4,West Indies,England,JN Mohammed,CH Gayle,BA Stokes,1,0,,,,,,,,,
1031671,2017,2017-09-24,County Ground,2,19.5,West Indies,England,CH Gayle,JN Mohammed,BA Stokes,0,0,,,,,,,,,
1031671,2017,2017-09-24,County Ground,2,19.6,West Indies,England,CH Gayle,JN Mohammed,BA Stokes,0,0,,,,,,,,,
1031671,2017,2017-09-24,County Ground,2,19.7,West Indies,England,CH Gayle,JN Mohammed,BA Stokes,1,0,,,,,,,,,
1031671,2017,2017-09-24,County Ground,2,20.1,West Indies,England,CH Gayle,JN Mohammed,MM Ali,1,0,,,,,,,,,
1031671,2017,2017-09-24,County Ground,2,20.2,West Indies,England,JN Mohammed,CH Gayle,MM Ali,0,0,,,,,,,,,
1031671,2017,2017-09-24,County Ground,2,20.3,West Indies,England,JN Mohammed,CH Gayle,MM Ali,0,0,,,,,,,,,
1031671,2017,2017-09-24,County Ground,2,20.4,West Indies,England,JN Mohammed,CH Gayle,MM Ali,1,0,,,,,,,,,
1031671,2017,2017-09-24,County Ground,2,20.5,West Indies,England,CH Gayle,JN Mohammed,MM Ali,0,0,,,,,,,,,
1031671,2017,2017-09-24,County Ground,2,20.6,West Indies,England,CH Gayle,JN Mohammed,MM Ali,0,0,,,,,,,,,
1031671,2017,2017-09-24,County Ground,2,21.1,West Indies,England,JN Mohammed,CH Gayle,BA Stokes,0,0,,,,,,,,,
1031671,2017,2017-09-24,County Ground,2,21.2,West Indies,England,JN Mohammed,CH Gayle,BA Stokes,0,0,,,,,,,,,
1031671,2017,2017-09-24,County Ground,2,21.3,West Indies,England,JN Mohammed,CH Gayle,BA Stokes,1,0,,,,,,,,,
1031671,2017,2017-09-24,County Ground,2,21.4,West Indies,England,CH Gayle,JN Mohammed,BA Stokes,4,0,,,,,,,,,
1031671,2017,2017-09-24,County Ground,2,21.5,West Indies,England,CH Gayle,JN Mohammed,BA Stokes,1,0,,,,,,,,,
1031671,2017,2017-09-24,County Ground,2,21.6,West Indies,England,JN Mohammed,CH Gayle,BA Stokes,0,0,,,,,,,,,
1031671,2017,2017-09-24,County Ground,2,22.1,West Indies,England,CH Gayle,JN Mohammed,MM Ali,0,0,,,,,,,,,
1031671,2017,2017-09-24,County Ground,2,22.2,West Indies,England,CH Gayle,JN Mohammed,MM Ali,0,0,,,,,,,,,
1031671,2017,2017-09-24,County Ground,2,22.3,West Indies,England,CH Gayle,JN Mohammed,MM Ali,6,0,,,,,,,,,
1031671,2017,2017-09-24,County Ground,2,22.4,West Indies,England,CH Gayle,JN Mohammed,MM Ali,6,0,,,,,,,,,
1031671,2017,2017-09-24,County Ground,2,22.5,West Indies,England,CH Gayle,JN Mohammed,MM Ali,6,0,,,,,,,,,
1031671,2017,2017-09-24,County Ground,2,22.6,West Indies,England,CH Gayle,JN Mohammed,MM Ali,0,1,1,,,,,,,,
1031671,2017,2017-09-24,County Ground,2,22.7,West Indies,England,CH Gayle,JN Mohammed,MM Ali,0,0,,,,,,,,,
1031671,2017,2017-09-24,County Ground,2,23.1,West Indies,England,JN Mohammed,CH Gayle,BA Stokes,4,0,,,,,,,,,
1031671,2017,2017-09-24,County Ground,2,23.2,West Indies,England,JN Mohammed,CH Gayle,BA Stokes,0,0,,,,,,,,,
1031671,2017,2017-09-24,County Ground,2,23.3,West Indies,England,JN Mohammed,CH Gayle,BA Stokes,1,0,,,,,,,,,
1031671,2017,2017-09-24,County Ground,2,23.4,West Indies,England,CH Gayle,JN Mohammed,BA Stokes,1,0,,,,,,,,,
1031671,2017,2017-09-24,County Ground,2,23.5,West Indies,England,JN Mohammed,CH Gayle,BA Stokes,0,0,,,,,,,,,
1031671,2017,2017-09-24,County Ground,2,23.6,West Indies,England,JN Mohammed,CH Gayle,BA Stokes,1,0,,,,,,,,,
1031671,2017,2017-09-24,County Ground,2,24.1,West Indies,England,JN Mohammed,CH Gayle,CR Woakes,0,0,,,,,,,,,
1031671,2017,2017-09-24,County Ground,2,24.2,West Indies,England,JN Mohammed,CH Gayle,CR Woakes,1,0,,,,,,,,,
1031671,2017,2017-09-24,County Ground,2,24.3,West Indies,England,CH Gayle,JN Mohammed,CR Woakes,0,0,,,,,,,,,
1031671,2017,2017-09-24,County Ground,2,24.4,West Indies,England,CH Gayle,JN Mohammed,CR Woakes,1,0,,,,,,,,,
1031671,2017,2017-09-24,County Ground,2,24.5,West Indies,England,JN Mohammed,CH Gayle,CR Woakes,1,0,,,,,,,,,
1031671,2017,2017-09-24,County Ground,2,24.6,West Indies,England,CH Gayle,JN Mohammed,CR Woakes,0,0,,,,,,,,,
1031671,2017,2017-09-24,County Ground,2,25.1,West Indies,England,JN Mohammed,CH Gayle,BA Stokes,1,0,,,,,,,,,
1031671,2017,2017-09-24,County Ground,2,25.2,West Indies,England,CH Gayle,JN Mohammed,BA Stokes,0,0,,,,,,,,,
1031671,2017,2017-09-24,County Ground,2,25.3,West Indies,England,CH Gayle,JN Mohammed,BA Stokes,0,0,,,,,,,,,
1031671,2017,2017-09-24,County Ground,2,25.4,West Indies,England,CH Gayle,JN Mohammed,BA Stokes,0,1,1,,,,,,,,
1031671,2017,2017-09-24,County Ground,2,25.5,West Indies,England,CH Gayle,JN Mohammed,BA Stokes,1,0,,,,,,,,,
1031671,2017,2017-09-24,County Ground,2,25.6,West Indies,England,JN Mohammed,CH Gayle,BA Stokes,4,0,,,,,,,,,
1031671,2017,2017-09-24,County Ground,2,25.7,West Indies,England,JN Mohammed,CH Gayle,BA Stokes,0,0,,,,,,,,,
1031671,2017,2017-09-24,County Ground,2,26.1,West Indies,England,CH Gayle,JN Mohammed,CR Woakes,0,0,,,,,,,,,
1031671,2017,2017-09-24,County Ground,2,26.2,West Indies,England,CH Gayle,JN Mohammed,CR Woakes,0,1,1,,,,,,,,
1031671,2017,2017-09-24,County Ground,2,26.3,West Indies,England,CH Gayle,JN Mohammed,CR Woakes,0,0,,,,,,,,,
1031671,2017,2017-09-24,County Ground,2,26.4,West Indies,England,CH Gayle,JN Mohammed,CR Woakes,0,1,,,,1,,,,,
1031671,2017,2017-09-24,County Ground,2,26.5,West Indies,England,JN Mohammed,CH Gayle,CR Woakes,1,0,,,,,,,,,
1031671,2017,2017-09-24,County Ground,2,26.6,West Indies,England,CH Gayle,JN Mohammed,CR Woakes,0,0,,,,,,run out,CH Gayle,,
1031671,2017,2017-09-24,County Ground,2,26.7,West Indies,England,JN Mohammed,R Powell,CR Woakes,0,0,,,,,,,,,
1031671,2017,2017-09-24,County Ground,2,27.1,West Indies,England,R Powell,JN Mohammed,AU Rashid,1,0,,,,,,,,,
1031671,2017,2017-09-24,County Ground,2,27.2,West Indies,England,JN Mohammed,R Powell,AU Rashid,4,0,,,,,,,,,
1031671,2017,2017-09-24,County Ground,2,27.3,West Indies,England,JN Mohammed,R Powell,AU Rashid,0,0,,,,,,,,,
1031671,2017,2017-09-24,County Ground,2,27.4,West Indies,England,JN Mohammed,R Powell,AU Rashid,1,0,,,,,,,,,
1031671,2017,2017-09-24,County Ground,2,27.5,West Indies,England,R Powell,JN Mohammed,AU Rashid,0,0,,,,,,,,,
1031671,2017,2017-09-24,County Ground,2,27.6,West Indies,England,R Powell,JN Mohammed,AU Rashid,0,0,,,,,,,,,
1031671,2017,2017-09-24,County Ground,2,28.1,West Indies,England,JN Mohammed,R Powell,MM Ali,0,0,,,,,,,,,
1031671,2017,2017-09-24,County Ground,2,28.2,West Indies,England,JN Mohammed,R Powell,MM Ali,0,0,,,,,,,,,
1031671,2017,2017-09-24,County Ground,2,28.3,West Indies,England,JN Mohammed,R Powell,MM Ali,1,0,,,,,,,,,
1031671,2017,2017-09-24,County Ground,2,28.4,West Indies,England,R Powell,JN Mohammed,MM Ali,0,0,,,,,,,,,
1031671,2017,2017-09-24,County Ground,2,28.5,West Indies,England,R Powell,JN Mohammed,MM Ali,1,0,,,,,,,,,
1031671,2017,2017-09-24,County Ground,2,28.6,West Indies,England,JN Mohammed,R Powell,MM Ali,1,0,,,,,,,,,
1031671,2017,2017-09-24,County Ground,2,29.1,West Indies,England,JN Mohammed,R Powell,AU Rashid,0,0,,,,,,,,,
1031671,2017,2017-09-24,County Ground,2,29.2,West Indies,England,JN Mohammed,R Powell,AU Rashid,1,0,,,,,,,,,
1031671,2017,2017-09-24,County Ground,2,29.3,West Indies,England,R Powell,JN Mohammed,AU Rashid,6,0,,,,,,,,,
1031671,2017,2017-09-24,County Ground,2,29.4,West Indies,England,R Powell,JN Mohammed,AU Rashid,0,0,,,,,,,,,
1031671,2017,2017-09-24,County Ground,2,29.5,West Indies,England,R Powell,JN Mohammed,AU Rashid,0,0,,,,,,,,,
1031671,2017,2017-09-24,County Ground,2,29.6,West Indies,England,R Powell,JN Mohammed,AU Rashid,0,0,,,,,,caught,R Powell,,
1031671,2017,2017-09-24,County Ground,2,30.1,West Indies,England,JO Holder,JN Mohammed,MM Ali,0,0,,,,,,,,,
1031671,2017,2017-09-24,County Ground,2,30.2,West Indies,England,JO Holder,JN Mohammed,MM Ali,0,0,,,,,,,,,
1031671,2017,2017-09-24,County Ground,2,30.3,West Indies,England,JO Holder,JN Mohammed,MM Ali,0,0,,,,,,,,,
1031671,2017,2017-09-24,County Ground,2,30.4,West Indies,England,JO Holder,JN Mohammed,MM Ali,0,0,,,,,,,,,
1031671,2017,2017-09-24,County Ground,2,30.5,West Indies,England,JO Holder,JN Mohammed,MM Ali,0,0,,,,,,,,,
1031671,2017,2017-09-24,County Ground,2,30.6,West Indies,England,JO Holder,JN Mohammed,MM Ali,1,0,,,,,,,,,
1031671,2017,2017-09-24,County Ground,2,31.1,West Indies,England,JO Holder,JN Mohammed,AU Rashid,0,0,,,,,,,,,
1031671,2017,2017-09-24,County Ground,2,31.2,West Indies,England,JO Holder,JN Mohammed,AU Rashid,0,0,,,,,,,,,
1031671,2017,2017-09-24,County Ground,2,31.3,West Indies,England,JO Holder,JN Mohammed,AU Rashid,2,0,,,,,,,,,
1031671,2017,2017-09-24,County Ground,2,31.4,West Indies,England,JO Holder,JN Mohammed,AU Rashid,0,0,,,,,,,,,
1031671,2017,2017-09-24,County Ground,2,31.5,West Indies,England,JO Holder,JN Mohammed,AU Rashid,6,0,,,,,,,,,
1031671,2017,2017-09-24,County Ground,2,31.6,West Indies,England,JO Holder,JN Mohammed,AU Rashid,1,0,,,,,,,,,
1031671,2017,2017-09-24,County Ground,2,32.1,West Indies,England,JO Holder,JN Mohammed,MM Ali,0,0,,,,,,,,,
1031671,2017,2017-09-24,County Ground,2,32.2,West Indies,England,JO Holder,JN Mohammed,MM Ali,1,0,,,,,,,,,
1031671,2017,2017-09-24,County Ground,2,32.3,West Indies,England,JN Mohammed,JO Holder,MM Ali,0,0,,,,,,,,,
1031671,2017,2017-09-24,County Ground,2,32.4,West Indies,England,JN Mohammed,JO Holder,MM Ali,1,0,,,,,,,,,
1031671,2017,2017-09-24,County Ground,2,32.5,West Indies,England,JO Holder,JN Mohammed,MM Ali,0,0,,,,,,,,,
1031671,2017,2017-09-24,County Ground,2,32.6,West Indies,England,JO Holder,JN Mohammed,MM Ali,6,0,,,,,,,,,
1031671,2017,2017-09-24,County Ground,2,33.1,West Indies,England,JN Mohammed,JO Holder,LE Plunkett,0,0,,,,,,,,,
1031671,2017,2017-09-24,County Ground,2,33.2,West Indies,England,JN Mohammed,JO Holder,LE Plunkett,0,0,,,,,,caught,JN Mohammed,,
1031671,2017,2017-09-24,County Ground,2,33.3,West Indies,England,AR Nurse,JO Holder,LE Plunkett,0,1,1,,,,,,,,
1031671,2017,2017-09-24,County Ground,2,33.4,West Indies,England,AR Nurse,JO Holder,LE Plunkett,0,0,,,,,,,,,
1031671,2017,2017-09-24,County Ground,2,33.5,West Indies,England,AR Nurse,JO Holder,LE Plunkett,0,0,,,,,,,,,
1031671,2017,2017-09-24,County Ground,2,33.6,West Indies,England,AR Nurse,JO Holder,LE Plunkett,0,0,,,,,,,,,
1031671,2017,2017-09-24,County Ground,2,33.7,West Indies,England,AR Nurse,JO Holder,LE Plunkett,1,0,,,,,,,,,
1031671,2017,2017-09-24,County Ground,2,34.1,West Indies,England,AR Nurse,JO Holder,AU Rashid,0,0,,,,,,lbw,AR Nurse,,
1031671,2017,2017-09-24,County Ground,2,34.2,West Indies,England,D Bishoo,JO Holder,AU Rashid,1,0,,,,,,,,,
1031671,2017,2017-09-24,County Ground,2,34.3,West Indies,England,JO Holder,D Bishoo,AU Rashid,1,0,,,,,,,,,
1031671,2017,2017-09-24,County Ground,2,34.4,West Indies,England,D Bishoo,JO Holder,AU Rashid,1,0,,,,,,,,,
1031671,2017,2017-09-24,County Ground,2,34.5,West Indies,England,JO Holder,D Bishoo,AU Rashid,0,0,,,,,,,,,
1031671,2017,2017-09-24,County Ground,2,34.6,West Indies,England,JO Holder,D Bishoo,AU Rashid,1,0,,,,,,,,,
1031671,2017,2017-09-24,County Ground,2,35.1,West Indies,England,JO Holder,D Bishoo,LE Plunkett,3,0,,,,,,,,,
1031671,2017,2017-09-24,County Ground,2,35.2,West Indies,England,D Bishoo,JO Holder,LE Plunkett,4,0,,,,,,,,,
1031671,2017,2017-09-24,County Ground,2,35.3,West Indies,England,D Bishoo,JO Holder,LE Plunkett,0,0,,,,,,,,,
1031671,2017,2017-09-24,County Ground,2,35.4,West Indies,England,D Bishoo,JO Holder,LE Plunkett,0,0,,,,,,,,,
1031671,2017,2017-09-24,County Ground,2,35.5,West Indies,England,D Bishoo,JO Holder,LE Plunkett,1,0,,,,,,,,,
1031671,2017,2017-09-24,County Ground,2,35.6,West Indies,England,JO Holder,D Bishoo,LE Plunkett,4,0,,,,,,,,,
1031671,2017,2017-09-24,County Ground,2,36.1,West Indies,England,D Bishoo,JO Holder,AU Rashid,4,0,,,,,,,,,
1031671,2017,2017-09-24,County Ground,2,36.2,West Indies,England,D Bishoo,JO Holder,AU Rashid,0,0,,,,,,,,,
1031671,2017,2017-09-24,County Ground,2,36.3,West Indies,England,D Bishoo,JO Holder,AU Rashid,0,0,,,,,,,,,
1031671,2017,2017-09-24,County Ground,2,36.4,West Indies,England,D Bishoo,JO Holder,AU Rashid,0,0,,,,,,,,,
1031671,2017,2017-09-24,County Ground,2,36.5,West Indies,England,D Bishoo,JO Holder,AU Rashid,0,0,,,,,,,,,
1031671,2017,2017-09-24,County Ground,2,36.6,West Indies,England,D Bishoo,JO Holder,AU Rashid,0,0,,,,,,,,,
1031671,2017,2017-09-24,County Ground,2,37.1,West Indies,England,JO Holder,D Bishoo,LE Plunkett,0,0,,,,,,,,,
1031671,2017,2017-09-24,County Ground,2,37.2,West Indies,England,JO Holder,D Bishoo,LE Plunkett,6,0,,,,,,,,,
1031671,2017,2017-09-24,County Ground,2,37.3,West Indies,England,JO Holder,D Bishoo,LE Plunkett,1,0,,,,,,,,,
1031671,2017,2017-09-24,County Ground,2,37.4,West Indies,England,D Bishoo,JO Holder,LE Plunkett,1,0,,,,,,,,,
1031671,2017,2017-09-24,County Ground,2,37.5,West Indies,England,JO Holder,D Bishoo,LE Plunkett,1,0,,,,,,,,,
1031671,2017,2017-09-24,County Ground,2,37.6,West Indies,England,D Bishoo,JO Holder,LE Plunkett,0,0,,,,,,caught,D Bishoo,,
1031671,2017,2017-09-24,County Ground,2,38.1,West Indies,England,JE Taylor,JO Holder,AU Rashid,0,0,,,,,,bowled,JE Taylor,,
1031671,2017,2017-09-24,County Ground,2,38.2,West Indies,England,ML Cummins,JO Holder,AU Rashid,0,0,,,,,,,,,
1031671,2017,2017-09-24,County Ground,2,38.3,West Indies,England,ML Cummins,JO Holder,AU Rashid,0,0,,,,,,,,,
1031671,2017,2017-09-24,County Ground,2,38.4,West Indies,England,ML Cummins,JO Holder,AU Rashid,0,0,,,,,,,,,
1031671,2017,2017-09-24,County Ground,2,38.5,West Indies,England,ML Cummins,JO Holder,AU Rashid,0,0,,,,,,,,,
1031671,2017,2017-09-24,County Ground,2,38.6,West Indies,England,ML Cummins,JO Holder,AU Rashid,4,0,,,,,,,,,
1031671,2017,2017-09-24,County Ground,2,39.1,West Indies,England,JO Holder,ML Cummins,LE Plunkett,0,0,,,,,,caught,JO Holder,,
