match_id,season,start_date,venue,innings,ball,batting_team,bowling_team,striker,non_striker,bowler,runs_off_bat,extras,wides,noballs,byes,legbyes,penalty,wicket_type,player_dismissed,other_wicket_type,other_player_dismissed
1031425,2017,2017-05-24,Headingley,1,0.1,England,South Africa,JJ Roy,AD Hales,K Rabada,0,0,,,,,,,,,
1031425,2017,2017-05-24,Headingley,1,0.2,England,South Africa,JJ Roy,AD Hales,K Rabada,0,1,,,,1,,,,,
1031425,2017,2017-05-24,Headingley,1,0.3,England,South Africa,AD Hales,JJ Roy,K Rabada,0,0,,,,,,,,,
1031425,2017,2017-05-24,Headingley,1,0.4,England,South Africa,AD Hales,JJ Roy,K Rabada,1,0,,,,,,,,,
1031425,2017,2017-05-24,Headingley,1,0.5,England,South Africa,JJ Roy,AD Hales,K Rabada,0,0,,,,,,,,,
1031425,2017,2017-05-24,Headingley,1,0.6,England,South Africa,JJ Roy,AD Hales,K Rabada,1,0,,,,,,,,,
1031425,2017,2017-05-24,Headingley,1,1.1,England,South Africa,JJ Roy,AD Hales,WD Parnell,0,0,,,,,,,,,
1031425,2017,2017-05-24,Headingley,1,1.2,England,South Africa,JJ Roy,AD Hales,WD Parnell,0,0,,,,,,caught,JJ Roy,,
1031425,2017,2017-05-24,Headingley,1,1.3,England,South Africa,JE Root,AD Hales,WD Parnell,3,0,,,,,,,,,
1031425,2017,2017-05-24,Headingley,1,1.4,England,South Africa,AD Hales,JE Root,WD Parnell,0,0,,,,,,,,,
1031425,2017,2017-05-24,Headingley,1,1.5,England,South Africa,AD Hales,JE Root,WD Parnell,0,0,,,,,,,,,
1031425,2017,2017-05-24,Headingley,1,1.6,England,South Africa,AD Hales,JE Root,WD Parnell,0,0,,,,,,,,,
1031425,2017,2017-05-24,Headingley,1,2.1,England,South Africa,JE Root,AD Hales,K Rabada,1,0,,,,,,,,,
1031425,2017,2017-05-24,Headingley,1,2.2,England,South Africa,AD Hales,JE Root,K Rabada,2,0,,,,,,,,,
1031425,2017,2017-05-24,Headingley,1,2.3,England,South Africa,AD Hales,JE Root,K Rabada,0,0,,,,,,,,,
1031425,2017,2017-05-24,Headingley,1,2.4,England,South Africa,AD Hales,JE Root,K Rabada,0,0,,,,,,,,,
1031425,2017,2017-05-24,Headingley,1,2.5,England,South Africa,AD Hales,JE Root,K Rabada,0,4,,,4,,,,,,
1031425,2017,2017-05-24,Headingley,1,2.6,England,South Africa,AD Hales,JE Root,K Rabada,4,0,,,,,,,,,
1031425,2017,2017-05-24,Headingley,1,3.1,England,South Africa,JE Root,AD Hales,WD Parnell,2,0,,,,,,,,,
1031425,2017,2017-05-24,Headingley,1,3.2,England,South Africa,JE Root,AD Hales,WD Parnell,1,0,,,,,,,,,
1031425,2017,2017-05-24,Headingley,1,3.3,England,South Africa,AD Hales,JE Root,WD Parnell,0,0,,,,,,,,,
1031425,2017,2017-05-24,Headingley,1,3.4,England,South Africa,AD Hales,JE Root,WD Parnell,0,0,,,,,,,,,
1031425,2017,2017-05-24,Headingley,1,3.5,England,South Africa,AD Hales,JE Root,WD Parnell,0,0,,,,,,,,,
1031425,2017,2017-05-24,Headingley,1,3.6,England,South Africa,AD Hales,JE Root,WD Parnell,0,0,,,,,,,,,
1031425,2017,2017-05-24,Headingley,1,4.1,England,South Africa,JE Root,AD Hales,K Rabada,4,0,,,,,,,,,
1031425,2017,2017-05-24,Headingley,1,4.2,England,South Africa,JE Root,AD Hales,K Rabada,1,0,,,,,,,,,
1031425,2017,2017-05-24,Headingley,1,4.3,England,South Africa,AD Hales,JE Root,K Rabada,0,1,,1,,,,,,,
1031425,2017,2017-05-24,Headingley,1,4.4,England,South Africa,AD Hales,JE Root,K Rabada,4,0,,,,,,,,,
1031425,2017,2017-05-24,Headingley,1,4.5,England,South Africa,AD Hales,JE Root,K Rabada,0,0,,,,,,,,,
1031425,2017,2017-05-24,Headingley,1,4.6,England,South Africa,AD Hales,JE Root,K Rabada,0,0,,,,,,,,,
1031425,2017,2017-05-24,Headingley,1,4.7,England,South Africa,AD Hales,JE Root,K Rabada,1,0,,,,,,,,,
1031425,2017,2017-05-24,Headingley,1,5.1,England,South Africa,AD Hales,JE Root,WD Parnell,0,0,,,,,,,,,
1031425,2017,2017-05-24,Headingley,1,5.2,England,South Africa,AD Hales,JE Root,WD Parnell,4,0,,,,,,,,,
1031425,2017,2017-05-24,Headingley,1,5.3,England,South Africa,AD Hales,JE Root,WD Parnell,0,0,,,,,,,,,
1031425,2017,2017-05-24,Headingley,1,5.4,England,South Africa,AD Hales,JE Root,WD Parnell,1,0,,,,,,,,,
1031425,2017,2017-05-24,Headingley,1,5.5,England,South Africa,JE Root,AD Hales,WD Parnell,1,0,,,,,,,,,
1031425,2017,2017-05-24,Headingley,1,5.6,England,South Africa,AD Hales,JE Root,WD Parnell,4,0,,,,,,,,,
1031425,2017,2017-05-24,Headingley,1,6.1,England,South Africa,JE Root,AD Hales,K Rabada,4,0,,,,,,,,,
1031425,2017,2017-05-24,Headingley,1,6.2,England,South Africa,JE Root,AD Hales,K Rabada,0,0,,,,,,,,,
1031425,2017,2017-05-24,Headingley,1,6.3,England,South Africa,JE Root,AD Hales,K Rabada,0,0,,,,,,,,,
1031425,2017,2017-05-24,Headingley,1,6.4,England,South Africa,JE Root,AD Hales,K Rabada,0,1,,1,,,,,,,
1031425,2017,2017-05-24,Headingley,1,6.5,England,South Africa,JE Root,AD Hales,K Rabada,0,0,,,,,,,,,
1031425,2017,2017-05-24,Headingley,1,6.6,England,South Africa,JE Root,AD Hales,K Rabada,0,0,,,,,,,,,
1031425,2017,2017-05-24,Headingley,1,6.7,England,South Africa,JE Root,AD Hales,K Rabada,1,0,,,,,,,,,
1031425,2017,2017-05-24,Headingley,1,7.1,England,South Africa,JE Root,AD Hales,CH Morris,0,0,,,,,,,,,
1031425,2017,2017-05-24,Headingley,1,7.2,England,South Africa,JE Root,AD Hales,CH Morris,1,0,,,,,,,,,
1031425,2017,2017-05-24,Headingley,1,7.3,England,South Africa,AD Hales,JE Root,CH Morris,4,0,,,,,,,,,
1031425,2017,2017-05-24,Headingley,1,7.4,England,South Africa,AD Hales,JE Root,CH Morris,1,0,,,,,,,,,
1031425,2017,2017-05-24,Headingley,1,7.5,England,South Africa,JE Root,AD Hales,CH Morris,0,0,,,,,,,,,
1031425,2017,2017-05-24,Headingley,1,7.6,England,South Africa,JE Root,AD Hales,CH Morris,0,0,,,,,,,,,
1031425,2017,2017-05-24,Headingley,1,8.1,England,South Africa,AD Hales,JE Root,K Rabada,0,0,,,,,,,,,
1031425,2017,2017-05-24,Headingley,1,8.2,England,South Africa,AD Hales,JE Root,K Rabada,1,0,,,,,,,,,
1031425,2017,2017-05-24,Headingley,1,8.3,England,South Africa,JE Root,AD Hales,K Rabada,1,1,,1,,,,,,,
1031425,2017,2017-05-24,Headingley,1,8.4,England,South Africa,AD Hales,JE Root,K Rabada,0,0,,,,,,,,,
1031425,2017,2017-05-24,Headingley,1,8.5,England,South Africa,AD Hales,JE Root,K Rabada,0,0,,,,,,,,,
1031425,2017,2017-05-24,Headingley,1,8.6,England,South Africa,AD Hales,JE Root,K Rabada,0,0,,,,,,,,,
1031425,2017,2017-05-24,Headingley,1,8.7,England,South Africa,AD Hales,JE Root,K Rabada,2,0,,,,,,,,,
1031425,2017,2017-05-24,Headingley,1,9.1,England,South Africa,JE Root,AD Hales,CH Morris,0,0,,,,,,,,,
1031425,2017,2017-05-24,Headingley,1,9.2,England,South Africa,JE Root,AD Hales,CH Morris,0,0,,,,,,,,,
1031425,2017,2017-05-24,Headingley,1,9.3,England,South Africa,JE Root,AD Hales,CH Morris,0,0,,,,,,,,,
1031425,2017,2017-05-24,Headingley,1,9.4,England,South Africa,JE Root,AD Hales,CH Morris,0,0,,,,,,,,,
1031425,2017,2017-05-24,Headingley,1,9.5,England,South Africa,JE Root,AD Hales,CH Morris,0,0,,,,,,,,,
1031425,2017,2017-05-24,Headingley,1,9.6,England,South Africa,JE Root,AD Hales,CH Morris,0,0,,,,,,,,,
1031425,2017,2017-05-24,Headingley,1,10.1,England,South Africa,AD Hales,JE Root,Imran Tahir,0,0,,,,,,,,,
1031425,2017,2017-05-24,Headingley,1,10.2,England,South Africa,AD Hales,JE Root,Imran Tahir,0,0,,,,,,,,,
1031425,2017,2017-05-24,Headingley,1,10.3,England,South Africa,AD Hales,JE Root,Imran Tahir,0,0,,,,,,,,,
1031425,2017,2017-05-24,Headingley,1,10.4,England,South Africa,AD Hales,JE Root,Imran Tahir,0,0,,,,,,,,,
1031425,2017,2017-05-24,Headingley,1,10.5,England,South Africa,AD Hales,JE Root,Imran Tahir,0,0,,,,,,,,,
1031425,2017,2017-05-24,Headingley,1,10.6,England,South Africa,AD Hales,JE Root,Imran Tahir,1,0,,,,,,,,,
1031425,2017,2017-05-24,Headingley,1,11.1,England,South Africa,AD Hales,JE Root,CH Morris,4,0,,,,,,,,,
1031425,2017,2017-05-24,Headingley,1,11.2,England,South Africa,AD Hales,JE Root,CH Morris,4,0,,,,,,,,,
1031425,2017,2017-05-24,Headingley,1,11.3,England,South Africa,AD Hales,JE Root,CH Morris,0,0,,,,,,,,,
1031425,2017,2017-05-24,Headingley,1,11.4,England,South Africa,AD Hales,JE Root,CH Morris,0,0,,,,,,,,,
1031425,2017,2017-05-24,Headingley,1,11.5,England,South Africa,AD Hales,JE Root,CH Morris,1,0,,,,,,,,,
1031425,2017,2017-05-24,Headingley,1,11.6,England,South Africa,JE Root,AD Hales,CH Morris,1,0,,,,,,,,,
1031425,2017,2017-05-24,Headingley,1,12.1,England,South Africa,JE Root,AD Hales,Imran Tahir,1,0,,,,,,,,,
1031425,2017,2017-05-24,Headingley,1,12.2,England,South Africa,AD Hales,JE Root,Imran Tahir,1,0,,,,,,,,,
1031425,2017,2017-05-24,Headingley,1,12.3,England,South Africa,JE Root,AD Hales,Imran Tahir,0,0,,,,,,,,,
1031425,2017,2017-05-24,Headingley,1,12.4,England,South Africa,JE Root,AD Hales,Imran Tahir,1,0,,,,,,,,,
1031425,2017,2017-05-24,Headingley,1,12.5,England,South Africa,AD Hales,JE Root,Imran Tahir,1,0,,,,,,,,,
1031425,2017,2017-05-24,Headingley,1,12.6,England,South Africa,JE Root,AD Hales,Imran Tahir,1,0,,,,,,,,,
1031425,2017,2017-05-24,Headingley,1,13.1,England,South Africa,JE Root,AD Hales,CH Morris,1,0,,,,,,,,,
1031425,2017,2017-05-24,Headingley,1,13.2,England,South Africa,AD Hales,JE Root,CH Morris,1,0,,,,,,,,,
1031425,2017,2017-05-24,Headingley,1,13.3,England,South Africa,JE Root,AD Hales,CH Morris,1,0,,,,,,,,,
1031425,2017,2017-05-24,Headingley,1,13.4,England,South Africa,AD Hales,JE Root,CH Morris,4,0,,,,,,,,,
1031425,2017,2017-05-24,Headingley,1,13.5,England,South Africa,AD Hales,JE Root,CH Morris,0,0,,,,,,,,,
1031425,2017,2017-05-24,Headingley,1,13.6,England,South Africa,AD Hales,JE Root,CH Morris,1,0,,,,,,,,,
1031425,2017,2017-05-24,Headingley,1,14.1,England,South Africa,AD Hales,JE Root,Imran Tahir,1,0,,,,,,,,,
1031425,2017,2017-05-24,Headingley,1,14.2,England,South Africa,JE Root,AD Hales,Imran Tahir,1,0,,,,,,,,,
1031425,2017,2017-05-24,Headingley,1,14.3,England,South Africa,AD Hales,JE Root,Imran Tahir,1,0,,,,,,,,,
1031425,2017,2017-05-24,Headingley,1,14.4,England,South Africa,JE Root,AD Hales,Imran Tahir,0,0,,,,,,,,,
1031425,2017,2017-05-24,Headingley,1,14.5,England,South Africa,JE Root,AD Hales,Imran Tahir,2,0,,,,,,,,,
1031425,2017,2017-05-24,Headingley,1,14.6,England,South Africa,JE Root,AD Hales,Imran Tahir,0,0,,,,,,,,,
1031425,2017,2017-05-24,Headingley,1,15.1,England,South Africa,AD Hales,JE Root,CH Morris,1,0,,,,,,,,,
1031425,2017,2017-05-24,Headingley,1,15.2,England,South Africa,JE Root,AD Hales,CH Morris,0,0,,,,,,,,,
1031425,2017,2017-05-24,Headingley,1,15.3,England,South Africa,JE Root,AD Hales,CH Morris,0,0,,,,,,,,,
1031425,2017,2017-05-24,Headingley,1,15.4,England,South Africa,JE Root,AD Hales,CH Morris,1,0,,,,,,,,,
1031425,2017,2017-05-24,Headingley,1,15.5,England,South Africa,AD Hales,JE Root,CH Morris,0,0,,,,,,,,,
1031425,2017,2017-05-24,Headingley,1,15.6,England,South Africa,AD Hales,JE Root,CH Morris,1,0,,,,,,,,,
1031425,2017,2017-05-24,Headingley,1,16.1,England,South Africa,AD Hales,JE Root,WD Parnell,2,0,,,,,,,,,
1031425,2017,2017-05-24,Headingley,1,16.2,England,South Africa,AD Hales,JE Root,WD Parnell,0,0,,,,,,,,,
1031425,2017,2017-05-24,Headingley,1,16.3,England,South Africa,AD Hales,JE Root,WD Parnell,6,0,,,,,,,,,
1031425,2017,2017-05-24,Headingley,1,16.4,England,South Africa,AD Hales,JE Root,WD Parnell,1,0,,,,,,,,,
1031425,2017,2017-05-24,Headingley,1,16.5,England,South Africa,JE Root,AD Hales,WD Parnell,1,0,,,,,,,,,
1031425,2017,2017-05-24,Headingley,1,16.6,England,South Africa,AD Hales,JE Root,WD Parnell,1,0,,,,,,,,,
1031425,2017,2017-05-24,Headingley,1,17.1,England,South Africa,AD Hales,JE Root,AL Phehlukwayo,0,0,,,,,,caught,AD Hales,,
1031425,2017,2017-05-24,Headingley,1,17.2,England,South Africa,EJG Morgan,JE Root,AL Phehlukwayo,1,0,,,,,,,,,
1031425,2017,2017-05-24,Headingley,1,17.3,England,South Africa,JE Root,EJG Morgan,AL Phehlukwayo,1,0,,,,,,,,,
1031425,2017,2017-05-24,Headingley,1,17.4,England,South Africa,EJG Morgan,JE Root,AL Phehlukwayo,0,0,,,,,,,,,
1031425,2017,2017-05-24,Headingley,1,17.5,England,South Africa,EJG Morgan,JE Root,AL Phehlukwayo,0,0,,,,,,,,,
1031425,2017,2017-05-24,Headingley,1,17.6,England,South Africa,EJG Morgan,JE Root,AL Phehlukwayo,0,0,,,,,,,,,
1031425,2017,2017-05-24,Headingley,1,18.1,England,South Africa,JE Root,EJG Morgan,WD Parnell,1,0,,,,,,,,,
1031425,2017,2017-05-24,Headingley,1,18.2,England,South Africa,EJG Morgan,JE Root,WD Parnell,0,0,,,,,,,,,
1031425,2017,2017-05-24,Headingley,1,18.3,England,South Africa,EJG Morgan,JE Root,WD Parnell,1,0,,,,,,,,,
1031425,2017,2017-05-24,Headingley,1,18.4,England,South Africa,JE Root,EJG Morgan,WD Parnell,1,0,,,,,,,,,
1031425,2017,2017-05-24,Headingley,1,18.5,England,South Africa,EJG Morgan,JE Root,WD Parnell,1,0,,,,,,,,,
1031425,2017,2017-05-24,Headingley,1,18.6,England,South Africa,JE Root,EJG Morgan,WD Parnell,0,0,,,,,,,,,
1031425,2017,2017-05-24,Headingley,1,19.1,England,South Africa,EJG Morgan,JE Root,AL Phehlukwayo,0,0,,,,,,,,,
1031425,2017,2017-05-24,Headingley,1,19.2,England,South Africa,EJG Morgan,JE Root,AL Phehlukwayo,0,0,,,,,,,,,
1031425,2017,2017-05-24,Headingley,1,19.3,England,South Africa,EJG Morgan,JE Root,AL Phehlukwayo,0,0,,,,,,,,,
1031425,2017,2017-05-24,Headingley,1,19.4,England,South Africa,EJG Morgan,JE Root,AL Phehlukwayo,3,0,,,,,,,,,
1031425,2017,2017-05-24,Headingley,1,19.5,England,South Africa,JE Root,EJG Morgan,AL Phehlukwayo,0,0,,,,,,,,,
1031425,2017,2017-05-24,Headingley,1,19.6,England,South Africa,JE Root,EJG Morgan,AL Phehlukwayo,1,0,,,,,,,,,
1031425,2017,2017-05-24,Headingley,1,20.1,England,South Africa,JE Root,EJG Morgan,WD Parnell,0,0,,,,,,,,,
1031425,2017,2017-05-24,Headingley,1,20.2,England,South Africa,JE Root,EJG Morgan,WD Parnell,1,0,,,,,,,,,
1031425,2017,2017-05-24,Headingley,1,20.3,England,South Africa,EJG Morgan,JE Root,WD Parnell,1,0,,,,,,,,,
1031425,2017,2017-05-24,Headingley,1,20.4,England,South Africa,JE Root,EJG Morgan,WD Parnell,0,0,,,,,,,,,
1031425,2017,2017-05-24,Headingley,1,20.5,England,South Africa,JE Root,EJG Morgan,WD Parnell,1,0,,,,,,,,,
1031425,2017,2017-05-24,Headingley,1,20.6,England,South Africa,EJG Morgan,JE Root,WD Parnell,1,0,,,,,,,,,
1031425,2017,2017-05-24,Headingley,1,21.1,England,South Africa,EJG Morgan,JE Root,AL Phehlukwayo,6,0,,,,,,,,,
1031425,2017,2017-05-24,Headingley,1,21.2,England,South Africa,EJG Morgan,JE Root,AL Phehlukwayo,0,0,,,,,,,,,
1031425,2017,2017-05-24,Headingley,1,21.3,England,South Africa,EJG Morgan,JE Root,AL Phehlukwayo,0,1,,,,1,,,,,
1031425,2017,2017-05-24,Headingley,1,21.4,England,South Africa,JE Root,EJG Morgan,AL Phehlukwayo,0,0,,,,,,caught,JE Root,,
1031425,2017,2017-05-24,Headingley,1,21.5,England,South Africa,BA Stokes,EJG Morgan,AL Phehlukwayo,0,0,,,,,,,,,
1031425,2017,2017-05-24,Headingley,1,21.6,England,South Africa,BA Stokes,EJG Morgan,AL Phehlukwayo,0,0,,,,,,,,,
1031425,2017,2017-05-24,Headingley,1,22.1,England,South Africa,EJG Morgan,BA Stokes,JP Duminy,0,0,,,,,,,,,
1031425,2017,2017-05-24,Headingley,1,22.2,England,South Africa,EJG Morgan,BA Stokes,JP Duminy,1,0,,,,,,,,,
1031425,2017,2017-05-24,Headingley,1,22.3,England,South Africa,BA Stokes,EJG Morgan,JP Duminy,0,0,,,,,,,,,
1031425,2017,2017-05-24,Headingley,1,22.4,England,South Africa,BA Stokes,EJG Morgan,JP Duminy,0,0,,,,,,,,,
1031425,2017,2017-05-24,Headingley,1,22.5,England,South Africa,BA Stokes,EJG Morgan,JP Duminy,1,0,,,,,,,,,
1031425,2017,2017-05-24,Headingley,1,22.6,England,South Africa,EJG Morgan,BA Stokes,JP Duminy,0,1,1,,,,,,,,
1031425,2017,2017-05-24,Headingley,1,22.7,England,South Africa,EJG Morgan,BA Stokes,JP Duminy,1,0,,,,,,,,,
1031425,2017,2017-05-24,Headingley,1,23.1,England,South Africa,EJG Morgan,BA Stokes,AL Phehlukwayo,1,0,,,,,,,,,
1031425,2017,2017-05-24,Headingley,1,23.2,England,South Africa,BA Stokes,EJG Morgan,AL Phehlukwayo,1,0,,,,,,,,,
1031425,2017,2017-05-24,Headingley,1,23.3,England,South Africa,EJG Morgan,BA Stokes,AL Phehlukwayo,1,0,,,,,,,,,
1031425,2017,2017-05-24,Headingley,1,23.4,England,South Africa,BA Stokes,EJG Morgan,AL Phehlukwayo,0,0,,,,,,,,,
1031425,2017,2017-05-24,Headingley,1,23.5,England,South Africa,BA Stokes,EJG Morgan,AL Phehlukwayo,1,0,,,,,,,,,
1031425,2017,2017-05-24,Headingley,1,23.6,England,South Africa,EJG Morgan,BA Stokes,AL Phehlukwayo,0,0,,,,,,,,,
1031425,2017,2017-05-24,Headingley,1,24.1,England,South Africa,BA Stokes,EJG Morgan,JP Duminy,0,0,,,,,,,,,
1031425,2017,2017-05-24,Headingley,1,24.2,England,South Africa,BA Stokes,EJG Morgan,JP Duminy,0,0,,,,,,,,,
1031425,2017,2017-05-24,Headingley,1,24.3,England,South Africa,BA Stokes,EJG Morgan,JP Duminy,1,0,,,,,,,,,
1031425,2017,2017-05-24,Headingley,1,24.4,England,South Africa,EJG Morgan,BA Stokes,JP Duminy,0,0,,,,,,,,,
1031425,2017,2017-05-24,Headingley,1,24.5,England,South Africa,EJG Morgan,BA Stokes,JP Duminy,1,0,,,,,,,,,
1031425,2017,2017-05-24,Headingley,1,24.6,England,South Africa,BA Stokes,EJG Morgan,JP Duminy,1,0,,,,,,,,,
1031425,2017,2017-05-24,Headingley,1,25.1,England,South Africa,BA Stokes,EJG Morgan,AL Phehlukwayo,1,0,,,,,,,,,
1031425,2017,2017-05-24,Headingley,1,25.2,England,South Africa,EJG Morgan,BA Stokes,AL Phehlukwayo,4,0,,,,,,,,,
1031425,2017,2017-05-24,Headingley,1,25.3,England,South Africa,EJG Morgan,BA Stokes,AL Phehlukwayo,1,0,,,,,,,,,
1031425,2017,2017-05-24,Headingley,1,25.4,England,South Africa,BA Stokes,EJG Morgan,AL Phehlukwayo,1,0,,,,,,,,,
1031425,2017,2017-05-24,Headingley,1,25.5,England,South Africa,EJG Morgan,BA Stokes,AL Phehlukwayo,6,0,,,,,,,,,
1031425,2017,2017-05-24,Headingley,1,25.6,England,South Africa,EJG Morgan,BA Stokes,AL Phehlukwayo,0,0,,,,,,,,,
1031425,2017,2017-05-24,Headingley,1,26.1,England,South Africa,BA Stokes,EJG Morgan,JP Duminy,1,0,,,,,,,,,
1031425,2017,2017-05-24,Headingley,1,26.2,England,South Africa,EJG Morgan,BA Stokes,JP Duminy,0,0,,,,,,,,,
1031425,2017,2017-05-24,Headingley,1,26.3,England,South Africa,EJG Morgan,BA Stokes,JP Duminy,1,0,,,,,,,,,
1031425,2017,2017-05-24,Headingley,1,26.4,England,South Africa,BA Stokes,EJG Morgan,JP Duminy,1,0,,,,,,,,,
1031425,2017,2017-05-24,Headingley,1,26.5,England,South Africa,EJG Morgan,BA Stokes,JP Duminy,0,0,,,,,,,,,
1031425,2017,2017-05-24,Headingley,1,26.6,England,South Africa,EJG Morgan,BA Stokes,JP Duminy,1,0,,,,,,,,,
1031425,2017,2017-05-24,Headingley,1,27.1,England,South Africa,EJG Morgan,BA Stokes,Imran Tahir,0,0,,,,,,,,,
1031425,2017,2017-05-24,Headingley,1,27.2,England,South Africa,EJG Morgan,BA Stokes,Imran Tahir,1,0,,,,,,,,,
1031425,2017,2017-05-24,Headingley,1,27.3,England,South Africa,BA Stokes,EJG Morgan,Imran Tahir,1,0,,,,,,,,,
1031425,2017,2017-05-24,Headingley,1,27.4,England,South Africa,EJG Morgan,BA Stokes,Imran Tahir,0,0,,,,,,,,,
1031425,2017,2017-05-24,Headingley,1,27.5,England,South Africa,EJG Morgan,BA Stokes,Imran Tahir,1,0,,,,,,,,,
1031425,2017,2017-05-24,Headingley,1,27.6,England,South Africa,BA Stokes,EJG Morgan,Imran Tahir,1,0,,,,,,,,,
1031425,2017,2017-05-24,Headingley,1,28.1,England,South Africa,BA Stokes,EJG Morgan,JP Duminy,1,0,,,,,,,,,
1031425,2017,2017-05-24,Headingley,1,28.2,England,South Africa,EJG Morgan,BA Stokes,JP Duminy,1,0,,,,,,,,,
1031425,2017,2017-05-24,Headingley,1,28.3,England,South Africa,BA Stokes,EJG Morgan,JP Duminy,1,0,,,,,,,,,
1031425,2017,2017-05-24,Headingley,1,28.4,England,South Africa,EJG Morgan,BA Stokes,JP Duminy,0,0,,,,,,,,,
1031425,2017,2017-05-24,Headingley,1,28.5,England,South Africa,EJG Morgan,BA Stokes,JP Duminy,4,0,,,,,,,,,
1031425,2017,2017-05-24,Headingley,1,28.6,England,South Africa,EJG Morgan,BA Stokes,JP Duminy,1,0,,,,,,,,,
1031425,2017,2017-05-24,Headingley,1,29.1,England,South Africa,EJG Morgan,BA Stokes,Imran Tahir,1,0,,,,,,,,,
1031425,2017,2017-05-24,Headingley,1,29.2,England,South Africa,BA Stokes,EJG Morgan,Imran Tahir,1,0,,,,,,,,,
1031425,2017,2017-05-24,Headingley,1,29.3,England,South Africa,EJG Morgan,BA Stokes,Imran Tahir,1,0,,,,,,,,,
1031425,2017,2017-05-24,Headingley,1,29.4,England,South Africa,BA Stokes,EJG Morgan,Imran Tahir,1,0,,,,,,,,,
1031425,2017,2017-05-24,Headingley,1,29.5,England,South Africa,EJG Morgan,BA Stokes,Imran Tahir,4,0,,,,,,,,,
1031425,2017,2017-05-24,Headingley,1,29.6,England,South Africa,EJG Morgan,BA Stokes,Imran Tahir,4,0,,,,,,,,,
1031425,2017,2017-05-24,Headingley,1,30.1,England,South Africa,BA Stokes,EJG Morgan,K Rabada,0,0,,,,,,,,,
1031425,2017,2017-05-24,Headingley,1,30.2,England,South Africa,BA Stokes,EJG Morgan,K Rabada,6,0,,,,,,,,,
1031425,2017,2017-05-24,Headingley,1,30.3,England,South Africa,BA Stokes,EJG Morgan,K Rabada,1,0,,,,,,,,,
1031425,2017,2017-05-24,Headingley,1,30.4,England,South Africa,EJG Morgan,BA Stokes,K Rabada,0,0,,,,,,,,,
1031425,2017,2017-05-24,Headingley,1,30.5,England,South Africa,EJG Morgan,BA Stokes,K Rabada,0,0,,,,,,,,,
1031425,2017,2017-05-24,Headingley,1,30.6,England,South Africa,EJG Morgan,BA Stokes,K Rabada,1,0,,,,,,,,,
1031425,2017,2017-05-24,Headingley,1,31.1,England,South Africa,EJG Morgan,BA Stokes,Imran Tahir,0,0,,,,,,,,,
1031425,2017,2017-05-24,Headingley,1,31.2,England,South Africa,EJG Morgan,BA Stokes,Imran Tahir,1,0,,,,,,,,,
1031425,2017,2017-05-24,Headingley,1,31.3,England,South Africa,BA Stokes,EJG Morgan,Imran Tahir,1,0,,,,,,,,,
1031425,2017,2017-05-24,Headingley,1,31.4,England,South Africa,EJG Morgan,BA Stokes,Imran Tahir,1,0,,,,,,,,,
1031425,2017,2017-05-24,Headingley,1,31.5,England,South Africa,BA Stokes,EJG Morgan,Imran Tahir,0,0,,,,,,,,,
1031425,2017,2017-05-24,Headingley,1,31.6,England,South Africa,BA Stokes,EJG Morgan,Imran Tahir,1,0,,,,,,,,,
1031425,2017,2017-05-24,Headingley,1,32.1,England,South Africa,BA Stokes,EJG Morgan,K Rabada,0,1,1,,,,,,,,
1031425,2017,2017-05-24,Headingley,1,32.2,England,South Africa,BA Stokes,EJG Morgan,K Rabada,1,0,,,,,,,,,
1031425,2017,2017-05-24,Headingley,1,32.3,England,South Africa,EJG Morgan,BA Stokes,K Rabada,0,1,1,,,,,,,,
1031425,2017,2017-05-24,Headingley,1,32.4,England,South Africa,EJG Morgan,BA Stokes,K Rabada,0,0,,,,,,,,,
1031425,2017,2017-05-24,Headingley,1,32.5,England,South Africa,EJG Morgan,BA Stokes,K Rabada,1,0,,,,,,,,,
1031425,2017,2017-05-24,Headingley,1,32.6,England,South Africa,BA Stokes,EJG Morgan,K Rabada,0,0,,,,,,caught,BA Stokes,,
1031425,2017,2017-05-24,Headingley,1,32.7,England,South Africa,JC Buttler,EJG Morgan,K Rabada,0,0,,,,,,,,,
1031425,2017,2017-05-24,Headingley,1,32.8,England,South Africa,JC Buttler,EJG Morgan,K Rabada,0,0,,,,,,,,,
1031425,2017,2017-05-24,Headingley,1,33.1,England,South Africa,EJG Morgan,JC Buttler,Imran Tahir,0,0,,,,,,,,,
1031425,2017,2017-05-24,Headingley,1,33.2,England,South Africa,EJG Morgan,JC Buttler,Imran Tahir,1,0,,,,,,,,,
1031425,2017,2017-05-24,Headingley,1,33.3,England,South Africa,JC Buttler,EJG Morgan,Imran Tahir,0,0,,,,,,,,,
1031425,2017,2017-05-24,Headingley,1,33.4,England,South Africa,JC Buttler,EJG Morgan,Imran Tahir,2,0,,,,,,,,,
1031425,2017,2017-05-24,Headingley,1,33.5,England,South Africa,JC Buttler,EJG Morgan,Imran Tahir,4,0,,,,,,,,,
1031425,2017,2017-05-24,Headingley,1,33.6,England,South Africa,JC Buttler,EJG Morgan,Imran Tahir,1,0,,,,,,,,,
1031425,2017,2017-05-24,Headingley,1,34.1,England,South Africa,JC Buttler,EJG Morgan,CH Morris,0,0,,,,,,caught,JC Buttler,,
1031425,2017,2017-05-24,Headingley,1,34.2,England,South Africa,MM Ali,EJG Morgan,CH Morris,0,0,,,,,,,,,
1031425,2017,2017-05-24,Headingley,1,34.3,England,South Africa,MM Ali,EJG Morgan,CH Morris,0,0,,,,,,,,,
1031425,2017,2017-05-24,Headingley,1,34.4,England,South Africa,MM Ali,EJG Morgan,CH Morris,0,0,,,,,,,,,
1031425,2017,2017-05-24,Headingley,1,34.5,England,South Africa,MM Ali,EJG Morgan,CH Morris,4,0,,,,,,,,,
1031425,2017,2017-05-24,Headingley,1,34.6,England,South Africa,MM Ali,EJG Morgan,CH Morris,0,0,,,,,,,,,
1031425,2017,2017-05-24,Headingley,1,35.1,England,South Africa,EJG Morgan,MM Ali,JP Duminy,0,0,,,,,,,,,
1031425,2017,2017-05-24,Headingley,1,35.2,England,South Africa,EJG Morgan,MM Ali,JP Duminy,4,0,,,,,,,,,
1031425,2017,2017-05-24,Headingley,1,35.3,England,South Africa,EJG Morgan,MM Ali,JP Duminy,0,0,,,,,,,,,
1031425,2017,2017-05-24,Headingley,1,35.4,England,South Africa,EJG Morgan,MM Ali,JP Duminy,1,0,,,,,,,,,
1031425,2017,2017-05-24,Headingley,1,35.5,England,South Africa,MM Ali,EJG Morgan,JP Duminy,0,0,,,,,,,,,
1031425,2017,2017-05-24,Headingley,1,35.6,England,South Africa,MM Ali,EJG Morgan,JP Duminy,1,0,,,,,,,,,
1031425,2017,2017-05-24,Headingley,1,36.1,England,South Africa,MM Ali,EJG Morgan,CH Morris,1,0,,,,,,,,,
1031425,2017,2017-05-24,Headingley,1,36.2,England,South Africa,EJG Morgan,MM Ali,CH Morris,0,0,,,,,,,,,
1031425,2017,2017-05-24,Headingley,1,36.3,England,South Africa,EJG Morgan,MM Ali,CH Morris,1,0,,,,,,,,,
1031425,2017,2017-05-24,Headingley,1,36.4,England,South Africa,MM Ali,EJG Morgan,CH Morris,0,0,,,,,,,,,
1031425,2017,2017-05-24,Headingley,1,36.5,England,South Africa,MM Ali,EJG Morgan,CH Morris,0,1,1,,,,,,,,
1031425,2017,2017-05-24,Headingley,1,36.6,England,South Africa,MM Ali,EJG Morgan,CH Morris,1,0,,,,,,,,,
1031425,2017,2017-05-24,Headingley,1,36.7,England,South Africa,EJG Morgan,MM Ali,CH Morris,1,0,,,,,,,,,
1031425,2017,2017-05-24,Headingley,1,37.1,England,South Africa,EJG Morgan,MM Ali,JP Duminy,4,0,,,,,,,,,
1031425,2017,2017-05-24,Headingley,1,37.2,England,South Africa,EJG Morgan,MM Ali,JP Duminy,1,0,,,,,,,,,
1031425,2017,2017-05-24,Headingley,1,37.3,England,South Africa,MM Ali,EJG Morgan,JP Duminy,1,0,,,,,,,,,
1031425,2017,2017-05-24,Headingley,1,37.4,England,South Africa,EJG Morgan,MM Ali,JP Duminy,2,0,,,,,,,,,
1031425,2017,2017-05-24,Headingley,1,37.5,England,South Africa,EJG Morgan,MM Ali,JP Duminy,0,0,,,,,,,,,
1031425,2017,2017-05-24,Headingley,1,37.6,England,South Africa,EJG Morgan,MM Ali,JP Duminy,1,0,,,,,,,,,
1031425,2017,2017-05-24,Headingley,1,38.1,England,South Africa,EJG Morgan,MM Ali,CH Morris,1,0,,,,,,,,,
1031425,2017,2017-05-24,Headingley,1,38.2,England,South Africa,MM Ali,EJG Morgan,CH Morris,1,0,,,,,,,,,
1031425,2017,2017-05-24,Headingley,1,38.3,England,South Africa,EJG Morgan,MM Ali,CH Morris,1,0,,,,,,,,,
1031425,2017,2017-05-24,Headingley,1,38.4,England,South Africa,MM Ali,EJG Morgan,CH Morris,0,0,,,,,,,,,
1031425,2017,2017-05-24,Headingley,1,38.5,England,South Africa,MM Ali,EJG Morgan,CH Morris,0,0,,,,,,,,,
1031425,2017,2017-05-24,Headingley,1,38.6,England,South Africa,MM Ali,EJG Morgan,CH Morris,1,0,,,,,,,,,
1031425,2017,2017-05-24,Headingley,1,39.1,England,South Africa,MM Ali,EJG Morgan,AL Phehlukwayo,0,0,,,,,,,,,
1031425,2017,2017-05-24,Headingley,1,39.2,England,South Africa,MM Ali,EJG Morgan,AL Phehlukwayo,1,0,,,,,,,,,
1031425,2017,2017-05-24,Headingley,1,39.3,England,South Africa,EJG Morgan,MM Ali,AL Phehlukwayo,0,1,,,,1,,,,,
1031425,2017,2017-05-24,Headingley,1,39.4,England,South Africa,MM Ali,EJG Morgan,AL Phehlukwayo,1,0,,,,,,,,,
1031425,2017,2017-05-24,Headingley,1,39.5,England,South Africa,EJG Morgan,MM Ali,AL Phehlukwayo,0,1,,1,,,,,,,
1031425,2017,2017-05-24,Headingley,1,39.6,England,South Africa,EJG Morgan,MM Ali,AL Phehlukwayo,6,0,,,,,,,,,
1031425,2017,2017-05-24,Headingley,1,39.7,England,South Africa,EJG Morgan,MM Ali,AL Phehlukwayo,1,0,,,,,,,,,
1031425,2017,2017-05-24,Headingley,1,40.1,England,South Africa,EJG Morgan,MM Ali,WD Parnell,1,0,,,,,,,,,
1031425,2017,2017-05-24,Headingley,1,40.2,England,South Africa,MM Ali,EJG Morgan,WD Parnell,0,0,,,,,,,,,
1031425,2017,2017-05-24,Headingley,1,40.3,England,South Africa,MM Ali,EJG Morgan,WD Parnell,0,0,,,,,,,,,
1031425,2017,2017-05-24,Headingley,1,40.4,England,South Africa,MM Ali,EJG Morgan,WD Parnell,6,0,,,,,,,,,
1031425,2017,2017-05-24,Headingley,1,40.5,England,South Africa,MM Ali,EJG Morgan,WD Parnell,0,0,,,,,,,,,
1031425,2017,2017-05-24,Headingley,1,40.6,England,South Africa,MM Ali,EJG Morgan,WD Parnell,0,1,1,,,,,,,,
1031425,2017,2017-05-24,Headingley,1,40.7,England,South Africa,MM Ali,EJG Morgan,WD Parnell,4,0,,,,,,,,,
1031425,2017,2017-05-24,Headingley,1,41.1,England,South Africa,EJG Morgan,MM Ali,AL Phehlukwayo,1,0,,,,,,,,,
1031425,2017,2017-05-24,Headingley,1,41.2,England,South Africa,MM Ali,EJG Morgan,AL Phehlukwayo,0,0,,,,,,,,,
1031425,2017,2017-05-24,Headingley,1,41.3,England,South Africa,MM Ali,EJG Morgan,AL Phehlukwayo,2,0,,,,,,,,,
1031425,2017,2017-05-24,Headingley,1,41.4,England,South Africa,MM Ali,EJG Morgan,AL Phehlukwayo,1,0,,,,,,,,,
1031425,2017,2017-05-24,Headingley,1,41.5,England,South Africa,EJG Morgan,MM Ali,AL Phehlukwayo,0,0,,,,,,,,,
1031425,2017,2017-05-24,Headingley,1,41.6,England,South Africa,EJG Morgan,MM Ali,AL Phehlukwayo,1,0,,,,,,,,,
1031425,2017,2017-05-24,Headingley,1,42.1,England,South Africa,EJG Morgan,MM Ali,Imran Tahir,0,0,,,,,,,,,
1031425,2017,2017-05-24,Headingley,1,42.2,England,South Africa,EJG Morgan,MM Ali,Imran Tahir,1,0,,,,,,,,,
1031425,2017,2017-05-24,Headingley,1,42.3,England,South Africa,MM Ali,EJG Morgan,Imran Tahir,0,0,,,,,,,,,
1031425,2017,2017-05-24,Headingley,1,42.4,England,South Africa,MM Ali,EJG Morgan,Imran Tahir,4,0,,,,,,,,,
1031425,2017,2017-05-24,Headingley,1,42.5,England,South Africa,MM Ali,EJG Morgan,Imran Tahir,1,0,,,,,,,,,
1031425,2017,2017-05-24,Headingley,1,42.6,England,South Africa,EJG Morgan,MM Ali,Imran Tahir,1,0,,,,,,,,,
1031425,2017,2017-05-24,Headingley,1,43.1,England,South Africa,EJG Morgan,MM Ali,AL Phehlukwayo,0,0,,,,,,,,,
1031425,2017,2017-05-24,Headingley,1,43.2,England,South Africa,EJG Morgan,MM Ali,AL Phehlukwayo,1,0,,,,,,,,,
1031425,2017,2017-05-24,Headingley,1,43.3,England,South Africa,MM Ali,EJG Morgan,AL Phehlukwayo,1,0,,,,,,,,,
1031425,2017,2017-05-24,Headingley,1,43.4,England,South Africa,EJG Morgan,MM Ali,AL Phehlukwayo,1,0,,,,,,,,,
1031425,2017,2017-05-24,Headingley,1,43.5,England,South Africa,MM Ali,EJG Morgan,AL Phehlukwayo,1,0,,,,,,,,,
1031425,2017,2017-05-24,Headingley,1,43.6,England,South Africa,EJG Morgan,MM Ali,AL Phehlukwayo,0,0,,,,,,,,,
1031425,2017,2017-05-24,Headingley,1,44.1,England,South Africa,MM Ali,EJG Morgan,Imran Tahir,6,0,,,,,,,,,
1031425,2017,2017-05-24,Headingley,1,44.2,England,South Africa,MM Ali,EJG Morgan,Imran Tahir,1,0,,,,,,,,,
1031425,2017,2017-05-24,Headingley,1,44.3,England,South Africa,EJG Morgan,MM Ali,Imran Tahir,1,0,,,,,,,,,
1031425,2017,2017-05-24,Headingley,1,44.4,England,South Africa,MM Ali,EJG Morgan,Imran Tahir,6,0,,,,,,,,,
1031425,2017,2017-05-24,Headingley,1,44.5,England,South Africa,MM Ali,EJG Morgan,Imran Tahir,6,0,,,,,,,,,
1031425,2017,2017-05-24,Headingley,1,44.6,England,South Africa,MM Ali,EJG Morgan,Imran Tahir,2,0,,,,,,,,,
1031425,2017,2017-05-24,Headingley,1,45.1,England,South Africa,EJG Morgan,MM Ali,AL Phehlukwayo,6,0,,,,,,,,,
1031425,2017,2017-05-24,Headingley,1,45.2,England,South Africa,EJG Morgan,MM Ali,AL Phehlukwayo,1,0,,,,,,,,,
1031425,2017,2017-05-24,Headingley,1,45.3,England,South Africa,MM Ali,EJG Morgan,AL Phehlukwayo,2,0,,,,,,,,,
1031425,2017,2017-05-24,Headingley,1,45.4,England,South Africa,MM Ali,EJG Morgan,AL Phehlukwayo,1,0,,,,,,,,,
1031425,2017,2017-05-24,Headingley,1,45.5,England,South Africa,EJG Morgan,MM Ali,AL Phehlukwayo,1,0,,,,,,,,,
1031425,2017,2017-05-24,Headingley,1,45.6,England,South Africa,MM Ali,EJG Morgan,AL Phehlukwayo,0,0,,,,,,,,,
1031425,2017,2017-05-24,Headingley,1,46.1,England,South Africa,EJG Morgan,MM Ali,K Rabada,1,0,,,,,,,,,
1031425,2017,2017-05-24,Headingley,1,46.2,England,South Africa,MM Ali,EJG Morgan,K Rabada,0,0,,,,,,,,,
1031425,2017,2017-05-24,Headingley,1,46.3,England,South Africa,MM Ali,EJG Morgan,K Rabada,0,1,1,,,,,,,,
1031425,2017,2017-05-24,Headingley,1,46.4,England,South Africa,MM Ali,EJG Morgan,K Rabada,1,0,,,,,,,,,
1031425,2017,2017-05-24,Headingley,1,46.5,England,South Africa,EJG Morgan,MM Ali,K Rabada,0,0,,,,,,,,,
1031425,2017,2017-05-24,Headingley,1,46.6,England,South Africa,EJG Morgan,MM Ali,K Rabada,6,0,,,,,,,,,
1031425,2017,2017-05-24,Headingley,1,46.7,England,South Africa,EJG Morgan,MM Ali,K Rabada,4,0,,,,,,,,,
1031425,2017,2017-05-24,Headingley,1,47.1,England,South Africa,MM Ali,EJG Morgan,CH Morris,1,0,,,,,,,,,
1031425,2017,2017-05-24,Headingley,1,47.2,England,South Africa,EJG Morgan,MM Ali,CH Morris,1,0,,,,,,,,,
1031425,2017,2017-05-24,Headingley,1,47.3,England,South Africa,MM Ali,EJG Morgan,CH Morris,0,1,1,,,,,,,,
1031425,2017,2017-05-24,Headingley,1,47.4,England,South Africa,MM Ali,EJG Morgan,CH Morris,1,0,,,,,,,,,
1031425,2017,2017-05-24,Headingley,1,47.5,England,South Africa,EJG Morgan,MM Ali,CH Morris,0,0,,,,,,caught,EJG Morgan,,
1031425,2017,2017-05-24,Headingley,1,47.6,England,South Africa,MM Ali,CR Woakes,CH Morris,0,0,,,,,,,,,
1031425,2017,2017-05-24,Headingley,1,47.7,England,South Africa,MM Ali,CR Woakes,CH Morris,4,0,,,,,,,,,
1031425,2017,2017-05-24,Headingley,1,48.1,England,South Africa,CR Woakes,MM Ali,K Rabada,0,0,,,,,,,,,
1031425,2017,2017-05-24,Headingley,1,48.2,England,South Africa,CR Woakes,MM Ali,K Rabada,1,0,,,,,,,,,
1031425,2017,2017-05-24,Headingley,1,48.3,England,South Africa,MM Ali,CR Woakes,K Rabada,4,0,,,,,,,,,
1031425,2017,2017-05-24,Headingley,1,48.4,England,South Africa,MM Ali,CR Woakes,K Rabada,0,0,,,,,,,,,
1031425,2017,2017-05-24,Headingley,1,48.5,England,South Africa,MM Ali,CR Woakes,K Rabada,1,0,,,,,,,,,
1031425,2017,2017-05-24,Headingley,1,48.6,England,South Africa,CR Woakes,MM Ali,K Rabada,1,0,,,,,,,,,
1031425,2017,2017-05-24,Headingley,1,49.1,England,South Africa,CR Woakes,MM Ali,CH Morris,1,0,,,,,,,,,
1031425,2017,2017-05-24,Headingley,1,49.2,England,South Africa,MM Ali,CR Woakes,CH Morris,2,0,,,,,,,,,
1031425,2017,2017-05-24,Headingley,1,49.3,England,South Africa,MM Ali,CR Woakes,CH Morris,1,0,,,,,,,,,
1031425,2017,2017-05-24,Headingley,1,49.4,England,South Africa,CR Woakes,MM Ali,CH Morris,2,0,,,,,,,,,
1031425,2017,2017-05-24,Headingley,1,49.5,England,South Africa,CR Woakes,MM Ali,CH Morris,1,0,,,,,,,,,
1031425,2017,2017-05-24,Headingley,1,49.6,England,South Africa,MM Ali,CR Woakes,CH Morris,6,0,,,,,,,,,
1031425,2017,2017-05-24,Headingley,2,0.1,South Africa,England,HM Amla,Q de Kock,CR Woakes,1,0,,,,,,,,,
1031425,2017,2017-05-24,Headingley,2,0.2,South Africa,England,Q de Kock,HM Amla,CR Woakes,0,0,,,,,,,,,
1031425,2017,2017-05-24,Headingley,2,0.3,South Africa,England,Q de Kock,HM Amla,CR Woakes,0,0,,,,,,,,,
1031425,2017,2017-05-24,Headingley,2,0.4,South Africa,England,Q de Kock,HM Amla,CR Woakes,0,0,,,,,,,,,
1031425,2017,2017-05-24,Headingley,2,0.5,South Africa,England,Q de Kock,HM Amla,CR Woakes,0,0,,,,,,,,,
1031425,2017,2017-05-24,Headingley,2,0.6,South Africa,England,Q de Kock,HM Amla,CR Woakes,0,0,,,,,,,,,
1031425,2017,2017-05-24,Headingley,2,1.1,South Africa,England,HM Amla,Q de Kock,MA Wood,0,0,,,,,,,,,
1031425,2017,2017-05-24,Headingley,2,1.2,South Africa,England,HM Amla,Q de Kock,MA Wood,0,0,,,,,,,,,
1031425,2017,2017-05-24,Headingley,2,1.3,South Africa,England,HM Amla,Q de Kock,MA Wood,1,0,,,,,,,,,
1031425,2017,2017-05-24,Headingley,2,1.4,South Africa,England,Q de Kock,HM Amla,MA Wood,0,0,,,,,,,,,
1031425,2017,2017-05-24,Headingley,2,1.5,South Africa,England,Q de Kock,HM Amla,MA Wood,3,0,,,,,,,,,
1031425,2017,2017-05-24,Headingley,2,1.6,South Africa,England,HM Amla,Q de Kock,MA Wood,2,0,,,,,,,,,
1031425,2017,2017-05-24,Headingley,2,2.1,South Africa,England,Q de Kock,HM Amla,CR Woakes,0,0,,,,,,,,,
1031425,2017,2017-05-24,Headingley,2,2.2,South Africa,England,Q de Kock,HM Amla,CR Woakes,1,0,,,,,,,,,
1031425,2017,2017-05-24,Headingley,2,2.3,South Africa,England,HM Amla,Q de Kock,CR Woakes,0,0,,,,,,,,,
1031425,2017,2017-05-24,Headingley,2,2.4,South Africa,England,HM Amla,Q de Kock,CR Woakes,0,0,,,,,,,,,
1031425,2017,2017-05-24,Headingley,2,2.5,South Africa,England,HM Amla,Q de Kock,CR Woakes,0,0,,,,,,,,,
1031425,2017,2017-05-24,Headingley,2,2.6,South Africa,England,HM Amla,Q de Kock,CR Woakes,1,0,,,,,,,,,
1031425,2017,2017-05-24,Headingley,2,3.1,South Africa,England,HM Amla,Q de Kock,MA Wood,4,0,,,,,,,,,
1031425,2017,2017-05-24,Headingley,2,3.2,South Africa,England,HM Amla,Q de Kock,MA Wood,0,0,,,,,,,,,
1031425,2017,2017-05-24,Headingley,2,3.3,South Africa,England,HM Amla,Q de Kock,MA Wood,0,0,,,,,,,,,
1031425,2017,2017-05-24,Headingley,2,3.4,South Africa,England,HM Amla,Q de Kock,MA Wood,4,0,,,,,,,,,
1031425,2017,2017-05-24,Headingley,2,3.5,South Africa,England,HM Amla,Q de Kock,MA Wood,1,0,,,,,,,,,
1031425,2017,2017-05-24,Headingley,2,3.6,South Africa,England,Q de Kock,HM Amla,MA Wood,0,0,,,,,,,,,
1031425,2017,2017-05-24,Headingley,2,4.1,South Africa,England,HM Amla,Q de Kock,CR Woakes,0,0,,,,,,,,,
1031425,2017,2017-05-24,Headingley,2,4.2,South Africa,England,HM Amla,Q de Kock,CR Woakes,0,0,,,,,,,,,
1031425,2017,2017-05-24,Headingley,2,4.3,South Africa,England,HM Amla,Q de Kock,CR Woakes,1,0,,,,,,,,,
1031425,2017,2017-05-24,Headingley,2,4.4,South Africa,England,Q de Kock,HM Amla,CR Woakes,1,0,,,,,,,,,
1031425,2017,2017-05-24,Headingley,2,4.5,South Africa,England,HM Amla,Q de Kock,CR Woakes,0,0,,,,,,,,,
1031425,2017,2017-05-24,Headingley,2,4.6,South Africa,England,HM Amla,Q de Kock,CR Woakes,1,0,,,,,,,,,
1031425,2017,2017-05-24,Headingley,2,5.1,South Africa,England,HM Amla,Q de Kock,MA Wood,0,0,,,,,,,,,
1031425,2017,2017-05-24,Headingley,2,5.2,South Africa,England,HM Amla,Q de Kock,MA Wood,4,0,,,,,,,,,
1031425,2017,2017-05-24,Headingley,2,5.3,South Africa,England,HM Amla,Q de Kock,MA Wood,4,0,,,,,,,,,
1031425,2017,2017-05-24,Headingley,2,5.4,South Africa,England,HM Amla,Q de Kock,MA Wood,0,0,,,,,,,,,
1031425,2017,2017-05-24,Headingley,2,5.5,South Africa,England,HM Amla,Q de Kock,MA Wood,0,0,,,,,,,,,
1031425,2017,2017-05-24,Headingley,2,5.6,South Africa,England,HM Amla,Q de Kock,MA Wood,4,0,,,,,,,,,
1031425,2017,2017-05-24,Headingley,2,6.1,South Africa,England,Q de Kock,HM Amla,CR Woakes,0,0,,,,,,,,,
1031425,2017,2017-05-24,Headingley,2,6.2,South Africa,England,Q de Kock,HM Amla,CR Woakes,0,0,,,,,,caught,Q de Kock,,
1031425,2017,2017-05-24,Headingley,2,6.3,South Africa,England,HM Amla,F du Plessis,CR Woakes,0,0,,,,,,,,,
1031425,2017,2017-05-24,Headingley,2,6.4,South Africa,England,HM Amla,F du Plessis,CR Woakes,1,0,,,,,,,,,
1031425,2017,2017-05-24,Headingley,2,6.5,South Africa,England,F du Plessis,HM Amla,CR Woakes,0,0,,,,,,,,,
1031425,2017,2017-05-24,Headingley,2,6.6,South Africa,England,F du Plessis,HM Amla,CR Woakes,4,0,,,,,,,,,
1031425,2017,2017-05-24,Headingley,2,7.1,South Africa,England,HM Amla,F du Plessis,LE Plunkett,1,0,,,,,,,,,
1031425,2017,2017-05-24,Headingley,2,7.2,South Africa,England,F du Plessis,HM Amla,LE Plunkett,2,0,,,,,,,,,
1031425,2017,2017-05-24,Headingley,2,7.3,South Africa,England,F du Plessis,HM Amla,LE Plunkett,0,0,,,,,,,,,
1031425,2017,2017-05-24,Headingley,2,7.4,South Africa,England,F du Plessis,HM Amla,LE Plunkett,1,0,,,,,,,,,
1031425,2017,2017-05-24,Headingley,2,7.5,South Africa,England,HM Amla,F du Plessis,LE Plunkett,0,0,,,,,,,,,
1031425,2017,2017-05-24,Headingley,2,7.6,South Africa,England,HM Amla,F du Plessis,LE Plunkett,0,0,,,,,,,,,
1031425,2017,2017-05-24,Headingley,2,8.1,South Africa,England,F du Plessis,HM Amla,CR Woakes,4,0,,,,,,,,,
1031425,2017,2017-05-24,Headingley,2,8.2,South Africa,England,F du Plessis,HM Amla,CR Woakes,4,0,,,,,,,,,
1031425,2017,2017-05-24,Headingley,2,8.3,South Africa,England,F du Plessis,HM Amla,CR Woakes,2,0,,,,,,,,,
1031425,2017,2017-05-24,Headingley,2,8.4,South Africa,England,F du Plessis,HM Amla,CR Woakes,4,0,,,,,,,,,
1031425,2017,2017-05-24,Headingley,2,8.5,South Africa,England,F du Plessis,HM Amla,CR Woakes,0,0,,,,,,,,,
1031425,2017,2017-05-24,Headingley,2,8.6,South Africa,England,F du Plessis,HM Amla,CR Woakes,0,0,,,,,,,,,
1031425,2017,2017-05-24,Headingley,2,9.1,South Africa,England,HM Amla,F du Plessis,LE Plunkett,0,0,,,,,,,,,
1031425,2017,2017-05-24,Headingley,2,9.2,South Africa,England,HM Amla,F du Plessis,LE Plunkett,1,0,,,,,,,,,
1031425,2017,2017-05-24,Headingley,2,9.3,South Africa,England,F du Plessis,HM Amla,LE Plunkett,0,0,,,,,,,,,
1031425,2017,2017-05-24,Headingley,2,9.4,South Africa,England,F du Plessis,HM Amla,LE Plunkett,1,0,,,,,,,,,
1031425,2017,2017-05-24,Headingley,2,9.5,South Africa,England,HM Amla,F du Plessis,LE Plunkett,1,0,,,,,,,,,
1031425,2017,2017-05-24,Headingley,2,9.6,South Africa,England,F du Plessis,HM Amla,LE Plunkett,0,0,,,,,,,,,
1031425,2017,2017-05-24,Headingley,2,10.1,South Africa,England,HM Amla,F du Plessis,AU Rashid,0,0,,,,,,,,,
1031425,2017,2017-05-24,Headingley,2,10.2,South Africa,England,HM Amla,F du Plessis,AU Rashid,1,0,,,,,,,,,
1031425,2017,2017-05-24,Headingley,2,10.3,South Africa,England,F du Plessis,HM Amla,AU Rashid,1,0,,,,,,,,,
1031425,2017,2017-05-24,Headingley,2,10.4,South Africa,England,HM Amla,F du Plessis,AU Rashid,0,0,,,,,,,,,
1031425,2017,2017-05-24,Headingley,2,10.5,South Africa,England,HM Amla,F du Plessis,AU Rashid,4,0,,,,,,,,,
1031425,2017,2017-05-24,Headingley,2,10.6,South Africa,England,HM Amla,F du Plessis,AU Rashid,4,0,,,,,,,,,
1031425,2017,2017-05-24,Headingley,2,11.1,South Africa,England,F du Plessis,HM Amla,LE Plunkett,0,0,,,,,,,,,
1031425,2017,2017-05-24,Headingley,2,11.2,South Africa,England,F du Plessis,HM Amla,LE Plunkett,0,0,,,,,,,,,
1031425,2017,2017-05-24,Headingley,2,11.3,South Africa,England,F du Plessis,HM Amla,LE Plunkett,1,0,,,,,,,,,
1031425,2017,2017-05-24,Headingley,2,11.4,South Africa,England,HM Amla,F du Plessis,LE Plunkett,1,0,,,,,,,,,
1031425,2017,2017-05-24,Headingley,2,11.5,South Africa,England,F du Plessis,HM Amla,LE Plunkett,1,0,,,,,,,,,
1031425,2017,2017-05-24,Headingley,2,11.6,South Africa,England,HM Amla,F du Plessis,LE Plunkett,1,0,,,,,,,,,
1031425,2017,2017-05-24,Headingley,2,12.1,South Africa,England,HM Amla,F du Plessis,AU Rashid,1,0,,,,,,,,,
1031425,2017,2017-05-24,Headingley,2,12.2,South Africa,England,F du Plessis,HM Amla,AU Rashid,0,0,,,,,,,,,
1031425,2017,2017-05-24,Headingley,2,12.3,South Africa,England,F du Plessis,HM Amla,AU Rashid,0,0,,,,,,,,,
1031425,2017,2017-05-24,Headingley,2,12.4,South Africa,England,F du Plessis,HM Amla,AU Rashid,0,0,,,,,,,,,
1031425,2017,2017-05-24,Headingley,2,12.5,South Africa,England,F du Plessis,HM Amla,AU Rashid,0,0,,,,,,,,,
1031425,2017,2017-05-24,Headingley,2,12.6,South Africa,England,F du Plessis,HM Amla,AU Rashid,0,0,,,,,,,,,
1031425,2017,2017-05-24,Headingley,2,13.1,South Africa,England,HM Amla,F du Plessis,LE Plunkett,0,0,,,,,,,,,
1031425,2017,2017-05-24,Headingley,2,13.2,South Africa,England,HM Amla,F du Plessis,LE Plunkett,0,0,,,,,,,,,
1031425,2017,2017-05-24,Headingley,2,13.3,South Africa,England,HM Amla,F du Plessis,LE Plunkett,0,0,,,,,,,,,
1031425,2017,2017-05-24,Headingley,2,13.4,South Africa,England,HM Amla,F du Plessis,LE Plunkett,1,0,,,,,,,,,
1031425,2017,2017-05-24,Headingley,2,13.5,South Africa,England,F du Plessis,HM Amla,LE Plunkett,0,1,1,,,,,,,,
1031425,2017,2017-05-24,Headingley,2,13.6,South Africa,England,F du Plessis,HM Amla,LE Plunkett,0,0,,,,,,,,,
1031425,2017,2017-05-24,Headingley,2,13.7,South Africa,England,F du Plessis,HM Amla,LE Plunkett,2,0,,,,,,,,,
1031425,2017,2017-05-24,Headingley,2,14.1,South Africa,England,HM Amla,F du Plessis,AU Rashid,1,0,,,,,,,,,
1031425,2017,2017-05-24,Headingley,2,14.2,South Africa,England,F du Plessis,HM Amla,AU Rashid,1,0,,,,,,,,,
1031425,2017,2017-05-24,Headingley,2,14.3,South Africa,England,HM Amla,F du Plessis,AU Rashid,1,0,,,,,,,,,
1031425,2017,2017-05-24,Headingley,2,14.4,South Africa,England,F du Plessis,HM Amla,AU Rashid,0,0,,,,,,,,,
1031425,2017,2017-05-24,Headingley,2,14.5,South Africa,England,F du Plessis,HM Amla,AU Rashid,1,0,,,,,,,,,
1031425,2017,2017-05-24,Headingley,2,14.6,South Africa,England,HM Amla,F du Plessis,AU Rashid,0,0,,,,,,,,,
1031425,2017,2017-05-24,Headingley,2,15.1,South Africa,England,F du Plessis,HM Amla,LE Plunkett,0,1,,,,1,,,,,
1031425,2017,2017-05-24,Headingley,2,15.2,South Africa,England,HM Amla,F du Plessis,LE Plunkett,4,0,,,,,,,,,
1031425,2017,2017-05-24,Headingley,2,15.3,South Africa,England,HM Amla,F du Plessis,LE Plunkett,0,0,,,,,,,,,
1031425,2017,2017-05-24,Headingley,2,15.4,South Africa,England,HM Amla,F du Plessis,LE Plunkett,1,0,,,,,,,,,
1031425,2017,2017-05-24,Headingley,2,15.5,South Africa,England,F du Plessis,HM Amla,LE Plunkett,1,0,,,,,,,,,
1031425,2017,2017-05-24,Headingley,2,15.6,South Africa,England,HM Amla,F du Plessis,LE Plunkett,0,0,,,,,,,,,
1031425,2017,2017-05-24,Headingley,2,16.1,South Africa,England,F du Plessis,HM Amla,AU Rashid,1,0,,,,,,,,,
1031425,2017,2017-05-24,Headingley,2,16.2,South Africa,England,HM Amla,F du Plessis,AU Rashid,0,1,1,,,,,,,,
1031425,2017,2017-05-24,Headingley,2,16.3,South Africa,England,HM Amla,F du Plessis,AU Rashid,0,0,,,,,,,,,
1031425,2017,2017-05-24,Headingley,2,16.4,South Africa,England,HM Amla,F du Plessis,AU Rashid,1,0,,,,,,,,,
1031425,2017,2017-05-24,Headingley,2,16.5,South Africa,England,F du Plessis,HM Amla,AU Rashid,4,0,,,,,,,,,
1031425,2017,2017-05-24,Headingley,2,16.6,South Africa,England,F du Plessis,HM Amla,AU Rashid,1,0,,,,,,,,,
1031425,2017,2017-05-24,Headingley,2,16.7,South Africa,England,HM Amla,F du Plessis,AU Rashid,0,0,,,,,,,,,
1031425,2017,2017-05-24,Headingley,2,17.1,South Africa,England,F du Plessis,HM Amla,BA Stokes,1,0,,,,,,,,,
1031425,2017,2017-05-24,Headingley,2,17.2,South Africa,England,HM Amla,F du Plessis,BA Stokes,1,0,,,,,,,,,
1031425,2017,2017-05-24,Headingley,2,17.3,South Africa,England,F du Plessis,HM Amla,BA Stokes,1,0,,,,,,,,,
1031425,2017,2017-05-24,Headingley,2,17.4,South Africa,England,HM Amla,F du Plessis,BA Stokes,0,0,,,,,,,,,
1031425,2017,2017-05-24,Headingley,2,17.5,South Africa,England,HM Amla,F du Plessis,BA Stokes,1,0,,,,,,,,,
1031425,2017,2017-05-24,Headingley,2,17.6,South Africa,England,F du Plessis,HM Amla,BA Stokes,1,0,,,,,,,,,
1031425,2017,2017-05-24,Headingley,2,18.1,South Africa,England,F du Plessis,HM Amla,AU Rashid,0,0,,,,,,,,,
1031425,2017,2017-05-24,Headingley,2,18.2,South Africa,England,F du Plessis,HM Amla,AU Rashid,0,0,,,,,,,,,
1031425,2017,2017-05-24,Headingley,2,18.3,South Africa,England,F du Plessis,HM Amla,AU Rashid,1,0,,,,,,,,,
1031425,2017,2017-05-24,Headingley,2,18.4,South Africa,England,HM Amla,F du Plessis,AU Rashid,1,0,,,,,,,,,
1031425,2017,2017-05-24,Headingley,2,18.5,South Africa,England,F du Plessis,HM Amla,AU Rashid,1,0,,,,,,,,,
1031425,2017,2017-05-24,Headingley,2,18.6,South Africa,England,HM Amla,F du Plessis,AU Rashid,1,0,,,,,,,,,
1031425,2017,2017-05-24,Headingley,2,19.1,South Africa,England,HM Amla,F du Plessis,BA Stokes,1,0,,,,,,,,,
1031425,2017,2017-05-24,Headingley,2,19.2,South Africa,England,F du Plessis,HM Amla,BA Stokes,4,0,,,,,,,,,
1031425,2017,2017-05-24,Headingley,2,19.3,South Africa,England,F du Plessis,HM Amla,BA Stokes,1,0,,,,,,,,,
1031425,2017,2017-05-24,Headingley,2,19.4,South Africa,England,HM Amla,F du Plessis,BA Stokes,1,0,,,,,,,,,
1031425,2017,2017-05-24,Headingley,2,19.5,South Africa,England,F du Plessis,HM Amla,BA Stokes,1,0,,,,,,,,,
1031425,2017,2017-05-24,Headingley,2,19.6,South Africa,England,HM Amla,F du Plessis,BA Stokes,1,0,,,,,,,,,
1031425,2017,2017-05-24,Headingley,2,20.1,South Africa,England,HM Amla,F du Plessis,AU Rashid,2,0,,,,,,,,,
1031425,2017,2017-05-24,Headingley,2,20.2,South Africa,England,HM Amla,F du Plessis,AU Rashid,1,0,,,,,,,,,
1031425,2017,2017-05-24,Headingley,2,20.3,South Africa,England,F du Plessis,HM Amla,AU Rashid,1,0,,,,,,,,,
1031425,2017,2017-05-24,Headingley,2,20.4,South Africa,England,HM Amla,F du Plessis,AU Rashid,1,0,,,,,,,,,
1031425,2017,2017-05-24,Headingley,2,20.5,South Africa,England,F du Plessis,HM Amla,AU Rashid,1,0,,,,,,,,,
1031425,2017,2017-05-24,Headingley,2,20.6,South Africa,England,HM Amla,F du Plessis,AU Rashid,1,0,,,,,,,,,
1031425,2017,2017-05-24,Headingley,2,21.1,South Africa,England,HM Amla,F du Plessis,MM Ali,0,0,,,,,,,,,
1031425,2017,2017-05-24,Headingley,2,21.2,South Africa,England,HM Amla,F du Plessis,MM Ali,1,0,,,,,,,,,
1031425,2017,2017-05-24,Headingley,2,21.3,South Africa,England,F du Plessis,HM Amla,MM Ali,1,0,,,,,,,,,
1031425,2017,2017-05-24,Headingley,2,21.4,South Africa,England,HM Amla,F du Plessis,MM Ali,1,0,,,,,,,,,
1031425,2017,2017-05-24,Headingley,2,21.5,South Africa,England,F du Plessis,HM Amla,MM Ali,0,0,,,,,,,,,
1031425,2017,2017-05-24,Headingley,2,21.6,South Africa,England,F du Plessis,HM Amla,MM Ali,1,0,,,,,,,,,
1031425,2017,2017-05-24,Headingley,2,22.1,South Africa,England,F du Plessis,HM Amla,MA Wood,1,0,,,,,,,,,
1031425,2017,2017-05-24,Headingley,2,22.2,South Africa,England,HM Amla,F du Plessis,MA Wood,1,0,,,,,,,,,
1031425,2017,2017-05-24,Headingley,2,22.3,South Africa,England,F du Plessis,HM Amla,MA Wood,0,0,,,,,,,,,
1031425,2017,2017-05-24,Headingley,2,22.4,South Africa,England,F du Plessis,HM Amla,MA Wood,4,0,,,,,,,,,
1031425,2017,2017-05-24,Headingley,2,22.5,South Africa,England,F du Plessis,HM Amla,MA Wood,4,0,,,,,,,,,
1031425,2017,2017-05-24,Headingley,2,22.6,South Africa,England,F du Plessis,HM Amla,MA Wood,2,0,,,,,,,,,
1031425,2017,2017-05-24,Headingley,2,23.1,South Africa,England,HM Amla,F du Plessis,MM Ali,1,0,,,,,,,,,
1031425,2017,2017-05-24,Headingley,2,23.2,South Africa,England,F du Plessis,HM Amla,MM Ali,1,0,,,,,,,,,
1031425,2017,2017-05-24,Headingley,2,23.3,South Africa,England,HM Amla,F du Plessis,MM Ali,2,0,,,,,,,,,
1031425,2017,2017-05-24,Headingley,2,23.4,South Africa,England,HM Amla,F du Plessis,MM Ali,1,0,,,,,,,,,
1031425,2017,2017-05-24,Headingley,2,23.5,South Africa,England,F du Plessis,HM Amla,MM Ali,0,0,,,,,,,,,
1031425,2017,2017-05-24,Headingley,2,23.6,South Africa,England,F du Plessis,HM Amla,MM Ali,0,0,,,,,,,,,
1031425,2017,2017-05-24,Headingley,2,24.1,South Africa,England,HM Amla,F du Plessis,MA Wood,1,0,,,,,,,,,
1031425,2017,2017-05-24,Headingley,2,24.2,South Africa,England,F du Plessis,HM Amla,MA Wood,1,0,,,,,,,,,
1031425,2017,2017-05-24,Headingley,2,24.3,South Africa,England,HM Amla,F du Plessis,MA Wood,0,0,,,,,,lbw,HM Amla,,
1031425,2017,2017-05-24,Headingley,2,24.4,South Africa,England,AB de Villiers,F du Plessis,MA Wood,0,0,,,,,,,,,
1031425,2017,2017-05-24,Headingley,2,24.5,South Africa,England,AB de Villiers,F du Plessis,MA Wood,0,0,,,,,,,,,
1031425,2017,2017-05-24,Headingley,2,24.6,South Africa,England,AB de Villiers,F du Plessis,MA Wood,0,0,,,,,,,,,
1031425,2017,2017-05-24,Headingley,2,25.1,South Africa,England,F du Plessis,AB de Villiers,LE Plunkett,1,0,,,,,,,,,
1031425,2017,2017-05-24,Headingley,2,25.2,South Africa,England,AB de Villiers,F du Plessis,LE Plunkett,1,0,,,,,,,,,
1031425,2017,2017-05-24,Headingley,2,25.3,South Africa,England,F du Plessis,AB de Villiers,LE Plunkett,2,0,,,,,,,,,
1031425,2017,2017-05-24,Headingley,2,25.4,South Africa,England,F du Plessis,AB de Villiers,LE Plunkett,0,0,,,,,,caught,F du Plessis,,
1031425,2017,2017-05-24,Headingley,2,25.5,South Africa,England,JP Duminy,AB de Villiers,LE Plunkett,2,0,,,,,,,,,
1031425,2017,2017-05-24,Headingley,2,25.6,South Africa,England,JP Duminy,AB de Villiers,LE Plunkett,0,0,,,,,,,,,
1031425,2017,2017-05-24,Headingley,2,26.1,South Africa,England,AB de Villiers,JP Duminy,MA Wood,0,0,,,,,,,,,
1031425,2017,2017-05-24,Headingley,2,26.2,South Africa,England,AB de Villiers,JP Duminy,MA Wood,4,0,,,,,,,,,
1031425,2017,2017-05-24,Headingley,2,26.3,South Africa,England,AB de Villiers,JP Duminy,MA Wood,0,0,,,,,,,,,
1031425,2017,2017-05-24,Headingley,2,26.4,South Africa,England,AB de Villiers,JP Duminy,MA Wood,4,0,,,,,,,,,
1031425,2017,2017-05-24,Headingley,2,26.5,South Africa,England,AB de Villiers,JP Duminy,MA Wood,0,0,,,,,,,,,
1031425,2017,2017-05-24,Headingley,2,26.6,South Africa,England,AB de Villiers,JP Duminy,MA Wood,0,0,,,,,,,,,
1031425,2017,2017-05-24,Headingley,2,27.1,South Africa,England,JP Duminy,AB de Villiers,LE Plunkett,2,0,,,,,,,,,
1031425,2017,2017-05-24,Headingley,2,27.2,South Africa,England,JP Duminy,AB de Villiers,LE Plunkett,0,0,,,,,,,,,
1031425,2017,2017-05-24,Headingley,2,27.3,South Africa,England,JP Duminy,AB de Villiers,LE Plunkett,0,0,,,,,,,,,
1031425,2017,2017-05-24,Headingley,2,27.4,South Africa,England,JP Duminy,AB de Villiers,LE Plunkett,0,0,,,,,,,,,
1031425,2017,2017-05-24,Headingley,2,27.5,South Africa,England,JP Duminy,AB de Villiers,LE Plunkett,0,0,,,,,,,,,
1031425,2017,2017-05-24,Headingley,2,27.6,South Africa,England,JP Duminy,AB de Villiers,LE Plunkett,0,0,,,,,,,,,
1031425,2017,2017-05-24,Headingley,2,28.1,South Africa,England,AB de Villiers,JP Duminy,AU Rashid,4,0,,,,,,,,,
1031425,2017,2017-05-24,Headingley,2,28.2,South Africa,England,AB de Villiers,JP Duminy,AU Rashid,1,0,,,,,,,,,
1031425,2017,2017-05-24,Headingley,2,28.3,South Africa,England,JP Duminy,AB de Villiers,AU Rashid,0,0,,,,,,,,,
1031425,2017,2017-05-24,Headingley,2,28.4,South Africa,England,JP Duminy,AB de Villiers,AU Rashid,4,0,,,,,,,,,
1031425,2017,2017-05-24,Headingley,2,28.5,South Africa,England,JP Duminy,AB de Villiers,AU Rashid,1,0,,,,,,,,,
1031425,2017,2017-05-24,Headingley,2,28.6,South Africa,England,AB de Villiers,JP Duminy,AU Rashid,0,0,,,,,,,,,
1031425,2017,2017-05-24,Headingley,2,29.1,South Africa,England,JP Duminy,AB de Villiers,LE Plunkett,0,0,,,,,,,,,
1031425,2017,2017-05-24,Headingley,2,29.2,South Africa,England,JP Duminy,AB de Villiers,LE Plunkett,1,0,,,,,,,,,
1031425,2017,2017-05-24,Headingley,2,29.3,South Africa,England,AB de Villiers,JP Duminy,LE Plunkett,2,0,,,,,,,,,
1031425,2017,2017-05-24,Headingley,2,29.4,South Africa,England,AB de Villiers,JP Duminy,LE Plunkett,1,0,,,,,,,,,
1031425,2017,2017-05-24,Headingley,2,29.5,South Africa,England,JP Duminy,AB de Villiers,LE Plunkett,1,0,,,,,,,,,
1031425,2017,2017-05-24,Headingley,2,29.6,South Africa,England,AB de Villiers,JP Duminy,LE Plunkett,0,0,,,,,,,,,
1031425,2017,2017-05-24,Headingley,2,30.1,South Africa,England,JP Duminy,AB de Villiers,AU Rashid,1,0,,,,,,,,,
1031425,2017,2017-05-24,Headingley,2,30.2,South Africa,England,AB de Villiers,JP Duminy,AU Rashid,1,0,,,,,,,,,
1031425,2017,2017-05-24,Headingley,2,30.3,South Africa,England,JP Duminy,AB de Villiers,AU Rashid,2,0,,,,,,,,,
1031425,2017,2017-05-24,Headingley,2,30.4,South Africa,England,JP Duminy,AB de Villiers,AU Rashid,1,0,,,,,,,,,
1031425,2017,2017-05-24,Headingley,2,30.5,South Africa,England,AB de Villiers,JP Duminy,AU Rashid,1,0,,,,,,,,,
1031425,2017,2017-05-24,Headingley,2,30.6,South Africa,England,JP Duminy,AB de Villiers,AU Rashid,0,0,,,,,,caught,JP Duminy,,
1031425,2017,2017-05-24,Headingley,2,31.1,South Africa,England,AB de Villiers,DA Miller,MM Ali,3,0,,,,,,,,,
1031425,2017,2017-05-24,Headingley,2,31.2,South Africa,England,DA Miller,AB de Villiers,MM Ali,1,0,,,,,,,,,
1031425,2017,2017-05-24,Headingley,2,31.3,South Africa,England,AB de Villiers,DA Miller,MM Ali,0,0,,,,,,,,,
1031425,2017,2017-05-24,Headingley,2,31.4,South Africa,England,AB de Villiers,DA Miller,MM Ali,1,0,,,,,,,,,
1031425,2017,2017-05-24,Headingley,2,31.5,South Africa,England,DA Miller,AB de Villiers,MM Ali,1,0,,,,,,,,,
1031425,2017,2017-05-24,Headingley,2,31.6,South Africa,England,AB de Villiers,DA Miller,MM Ali,4,0,,,,,,,,,
1031425,2017,2017-05-24,Headingley,2,32.1,South Africa,England,DA Miller,AB de Villiers,AU Rashid,1,0,,,,,,,,,
1031425,2017,2017-05-24,Headingley,2,32.2,South Africa,England,AB de Villiers,DA Miller,AU Rashid,1,0,,,,,,,,,
1031425,2017,2017-05-24,Headingley,2,32.3,South Africa,England,DA Miller,AB de Villiers,AU Rashid,1,0,,,,,,,,,
1031425,2017,2017-05-24,Headingley,2,32.4,South Africa,England,AB de Villiers,DA Miller,AU Rashid,4,0,,,,,,,,,
1031425,2017,2017-05-24,Headingley,2,32.5,South Africa,England,AB de Villiers,DA Miller,AU Rashid,1,0,,,,,,,,,
1031425,2017,2017-05-24,Headingley,2,32.6,South Africa,England,DA Miller,AB de Villiers,AU Rashid,6,0,,,,,,,,,
1031425,2017,2017-05-24,Headingley,2,33.1,South Africa,England,AB de Villiers,DA Miller,MM Ali,0,0,,,,,,,,,
1031425,2017,2017-05-24,Headingley,2,33.2,South Africa,England,AB de Villiers,DA Miller,MM Ali,1,0,,,,,,,,,
1031425,2017,2017-05-24,Headingley,2,33.3,South Africa,England,DA Miller,AB de Villiers,MM Ali,0,0,,,,,,,,,
1031425,2017,2017-05-24,Headingley,2,33.4,South Africa,England,DA Miller,AB de Villiers,MM Ali,0,0,,,,,,,,,
1031425,2017,2017-05-24,Headingley,2,33.5,South Africa,England,DA Miller,AB de Villiers,MM Ali,0,0,,,,,,,,,
1031425,2017,2017-05-24,Headingley,2,33.6,South Africa,England,DA Miller,AB de Villiers,MM Ali,1,0,,,,,,,,,
1031425,2017,2017-05-24,Headingley,2,34.1,South Africa,England,DA Miller,AB de Villiers,CR Woakes,0,0,,,,,,caught,DA Miller,,
1031425,2017,2017-05-24,Headingley,2,34.2,South Africa,England,AB de Villiers,CH Morris,CR Woakes,1,0,,,,,,,,,
1031425,2017,2017-05-24,Headingley,2,34.3,South Africa,England,CH Morris,AB de Villiers,CR Woakes,1,0,,,,,,,,,
1031425,2017,2017-05-24,Headingley,2,34.4,South Africa,England,AB de Villiers,CH Morris,CR Woakes,2,0,,,,,,,,,
1031425,2017,2017-05-24,Headingley,2,34.5,South Africa,England,AB de Villiers,CH Morris,CR Woakes,0,0,,,,,,,,,
1031425,2017,2017-05-24,Headingley,2,34.6,South Africa,England,AB de Villiers,CH Morris,CR Woakes,0,0,,,,,,,,,
1031425,2017,2017-05-24,Headingley,2,35.1,South Africa,England,CH Morris,AB de Villiers,MM Ali,0,0,,,,,,,,,
1031425,2017,2017-05-24,Headingley,2,35.2,South Africa,England,CH Morris,AB de Villiers,MM Ali,4,0,,,,,,,,,
1031425,2017,2017-05-24,Headingley,2,35.3,South Africa,England,CH Morris,AB de Villiers,MM Ali,0,0,,,,,,caught,CH Morris,,
1031425,2017,2017-05-24,Headingley,2,35.4,South Africa,England,WD Parnell,AB de Villiers,MM Ali,0,0,,,,,,,,,
1031425,2017,2017-05-24,Headingley,2,35.5,South Africa,England,WD Parnell,AB de Villiers,MM Ali,0,0,,,,,,,,,
1031425,2017,2017-05-24,Headingley,2,35.6,South Africa,England,WD Parnell,AB de Villiers,MM Ali,0,0,,,,,,,,,
1031425,2017,2017-05-24,Headingley,2,36.1,South Africa,England,AB de Villiers,WD Parnell,CR Woakes,0,0,,,,,,,,,
1031425,2017,2017-05-24,Headingley,2,36.2,South Africa,England,AB de Villiers,WD Parnell,CR Woakes,0,0,,,,,,,,,
1031425,2017,2017-05-24,Headingley,2,36.3,South Africa,England,AB de Villiers,WD Parnell,CR Woakes,0,0,,,,,,,,,
1031425,2017,2017-05-24,Headingley,2,36.4,South Africa,England,AB de Villiers,WD Parnell,CR Woakes,4,0,,,,,,,,,
1031425,2017,2017-05-24,Headingley,2,36.5,South Africa,England,AB de Villiers,WD Parnell,CR Woakes,4,0,,,,,,,,,
1031425,2017,2017-05-24,Headingley,2,36.6,South Africa,England,AB de Villiers,WD Parnell,CR Woakes,0,0,,,,,,,,,
1031425,2017,2017-05-24,Headingley,2,37.1,South Africa,England,WD Parnell,AB de Villiers,MM Ali,0,0,,,,,,,,,
1031425,2017,2017-05-24,Headingley,2,37.2,South Africa,England,WD Parnell,AB de Villiers,MM Ali,0,0,,,,,,,,,
1031425,2017,2017-05-24,Headingley,2,37.3,South Africa,England,WD Parnell,AB de Villiers,MM Ali,0,0,,,,,,,,,
1031425,2017,2017-05-24,Headingley,2,37.4,South Africa,England,WD Parnell,AB de Villiers,MM Ali,1,0,,,,,,,,,
1031425,2017,2017-05-24,Headingley,2,37.5,South Africa,England,AB de Villiers,WD Parnell,MM Ali,0,0,,,,,,caught,AB de Villiers,,
1031425,2017,2017-05-24,Headingley,2,37.6,South Africa,England,WD Parnell,AL Phehlukwayo,MM Ali,0,0,,,,,,,,,
1031425,2017,2017-05-24,Headingley,2,38.1,South Africa,England,AL Phehlukwayo,WD Parnell,AU Rashid,0,0,,,,,,,,,
1031425,2017,2017-05-24,Headingley,2,38.2,South Africa,England,AL Phehlukwayo,WD Parnell,AU Rashid,0,0,,,,,,,,,
1031425,2017,2017-05-24,Headingley,2,38.3,South Africa,England,AL Phehlukwayo,WD Parnell,AU Rashid,0,0,,,,,,,,,
1031425,2017,2017-05-24,Headingley,2,38.4,South Africa,England,AL Phehlukwayo,WD Parnell,AU Rashid,0,1,1,,,,,,,,
1031425,2017,2017-05-24,Headingley,2,38.5,South Africa,England,AL Phehlukwayo,WD Parnell,AU Rashid,4,0,,,,,,,,,
1031425,2017,2017-05-24,Headingley,2,38.6,South Africa,England,AL Phehlukwayo,WD Parnell,AU Rashid,0,0,,,,,,,,,
1031425,2017,2017-05-24,Headingley,2,38.7,South Africa,England,AL Phehlukwayo,WD Parnell,AU Rashid,0,0,,,,,,bowled,AL Phehlukwayo,,
1031425,2017,2017-05-24,Headingley,2,39.1,South Africa,England,WD Parnell,K Rabada,MM Ali,1,0,,,,,,,,,
1031425,2017,2017-05-24,Headingley,2,39.2,South Africa,England,K Rabada,WD Parnell,MM Ali,0,0,,,,,,,,,
1031425,2017,2017-05-24,Headingley,2,39.3,South Africa,England,K Rabada,WD Parnell,MM Ali,0,0,,,,,,,,,
1031425,2017,2017-05-24,Headingley,2,39.4,South Africa,England,K Rabada,WD Parnell,MM Ali,0,0,,,,,,,,,
1031425,2017,2017-05-24,Headingley,2,39.5,South Africa,England,K Rabada,WD Parnell,MM Ali,0,0,,,,,,,,,
1031425,2017,2017-05-24,Headingley,2,39.6,South Africa,England,K Rabada,WD Parnell,MM Ali,1,0,,,,,,,,,
1031425,2017,2017-05-24,Headingley,2,40.1,South Africa,England,K Rabada,WD Parnell,JE Root,1,0,,,,,,,,,
1031425,2017,2017-05-24,Headingley,2,40.2,South Africa,England,WD Parnell,K Rabada,JE Root,1,0,,,,,,,,,
1031425,2017,2017-05-24,Headingley,2,40.3,South Africa,England,K Rabada,WD Parnell,JE Root,0,0,,,,,,,,,
1031425,2017,2017-05-24,Headingley,2,40.4,South Africa,England,K Rabada,WD Parnell,JE Root,1,0,,,,,,,,,
1031425,2017,2017-05-24,Headingley,2,40.5,South Africa,England,WD Parnell,K Rabada,JE Root,1,0,,,,,,,,,
1031425,2017,2017-05-24,Headingley,2,40.6,South Africa,England,K Rabada,WD Parnell,JE Root,0,0,,,,,,,,,
1031425,2017,2017-05-24,Headingley,2,41.1,South Africa,England,WD Parnell,K Rabada,MM Ali,4,0,,,,,,,,,
1031425,2017,2017-05-24,Headingley,2,41.2,South Africa,England,WD Parnell,K Rabada,MM Ali,1,0,,,,,,,,,
1031425,2017,2017-05-24,Headingley,2,41.3,South Africa,England,K Rabada,WD Parnell,MM Ali,1,0,,,,,,,,,
1031425,2017,2017-05-24,Headingley,2,41.4,South Africa,England,WD Parnell,K Rabada,MM Ali,1,0,,,,,,,,,
1031425,2017,2017-05-24,Headingley,2,41.5,South Africa,England,K Rabada,WD Parnell,MM Ali,1,0,,,,,,,,,
1031425,2017,2017-05-24,Headingley,2,41.6,South Africa,England,WD Parnell,K Rabada,MM Ali,1,0,,,,,,,,,
1031425,2017,2017-05-24,Headingley,2,42.1,South Africa,England,WD Parnell,K Rabada,LE Plunkett,1,0,,,,,,,,,
1031425,2017,2017-05-24,Headingley,2,42.2,South Africa,England,K Rabada,WD Parnell,LE Plunkett,1,0,,,,,,,,,
1031425,2017,2017-05-24,Headingley,2,42.3,South Africa,England,WD Parnell,K Rabada,LE Plunkett,0,0,,,,,,,,,
1031425,2017,2017-05-24,Headingley,2,42.4,South Africa,England,WD Parnell,K Rabada,LE Plunkett,2,0,,,,,,,,,
1031425,2017,2017-05-24,Headingley,2,42.5,South Africa,England,WD Parnell,K Rabada,LE Plunkett,4,0,,,,,,,,,
1031425,2017,2017-05-24,Headingley,2,42.6,South Africa,England,WD Parnell,K Rabada,LE Plunkett,0,0,,,,,,,,,
1031425,2017,2017-05-24,Headingley,2,43.1,South Africa,England,K Rabada,WD Parnell,MM Ali,4,0,,,,,,,,,
1031425,2017,2017-05-24,Headingley,2,43.2,South Africa,England,K Rabada,WD Parnell,MM Ali,1,0,,,,,,,,,
1031425,2017,2017-05-24,Headingley,2,43.3,South Africa,England,WD Parnell,K Rabada,MM Ali,1,0,,,,,,,,,
1031425,2017,2017-05-24,Headingley,2,43.4,South Africa,England,K Rabada,WD Parnell,MM Ali,0,0,,,,,,,,,
1031425,2017,2017-05-24,Headingley,2,43.5,South Africa,England,K Rabada,WD Parnell,MM Ali,6,0,,,,,,,,,
1031425,2017,2017-05-24,Headingley,2,43.6,South Africa,England,K Rabada,WD Parnell,MM Ali,1,0,,,,,,,,,
1031425,2017,2017-05-24,Headingley,2,44.1,South Africa,England,K Rabada,WD Parnell,CR Woakes,0,0,,,,,,,,,
1031425,2017,2017-05-24,Headingley,2,44.2,South Africa,England,K Rabada,WD Parnell,CR Woakes,1,0,,,,,,,,,
1031425,2017,2017-05-24,Headingley,2,44.3,South Africa,England,WD Parnell,K Rabada,CR Woakes,0,0,,,,,,,,,
1031425,2017,2017-05-24,Headingley,2,44.4,South Africa,England,WD Parnell,K Rabada,CR Woakes,0,0,,,,,,caught,WD Parnell,,
1031425,2017,2017-05-24,Headingley,2,44.5,South Africa,England,K Rabada,Imran Tahir,CR Woakes,0,0,,,,,,,,,
1031425,2017,2017-05-24,Headingley,2,44.6,South Africa,England,K Rabada,Imran Tahir,CR Woakes,0,0,,,,,,caught,K Rabada,,
