match_id,season,start_date,venue,innings,ball,batting_team,bowling_team,striker,non_striker,bowler,runs_off_bat,extras,wides,noballs,byes,legbyes,penalty,wicket_type,player_dismissed,other_wicket_type,other_player_dismissed
1033707,2016,2016-07-15,Garon Park,1,0.1,Netherlands,Scotland,B de Leede,SL Kalis,KE Bryce,0,0,,,,,,,,,
1033707,2016,2016-07-15,Garon Park,1,0.2,Netherlands,Scotland,B de Leede,SL Kalis,KE Bryce,0,0,,,,,,,,,
1033707,2016,2016-07-15,Garon Park,1,0.3,Netherlands,Scotland,B de Leede,SL Kalis,KE Bryce,0,1,1,,,,,,,,
1033707,2016,2016-07-15,Garon Park,1,0.4,Netherlands,Scotland,B de Leede,SL Kalis,KE Bryce,0,1,,,,1,,,,,
1033707,2016,2016-07-15,Garon Park,1,0.5,Netherlands,Scotland,SL Kalis,B de Leede,KE Bryce,0,1,1,,,,,,,,
1033707,2016,2016-07-15,Garon Park,1,0.6,Netherlands,Scotland,SL Kalis,B de Leede,KE Bryce,0,0,,,,,,,,,
1033707,2016,2016-07-15,Garon Park,1,0.7,Netherlands,Scotland,SL Kalis,B de Leede,KE Bryce,0,0,,,,,,,,,
1033707,2016,2016-07-15,Garon Park,1,0.8,Netherlands,Scotland,SL Kalis,B de Leede,KE Bryce,0,0,,,,,,,,,
1033707,2016,2016-07-15,Garon Park,1,1.1,Netherlands,Scotland,B de Leede,SL Kalis,A Aitken,0,0,,,,,,,,,
1033707,2016,2016-07-15,Garon Park,1,1.2,Netherlands,Scotland,B de Leede,SL Kalis,A Aitken,0,0,,,,,,,,,
1033707,2016,2016-07-15,Garon Park,1,1.3,Netherlands,Scotland,B de Leede,SL Kalis,A Aitken,0,0,,,,,,,,,
1033707,2016,2016-07-15,Garon Park,1,1.4,Netherlands,Scotland,B de Leede,SL Kalis,A Aitken,0,0,,,,,,,,,
1033707,2016,2016-07-15,Garon Park,1,1.5,Netherlands,Scotland,B de Leede,SL Kalis,A Aitken,0,0,,,,,,,,,
1033707,2016,2016-07-15,Garon Park,1,1.6,Netherlands,Scotland,B de Leede,SL Kalis,A Aitken,0,0,,,,,,,,,
1033707,2016,2016-07-15,Garon Park,1,2.1,Netherlands,Scotland,SL Kalis,B de Leede,KE Bryce,0,0,,,,,,,,,
1033707,2016,2016-07-15,Garon Park,1,2.2,Netherlands,Scotland,SL Kalis,B de Leede,KE Bryce,0,0,,,,,,,,,
1033707,2016,2016-07-15,Garon Park,1,2.3,Netherlands,Scotland,SL Kalis,B de Leede,KE Bryce,0,0,,,,,,,,,
1033707,2016,2016-07-15,Garon Park,1,2.4,Netherlands,Scotland,SL Kalis,B de Leede,KE Bryce,0,0,,,,,,,,,
1033707,2016,2016-07-15,Garon Park,1,2.5,Netherlands,Scotland,SL Kalis,B de Leede,KE Bryce,0,0,,,,,,,,,
1033707,2016,2016-07-15,Garon Park,1,2.6,Netherlands,Scotland,SL Kalis,B de Leede,KE Bryce,0,0,,,,,,,,,
1033707,2016,2016-07-15,Garon Park,1,3.1,Netherlands,Scotland,B de Leede,SL Kalis,A Aitken,0,0,,,,,,,,,
1033707,2016,2016-07-15,Garon Park,1,3.2,Netherlands,Scotland,B de Leede,SL Kalis,A Aitken,0,0,,,,,,,,,
1033707,2016,2016-07-15,Garon Park,1,3.3,Netherlands,Scotland,B de Leede,SL Kalis,A Aitken,4,0,,,,,,,,,
1033707,2016,2016-07-15,Garon Park,1,3.4,Netherlands,Scotland,B de Leede,SL Kalis,A Aitken,0,0,,,,,,,,,
1033707,2016,2016-07-15,Garon Park,1,3.5,Netherlands,Scotland,B de Leede,SL Kalis,A Aitken,0,0,,,,,,,,,
1033707,2016,2016-07-15,Garon Park,1,3.6,Netherlands,Scotland,B de Leede,SL Kalis,A Aitken,0,0,,,,,,,,,
1033707,2016,2016-07-15,Garon Park,1,4.1,Netherlands,Scotland,SL Kalis,B de Leede,KE Bryce,0,0,,,,,,,,,
1033707,2016,2016-07-15,Garon Park,1,4.2,Netherlands,Scotland,SL Kalis,B de Leede,KE Bryce,0,1,1,,,,,,,,
1033707,2016,2016-07-15,Garon Park,1,4.3,Netherlands,Scotland,SL Kalis,B de Leede,KE Bryce,1,0,,,,,,,,,
1033707,2016,2016-07-15,Garon Park,1,4.4,Netherlands,Scotland,B de Leede,SL Kalis,KE Bryce,4,0,,,,,,,,,
1033707,2016,2016-07-15,Garon Park,1,4.5,Netherlands,Scotland,B de Leede,SL Kalis,KE Bryce,0,0,,,,,,,,,
1033707,2016,2016-07-15,Garon Park,1,4.6,Netherlands,Scotland,B de Leede,SL Kalis,KE Bryce,0,0,,,,,,,,,
1033707,2016,2016-07-15,Garon Park,1,4.7,Netherlands,Scotland,B de Leede,SL Kalis,KE Bryce,0,0,,,,,,,,,
1033707,2016,2016-07-15,Garon Park,1,5.1,Netherlands,Scotland,SL Kalis,B de Leede,A Aitken,0,0,,,,,,,,,
1033707,2016,2016-07-15,Garon Park,1,5.2,Netherlands,Scotland,SL Kalis,B de Leede,A Aitken,0,0,,,,,,,,,
1033707,2016,2016-07-15,Garon Park,1,5.3,Netherlands,Scotland,SL Kalis,B de Leede,A Aitken,0,1,1,,,,,,,,
1033707,2016,2016-07-15,Garon Park,1,5.4,Netherlands,Scotland,SL Kalis,B de Leede,A Aitken,0,1,1,,,,,,,,
1033707,2016,2016-07-15,Garon Park,1,5.5,Netherlands,Scotland,SL Kalis,B de Leede,A Aitken,0,0,,,,,,,,,
1033707,2016,2016-07-15,Garon Park,1,5.6,Netherlands,Scotland,SL Kalis,B de Leede,A Aitken,0,0,,,,,,,,,
1033707,2016,2016-07-15,Garon Park,1,5.7,Netherlands,Scotland,SL Kalis,B de Leede,A Aitken,1,0,,,,,,,,,
1033707,2016,2016-07-15,Garon Park,1,5.8,Netherlands,Scotland,B de Leede,SL Kalis,A Aitken,0,0,,,,,,,,,
1033707,2016,2016-07-15,Garon Park,1,6.1,Netherlands,Scotland,SL Kalis,B de Leede,KE Bryce,0,0,,,,,,,,,
1033707,2016,2016-07-15,Garon Park,1,6.2,Netherlands,Scotland,SL Kalis,B de Leede,KE Bryce,1,0,,,,,,,,,
1033707,2016,2016-07-15,Garon Park,1,6.3,Netherlands,Scotland,B de Leede,SL Kalis,KE Bryce,0,0,,,,,,,,,
1033707,2016,2016-07-15,Garon Park,1,6.4,Netherlands,Scotland,B de Leede,SL Kalis,KE Bryce,0,0,,,,,,,,,
1033707,2016,2016-07-15,Garon Park,1,6.5,Netherlands,Scotland,B de Leede,SL Kalis,KE Bryce,0,0,,,,,,,,,
1033707,2016,2016-07-15,Garon Park,1,6.6,Netherlands,Scotland,B de Leede,SL Kalis,KE Bryce,0,0,,,,,,,,,
1033707,2016,2016-07-15,Garon Park,1,7.1,Netherlands,Scotland,SL Kalis,B de Leede,A Aitken,4,0,,,,,,,,,
1033707,2016,2016-07-15,Garon Park,1,7.2,Netherlands,Scotland,SL Kalis,B de Leede,A Aitken,0,0,,,,,,,,,
1033707,2016,2016-07-15,Garon Park,1,7.3,Netherlands,Scotland,SL Kalis,B de Leede,A Aitken,0,0,,,,,,,,,
1033707,2016,2016-07-15,Garon Park,1,7.4,Netherlands,Scotland,SL Kalis,B de Leede,A Aitken,0,0,,,,,,,,,
1033707,2016,2016-07-15,Garon Park,1,7.5,Netherlands,Scotland,SL Kalis,B de Leede,A Aitken,0,0,,,,,,,,,
1033707,2016,2016-07-15,Garon Park,1,7.6,Netherlands,Scotland,SL Kalis,B de Leede,A Aitken,0,0,,,,,,,,,
1033707,2016,2016-07-15,Garon Park,1,8.1,Netherlands,Scotland,B de Leede,SL Kalis,KE Bryce,1,0,,,,,,,,,
1033707,2016,2016-07-15,Garon Park,1,8.2,Netherlands,Scotland,SL Kalis,B de Leede,KE Bryce,0,0,,,,,,,,,
1033707,2016,2016-07-15,Garon Park,1,8.3,Netherlands,Scotland,SL Kalis,B de Leede,KE Bryce,0,0,,,,,,,,,
1033707,2016,2016-07-15,Garon Park,1,8.4,Netherlands,Scotland,SL Kalis,B de Leede,KE Bryce,3,0,,,,,,,,,
1033707,2016,2016-07-15,Garon Park,1,8.5,Netherlands,Scotland,B de Leede,SL Kalis,KE Bryce,0,0,,,,,,,,,
1033707,2016,2016-07-15,Garon Park,1,8.6,Netherlands,Scotland,B de Leede,SL Kalis,KE Bryce,0,0,,,,,,bowled,B de Leede,,
1033707,2016,2016-07-15,Garon Park,1,9.1,Netherlands,Scotland,SL Kalis,M Veringmeier,PA Chatterji,4,0,,,,,,,,,
1033707,2016,2016-07-15,Garon Park,1,9.2,Netherlands,Scotland,SL Kalis,M Veringmeier,PA Chatterji,0,0,,,,,,,,,
1033707,2016,2016-07-15,Garon Park,1,9.3,Netherlands,Scotland,SL Kalis,M Veringmeier,PA Chatterji,0,0,,,,,,,,,
1033707,2016,2016-07-15,Garon Park,1,9.4,Netherlands,Scotland,SL Kalis,M Veringmeier,PA Chatterji,0,0,,,,,,,,,
1033707,2016,2016-07-15,Garon Park,1,9.5,Netherlands,Scotland,SL Kalis,M Veringmeier,PA Chatterji,0,0,,,,,,,,,
1033707,2016,2016-07-15,Garon Park,1,9.6,Netherlands,Scotland,SL Kalis,M Veringmeier,PA Chatterji,0,0,,,,,,,,,
1033707,2016,2016-07-15,Garon Park,1,10.1,Netherlands,Scotland,M Veringmeier,SL Kalis,S Haggo,0,0,,,,,,,,,
1033707,2016,2016-07-15,Garon Park,1,10.2,Netherlands,Scotland,M Veringmeier,SL Kalis,S Haggo,0,0,,,,,,,,,
1033707,2016,2016-07-15,Garon Park,1,10.3,Netherlands,Scotland,M Veringmeier,SL Kalis,S Haggo,0,0,,,,,,,,,
1033707,2016,2016-07-15,Garon Park,1,10.4,Netherlands,Scotland,M Veringmeier,SL Kalis,S Haggo,0,0,,,,,,,,,
1033707,2016,2016-07-15,Garon Park,1,10.5,Netherlands,Scotland,M Veringmeier,SL Kalis,S Haggo,1,0,,,,,,,,,
1033707,2016,2016-07-15,Garon Park,1,10.6,Netherlands,Scotland,SL Kalis,M Veringmeier,S Haggo,0,0,,,,,,,,,
1033707,2016,2016-07-15,Garon Park,1,11.1,Netherlands,Scotland,M Veringmeier,SL Kalis,PA Chatterji,0,0,,,,,,,,,
1033707,2016,2016-07-15,Garon Park,1,11.2,Netherlands,Scotland,M Veringmeier,SL Kalis,PA Chatterji,4,0,,,,,,,,,
1033707,2016,2016-07-15,Garon Park,1,11.3,Netherlands,Scotland,M Veringmeier,SL Kalis,PA Chatterji,0,0,,,,,,,,,
1033707,2016,2016-07-15,Garon Park,1,11.4,Netherlands,Scotland,M Veringmeier,SL Kalis,PA Chatterji,0,0,,,,,,,,,
1033707,2016,2016-07-15,Garon Park,1,11.5,Netherlands,Scotland,M Veringmeier,SL Kalis,PA Chatterji,0,0,,,,,,,,,
1033707,2016,2016-07-15,Garon Park,1,11.6,Netherlands,Scotland,M Veringmeier,SL Kalis,PA Chatterji,2,0,,,,,,,,,
1033707,2016,2016-07-15,Garon Park,1,12.1,Netherlands,Scotland,SL Kalis,M Veringmeier,S Haggo,0,0,,,,,,,,,
1033707,2016,2016-07-15,Garon Park,1,12.2,Netherlands,Scotland,SL Kalis,M Veringmeier,S Haggo,0,0,,,,,,,,,
1033707,2016,2016-07-15,Garon Park,1,12.3,Netherlands,Scotland,SL Kalis,M Veringmeier,S Haggo,0,0,,,,,,caught,SL Kalis,,
1033707,2016,2016-07-15,Garon Park,1,12.4,Netherlands,Scotland,HW Rambaldo,M Veringmeier,S Haggo,0,0,,,,,,,,,
1033707,2016,2016-07-15,Garon Park,1,12.5,Netherlands,Scotland,HW Rambaldo,M Veringmeier,S Haggo,0,1,1,,,,,,,,
1033707,2016,2016-07-15,Garon Park,1,12.6,Netherlands,Scotland,HW Rambaldo,M Veringmeier,S Haggo,0,0,,,,,,,,,
1033707,2016,2016-07-15,Garon Park,1,12.7,Netherlands,Scotland,HW Rambaldo,M Veringmeier,S Haggo,0,0,,,,,,,,,
1033707,2016,2016-07-15,Garon Park,1,13.1,Netherlands,Scotland,M Veringmeier,HW Rambaldo,PA Chatterji,1,0,,,,,,,,,
1033707,2016,2016-07-15,Garon Park,1,13.2,Netherlands,Scotland,HW Rambaldo,M Veringmeier,PA Chatterji,0,0,,,,,,,,,
1033707,2016,2016-07-15,Garon Park,1,13.3,Netherlands,Scotland,HW Rambaldo,M Veringmeier,PA Chatterji,1,0,,,,,,,,,
1033707,2016,2016-07-15,Garon Park,1,13.4,Netherlands,Scotland,M Veringmeier,HW Rambaldo,PA Chatterji,0,0,,,,,,,,,
1033707,2016,2016-07-15,Garon Park,1,13.5,Netherlands,Scotland,M Veringmeier,HW Rambaldo,PA Chatterji,4,0,,,,,,,,,
1033707,2016,2016-07-15,Garon Park,1,13.6,Netherlands,Scotland,M Veringmeier,HW Rambaldo,PA Chatterji,1,0,,,,,,,,,
1033707,2016,2016-07-15,Garon Park,1,14.1,Netherlands,Scotland,M Veringmeier,HW Rambaldo,S Haggo,0,0,,,,,,,,,
1033707,2016,2016-07-15,Garon Park,1,14.2,Netherlands,Scotland,M Veringmeier,HW Rambaldo,S Haggo,1,0,,,,,,,,,
1033707,2016,2016-07-15,Garon Park,1,14.3,Netherlands,Scotland,HW Rambaldo,M Veringmeier,S Haggo,0,0,,,,,,,,,
1033707,2016,2016-07-15,Garon Park,1,14.4,Netherlands,Scotland,HW Rambaldo,M Veringmeier,S Haggo,3,0,,,,,,,,,
1033707,2016,2016-07-15,Garon Park,1,14.5,Netherlands,Scotland,M Veringmeier,HW Rambaldo,S Haggo,2,0,,,,,,,,,
1033707,2016,2016-07-15,Garon Park,1,14.6,Netherlands,Scotland,M Veringmeier,HW Rambaldo,S Haggo,0,0,,,,,,,,,
1033707,2016,2016-07-15,Garon Park,1,15.1,Netherlands,Scotland,HW Rambaldo,M Veringmeier,PA Chatterji,0,0,,,,,,,,,
1033707,2016,2016-07-15,Garon Park,1,15.2,Netherlands,Scotland,HW Rambaldo,M Veringmeier,PA Chatterji,0,1,1,,,,,,,,
1033707,2016,2016-07-15,Garon Park,1,15.3,Netherlands,Scotland,HW Rambaldo,M Veringmeier,PA Chatterji,0,0,,,,,,,,,
1033707,2016,2016-07-15,Garon Park,1,15.4,Netherlands,Scotland,HW Rambaldo,M Veringmeier,PA Chatterji,1,0,,,,,,,,,
1033707,2016,2016-07-15,Garon Park,1,15.5,Netherlands,Scotland,M Veringmeier,HW Rambaldo,PA Chatterji,0,0,,,,,,,,,
1033707,2016,2016-07-15,Garon Park,1,15.6,Netherlands,Scotland,M Veringmeier,HW Rambaldo,PA Chatterji,0,0,,,,,,,,,
1033707,2016,2016-07-15,Garon Park,1,15.7,Netherlands,Scotland,M Veringmeier,HW Rambaldo,PA Chatterji,1,0,,,,,,,,,
1033707,2016,2016-07-15,Garon Park,1,16.1,Netherlands,Scotland,M Veringmeier,HW Rambaldo,S Haggo,0,0,,,,,,,,,
1033707,2016,2016-07-15,Garon Park,1,16.2,Netherlands,Scotland,M Veringmeier,HW Rambaldo,S Haggo,1,0,,,,,,,,,
1033707,2016,2016-07-15,Garon Park,1,16.3,Netherlands,Scotland,HW Rambaldo,M Veringmeier,S Haggo,1,0,,,,,,,,,
1033707,2016,2016-07-15,Garon Park,1,16.4,Netherlands,Scotland,M Veringmeier,HW Rambaldo,S Haggo,0,0,,,,,,,,,
1033707,2016,2016-07-15,Garon Park,1,16.5,Netherlands,Scotland,M Veringmeier,HW Rambaldo,S Haggo,0,1,1,,,,,,,,
1033707,2016,2016-07-15,Garon Park,1,16.6,Netherlands,Scotland,M Veringmeier,HW Rambaldo,S Haggo,0,0,,,,,,,,,
1033707,2016,2016-07-15,Garon Park,1,16.7,Netherlands,Scotland,M Veringmeier,HW Rambaldo,S Haggo,0,1,1,,,,,,,,
1033707,2016,2016-07-15,Garon Park,1,16.8,Netherlands,Scotland,M Veringmeier,HW Rambaldo,S Haggo,0,0,,,,,,,,,
1033707,2016,2016-07-15,Garon Park,1,17.1,Netherlands,Scotland,HW Rambaldo,M Veringmeier,PA Chatterji,0,0,,,,,,,,,
1033707,2016,2016-07-15,Garon Park,1,17.2,Netherlands,Scotland,HW Rambaldo,M Veringmeier,PA Chatterji,0,1,1,,,,,,,,
1033707,2016,2016-07-15,Garon Park,1,17.3,Netherlands,Scotland,HW Rambaldo,M Veringmeier,PA Chatterji,1,0,,,,,,,,,
1033707,2016,2016-07-15,Garon Park,1,17.4,Netherlands,Scotland,M Veringmeier,HW Rambaldo,PA Chatterji,1,0,,,,,,,,,
1033707,2016,2016-07-15,Garon Park,1,17.5,Netherlands,Scotland,HW Rambaldo,M Veringmeier,PA Chatterji,4,0,,,,,,,,,
1033707,2016,2016-07-15,Garon Park,1,17.6,Netherlands,Scotland,HW Rambaldo,M Veringmeier,PA Chatterji,1,0,,,,,,,,,
1033707,2016,2016-07-15,Garon Park,1,17.7,Netherlands,Scotland,M Veringmeier,HW Rambaldo,PA Chatterji,0,0,,,,,,,,,
1033707,2016,2016-07-15,Garon Park,1,18.1,Netherlands,Scotland,HW Rambaldo,M Veringmeier,S Haggo,0,0,,,,,,,,,
1033707,2016,2016-07-15,Garon Park,1,18.2,Netherlands,Scotland,HW Rambaldo,M Veringmeier,S Haggo,0,1,1,,,,,,,,
1033707,2016,2016-07-15,Garon Park,1,18.3,Netherlands,Scotland,HW Rambaldo,M Veringmeier,S Haggo,4,0,,,,,,,,,
1033707,2016,2016-07-15,Garon Park,1,18.4,Netherlands,Scotland,HW Rambaldo,M Veringmeier,S Haggo,0,0,,,,,,,,,
1033707,2016,2016-07-15,Garon Park,1,18.5,Netherlands,Scotland,HW Rambaldo,M Veringmeier,S Haggo,0,0,,,,,,,,,
1033707,2016,2016-07-15,Garon Park,1,18.6,Netherlands,Scotland,HW Rambaldo,M Veringmeier,S Haggo,0,1,1,,,,,,,,
1033707,2016,2016-07-15,Garon Park,1,18.7,Netherlands,Scotland,HW Rambaldo,M Veringmeier,S Haggo,0,0,,,,,,,,,
1033707,2016,2016-07-15,Garon Park,1,18.8,Netherlands,Scotland,HW Rambaldo,M Veringmeier,S Haggo,0,0,,,,,,,,,
1033707,2016,2016-07-15,Garon Park,1,19.1,Netherlands,Scotland,M Veringmeier,HW Rambaldo,RV Scholes,0,0,,,,,,,,,
1033707,2016,2016-07-15,Garon Park,1,19.2,Netherlands,Scotland,M Veringmeier,HW Rambaldo,RV Scholes,0,1,,,,1,,,,,
1033707,2016,2016-07-15,Garon Park,1,19.3,Netherlands,Scotland,HW Rambaldo,M Veringmeier,RV Scholes,0,0,,,,,,,,,
1033707,2016,2016-07-15,Garon Park,1,19.4,Netherlands,Scotland,HW Rambaldo,M Veringmeier,RV Scholes,0,5,5,,,,,,,,
1033707,2016,2016-07-15,Garon Park,1,19.5,Netherlands,Scotland,HW Rambaldo,M Veringmeier,RV Scholes,0,0,,,,,,,,,
1033707,2016,2016-07-15,Garon Park,1,19.6,Netherlands,Scotland,HW Rambaldo,M Veringmeier,RV Scholes,0,0,,,,,,,,,
1033707,2016,2016-07-15,Garon Park,1,19.7,Netherlands,Scotland,HW Rambaldo,M Veringmeier,RV Scholes,1,0,,,,,,,,,
1033707,2016,2016-07-15,Garon Park,1,20.1,Netherlands,Scotland,HW Rambaldo,M Veringmeier,KL Gordon,0,0,,,,,,,,,
1033707,2016,2016-07-15,Garon Park,1,20.2,Netherlands,Scotland,HW Rambaldo,M Veringmeier,KL Gordon,1,0,,,,,,,,,
1033707,2016,2016-07-15,Garon Park,1,20.3,Netherlands,Scotland,M Veringmeier,HW Rambaldo,KL Gordon,0,0,,,,,,,,,
1033707,2016,2016-07-15,Garon Park,1,20.4,Netherlands,Scotland,M Veringmeier,HW Rambaldo,KL Gordon,0,0,,,,,,,,,
1033707,2016,2016-07-15,Garon Park,1,20.5,Netherlands,Scotland,M Veringmeier,HW Rambaldo,KL Gordon,1,0,,,,,,,,,
1033707,2016,2016-07-15,Garon Park,1,20.6,Netherlands,Scotland,HW Rambaldo,M Veringmeier,KL Gordon,0,0,,,,,,,,,
1033707,2016,2016-07-15,Garon Park,1,21.1,Netherlands,Scotland,M Veringmeier,HW Rambaldo,RV Scholes,0,0,,,,,,,,,
1033707,2016,2016-07-15,Garon Park,1,21.2,Netherlands,Scotland,M Veringmeier,HW Rambaldo,RV Scholes,0,0,,,,,,,,,
1033707,2016,2016-07-15,Garon Park,1,21.3,Netherlands,Scotland,M Veringmeier,HW Rambaldo,RV Scholes,0,0,,,,,,caught,M Veringmeier,,
1033707,2016,2016-07-15,Garon Park,1,21.4,Netherlands,Scotland,CC van Slobbe,HW Rambaldo,RV Scholes,0,1,,,,1,,,,,
1033707,2016,2016-07-15,Garon Park,1,21.5,Netherlands,Scotland,HW Rambaldo,CC van Slobbe,RV Scholes,1,0,,,,,,,,,
1033707,2016,2016-07-15,Garon Park,1,21.6,Netherlands,Scotland,CC van Slobbe,HW Rambaldo,RV Scholes,0,0,,,,,,,,,
1033707,2016,2016-07-15,Garon Park,1,22.1,Netherlands,Scotland,HW Rambaldo,CC van Slobbe,KL Gordon,0,0,,,,,,,,,
1033707,2016,2016-07-15,Garon Park,1,22.2,Netherlands,Scotland,HW Rambaldo,CC van Slobbe,KL Gordon,0,0,,,,,,,,,
1033707,2016,2016-07-15,Garon Park,1,22.3,Netherlands,Scotland,HW Rambaldo,CC van Slobbe,KL Gordon,0,0,,,,,,,,,
1033707,2016,2016-07-15,Garon Park,1,22.4,Netherlands,Scotland,HW Rambaldo,CC van Slobbe,KL Gordon,0,0,,,,,,,,,
1033707,2016,2016-07-15,Garon Park,1,22.5,Netherlands,Scotland,HW Rambaldo,CC van Slobbe,KL Gordon,0,0,,,,,,,,,
1033707,2016,2016-07-15,Garon Park,1,22.6,Netherlands,Scotland,HW Rambaldo,CC van Slobbe,KL Gordon,0,0,,,,,,,,,
1033707,2016,2016-07-15,Garon Park,1,23.1,Netherlands,Scotland,CC van Slobbe,HW Rambaldo,RV Scholes,1,0,,,,,,,,,
1033707,2016,2016-07-15,Garon Park,1,23.2,Netherlands,Scotland,HW Rambaldo,CC van Slobbe,RV Scholes,1,0,,,,,,,,,
1033707,2016,2016-07-15,Garon Park,1,23.3,Netherlands,Scotland,CC van Slobbe,HW Rambaldo,RV Scholes,0,0,,,,,,,,,
1033707,2016,2016-07-15,Garon Park,1,23.4,Netherlands,Scotland,CC van Slobbe,HW Rambaldo,RV Scholes,0,0,,,,,,,,,
1033707,2016,2016-07-15,Garon Park,1,23.5,Netherlands,Scotland,CC van Slobbe,HW Rambaldo,RV Scholes,0,1,1,,,,,,,,
1033707,2016,2016-07-15,Garon Park,1,23.6,Netherlands,Scotland,CC van Slobbe,HW Rambaldo,RV Scholes,0,0,,,,,,,,,
1033707,2016,2016-07-15,Garon Park,1,23.7,Netherlands,Scotland,CC van Slobbe,HW Rambaldo,RV Scholes,0,0,,,,,,,,,
1033707,2016,2016-07-15,Garon Park,1,24.1,Netherlands,Scotland,HW Rambaldo,CC van Slobbe,KL Gordon,0,0,,,,,,,,,
1033707,2016,2016-07-15,Garon Park,1,24.2,Netherlands,Scotland,HW Rambaldo,CC van Slobbe,KL Gordon,1,0,,,,,,,,,
1033707,2016,2016-07-15,Garon Park,1,24.3,Netherlands,Scotland,CC van Slobbe,HW Rambaldo,KL Gordon,1,0,,,,,,,,,
1033707,2016,2016-07-15,Garon Park,1,24.4,Netherlands,Scotland,HW Rambaldo,CC van Slobbe,KL Gordon,1,0,,,,,,,,,
1033707,2016,2016-07-15,Garon Park,1,24.5,Netherlands,Scotland,CC van Slobbe,HW Rambaldo,KL Gordon,0,0,,,,,,,,,
1033707,2016,2016-07-15,Garon Park,1,24.6,Netherlands,Scotland,CC van Slobbe,HW Rambaldo,KL Gordon,0,0,,,,,,,,,
1033707,2016,2016-07-15,Garon Park,1,25.1,Netherlands,Scotland,HW Rambaldo,CC van Slobbe,RV Scholes,0,1,1,,,,,,,,
1033707,2016,2016-07-15,Garon Park,1,25.2,Netherlands,Scotland,HW Rambaldo,CC van Slobbe,RV Scholes,1,0,,,,,,,,,
1033707,2016,2016-07-15,Garon Park,1,25.3,Netherlands,Scotland,CC van Slobbe,HW Rambaldo,RV Scholes,1,0,,,,,,,,,
1033707,2016,2016-07-15,Garon Park,1,25.4,Netherlands,Scotland,HW Rambaldo,CC van Slobbe,RV Scholes,4,0,,,,,,,,,
1033707,2016,2016-07-15,Garon Park,1,25.5,Netherlands,Scotland,HW Rambaldo,CC van Slobbe,RV Scholes,1,0,,,,,,,,,
1033707,2016,2016-07-15,Garon Park,1,25.6,Netherlands,Scotland,CC van Slobbe,HW Rambaldo,RV Scholes,0,0,,,,,,,,,
1033707,2016,2016-07-15,Garon Park,1,25.7,Netherlands,Scotland,CC van Slobbe,HW Rambaldo,RV Scholes,0,0,,,,,,,,,
1033707,2016,2016-07-15,Garon Park,1,26.1,Netherlands,Scotland,HW Rambaldo,CC van Slobbe,KL Gordon,0,0,,,,,,,,,
1033707,2016,2016-07-15,Garon Park,1,26.2,Netherlands,Scotland,HW Rambaldo,CC van Slobbe,KL Gordon,0,0,,,,,,,,,
1033707,2016,2016-07-15,Garon Park,1,26.3,Netherlands,Scotland,HW Rambaldo,CC van Slobbe,KL Gordon,1,0,,,,,,,,,
1033707,2016,2016-07-15,Garon Park,1,26.4,Netherlands,Scotland,CC van Slobbe,HW Rambaldo,KL Gordon,0,0,,,,,,,,,
1033707,2016,2016-07-15,Garon Park,1,26.5,Netherlands,Scotland,CC van Slobbe,HW Rambaldo,KL Gordon,0,0,,,,,,,,,
1033707,2016,2016-07-15,Garon Park,1,26.6,Netherlands,Scotland,CC van Slobbe,HW Rambaldo,KL Gordon,0,0,,,,,,,,,
1033707,2016,2016-07-15,Garon Park,1,27.1,Netherlands,Scotland,HW Rambaldo,CC van Slobbe,RV Scholes,1,0,,,,,,,,,
1033707,2016,2016-07-15,Garon Park,1,27.2,Netherlands,Scotland,CC van Slobbe,HW Rambaldo,RV Scholes,0,1,,,1,,,,,,
1033707,2016,2016-07-15,Garon Park,1,27.3,Netherlands,Scotland,HW Rambaldo,CC van Slobbe,RV Scholes,0,0,,,,,,,,,
1033707,2016,2016-07-15,Garon Park,1,27.4,Netherlands,Scotland,HW Rambaldo,CC van Slobbe,RV Scholes,0,0,,,,,,,,,
1033707,2016,2016-07-15,Garon Park,1,27.5,Netherlands,Scotland,HW Rambaldo,CC van Slobbe,RV Scholes,0,0,,,,,,,,,
1033707,2016,2016-07-15,Garon Park,1,27.6,Netherlands,Scotland,HW Rambaldo,CC van Slobbe,RV Scholes,1,0,,,,,,,,,
1033707,2016,2016-07-15,Garon Park,1,28.1,Netherlands,Scotland,HW Rambaldo,CC van Slobbe,KL Gordon,1,0,,,,,,,,,
1033707,2016,2016-07-15,Garon Park,1,28.2,Netherlands,Scotland,CC van Slobbe,HW Rambaldo,KL Gordon,0,0,,,,,,,,,
1033707,2016,2016-07-15,Garon Park,1,28.3,Netherlands,Scotland,CC van Slobbe,HW Rambaldo,KL Gordon,0,0,,,,,,caught and bowled,CC van Slobbe,,
1033707,2016,2016-07-15,Garon Park,1,28.4,Netherlands,Scotland,HDJ Siegers,HW Rambaldo,KL Gordon,0,0,,,,,,,,,
1033707,2016,2016-07-15,Garon Park,1,28.5,Netherlands,Scotland,HDJ Siegers,HW Rambaldo,KL Gordon,0,0,,,,,,,,,
1033707,2016,2016-07-15,Garon Park,1,28.6,Netherlands,Scotland,HDJ Siegers,HW Rambaldo,KL Gordon,4,0,,,,,,,,,
1033707,2016,2016-07-15,Garon Park,1,29.1,Netherlands,Scotland,HW Rambaldo,HDJ Siegers,RV Scholes,0,0,,,,,,,,,
1033707,2016,2016-07-15,Garon Park,1,29.2,Netherlands,Scotland,HW Rambaldo,HDJ Siegers,RV Scholes,0,0,,,,,,,,,
1033707,2016,2016-07-15,Garon Park,1,29.3,Netherlands,Scotland,HW Rambaldo,HDJ Siegers,RV Scholes,0,0,,,,,,,,,
1033707,2016,2016-07-15,Garon Park,1,29.4,Netherlands,Scotland,HW Rambaldo,HDJ Siegers,RV Scholes,1,0,,,,,,,,,
1033707,2016,2016-07-15,Garon Park,1,29.5,Netherlands,Scotland,HDJ Siegers,HW Rambaldo,RV Scholes,0,0,,,,,,,,,
1033707,2016,2016-07-15,Garon Park,1,29.6,Netherlands,Scotland,HDJ Siegers,HW Rambaldo,RV Scholes,2,0,,,,,,,,,
1033707,2016,2016-07-15,Garon Park,1,30.1,Netherlands,Scotland,HW Rambaldo,HDJ Siegers,KL Gordon,0,0,,,,,,,,,
1033707,2016,2016-07-15,Garon Park,1,30.2,Netherlands,Scotland,HW Rambaldo,HDJ Siegers,KL Gordon,1,0,,,,,,,,,
1033707,2016,2016-07-15,Garon Park,1,30.3,Netherlands,Scotland,HDJ Siegers,HW Rambaldo,KL Gordon,0,0,,,,,,,,,
1033707,2016,2016-07-15,Garon Park,1,30.4,Netherlands,Scotland,HDJ Siegers,HW Rambaldo,KL Gordon,1,0,,,,,,,,,
1033707,2016,2016-07-15,Garon Park,1,30.5,Netherlands,Scotland,HW Rambaldo,HDJ Siegers,KL Gordon,2,0,,,,,,,,,
1033707,2016,2016-07-15,Garon Park,1,30.6,Netherlands,Scotland,HW Rambaldo,HDJ Siegers,KL Gordon,2,0,,,,,,,,,
1033707,2016,2016-07-15,Garon Park,1,31.1,Netherlands,Scotland,HDJ Siegers,HW Rambaldo,RV Scholes,0,0,,,,,,run out,HDJ Siegers,,
1033707,2016,2016-07-15,Garon Park,1,31.2,Netherlands,Scotland,HW Rambaldo,DM Braat,RV Scholes,0,0,,,,,,,,,
1033707,2016,2016-07-15,Garon Park,1,31.3,Netherlands,Scotland,HW Rambaldo,DM Braat,RV Scholes,0,0,,,,,,,,,
1033707,2016,2016-07-15,Garon Park,1,31.4,Netherlands,Scotland,HW Rambaldo,DM Braat,RV Scholes,1,0,,,,,,,,,
1033707,2016,2016-07-15,Garon Park,1,31.5,Netherlands,Scotland,DM Braat,HW Rambaldo,RV Scholes,0,0,,,,,,,,,
1033707,2016,2016-07-15,Garon Park,1,31.6,Netherlands,Scotland,DM Braat,HW Rambaldo,RV Scholes,1,0,,,,,,,,,
1033707,2016,2016-07-15,Garon Park,1,32.1,Netherlands,Scotland,DM Braat,HW Rambaldo,KL Gordon,0,0,,,,,,,,,
1033707,2016,2016-07-15,Garon Park,1,32.2,Netherlands,Scotland,DM Braat,HW Rambaldo,KL Gordon,0,0,,,,,,,,,
1033707,2016,2016-07-15,Garon Park,1,32.3,Netherlands,Scotland,DM Braat,HW Rambaldo,KL Gordon,0,0,,,,,,,,,
1033707,2016,2016-07-15,Garon Park,1,32.4,Netherlands,Scotland,DM Braat,HW Rambaldo,KL Gordon,0,0,,,,,,,,,
1033707,2016,2016-07-15,Garon Park,1,32.5,Netherlands,Scotland,DM Braat,HW Rambaldo,KL Gordon,0,0,,,,,,,,,
1033707,2016,2016-07-15,Garon Park,1,32.6,Netherlands,Scotland,DM Braat,HW Rambaldo,KL Gordon,0,0,,,,,,,,,
1033707,2016,2016-07-15,Garon Park,1,33.1,Netherlands,Scotland,HW Rambaldo,DM Braat,RV Scholes,0,0,,,,,,,,,
1033707,2016,2016-07-15,Garon Park,1,33.2,Netherlands,Scotland,HW Rambaldo,DM Braat,RV Scholes,0,0,,,,,,,,,
1033707,2016,2016-07-15,Garon Park,1,33.3,Netherlands,Scotland,HW Rambaldo,DM Braat,RV Scholes,0,1,1,,,,,,,,
1033707,2016,2016-07-15,Garon Park,1,33.4,Netherlands,Scotland,HW Rambaldo,DM Braat,RV Scholes,0,0,,,,,,,,,
1033707,2016,2016-07-15,Garon Park,1,33.5,Netherlands,Scotland,HW Rambaldo,DM Braat,RV Scholes,1,0,,,,,,,,,
1033707,2016,2016-07-15,Garon Park,1,33.6,Netherlands,Scotland,DM Braat,HW Rambaldo,RV Scholes,1,0,,,,,,,,,
1033707,2016,2016-07-15,Garon Park,1,33.7,Netherlands,Scotland,HW Rambaldo,DM Braat,RV Scholes,0,1,1,,,,,,,,
1033707,2016,2016-07-15,Garon Park,1,33.8,Netherlands,Scotland,HW Rambaldo,DM Braat,RV Scholes,0,0,,,,,,,,,
1033707,2016,2016-07-15,Garon Park,1,34.1,Netherlands,Scotland,DM Braat,HW Rambaldo,KL Gordon,1,0,,,,,,,,,
1033707,2016,2016-07-15,Garon Park,1,34.2,Netherlands,Scotland,HW Rambaldo,DM Braat,KL Gordon,1,0,,,,,,,,,
1033707,2016,2016-07-15,Garon Park,1,34.3,Netherlands,Scotland,DM Braat,HW Rambaldo,KL Gordon,0,0,,,,,,,,,
1033707,2016,2016-07-15,Garon Park,1,34.4,Netherlands,Scotland,DM Braat,HW Rambaldo,KL Gordon,0,0,,,,,,,,,
1033707,2016,2016-07-15,Garon Park,1,34.5,Netherlands,Scotland,DM Braat,HW Rambaldo,KL Gordon,0,0,,,,,,,,,
1033707,2016,2016-07-15,Garon Park,1,34.6,Netherlands,Scotland,DM Braat,HW Rambaldo,KL Gordon,0,0,,,,,,,,,
1033707,2016,2016-07-15,Garon Park,1,35.1,Netherlands,Scotland,HW Rambaldo,DM Braat,RV Scholes,1,0,,,,,,,,,
1033707,2016,2016-07-15,Garon Park,1,35.2,Netherlands,Scotland,DM Braat,HW Rambaldo,RV Scholes,0,0,,,,,,,,,
1033707,2016,2016-07-15,Garon Park,1,35.3,Netherlands,Scotland,DM Braat,HW Rambaldo,RV Scholes,0,0,,,,,,,,,
1033707,2016,2016-07-15,Garon Park,1,35.4,Netherlands,Scotland,DM Braat,HW Rambaldo,RV Scholes,1,0,,,,,,,,,
1033707,2016,2016-07-15,Garon Park,1,35.5,Netherlands,Scotland,HW Rambaldo,DM Braat,RV Scholes,1,0,,,,,,,,,
1033707,2016,2016-07-15,Garon Park,1,35.6,Netherlands,Scotland,DM Braat,HW Rambaldo,RV Scholes,4,0,,,,,,,,,
1033707,2016,2016-07-15,Garon Park,1,36.1,Netherlands,Scotland,HW Rambaldo,DM Braat,KL Gordon,0,0,,,,,,,,,
1033707,2016,2016-07-15,Garon Park,1,36.2,Netherlands,Scotland,HW Rambaldo,DM Braat,KL Gordon,1,0,,,,,,,,,
1033707,2016,2016-07-15,Garon Park,1,36.3,Netherlands,Scotland,DM Braat,HW Rambaldo,KL Gordon,0,0,,,,,,,,,
1033707,2016,2016-07-15,Garon Park,1,36.4,Netherlands,Scotland,DM Braat,HW Rambaldo,KL Gordon,0,0,,,,,,,,,
1033707,2016,2016-07-15,Garon Park,1,36.5,Netherlands,Scotland,DM Braat,HW Rambaldo,KL Gordon,0,0,,,,,,,,,
1033707,2016,2016-07-15,Garon Park,1,36.6,Netherlands,Scotland,DM Braat,HW Rambaldo,KL Gordon,0,2,2,,,,,,,,
1033707,2016,2016-07-15,Garon Park,1,36.7,Netherlands,Scotland,HW Rambaldo,DM Braat,KL Gordon,0,0,,,,,,,,,
1033707,2016,2016-07-15,Garon Park,1,37.1,Netherlands,Scotland,DM Braat,HW Rambaldo,RV Scholes,0,0,,,,,,,,,
1033707,2016,2016-07-15,Garon Park,1,37.2,Netherlands,Scotland,DM Braat,HW Rambaldo,RV Scholes,0,2,,,2,,,,,,
1033707,2016,2016-07-15,Garon Park,1,37.3,Netherlands,Scotland,DM Braat,HW Rambaldo,RV Scholes,0,0,,,,,,,,,
1033707,2016,2016-07-15,Garon Park,1,37.4,Netherlands,Scotland,DM Braat,HW Rambaldo,RV Scholes,0,0,,,,,,,,,
1033707,2016,2016-07-15,Garon Park,1,37.5,Netherlands,Scotland,DM Braat,HW Rambaldo,RV Scholes,1,0,,,,,,,,,
1033707,2016,2016-07-15,Garon Park,1,37.6,Netherlands,Scotland,HW Rambaldo,DM Braat,RV Scholes,0,0,,,,,,,,,
1033707,2016,2016-07-15,Garon Park,1,38.1,Netherlands,Scotland,DM Braat,HW Rambaldo,KL Gordon,0,2,2,,,,,,,,
1033707,2016,2016-07-15,Garon Park,1,38.2,Netherlands,Scotland,HW Rambaldo,DM Braat,KL Gordon,4,0,,,,,,,,,
1033707,2016,2016-07-15,Garon Park,1,38.3,Netherlands,Scotland,HW Rambaldo,DM Braat,KL Gordon,1,0,,,,,,,,,
1033707,2016,2016-07-15,Garon Park,1,38.4,Netherlands,Scotland,DM Braat,HW Rambaldo,KL Gordon,0,0,,,,,,,,,
1033707,2016,2016-07-15,Garon Park,1,38.5,Netherlands,Scotland,DM Braat,HW Rambaldo,KL Gordon,0,0,,,,,,,,,
1033707,2016,2016-07-15,Garon Park,1,38.6,Netherlands,Scotland,DM Braat,HW Rambaldo,KL Gordon,0,0,,,,,,,,,
1033707,2016,2016-07-15,Garon Park,1,38.7,Netherlands,Scotland,DM Braat,HW Rambaldo,KL Gordon,0,0,,,,,,,,,
1033707,2016,2016-07-15,Garon Park,1,39.1,Netherlands,Scotland,HW Rambaldo,DM Braat,K McGill,2,0,,,,,,,,,
1033707,2016,2016-07-15,Garon Park,1,39.2,Netherlands,Scotland,HW Rambaldo,DM Braat,K McGill,1,0,,,,,,,,,
1033707,2016,2016-07-15,Garon Park,1,39.3,Netherlands,Scotland,DM Braat,HW Rambaldo,K McGill,0,0,,,,,,,,,
1033707,2016,2016-07-15,Garon Park,1,39.4,Netherlands,Scotland,DM Braat,HW Rambaldo,K McGill,0,0,,,,,,,,,
1033707,2016,2016-07-15,Garon Park,1,39.5,Netherlands,Scotland,DM Braat,HW Rambaldo,K McGill,0,0,,,,,,,,,
1033707,2016,2016-07-15,Garon Park,1,39.6,Netherlands,Scotland,DM Braat,HW Rambaldo,K McGill,1,0,,,,,,,,,
1033707,2016,2016-07-15,Garon Park,1,40.1,Netherlands,Scotland,DM Braat,HW Rambaldo,KE Bryce,0,0,,,,,,,,,
1033707,2016,2016-07-15,Garon Park,1,40.2,Netherlands,Scotland,DM Braat,HW Rambaldo,KE Bryce,1,0,,,,,,,,,
1033707,2016,2016-07-15,Garon Park,1,40.3,Netherlands,Scotland,HW Rambaldo,DM Braat,KE Bryce,0,1,1,,,,,,,,
1033707,2016,2016-07-15,Garon Park,1,40.4,Netherlands,Scotland,HW Rambaldo,DM Braat,KE Bryce,0,0,,,,,,,,,
1033707,2016,2016-07-15,Garon Park,1,40.5,Netherlands,Scotland,HW Rambaldo,DM Braat,KE Bryce,1,0,,,,,,,,,
1033707,2016,2016-07-15,Garon Park,1,40.6,Netherlands,Scotland,DM Braat,HW Rambaldo,KE Bryce,0,0,,,,,,run out,DM Braat,,
1033707,2016,2016-07-15,Garon Park,1,40.7,Netherlands,Scotland,HW Rambaldo,L Klokgieters,KE Bryce,0,0,,,,,,,,,
1033707,2016,2016-07-15,Garon Park,1,41.1,Netherlands,Scotland,L Klokgieters,HW Rambaldo,K McGill,0,0,,,,,,,,,
1033707,2016,2016-07-15,Garon Park,1,41.2,Netherlands,Scotland,L Klokgieters,HW Rambaldo,K McGill,0,0,,,,,,,,,
1033707,2016,2016-07-15,Garon Park,1,41.3,Netherlands,Scotland,L Klokgieters,HW Rambaldo,K McGill,0,0,,,,,,bowled,L Klokgieters,,
1033707,2016,2016-07-15,Garon Park,1,41.4,Netherlands,Scotland,CG Steenstra Toussaint,HW Rambaldo,K McGill,0,0,,,,,,,,,
1033707,2016,2016-07-15,Garon Park,1,41.5,Netherlands,Scotland,CG Steenstra Toussaint,HW Rambaldo,K McGill,0,0,,,,,,,,,
1033707,2016,2016-07-15,Garon Park,1,41.6,Netherlands,Scotland,CG Steenstra Toussaint,HW Rambaldo,K McGill,0,0,,,,,,,,,
1033707,2016,2016-07-15,Garon Park,1,42.1,Netherlands,Scotland,HW Rambaldo,CG Steenstra Toussaint,KE Bryce,0,0,,,,,,caught,HW Rambaldo,,
1033707,2016,2016-07-15,Garon Park,1,42.2,Netherlands,Scotland,EE Corder,CG Steenstra Toussaint,KE Bryce,0,0,,,,,,,,,
1033707,2016,2016-07-15,Garon Park,1,42.3,Netherlands,Scotland,EE Corder,CG Steenstra Toussaint,KE Bryce,0,0,,,,,,,,,
1033707,2016,2016-07-15,Garon Park,1,42.4,Netherlands,Scotland,EE Corder,CG Steenstra Toussaint,KE Bryce,0,0,,,,,,,,,
1033707,2016,2016-07-15,Garon Park,1,42.5,Netherlands,Scotland,EE Corder,CG Steenstra Toussaint,KE Bryce,0,0,,,,,,,,,
1033707,2016,2016-07-15,Garon Park,1,42.6,Netherlands,Scotland,EE Corder,CG Steenstra Toussaint,KE Bryce,0,0,,,,,,,,,
1033707,2016,2016-07-15,Garon Park,1,43.1,Netherlands,Scotland,CG Steenstra Toussaint,EE Corder,K McGill,0,0,,,,,,,,,
1033707,2016,2016-07-15,Garon Park,1,43.2,Netherlands,Scotland,CG Steenstra Toussaint,EE Corder,K McGill,0,0,,,,,,,,,
1033707,2016,2016-07-15,Garon Park,1,43.3,Netherlands,Scotland,CG Steenstra Toussaint,EE Corder,K McGill,0,0,,,,,,,,,
1033707,2016,2016-07-15,Garon Park,1,43.4,Netherlands,Scotland,CG Steenstra Toussaint,EE Corder,K McGill,0,0,,,,,,caught,CG Steenstra Toussaint,,
1033707,2016,2016-07-15,Garon Park,1,43.5,Netherlands,Scotland,S Siegers,EE Corder,K McGill,4,0,,,,,,,,,
1033707,2016,2016-07-15,Garon Park,1,43.6,Netherlands,Scotland,S Siegers,EE Corder,K McGill,0,0,,,,,,,,,
1033707,2016,2016-07-15,Garon Park,1,44.1,Netherlands,Scotland,EE Corder,S Siegers,KE Bryce,0,0,,,,,,,,,
1033707,2016,2016-07-15,Garon Park,1,44.2,Netherlands,Scotland,EE Corder,S Siegers,KE Bryce,0,0,,,,,,,,,
1033707,2016,2016-07-15,Garon Park,1,44.3,Netherlands,Scotland,EE Corder,S Siegers,KE Bryce,0,1,1,,,,,,,,
1033707,2016,2016-07-15,Garon Park,1,44.4,Netherlands,Scotland,EE Corder,S Siegers,KE Bryce,0,0,,,,,,,,,
1033707,2016,2016-07-15,Garon Park,1,44.5,Netherlands,Scotland,EE Corder,S Siegers,KE Bryce,0,1,1,,,,,,,,
1033707,2016,2016-07-15,Garon Park,1,44.6,Netherlands,Scotland,EE Corder,S Siegers,KE Bryce,0,0,,,,,,,,,
1033707,2016,2016-07-15,Garon Park,1,44.7,Netherlands,Scotland,EE Corder,S Siegers,KE Bryce,0,0,,,,,,,,,
1033707,2016,2016-07-15,Garon Park,1,44.8,Netherlands,Scotland,EE Corder,S Siegers,KE Bryce,0,0,,,,,,,,,
1033707,2016,2016-07-15,Garon Park,1,45.1,Netherlands,Scotland,S Siegers,EE Corder,K McGill,4,0,,,,,,,,,
1033707,2016,2016-07-15,Garon Park,1,45.2,Netherlands,Scotland,S Siegers,EE Corder,K McGill,0,0,,,,,,bowled,S Siegers,,
1033707,2016,2016-07-15,Garon Park,2,0.1,Scotland,Netherlands,OSM Rae,SJ Bryce,L Klokgieters,0,0,,,,,,,,,
1033707,2016,2016-07-15,Garon Park,2,0.2,Scotland,Netherlands,OSM Rae,SJ Bryce,L Klokgieters,0,0,,,,,,,,,
1033707,2016,2016-07-15,Garon Park,2,0.3,Scotland,Netherlands,OSM Rae,SJ Bryce,L Klokgieters,0,0,,,,,,,,,
1033707,2016,2016-07-15,Garon Park,2,0.4,Scotland,Netherlands,OSM Rae,SJ Bryce,L Klokgieters,0,0,,,,,,,,,
1033707,2016,2016-07-15,Garon Park,2,0.5,Scotland,Netherlands,OSM Rae,SJ Bryce,L Klokgieters,0,0,,,,,,,,,
1033707,2016,2016-07-15,Garon Park,2,0.6,Scotland,Netherlands,OSM Rae,SJ Bryce,L Klokgieters,0,0,,,,,,,,,
1033707,2016,2016-07-15,Garon Park,2,1.1,Scotland,Netherlands,SJ Bryce,OSM Rae,DM Braat,0,0,,,,,,,,,
1033707,2016,2016-07-15,Garon Park,2,1.2,Scotland,Netherlands,SJ Bryce,OSM Rae,DM Braat,0,0,,,,,,,,,
1033707,2016,2016-07-15,Garon Park,2,1.3,Scotland,Netherlands,SJ Bryce,OSM Rae,DM Braat,0,0,,,,,,,,,
1033707,2016,2016-07-15,Garon Park,2,1.4,Scotland,Netherlands,SJ Bryce,OSM Rae,DM Braat,0,0,,,,,,,,,
1033707,2016,2016-07-15,Garon Park,2,1.5,Scotland,Netherlands,SJ Bryce,OSM Rae,DM Braat,0,0,,,,,,,,,
1033707,2016,2016-07-15,Garon Park,2,1.6,Scotland,Netherlands,SJ Bryce,OSM Rae,DM Braat,0,0,,,,,,,,,
1033707,2016,2016-07-15,Garon Park,2,2.1,Scotland,Netherlands,OSM Rae,SJ Bryce,L Klokgieters,0,0,,,,,,,,,
1033707,2016,2016-07-15,Garon Park,2,2.2,Scotland,Netherlands,OSM Rae,SJ Bryce,L Klokgieters,0,0,,,,,,,,,
1033707,2016,2016-07-15,Garon Park,2,2.3,Scotland,Netherlands,OSM Rae,SJ Bryce,L Klokgieters,1,0,,,,,,,,,
1033707,2016,2016-07-15,Garon Park,2,2.4,Scotland,Netherlands,SJ Bryce,OSM Rae,L Klokgieters,2,0,,,,,,,,,
1033707,2016,2016-07-15,Garon Park,2,2.5,Scotland,Netherlands,SJ Bryce,OSM Rae,L Klokgieters,0,0,,,,,,,,,
1033707,2016,2016-07-15,Garon Park,2,2.6,Scotland,Netherlands,SJ Bryce,OSM Rae,L Klokgieters,0,0,,,,,,,,,
1033707,2016,2016-07-15,Garon Park,2,3.1,Scotland,Netherlands,OSM Rae,SJ Bryce,DM Braat,0,1,1,,,,,,,,
1033707,2016,2016-07-15,Garon Park,2,3.2,Scotland,Netherlands,OSM Rae,SJ Bryce,DM Braat,0,0,,,,,,,,,
1033707,2016,2016-07-15,Garon Park,2,3.3,Scotland,Netherlands,OSM Rae,SJ Bryce,DM Braat,0,1,1,,,,,,,,
1033707,2016,2016-07-15,Garon Park,2,3.4,Scotland,Netherlands,OSM Rae,SJ Bryce,DM Braat,0,1,1,,,,,,,,
1033707,2016,2016-07-15,Garon Park,2,3.5,Scotland,Netherlands,OSM Rae,SJ Bryce,DM Braat,0,0,,,,,,,,,
1033707,2016,2016-07-15,Garon Park,2,3.6,Scotland,Netherlands,OSM Rae,SJ Bryce,DM Braat,0,0,,,,,,,,,
1033707,2016,2016-07-15,Garon Park,2,3.7,Scotland,Netherlands,OSM Rae,SJ Bryce,DM Braat,0,0,,,,,,,,,
1033707,2016,2016-07-15,Garon Park,2,3.8,Scotland,Netherlands,OSM Rae,SJ Bryce,DM Braat,0,0,,,,,,,,,
1033707,2016,2016-07-15,Garon Park,2,3.9,Scotland,Netherlands,OSM Rae,SJ Bryce,DM Braat,0,0,,,,,,,,,
1033707,2016,2016-07-15,Garon Park,2,4.1,Scotland,Netherlands,SJ Bryce,OSM Rae,L Klokgieters,0,0,,,,,,,,,
1033707,2016,2016-07-15,Garon Park,2,4.2,Scotland,Netherlands,SJ Bryce,OSM Rae,L Klokgieters,0,0,,,,,,,,,
1033707,2016,2016-07-15,Garon Park,2,4.3,Scotland,Netherlands,SJ Bryce,OSM Rae,L Klokgieters,0,0,,,,,,,,,
1033707,2016,2016-07-15,Garon Park,2,4.4,Scotland,Netherlands,SJ Bryce,OSM Rae,L Klokgieters,4,0,,,,,,,,,
1033707,2016,2016-07-15,Garon Park,2,4.5,Scotland,Netherlands,SJ Bryce,OSM Rae,L Klokgieters,0,0,,,,,,,,,
1033707,2016,2016-07-15,Garon Park,2,4.6,Scotland,Netherlands,SJ Bryce,OSM Rae,L Klokgieters,0,1,1,,,,,,,,
1033707,2016,2016-07-15,Garon Park,2,4.7,Scotland,Netherlands,SJ Bryce,OSM Rae,L Klokgieters,0,0,,,,,,,,,
1033707,2016,2016-07-15,Garon Park,2,5.1,Scotland,Netherlands,OSM Rae,SJ Bryce,HDJ Siegers,1,0,,,,,,,,,
1033707,2016,2016-07-15,Garon Park,2,5.2,Scotland,Netherlands,SJ Bryce,OSM Rae,HDJ Siegers,0,0,,,,,,,,,
1033707,2016,2016-07-15,Garon Park,2,5.3,Scotland,Netherlands,SJ Bryce,OSM Rae,HDJ Siegers,0,0,,,,,,,,,
1033707,2016,2016-07-15,Garon Park,2,5.4,Scotland,Netherlands,SJ Bryce,OSM Rae,HDJ Siegers,0,0,,,,,,,,,
1033707,2016,2016-07-15,Garon Park,2,5.5,Scotland,Netherlands,SJ Bryce,OSM Rae,HDJ Siegers,0,0,,,,,,,,,
1033707,2016,2016-07-15,Garon Park,2,5.6,Scotland,Netherlands,SJ Bryce,OSM Rae,HDJ Siegers,0,0,,,,,,,,,
1033707,2016,2016-07-15,Garon Park,2,6.1,Scotland,Netherlands,OSM Rae,SJ Bryce,L Klokgieters,0,0,,,,,,,,,
1033707,2016,2016-07-15,Garon Park,2,6.2,Scotland,Netherlands,OSM Rae,SJ Bryce,L Klokgieters,0,0,,,,,,,,,
1033707,2016,2016-07-15,Garon Park,2,6.3,Scotland,Netherlands,OSM Rae,SJ Bryce,L Klokgieters,0,0,,,,,,,,,
1033707,2016,2016-07-15,Garon Park,2,6.4,Scotland,Netherlands,OSM Rae,SJ Bryce,L Klokgieters,0,0,,,,,,,,,
1033707,2016,2016-07-15,Garon Park,2,6.5,Scotland,Netherlands,OSM Rae,SJ Bryce,L Klokgieters,0,0,,,,,,caught,OSM Rae,,
1033707,2016,2016-07-15,Garon Park,2,6.6,Scotland,Netherlands,KE Bryce,SJ Bryce,L Klokgieters,4,0,,,,,,,,,
1033707,2016,2016-07-15,Garon Park,2,7.1,Scotland,Netherlands,SJ Bryce,KE Bryce,HDJ Siegers,4,0,,,,,,,,,
1033707,2016,2016-07-15,Garon Park,2,7.2,Scotland,Netherlands,SJ Bryce,KE Bryce,HDJ Siegers,0,0,,,,,,,,,
1033707,2016,2016-07-15,Garon Park,2,7.3,Scotland,Netherlands,SJ Bryce,KE Bryce,HDJ Siegers,0,0,,,,,,,,,
1033707,2016,2016-07-15,Garon Park,2,7.4,Scotland,Netherlands,SJ Bryce,KE Bryce,HDJ Siegers,0,0,,,,,,,,,
1033707,2016,2016-07-15,Garon Park,2,7.5,Scotland,Netherlands,SJ Bryce,KE Bryce,HDJ Siegers,0,0,,,,,,,,,
1033707,2016,2016-07-15,Garon Park,2,7.6,Scotland,Netherlands,SJ Bryce,KE Bryce,HDJ Siegers,0,0,,,,,,,,,
1033707,2016,2016-07-15,Garon Park,2,8.1,Scotland,Netherlands,KE Bryce,SJ Bryce,CG Steenstra Toussaint,0,0,,,,,,,,,
1033707,2016,2016-07-15,Garon Park,2,8.2,Scotland,Netherlands,KE Bryce,SJ Bryce,CG Steenstra Toussaint,0,0,,,,,,,,,
1033707,2016,2016-07-15,Garon Park,2,8.3,Scotland,Netherlands,KE Bryce,SJ Bryce,CG Steenstra Toussaint,0,0,,,,,,,,,
1033707,2016,2016-07-15,Garon Park,2,8.4,Scotland,Netherlands,KE Bryce,SJ Bryce,CG Steenstra Toussaint,0,0,,,,,,,,,
1033707,2016,2016-07-15,Garon Park,2,8.5,Scotland,Netherlands,KE Bryce,SJ Bryce,CG Steenstra Toussaint,1,0,,,,,,,,,
1033707,2016,2016-07-15,Garon Park,2,8.6,Scotland,Netherlands,SJ Bryce,KE Bryce,CG Steenstra Toussaint,0,0,,,,,,,,,
1033707,2016,2016-07-15,Garon Park,2,9.1,Scotland,Netherlands,KE Bryce,SJ Bryce,HDJ Siegers,4,0,,,,,,,,,
1033707,2016,2016-07-15,Garon Park,2,9.2,Scotland,Netherlands,KE Bryce,SJ Bryce,HDJ Siegers,0,0,,,,,,,,,
1033707,2016,2016-07-15,Garon Park,2,9.3,Scotland,Netherlands,KE Bryce,SJ Bryce,HDJ Siegers,1,0,,,,,,,,,
1033707,2016,2016-07-15,Garon Park,2,9.4,Scotland,Netherlands,SJ Bryce,KE Bryce,HDJ Siegers,0,0,,,,,,,,,
1033707,2016,2016-07-15,Garon Park,2,9.5,Scotland,Netherlands,SJ Bryce,KE Bryce,HDJ Siegers,0,0,,,,,,,,,
1033707,2016,2016-07-15,Garon Park,2,9.6,Scotland,Netherlands,SJ Bryce,KE Bryce,HDJ Siegers,2,0,,,,,,,,,
1033707,2016,2016-07-15,Garon Park,2,10.1,Scotland,Netherlands,KE Bryce,SJ Bryce,CG Steenstra Toussaint,0,0,,,,,,,,,
1033707,2016,2016-07-15,Garon Park,2,10.2,Scotland,Netherlands,KE Bryce,SJ Bryce,CG Steenstra Toussaint,0,0,,,,,,,,,
1033707,2016,2016-07-15,Garon Park,2,10.3,Scotland,Netherlands,KE Bryce,SJ Bryce,CG Steenstra Toussaint,1,0,,,,,,,,,
1033707,2016,2016-07-15,Garon Park,2,10.4,Scotland,Netherlands,SJ Bryce,KE Bryce,CG Steenstra Toussaint,0,0,,,,,,,,,
1033707,2016,2016-07-15,Garon Park,2,10.5,Scotland,Netherlands,SJ Bryce,KE Bryce,CG Steenstra Toussaint,0,0,,,,,,,,,
1033707,2016,2016-07-15,Garon Park,2,10.6,Scotland,Netherlands,SJ Bryce,KE Bryce,CG Steenstra Toussaint,0,0,,,,,,,,,
1033707,2016,2016-07-15,Garon Park,2,11.1,Scotland,Netherlands,KE Bryce,SJ Bryce,DM Braat,0,0,,,,,,,,,
1033707,2016,2016-07-15,Garon Park,2,11.2,Scotland,Netherlands,KE Bryce,SJ Bryce,DM Braat,0,1,1,,,,,,,,
1033707,2016,2016-07-15,Garon Park,2,11.3,Scotland,Netherlands,KE Bryce,SJ Bryce,DM Braat,0,1,1,,,,,,,,
1033707,2016,2016-07-15,Garon Park,2,11.4,Scotland,Netherlands,KE Bryce,SJ Bryce,DM Braat,1,0,,,,,,,,,
1033707,2016,2016-07-15,Garon Park,2,11.5,Scotland,Netherlands,SJ Bryce,KE Bryce,DM Braat,0,0,,,,,,,,,
1033707,2016,2016-07-15,Garon Park,2,11.6,Scotland,Netherlands,SJ Bryce,KE Bryce,DM Braat,0,0,,,,,,,,,
1033707,2016,2016-07-15,Garon Park,2,11.7,Scotland,Netherlands,SJ Bryce,KE Bryce,DM Braat,0,0,,,,,,,,,
1033707,2016,2016-07-15,Garon Park,2,11.8,Scotland,Netherlands,SJ Bryce,KE Bryce,DM Braat,0,0,,,,,,,,,
1033707,2016,2016-07-15,Garon Park,2,12.1,Scotland,Netherlands,KE Bryce,SJ Bryce,CG Steenstra Toussaint,0,0,,,,,,,,,
1033707,2016,2016-07-15,Garon Park,2,12.2,Scotland,Netherlands,KE Bryce,SJ Bryce,CG Steenstra Toussaint,0,1,1,,,,,,,,
1033707,2016,2016-07-15,Garon Park,2,12.3,Scotland,Netherlands,KE Bryce,SJ Bryce,CG Steenstra Toussaint,0,5,5,,,,,,,,
1033707,2016,2016-07-15,Garon Park,2,12.4,Scotland,Netherlands,KE Bryce,SJ Bryce,CG Steenstra Toussaint,1,0,,,,,,,,,
1033707,2016,2016-07-15,Garon Park,2,12.5,Scotland,Netherlands,SJ Bryce,KE Bryce,CG Steenstra Toussaint,0,0,,,,,,,,,
1033707,2016,2016-07-15,Garon Park,2,12.6,Scotland,Netherlands,SJ Bryce,KE Bryce,CG Steenstra Toussaint,0,1,1,,,,,,,,
1033707,2016,2016-07-15,Garon Park,2,12.7,Scotland,Netherlands,SJ Bryce,KE Bryce,CG Steenstra Toussaint,0,0,,,,,,,,,
1033707,2016,2016-07-15,Garon Park,2,12.8,Scotland,Netherlands,SJ Bryce,KE Bryce,CG Steenstra Toussaint,0,0,,,,,,,,,
1033707,2016,2016-07-15,Garon Park,2,12.9,Scotland,Netherlands,SJ Bryce,KE Bryce,CG Steenstra Toussaint,2,0,,,,,,,,,
1033707,2016,2016-07-15,Garon Park,2,13.1,Scotland,Netherlands,KE Bryce,SJ Bryce,DM Braat,0,0,,,,,,,,,
1033707,2016,2016-07-15,Garon Park,2,13.2,Scotland,Netherlands,KE Bryce,SJ Bryce,DM Braat,0,0,,,,,,,,,
1033707,2016,2016-07-15,Garon Park,2,13.3,Scotland,Netherlands,KE Bryce,SJ Bryce,DM Braat,0,0,,,,,,,,,
1033707,2016,2016-07-15,Garon Park,2,13.4,Scotland,Netherlands,KE Bryce,SJ Bryce,DM Braat,0,0,,,,,,,,,
1033707,2016,2016-07-15,Garon Park,2,13.5,Scotland,Netherlands,KE Bryce,SJ Bryce,DM Braat,0,0,,,,,,,,,
1033707,2016,2016-07-15,Garon Park,2,13.6,Scotland,Netherlands,KE Bryce,SJ Bryce,DM Braat,0,0,,,,,,,,,
1033707,2016,2016-07-15,Garon Park,2,14.1,Scotland,Netherlands,SJ Bryce,KE Bryce,CC van Slobbe,0,1,1,,,,,,,,
1033707,2016,2016-07-15,Garon Park,2,14.2,Scotland,Netherlands,SJ Bryce,KE Bryce,CC van Slobbe,4,0,,,,,,,,,
1033707,2016,2016-07-15,Garon Park,2,14.3,Scotland,Netherlands,SJ Bryce,KE Bryce,CC van Slobbe,0,0,,,,,,,,,
1033707,2016,2016-07-15,Garon Park,2,14.4,Scotland,Netherlands,SJ Bryce,KE Bryce,CC van Slobbe,0,0,,,,,,,,,
1033707,2016,2016-07-15,Garon Park,2,14.5,Scotland,Netherlands,SJ Bryce,KE Bryce,CC van Slobbe,0,0,,,,,,,,,
1033707,2016,2016-07-15,Garon Park,2,14.6,Scotland,Netherlands,SJ Bryce,KE Bryce,CC van Slobbe,1,0,,,,,,,,,
1033707,2016,2016-07-15,Garon Park,2,14.7,Scotland,Netherlands,KE Bryce,SJ Bryce,CC van Slobbe,0,0,,,,,,,,,
1033707,2016,2016-07-15,Garon Park,2,15.1,Scotland,Netherlands,SJ Bryce,KE Bryce,DM Braat,0,0,,,,,,,,,
1033707,2016,2016-07-15,Garon Park,2,15.2,Scotland,Netherlands,SJ Bryce,KE Bryce,DM Braat,0,0,,,,,,,,,
1033707,2016,2016-07-15,Garon Park,2,15.3,Scotland,Netherlands,SJ Bryce,KE Bryce,DM Braat,0,0,,,,,,,,,
1033707,2016,2016-07-15,Garon Park,2,15.4,Scotland,Netherlands,SJ Bryce,KE Bryce,DM Braat,0,0,,,,,,,,,
1033707,2016,2016-07-15,Garon Park,2,15.5,Scotland,Netherlands,SJ Bryce,KE Bryce,DM Braat,0,1,1,,,,,,,,
1033707,2016,2016-07-15,Garon Park,2,15.6,Scotland,Netherlands,SJ Bryce,KE Bryce,DM Braat,0,1,1,,,,,,,,
1033707,2016,2016-07-15,Garon Park,2,15.7,Scotland,Netherlands,SJ Bryce,KE Bryce,DM Braat,0,0,,,,,,,,,
1033707,2016,2016-07-15,Garon Park,2,15.8,Scotland,Netherlands,SJ Bryce,KE Bryce,DM Braat,0,0,,,,,,,,,
1033707,2016,2016-07-15,Garon Park,2,16.1,Scotland,Netherlands,KE Bryce,SJ Bryce,CC van Slobbe,0,0,,,,,,,,,
1033707,2016,2016-07-15,Garon Park,2,16.2,Scotland,Netherlands,KE Bryce,SJ Bryce,CC van Slobbe,1,0,,,,,,,,,
1033707,2016,2016-07-15,Garon Park,2,16.3,Scotland,Netherlands,SJ Bryce,KE Bryce,CC van Slobbe,0,0,,,,,,,,,
1033707,2016,2016-07-15,Garon Park,2,16.4,Scotland,Netherlands,SJ Bryce,KE Bryce,CC van Slobbe,0,1,1,,,,,,,,
1033707,2016,2016-07-15,Garon Park,2,16.5,Scotland,Netherlands,SJ Bryce,KE Bryce,CC van Slobbe,0,1,1,,,,,,,,
1033707,2016,2016-07-15,Garon Park,2,16.6,Scotland,Netherlands,SJ Bryce,KE Bryce,CC van Slobbe,0,0,,,,,,,,,
1033707,2016,2016-07-15,Garon Park,2,16.7,Scotland,Netherlands,SJ Bryce,KE Bryce,CC van Slobbe,0,0,,,,,,,,,
1033707,2016,2016-07-15,Garon Park,2,16.8,Scotland,Netherlands,SJ Bryce,KE Bryce,CC van Slobbe,0,0,,,,,,,,,
1033707,2016,2016-07-15,Garon Park,2,17.1,Scotland,Netherlands,KE Bryce,SJ Bryce,S Siegers,0,0,,,,,,,,,
1033707,2016,2016-07-15,Garon Park,2,17.2,Scotland,Netherlands,KE Bryce,SJ Bryce,S Siegers,0,0,,,,,,,,,
1033707,2016,2016-07-15,Garon Park,2,17.3,Scotland,Netherlands,KE Bryce,SJ Bryce,S Siegers,2,0,,,,,,,,,
1033707,2016,2016-07-15,Garon Park,2,17.4,Scotland,Netherlands,KE Bryce,SJ Bryce,S Siegers,2,0,,,,,,,,,
1033707,2016,2016-07-15,Garon Park,2,17.5,Scotland,Netherlands,KE Bryce,SJ Bryce,S Siegers,4,0,,,,,,,,,
1033707,2016,2016-07-15,Garon Park,2,17.6,Scotland,Netherlands,KE Bryce,SJ Bryce,S Siegers,0,0,,,,,,,,,
1033707,2016,2016-07-15,Garon Park,2,18.1,Scotland,Netherlands,SJ Bryce,KE Bryce,CC van Slobbe,0,0,,,,,,,,,
1033707,2016,2016-07-15,Garon Park,2,18.2,Scotland,Netherlands,SJ Bryce,KE Bryce,CC van Slobbe,0,0,,,,,,,,,
1033707,2016,2016-07-15,Garon Park,2,18.3,Scotland,Netherlands,SJ Bryce,KE Bryce,CC van Slobbe,0,0,,,,,,,,,
1033707,2016,2016-07-15,Garon Park,2,18.4,Scotland,Netherlands,SJ Bryce,KE Bryce,CC van Slobbe,0,0,,,,,,,,,
1033707,2016,2016-07-15,Garon Park,2,18.5,Scotland,Netherlands,SJ Bryce,KE Bryce,CC van Slobbe,0,0,,,,,,,,,
1033707,2016,2016-07-15,Garon Park,2,18.6,Scotland,Netherlands,SJ Bryce,KE Bryce,CC van Slobbe,0,0,,,,,,,,,
1033707,2016,2016-07-15,Garon Park,2,19.1,Scotland,Netherlands,KE Bryce,SJ Bryce,S Siegers,0,0,,,,,,,,,
1033707,2016,2016-07-15,Garon Park,2,19.2,Scotland,Netherlands,KE Bryce,SJ Bryce,S Siegers,0,0,,,,,,,,,
1033707,2016,2016-07-15,Garon Park,2,19.3,Scotland,Netherlands,KE Bryce,SJ Bryce,S Siegers,0,1,1,,,,,,,,
1033707,2016,2016-07-15,Garon Park,2,19.4,Scotland,Netherlands,KE Bryce,SJ Bryce,S Siegers,0,1,1,,,,,,,,
1033707,2016,2016-07-15,Garon Park,2,19.5,Scotland,Netherlands,KE Bryce,SJ Bryce,S Siegers,0,0,,,,,,,,,
1033707,2016,2016-07-15,Garon Park,2,19.6,Scotland,Netherlands,KE Bryce,SJ Bryce,S Siegers,0,0,,,,,,,,,
1033707,2016,2016-07-15,Garon Park,2,19.7,Scotland,Netherlands,KE Bryce,SJ Bryce,S Siegers,0,0,,,,,,,,,
1033707,2016,2016-07-15,Garon Park,2,19.8,Scotland,Netherlands,KE Bryce,SJ Bryce,S Siegers,1,0,,,,,,,,,
1033707,2016,2016-07-15,Garon Park,2,20.1,Scotland,Netherlands,KE Bryce,SJ Bryce,CC van Slobbe,0,0,,,,,,,,,
1033707,2016,2016-07-15,Garon Park,2,20.2,Scotland,Netherlands,KE Bryce,SJ Bryce,CC van Slobbe,0,0,,,,,,,,,
1033707,2016,2016-07-15,Garon Park,2,20.3,Scotland,Netherlands,KE Bryce,SJ Bryce,CC van Slobbe,1,0,,,,,,,,,
1033707,2016,2016-07-15,Garon Park,2,20.4,Scotland,Netherlands,SJ Bryce,KE Bryce,CC van Slobbe,2,0,,,,,,,,,
1033707,2016,2016-07-15,Garon Park,2,20.5,Scotland,Netherlands,SJ Bryce,KE Bryce,CC van Slobbe,0,0,,,,,,,,,
1033707,2016,2016-07-15,Garon Park,2,20.6,Scotland,Netherlands,SJ Bryce,KE Bryce,CC van Slobbe,0,0,,,,,,bowled,SJ Bryce,,
1033707,2016,2016-07-15,Garon Park,2,21.1,Scotland,Netherlands,KE Bryce,RV Scholes,S Siegers,1,0,,,,,,,,,
1033707,2016,2016-07-15,Garon Park,2,21.2,Scotland,Netherlands,RV Scholes,KE Bryce,S Siegers,0,0,,,,,,,,,
1033707,2016,2016-07-15,Garon Park,2,21.3,Scotland,Netherlands,RV Scholes,KE Bryce,S Siegers,1,0,,,,,,,,,
1033707,2016,2016-07-15,Garon Park,2,21.4,Scotland,Netherlands,KE Bryce,RV Scholes,S Siegers,0,1,1,,,,,,,,
1033707,2016,2016-07-15,Garon Park,2,21.5,Scotland,Netherlands,KE Bryce,RV Scholes,S Siegers,0,0,,,,,,,,,
1033707,2016,2016-07-15,Garon Park,2,21.6,Scotland,Netherlands,KE Bryce,RV Scholes,S Siegers,1,0,,,,,,,,,
1033707,2016,2016-07-15,Garon Park,2,21.7,Scotland,Netherlands,RV Scholes,KE Bryce,S Siegers,0,0,,,,,,,,,
1033707,2016,2016-07-15,Garon Park,2,22.1,Scotland,Netherlands,KE Bryce,RV Scholes,CC van Slobbe,0,0,,,,,,,,,
1033707,2016,2016-07-15,Garon Park,2,22.2,Scotland,Netherlands,KE Bryce,RV Scholes,CC van Slobbe,0,0,,,,,,,,,
1033707,2016,2016-07-15,Garon Park,2,22.3,Scotland,Netherlands,KE Bryce,RV Scholes,CC van Slobbe,0,0,,,,,,,,,
1033707,2016,2016-07-15,Garon Park,2,22.4,Scotland,Netherlands,KE Bryce,RV Scholes,CC van Slobbe,0,1,1,,,,,,,,
1033707,2016,2016-07-15,Garon Park,2,22.5,Scotland,Netherlands,KE Bryce,RV Scholes,CC van Slobbe,0,0,,,,,,,,,
1033707,2016,2016-07-15,Garon Park,2,22.6,Scotland,Netherlands,KE Bryce,RV Scholes,CC van Slobbe,3,0,,,,,,,,,
1033707,2016,2016-07-15,Garon Park,2,22.7,Scotland,Netherlands,RV Scholes,KE Bryce,CC van Slobbe,1,0,,,,,,,,,
1033707,2016,2016-07-15,Garon Park,2,23.1,Scotland,Netherlands,RV Scholes,KE Bryce,HDJ Siegers,0,0,,,,,,,,,
1033707,2016,2016-07-15,Garon Park,2,23.2,Scotland,Netherlands,RV Scholes,KE Bryce,HDJ Siegers,0,0,,,,,,,,,
1033707,2016,2016-07-15,Garon Park,2,23.3,Scotland,Netherlands,RV Scholes,KE Bryce,HDJ Siegers,0,5,5,,,,,,,,
1033707,2016,2016-07-15,Garon Park,2,23.4,Scotland,Netherlands,RV Scholes,KE Bryce,HDJ Siegers,0,0,,,,,,,,,
1033707,2016,2016-07-15,Garon Park,2,23.5,Scotland,Netherlands,RV Scholes,KE Bryce,HDJ Siegers,1,0,,,,,,,,,
1033707,2016,2016-07-15,Garon Park,2,23.6,Scotland,Netherlands,KE Bryce,RV Scholes,HDJ Siegers,0,0,,,,,,,,,
1033707,2016,2016-07-15,Garon Park,2,23.7,Scotland,Netherlands,KE Bryce,RV Scholes,HDJ Siegers,0,0,,,,,,,,,
1033707,2016,2016-07-15,Garon Park,2,24.1,Scotland,Netherlands,RV Scholes,KE Bryce,EE Corder,0,0,,,,,,,,,
1033707,2016,2016-07-15,Garon Park,2,24.2,Scotland,Netherlands,RV Scholes,KE Bryce,EE Corder,0,0,,,,,,,,,
1033707,2016,2016-07-15,Garon Park,2,24.3,Scotland,Netherlands,RV Scholes,KE Bryce,EE Corder,2,0,,,,,,,,,
1033707,2016,2016-07-15,Garon Park,2,24.4,Scotland,Netherlands,RV Scholes,KE Bryce,EE Corder,0,0,,,,,,,,,
1033707,2016,2016-07-15,Garon Park,2,24.5,Scotland,Netherlands,RV Scholes,KE Bryce,EE Corder,1,0,,,,,,,,,
1033707,2016,2016-07-15,Garon Park,2,24.6,Scotland,Netherlands,KE Bryce,RV Scholes,EE Corder,0,0,,,,,,,,,
1033707,2016,2016-07-15,Garon Park,2,25.1,Scotland,Netherlands,RV Scholes,KE Bryce,HDJ Siegers,0,0,,,,,,,,,
1033707,2016,2016-07-15,Garon Park,2,25.2,Scotland,Netherlands,RV Scholes,KE Bryce,HDJ Siegers,4,0,,,,,,,,,
1033707,2016,2016-07-15,Garon Park,2,25.3,Scotland,Netherlands,RV Scholes,KE Bryce,HDJ Siegers,4,0,,,,,,,,,
1033707,2016,2016-07-15,Garon Park,2,25.4,Scotland,Netherlands,RV Scholes,KE Bryce,HDJ Siegers,1,0,,,,,,,,,
1033707,2016,2016-07-15,Garon Park,2,25.5,Scotland,Netherlands,KE Bryce,RV Scholes,HDJ Siegers,0,0,,,,,,,,,
1033707,2016,2016-07-15,Garon Park,2,25.6,Scotland,Netherlands,KE Bryce,RV Scholes,HDJ Siegers,0,0,,,,,,,,,
1033707,2016,2016-07-15,Garon Park,2,26.1,Scotland,Netherlands,RV Scholes,KE Bryce,EE Corder,0,0,,,,,,,,,
1033707,2016,2016-07-15,Garon Park,2,26.2,Scotland,Netherlands,RV Scholes,KE Bryce,EE Corder,4,0,,,,,,,,,
1033707,2016,2016-07-15,Garon Park,2,26.3,Scotland,Netherlands,RV Scholes,KE Bryce,EE Corder,0,0,,,,,,,,,
1033707,2016,2016-07-15,Garon Park,2,26.4,Scotland,Netherlands,RV Scholes,KE Bryce,EE Corder,1,0,,,,,,,,,
1033707,2016,2016-07-15,Garon Park,2,26.5,Scotland,Netherlands,KE Bryce,RV Scholes,EE Corder,0,0,,,,,,,,,
1033707,2016,2016-07-15,Garon Park,2,26.6,Scotland,Netherlands,KE Bryce,RV Scholes,EE Corder,0,0,,,,,,,,,
1033707,2016,2016-07-15,Garon Park,2,27.1,Scotland,Netherlands,RV Scholes,KE Bryce,M Veringmeier,1,0,,,,,,,,,
1033707,2016,2016-07-15,Garon Park,2,27.2,Scotland,Netherlands,KE Bryce,RV Scholes,M Veringmeier,0,1,1,,,,,,,,
1033707,2016,2016-07-15,Garon Park,2,27.3,Scotland,Netherlands,KE Bryce,RV Scholes,M Veringmeier,0,1,1,,,,,,,,
1033707,2016,2016-07-15,Garon Park,2,27.4,Scotland,Netherlands,KE Bryce,RV Scholes,M Veringmeier,1,0,,,,,,,,,
1033707,2016,2016-07-15,Garon Park,2,27.5,Scotland,Netherlands,RV Scholes,KE Bryce,M Veringmeier,0,1,1,,,,,,,,
1033707,2016,2016-07-15,Garon Park,2,27.6,Scotland,Netherlands,RV Scholes,KE Bryce,M Veringmeier,0,0,,,,,,,,,
1033707,2016,2016-07-15,Garon Park,2,27.7,Scotland,Netherlands,RV Scholes,KE Bryce,M Veringmeier,0,0,,,,,,,,,
1033707,2016,2016-07-15,Garon Park,2,27.8,Scotland,Netherlands,RV Scholes,KE Bryce,M Veringmeier,1,0,,,,,,,,,
1033707,2016,2016-07-15,Garon Park,2,27.9,Scotland,Netherlands,KE Bryce,RV Scholes,M Veringmeier,1,0,,,,,,,,,
1033707,2016,2016-07-15,Garon Park,2,28.1,Scotland,Netherlands,KE Bryce,RV Scholes,EE Corder,2,0,,,,,,,,,
1033707,2016,2016-07-15,Garon Park,2,28.2,Scotland,Netherlands,KE Bryce,RV Scholes,EE Corder,0,0,,,,,,,,,
1033707,2016,2016-07-15,Garon Park,2,28.3,Scotland,Netherlands,KE Bryce,RV Scholes,EE Corder,4,0,,,,,,,,,
1033707,2016,2016-07-15,Garon Park,2,28.4,Scotland,Netherlands,KE Bryce,RV Scholes,EE Corder,0,0,,,,,,,,,
1033707,2016,2016-07-15,Garon Park,2,28.5,Scotland,Netherlands,KE Bryce,RV Scholes,EE Corder,0,0,,,,,,,,,
1033707,2016,2016-07-15,Garon Park,2,28.6,Scotland,Netherlands,KE Bryce,RV Scholes,EE Corder,0,0,,,,,,,,,
1033707,2016,2016-07-15,Garon Park,2,29.1,Scotland,Netherlands,RV Scholes,KE Bryce,CG Steenstra Toussaint,0,0,,,,,,,,,
1033707,2016,2016-07-15,Garon Park,2,29.2,Scotland,Netherlands,RV Scholes,KE Bryce,CG Steenstra Toussaint,0,0,,,,,,,,,
1033707,2016,2016-07-15,Garon Park,2,29.3,Scotland,Netherlands,RV Scholes,KE Bryce,CG Steenstra Toussaint,1,0,,,,,,,,,
1033707,2016,2016-07-15,Garon Park,2,29.4,Scotland,Netherlands,KE Bryce,RV Scholes,CG Steenstra Toussaint,1,0,,,,,,,,,
1033707,2016,2016-07-15,Garon Park,2,29.5,Scotland,Netherlands,RV Scholes,KE Bryce,CG Steenstra Toussaint,0,0,,,,,,,,,
1033707,2016,2016-07-15,Garon Park,2,29.6,Scotland,Netherlands,RV Scholes,KE Bryce,CG Steenstra Toussaint,0,0,,,,,,,,,
1033707,2016,2016-07-15,Garon Park,2,30.1,Scotland,Netherlands,KE Bryce,RV Scholes,L Klokgieters,4,0,,,,,,,,,
1033707,2016,2016-07-15,Garon Park,2,30.2,Scotland,Netherlands,KE Bryce,RV Scholes,L Klokgieters,0,0,,,,,,,,,
1033707,2016,2016-07-15,Garon Park,2,30.3,Scotland,Netherlands,KE Bryce,RV Scholes,L Klokgieters,0,0,,,,,,,,,
1033707,2016,2016-07-15,Garon Park,2,30.4,Scotland,Netherlands,KE Bryce,RV Scholes,L Klokgieters,1,0,,,,,,,,,
1033707,2016,2016-07-15,Garon Park,2,30.5,Scotland,Netherlands,RV Scholes,KE Bryce,L Klokgieters,0,0,,,,,,,,,
1033707,2016,2016-07-15,Garon Park,2,30.6,Scotland,Netherlands,RV Scholes,KE Bryce,L Klokgieters,0,0,,,,,,,,,
1033707,2016,2016-07-15,Garon Park,2,31.1,Scotland,Netherlands,KE Bryce,RV Scholes,CG Steenstra Toussaint,0,0,,,,,,,,,
1033707,2016,2016-07-15,Garon Park,2,31.2,Scotland,Netherlands,KE Bryce,RV Scholes,CG Steenstra Toussaint,4,0,,,,,,,,,
1033707,2016,2016-07-15,Garon Park,2,31.3,Scotland,Netherlands,KE Bryce,RV Scholes,CG Steenstra Toussaint,0,0,,,,,,,,,
1033707,2016,2016-07-15,Garon Park,2,31.4,Scotland,Netherlands,KE Bryce,RV Scholes,CG Steenstra Toussaint,1,0,,,,,,,,,
1033707,2016,2016-07-15,Garon Park,2,31.5,Scotland,Netherlands,RV Scholes,KE Bryce,CG Steenstra Toussaint,0,0,,,,,,,,,
1033707,2016,2016-07-15,Garon Park,2,31.6,Scotland,Netherlands,RV Scholes,KE Bryce,CG Steenstra Toussaint,2,0,,,,,,,,,
1033707,2016,2016-07-15,Garon Park,2,32.1,Scotland,Netherlands,KE Bryce,RV Scholes,L Klokgieters,0,0,,,,,,,,,
1033707,2016,2016-07-15,Garon Park,2,32.2,Scotland,Netherlands,KE Bryce,RV Scholes,L Klokgieters,0,0,,,,,,,,,
1033707,2016,2016-07-15,Garon Park,2,32.3,Scotland,Netherlands,KE Bryce,RV Scholes,L Klokgieters,0,0,,,,,,,,,
1033707,2016,2016-07-15,Garon Park,2,32.4,Scotland,Netherlands,KE Bryce,RV Scholes,L Klokgieters,0,0,,,,,,,,,
1033707,2016,2016-07-15,Garon Park,2,32.5,Scotland,Netherlands,KE Bryce,RV Scholes,L Klokgieters,0,0,,,,,,,,,
1033707,2016,2016-07-15,Garon Park,2,32.6,Scotland,Netherlands,KE Bryce,RV Scholes,L Klokgieters,0,0,,,,,,,,,
1033707,2016,2016-07-15,Garon Park,2,33.1,Scotland,Netherlands,RV Scholes,KE Bryce,DM Braat,1,0,,,,,,,,,
1033707,2016,2016-07-15,Garon Park,2,33.2,Scotland,Netherlands,KE Bryce,RV Scholes,DM Braat,0,0,,,,,,,,,
1033707,2016,2016-07-15,Garon Park,2,33.3,Scotland,Netherlands,KE Bryce,RV Scholes,DM Braat,0,0,,,,,,,,,
1033707,2016,2016-07-15,Garon Park,2,33.4,Scotland,Netherlands,KE Bryce,RV Scholes,DM Braat,0,0,,,,,,,,,
1033707,2016,2016-07-15,Garon Park,2,33.5,Scotland,Netherlands,KE Bryce,RV Scholes,DM Braat,0,0,,,,,,,,,
1033707,2016,2016-07-15,Garon Park,2,33.6,Scotland,Netherlands,KE Bryce,RV Scholes,DM Braat,0,0,,,,,,,,,
1033707,2016,2016-07-15,Garon Park,2,34.1,Scotland,Netherlands,RV Scholes,KE Bryce,L Klokgieters,0,0,,,,,,,,,
1033707,2016,2016-07-15,Garon Park,2,34.2,Scotland,Netherlands,RV Scholes,KE Bryce,L Klokgieters,1,0,,,,,,,,,
1033707,2016,2016-07-15,Garon Park,2,34.3,Scotland,Netherlands,KE Bryce,RV Scholes,L Klokgieters,0,2,2,,,,,,,,
1033707,2016,2016-07-15,Garon Park,2,34.4,Scotland,Netherlands,RV Scholes,KE Bryce,L Klokgieters,0,0,,,,,,,,,
1033707,2016,2016-07-15,Garon Park,2,34.5,Scotland,Netherlands,RV Scholes,KE Bryce,L Klokgieters,0,0,,,,,,,,,
1033707,2016,2016-07-15,Garon Park,2,34.6,Scotland,Netherlands,RV Scholes,KE Bryce,L Klokgieters,0,0,,,,,,,,,
1033707,2016,2016-07-15,Garon Park,2,34.7,Scotland,Netherlands,RV Scholes,KE Bryce,L Klokgieters,0,0,,,,,,,,,
1033707,2016,2016-07-15,Garon Park,2,35.1,Scotland,Netherlands,KE Bryce,RV Scholes,DM Braat,0,0,,,,,,,,,
1033707,2016,2016-07-15,Garon Park,2,35.2,Scotland,Netherlands,KE Bryce,RV Scholes,DM Braat,4,0,,,,,,,,,
1033707,2016,2016-07-15,Garon Park,2,35.3,Scotland,Netherlands,KE Bryce,RV Scholes,DM Braat,0,0,,,,,,,,,
1033707,2016,2016-07-15,Garon Park,2,35.4,Scotland,Netherlands,KE Bryce,RV Scholes,DM Braat,0,0,,,,,,,,,
1033707,2016,2016-07-15,Garon Park,2,35.5,Scotland,Netherlands,KE Bryce,RV Scholes,DM Braat,1,0,,,,,,,,,
1033707,2016,2016-07-15,Garon Park,2,35.6,Scotland,Netherlands,RV Scholes,KE Bryce,DM Braat,1,0,,,,,,,,,
1033707,2016,2016-07-15,Garon Park,2,36.1,Scotland,Netherlands,RV Scholes,KE Bryce,L Klokgieters,0,0,,,,,,,,,
1033707,2016,2016-07-15,Garon Park,2,36.2,Scotland,Netherlands,RV Scholes,KE Bryce,L Klokgieters,0,0,,,,,,,,,
1033707,2016,2016-07-15,Garon Park,2,36.3,Scotland,Netherlands,RV Scholes,KE Bryce,L Klokgieters,0,0,,,,,,,,,
1033707,2016,2016-07-15,Garon Park,2,36.4,Scotland,Netherlands,RV Scholes,KE Bryce,L Klokgieters,0,1,1,,,,,,,,
1033707,2016,2016-07-15,Garon Park,2,36.5,Scotland,Netherlands,RV Scholes,KE Bryce,L Klokgieters,1,0,,,,,,,,,
1033707,2016,2016-07-15,Garon Park,2,36.6,Scotland,Netherlands,KE Bryce,RV Scholes,L Klokgieters,2,0,,,,,,,,,
1033707,2016,2016-07-15,Garon Park,2,36.7,Scotland,Netherlands,KE Bryce,RV Scholes,L Klokgieters,2,0,,,,,,,,,
1033707,2016,2016-07-15,Garon Park,2,37.1,Scotland,Netherlands,RV Scholes,KE Bryce,CC van Slobbe,1,0,,,,,,,,,
1033707,2016,2016-07-15,Garon Park,2,37.2,Scotland,Netherlands,KE Bryce,RV Scholes,CC van Slobbe,0,0,,,,,,,,,
1033707,2016,2016-07-15,Garon Park,2,37.3,Scotland,Netherlands,KE Bryce,RV Scholes,CC van Slobbe,0,1,1,,,,,,,,
1033707,2016,2016-07-15,Garon Park,2,37.4,Scotland,Netherlands,KE Bryce,RV Scholes,CC van Slobbe,0,0,,,,,,,,,
1033707,2016,2016-07-15,Garon Park,2,37.5,Scotland,Netherlands,KE Bryce,RV Scholes,CC van Slobbe,0,0,,,,,,,,,
1033707,2016,2016-07-15,Garon Park,2,37.6,Scotland,Netherlands,KE Bryce,RV Scholes,CC van Slobbe,0,1,1,,,,,,,,
1033707,2016,2016-07-15,Garon Park,2,37.7,Scotland,Netherlands,KE Bryce,RV Scholes,CC van Slobbe,3,0,,,,,,,,,
1033707,2016,2016-07-15,Garon Park,2,37.8,Scotland,Netherlands,RV Scholes,KE Bryce,CC van Slobbe,0,0,,,,,,,,,
1033707,2016,2016-07-15,Garon Park,2,38.1,Scotland,Netherlands,KE Bryce,RV Scholes,CG Steenstra Toussaint,0,0,,,,,,,,,
1033707,2016,2016-07-15,Garon Park,2,38.2,Scotland,Netherlands,KE Bryce,RV Scholes,CG Steenstra Toussaint,0,0,,,,,,,,,
1033707,2016,2016-07-15,Garon Park,2,38.3,Scotland,Netherlands,KE Bryce,RV Scholes,CG Steenstra Toussaint,0,0,,,,,,,,,
1033707,2016,2016-07-15,Garon Park,2,38.4,Scotland,Netherlands,KE Bryce,RV Scholes,CG Steenstra Toussaint,0,0,,,,,,,,,
1033707,2016,2016-07-15,Garon Park,2,38.5,Scotland,Netherlands,KE Bryce,RV Scholes,CG Steenstra Toussaint,0,2,,,,2,,,,,
1033707,2016,2016-07-15,Garon Park,2,38.6,Scotland,Netherlands,KE Bryce,RV Scholes,CG Steenstra Toussaint,4,0,,,,,,,,,
1033707,2016,2016-07-15,Garon Park,2,39.1,Scotland,Netherlands,RV Scholes,KE Bryce,CC van Slobbe,1,0,,,,,,,,,
1033707,2016,2016-07-15,Garon Park,2,39.2,Scotland,Netherlands,KE Bryce,RV Scholes,CC van Slobbe,4,0,,,,,,,,,
1033707,2016,2016-07-15,Garon Park,2,39.3,Scotland,Netherlands,KE Bryce,RV Scholes,CC van Slobbe,0,0,,,,,,,,,
1033707,2016,2016-07-15,Garon Park,2,39.4,Scotland,Netherlands,KE Bryce,RV Scholes,CC van Slobbe,0,0,,,,,,,,,
1033707,2016,2016-07-15,Garon Park,2,39.5,Scotland,Netherlands,KE Bryce,RV Scholes,CC van Slobbe,1,0,,,,,,,,,
