match_id,season,start_date,venue,innings,ball,batting_team,bowling_team,striker,non_striker,bowler,runs_off_bat,extras,wides,noballs,byes,legbyes,penalty,wicket_type,player_dismissed,other_wicket_type,other_player_dismissed
1033371,2017,2017-05-24,Clontarf Cricket Club Ground,1,0.1,New Zealand,Bangladesh,TWM Latham,L Ronchi,Mashrafe Mortaza,0,1,1,,,,,,,,
1033371,2017,2017-05-24,Clontarf Cricket Club Ground,1,0.2,New Zealand,Bangladesh,TWM Latham,L Ronchi,Mashrafe Mortaza,0,0,,,,,,,,,
1033371,2017,2017-05-24,Clontarf Cricket Club Ground,1,0.3,New Zealand,Bangladesh,TWM Latham,L Ronchi,Mashrafe Mortaza,0,0,,,,,,,,,
1033371,2017,2017-05-24,Clontarf Cricket Club Ground,1,0.4,New Zealand,Bangladesh,TWM Latham,L Ronchi,Mashrafe Mortaza,0,0,,,,,,,,,
1033371,2017,2017-05-24,Clontarf Cricket Club Ground,1,0.5,New Zealand,Bangladesh,TWM Latham,L Ronchi,Mashrafe Mortaza,4,0,,,,,,,,,
1033371,2017,2017-05-24,Clontarf Cricket Club Ground,1,0.6,New Zealand,Bangladesh,TWM Latham,L Ronchi,Mashrafe Mortaza,0,0,,,,,,,,,
1033371,2017,2017-05-24,Clontarf Cricket Club Ground,1,0.7,New Zealand,Bangladesh,TWM Latham,L Ronchi,Mashrafe Mortaza,1,0,,,,,,,,,
1033371,2017,2017-05-24,Clontarf Cricket Club Ground,1,1.1,New Zealand,Bangladesh,TWM Latham,L Ronchi,Mustafizur Rahman,1,0,,,,,,,,,
1033371,2017,2017-05-24,Clontarf Cricket Club Ground,1,1.2,New Zealand,Bangladesh,L Ronchi,TWM Latham,Mustafizur Rahman,0,0,,,,,,,,,
1033371,2017,2017-05-24,Clontarf Cricket Club Ground,1,1.3,New Zealand,Bangladesh,L Ronchi,TWM Latham,Mustafizur Rahman,0,0,,,,,,,,,
1033371,2017,2017-05-24,Clontarf Cricket Club Ground,1,1.4,New Zealand,Bangladesh,L Ronchi,TWM Latham,Mustafizur Rahman,1,0,,,,,,,,,
1033371,2017,2017-05-24,Clontarf Cricket Club Ground,1,1.5,New Zealand,Bangladesh,TWM Latham,L Ronchi,Mustafizur Rahman,4,0,,,,,,,,,
1033371,2017,2017-05-24,Clontarf Cricket Club Ground,1,1.6,New Zealand,Bangladesh,TWM Latham,L Ronchi,Mustafizur Rahman,1,0,,,,,,,,,
1033371,2017,2017-05-24,Clontarf Cricket Club Ground,1,2.1,New Zealand,Bangladesh,TWM Latham,L Ronchi,Mashrafe Mortaza,0,0,,,,,,,,,
1033371,2017,2017-05-24,Clontarf Cricket Club Ground,1,2.2,New Zealand,Bangladesh,TWM Latham,L Ronchi,Mashrafe Mortaza,4,0,,,,,,,,,
1033371,2017,2017-05-24,Clontarf Cricket Club Ground,1,2.3,New Zealand,Bangladesh,TWM Latham,L Ronchi,Mashrafe Mortaza,0,0,,,,,,,,,
1033371,2017,2017-05-24,Clontarf Cricket Club Ground,1,2.4,New Zealand,Bangladesh,TWM Latham,L Ronchi,Mashrafe Mortaza,4,0,,,,,,,,,
1033371,2017,2017-05-24,Clontarf Cricket Club Ground,1,2.5,New Zealand,Bangladesh,TWM Latham,L Ronchi,Mashrafe Mortaza,0,0,,,,,,,,,
1033371,2017,2017-05-24,Clontarf Cricket Club Ground,1,2.6,New Zealand,Bangladesh,TWM Latham,L Ronchi,Mashrafe Mortaza,0,0,,,,,,,,,
1033371,2017,2017-05-24,Clontarf Cricket Club Ground,1,3.1,New Zealand,Bangladesh,L Ronchi,TWM Latham,Mustafizur Rahman,1,0,,,,,,,,,
1033371,2017,2017-05-24,Clontarf Cricket Club Ground,1,3.2,New Zealand,Bangladesh,TWM Latham,L Ronchi,Mustafizur Rahman,0,0,,,,,,,,,
1033371,2017,2017-05-24,Clontarf Cricket Club Ground,1,3.3,New Zealand,Bangladesh,TWM Latham,L Ronchi,Mustafizur Rahman,1,0,,,,,,,,,
1033371,2017,2017-05-24,Clontarf Cricket Club Ground,1,3.4,New Zealand,Bangladesh,L Ronchi,TWM Latham,Mustafizur Rahman,0,0,,,,,,caught,L Ronchi,,
1033371,2017,2017-05-24,Clontarf Cricket Club Ground,1,3.5,New Zealand,Bangladesh,TWM Latham,NT Broom,Mustafizur Rahman,0,0,,,,,,,,,
1033371,2017,2017-05-24,Clontarf Cricket Club Ground,1,3.6,New Zealand,Bangladesh,TWM Latham,NT Broom,Mustafizur Rahman,0,0,,,,,,,,,
1033371,2017,2017-05-24,Clontarf Cricket Club Ground,1,4.1,New Zealand,Bangladesh,NT Broom,TWM Latham,Mashrafe Mortaza,0,1,,,,1,,,,,
1033371,2017,2017-05-24,Clontarf Cricket Club Ground,1,4.2,New Zealand,Bangladesh,TWM Latham,NT Broom,Mashrafe Mortaza,0,0,,,,,,,,,
1033371,2017,2017-05-24,Clontarf Cricket Club Ground,1,4.3,New Zealand,Bangladesh,TWM Latham,NT Broom,Mashrafe Mortaza,0,0,,,,,,,,,
1033371,2017,2017-05-24,Clontarf Cricket Club Ground,1,4.4,New Zealand,Bangladesh,TWM Latham,NT Broom,Mashrafe Mortaza,0,0,,,,,,,,,
1033371,2017,2017-05-24,Clontarf Cricket Club Ground,1,4.5,New Zealand,Bangladesh,TWM Latham,NT Broom,Mashrafe Mortaza,0,4,,,,4,,,,,
1033371,2017,2017-05-24,Clontarf Cricket Club Ground,1,4.6,New Zealand,Bangladesh,TWM Latham,NT Broom,Mashrafe Mortaza,1,0,,,,,,,,,
1033371,2017,2017-05-24,Clontarf Cricket Club Ground,1,5.1,New Zealand,Bangladesh,TWM Latham,NT Broom,Rubel Hossain,1,0,,,,,,,,,
1033371,2017,2017-05-24,Clontarf Cricket Club Ground,1,5.2,New Zealand,Bangladesh,NT Broom,TWM Latham,Rubel Hossain,0,0,,,,,,,,,
1033371,2017,2017-05-24,Clontarf Cricket Club Ground,1,5.3,New Zealand,Bangladesh,NT Broom,TWM Latham,Rubel Hossain,0,0,,,,,,,,,
1033371,2017,2017-05-24,Clontarf Cricket Club Ground,1,5.4,New Zealand,Bangladesh,NT Broom,TWM Latham,Rubel Hossain,0,0,,,,,,,,,
1033371,2017,2017-05-24,Clontarf Cricket Club Ground,1,5.5,New Zealand,Bangladesh,NT Broom,TWM Latham,Rubel Hossain,4,0,,,,,,,,,
1033371,2017,2017-05-24,Clontarf Cricket Club Ground,1,5.6,New Zealand,Bangladesh,NT Broom,TWM Latham,Rubel Hossain,0,0,,,,,,,,,
1033371,2017,2017-05-24,Clontarf Cricket Club Ground,1,6.1,New Zealand,Bangladesh,TWM Latham,NT Broom,Nasir Hossain,2,0,,,,,,,,,
1033371,2017,2017-05-24,Clontarf Cricket Club Ground,1,6.2,New Zealand,Bangladesh,TWM Latham,NT Broom,Nasir Hossain,0,0,,,,,,,,,
1033371,2017,2017-05-24,Clontarf Cricket Club Ground,1,6.3,New Zealand,Bangladesh,TWM Latham,NT Broom,Nasir Hossain,0,0,,,,,,,,,
1033371,2017,2017-05-24,Clontarf Cricket Club Ground,1,6.4,New Zealand,Bangladesh,TWM Latham,NT Broom,Nasir Hossain,0,0,,,,,,,,,
1033371,2017,2017-05-24,Clontarf Cricket Club Ground,1,6.5,New Zealand,Bangladesh,TWM Latham,NT Broom,Nasir Hossain,4,0,,,,,,,,,
1033371,2017,2017-05-24,Clontarf Cricket Club Ground,1,6.6,New Zealand,Bangladesh,TWM Latham,NT Broom,Nasir Hossain,4,0,,,,,,,,,
1033371,2017,2017-05-24,Clontarf Cricket Club Ground,1,7.1,New Zealand,Bangladesh,NT Broom,TWM Latham,Mustafizur Rahman,0,0,,,,,,,,,
1033371,2017,2017-05-24,Clontarf Cricket Club Ground,1,7.2,New Zealand,Bangladesh,NT Broom,TWM Latham,Mustafizur Rahman,0,0,,,,,,,,,
1033371,2017,2017-05-24,Clontarf Cricket Club Ground,1,7.3,New Zealand,Bangladesh,NT Broom,TWM Latham,Mustafizur Rahman,0,0,,,,,,,,,
1033371,2017,2017-05-24,Clontarf Cricket Club Ground,1,7.4,New Zealand,Bangladesh,NT Broom,TWM Latham,Mustafizur Rahman,1,0,,,,,,,,,
1033371,2017,2017-05-24,Clontarf Cricket Club Ground,1,7.5,New Zealand,Bangladesh,TWM Latham,NT Broom,Mustafizur Rahman,1,0,,,,,,,,,
1033371,2017,2017-05-24,Clontarf Cricket Club Ground,1,7.6,New Zealand,Bangladesh,NT Broom,TWM Latham,Mustafizur Rahman,1,0,,,,,,,,,
1033371,2017,2017-05-24,Clontarf Cricket Club Ground,1,8.1,New Zealand,Bangladesh,NT Broom,TWM Latham,Shakib Al Hasan,2,0,,,,,,,,,
1033371,2017,2017-05-24,Clontarf Cricket Club Ground,1,8.2,New Zealand,Bangladesh,NT Broom,TWM Latham,Shakib Al Hasan,0,0,,,,,,,,,
1033371,2017,2017-05-24,Clontarf Cricket Club Ground,1,8.3,New Zealand,Bangladesh,NT Broom,TWM Latham,Shakib Al Hasan,1,0,,,,,,,,,
1033371,2017,2017-05-24,Clontarf Cricket Club Ground,1,8.4,New Zealand,Bangladesh,TWM Latham,NT Broom,Shakib Al Hasan,1,0,,,,,,,,,
1033371,2017,2017-05-24,Clontarf Cricket Club Ground,1,8.5,New Zealand,Bangladesh,NT Broom,TWM Latham,Shakib Al Hasan,0,0,,,,,,,,,
1033371,2017,2017-05-24,Clontarf Cricket Club Ground,1,8.6,New Zealand,Bangladesh,NT Broom,TWM Latham,Shakib Al Hasan,1,0,,,,,,,,,
1033371,2017,2017-05-24,Clontarf Cricket Club Ground,1,9.1,New Zealand,Bangladesh,NT Broom,TWM Latham,Mustafizur Rahman,0,0,,,,,,,,,
1033371,2017,2017-05-24,Clontarf Cricket Club Ground,1,9.2,New Zealand,Bangladesh,NT Broom,TWM Latham,Mustafizur Rahman,0,0,,,,,,,,,
1033371,2017,2017-05-24,Clontarf Cricket Club Ground,1,9.3,New Zealand,Bangladesh,NT Broom,TWM Latham,Mustafizur Rahman,4,0,,,,,,,,,
1033371,2017,2017-05-24,Clontarf Cricket Club Ground,1,9.4,New Zealand,Bangladesh,NT Broom,TWM Latham,Mustafizur Rahman,0,0,,,,,,,,,
1033371,2017,2017-05-24,Clontarf Cricket Club Ground,1,9.5,New Zealand,Bangladesh,NT Broom,TWM Latham,Mustafizur Rahman,4,0,,,,,,,,,
1033371,2017,2017-05-24,Clontarf Cricket Club Ground,1,9.6,New Zealand,Bangladesh,NT Broom,TWM Latham,Mustafizur Rahman,0,0,,,,,,,,,
1033371,2017,2017-05-24,Clontarf Cricket Club Ground,1,10.1,New Zealand,Bangladesh,TWM Latham,NT Broom,Shakib Al Hasan,1,0,,,,,,,,,
1033371,2017,2017-05-24,Clontarf Cricket Club Ground,1,10.2,New Zealand,Bangladesh,NT Broom,TWM Latham,Shakib Al Hasan,0,0,,,,,,,,,
1033371,2017,2017-05-24,Clontarf Cricket Club Ground,1,10.3,New Zealand,Bangladesh,NT Broom,TWM Latham,Shakib Al Hasan,1,0,,,,,,,,,
1033371,2017,2017-05-24,Clontarf Cricket Club Ground,1,10.4,New Zealand,Bangladesh,TWM Latham,NT Broom,Shakib Al Hasan,0,0,,,,,,,,,
1033371,2017,2017-05-24,Clontarf Cricket Club Ground,1,10.5,New Zealand,Bangladesh,TWM Latham,NT Broom,Shakib Al Hasan,1,0,,,,,,,,,
1033371,2017,2017-05-24,Clontarf Cricket Club Ground,1,10.6,New Zealand,Bangladesh,NT Broom,TWM Latham,Shakib Al Hasan,1,0,,,,,,,,,
1033371,2017,2017-05-24,Clontarf Cricket Club Ground,1,11.1,New Zealand,Bangladesh,NT Broom,TWM Latham,Rubel Hossain,0,0,,,,,,,,,
1033371,2017,2017-05-24,Clontarf Cricket Club Ground,1,11.2,New Zealand,Bangladesh,NT Broom,TWM Latham,Rubel Hossain,1,0,,,,,,,,,
1033371,2017,2017-05-24,Clontarf Cricket Club Ground,1,11.3,New Zealand,Bangladesh,TWM Latham,NT Broom,Rubel Hossain,0,0,,,,,,,,,
1033371,2017,2017-05-24,Clontarf Cricket Club Ground,1,11.4,New Zealand,Bangladesh,TWM Latham,NT Broom,Rubel Hossain,0,0,,,,,,,,,
1033371,2017,2017-05-24,Clontarf Cricket Club Ground,1,11.5,New Zealand,Bangladesh,TWM Latham,NT Broom,Rubel Hossain,0,0,,,,,,,,,
1033371,2017,2017-05-24,Clontarf Cricket Club Ground,1,11.6,New Zealand,Bangladesh,TWM Latham,NT Broom,Rubel Hossain,0,0,,,,,,,,,
1033371,2017,2017-05-24,Clontarf Cricket Club Ground,1,12.1,New Zealand,Bangladesh,NT Broom,TWM Latham,Shakib Al Hasan,1,0,,,,,,,,,
1033371,2017,2017-05-24,Clontarf Cricket Club Ground,1,12.2,New Zealand,Bangladesh,TWM Latham,NT Broom,Shakib Al Hasan,0,0,,,,,,,,,
1033371,2017,2017-05-24,Clontarf Cricket Club Ground,1,12.3,New Zealand,Bangladesh,TWM Latham,NT Broom,Shakib Al Hasan,4,0,,,,,,,,,
1033371,2017,2017-05-24,Clontarf Cricket Club Ground,1,12.4,New Zealand,Bangladesh,TWM Latham,NT Broom,Shakib Al Hasan,1,0,,,,,,,,,
1033371,2017,2017-05-24,Clontarf Cricket Club Ground,1,12.5,New Zealand,Bangladesh,NT Broom,TWM Latham,Shakib Al Hasan,1,0,,,,,,,,,
1033371,2017,2017-05-24,Clontarf Cricket Club Ground,1,12.6,New Zealand,Bangladesh,TWM Latham,NT Broom,Shakib Al Hasan,1,0,,,,,,,,,
1033371,2017,2017-05-24,Clontarf Cricket Club Ground,1,13.1,New Zealand,Bangladesh,TWM Latham,NT Broom,Rubel Hossain,4,0,,,,,,,,,
1033371,2017,2017-05-24,Clontarf Cricket Club Ground,1,13.2,New Zealand,Bangladesh,TWM Latham,NT Broom,Rubel Hossain,0,0,,,,,,,,,
1033371,2017,2017-05-24,Clontarf Cricket Club Ground,1,13.3,New Zealand,Bangladesh,TWM Latham,NT Broom,Rubel Hossain,1,0,,,,,,,,,
1033371,2017,2017-05-24,Clontarf Cricket Club Ground,1,13.4,New Zealand,Bangladesh,NT Broom,TWM Latham,Rubel Hossain,1,0,,,,,,,,,
1033371,2017,2017-05-24,Clontarf Cricket Club Ground,1,13.5,New Zealand,Bangladesh,TWM Latham,NT Broom,Rubel Hossain,0,0,,,,,,,,,
1033371,2017,2017-05-24,Clontarf Cricket Club Ground,1,13.6,New Zealand,Bangladesh,TWM Latham,NT Broom,Rubel Hossain,1,0,,,,,,,,,
1033371,2017,2017-05-24,Clontarf Cricket Club Ground,1,14.1,New Zealand,Bangladesh,TWM Latham,NT Broom,Mosaddek Hossain,1,0,,,,,,,,,
1033371,2017,2017-05-24,Clontarf Cricket Club Ground,1,14.2,New Zealand,Bangladesh,NT Broom,TWM Latham,Mosaddek Hossain,1,0,,,,,,,,,
1033371,2017,2017-05-24,Clontarf Cricket Club Ground,1,14.3,New Zealand,Bangladesh,TWM Latham,NT Broom,Mosaddek Hossain,1,0,,,,,,,,,
1033371,2017,2017-05-24,Clontarf Cricket Club Ground,1,14.4,New Zealand,Bangladesh,NT Broom,TWM Latham,Mosaddek Hossain,1,0,,,,,,,,,
1033371,2017,2017-05-24,Clontarf Cricket Club Ground,1,14.5,New Zealand,Bangladesh,TWM Latham,NT Broom,Mosaddek Hossain,0,0,,,,,,,,,
1033371,2017,2017-05-24,Clontarf Cricket Club Ground,1,14.6,New Zealand,Bangladesh,TWM Latham,NT Broom,Mosaddek Hossain,1,0,,,,,,,,,
1033371,2017,2017-05-24,Clontarf Cricket Club Ground,1,15.1,New Zealand,Bangladesh,TWM Latham,NT Broom,Rubel Hossain,0,0,,,,,,,,,
1033371,2017,2017-05-24,Clontarf Cricket Club Ground,1,15.2,New Zealand,Bangladesh,TWM Latham,NT Broom,Rubel Hossain,0,0,,,,,,,,,
1033371,2017,2017-05-24,Clontarf Cricket Club Ground,1,15.3,New Zealand,Bangladesh,TWM Latham,NT Broom,Rubel Hossain,0,0,,,,,,,,,
1033371,2017,2017-05-24,Clontarf Cricket Club Ground,1,15.4,New Zealand,Bangladesh,TWM Latham,NT Broom,Rubel Hossain,1,0,,,,,,,,,
1033371,2017,2017-05-24,Clontarf Cricket Club Ground,1,15.5,New Zealand,Bangladesh,NT Broom,TWM Latham,Rubel Hossain,0,0,,,,,,,,,
1033371,2017,2017-05-24,Clontarf Cricket Club Ground,1,15.6,New Zealand,Bangladesh,NT Broom,TWM Latham,Rubel Hossain,1,0,,,,,,,,,
1033371,2017,2017-05-24,Clontarf Cricket Club Ground,1,16.1,New Zealand,Bangladesh,NT Broom,TWM Latham,Mosaddek Hossain,0,0,,,,,,,,,
1033371,2017,2017-05-24,Clontarf Cricket Club Ground,1,16.2,New Zealand,Bangladesh,NT Broom,TWM Latham,Mosaddek Hossain,0,0,,,,,,,,,
1033371,2017,2017-05-24,Clontarf Cricket Club Ground,1,16.3,New Zealand,Bangladesh,NT Broom,TWM Latham,Mosaddek Hossain,0,0,,,,,,,,,
1033371,2017,2017-05-24,Clontarf Cricket Club Ground,1,16.4,New Zealand,Bangladesh,NT Broom,TWM Latham,Mosaddek Hossain,1,0,,,,,,,,,
1033371,2017,2017-05-24,Clontarf Cricket Club Ground,1,16.5,New Zealand,Bangladesh,TWM Latham,NT Broom,Mosaddek Hossain,1,0,,,,,,,,,
1033371,2017,2017-05-24,Clontarf Cricket Club Ground,1,16.6,New Zealand,Bangladesh,NT Broom,TWM Latham,Mosaddek Hossain,0,0,,,,,,,,,
1033371,2017,2017-05-24,Clontarf Cricket Club Ground,1,17.1,New Zealand,Bangladesh,TWM Latham,NT Broom,Rubel Hossain,1,0,,,,,,,,,
1033371,2017,2017-05-24,Clontarf Cricket Club Ground,1,17.2,New Zealand,Bangladesh,NT Broom,TWM Latham,Rubel Hossain,1,0,,,,,,,,,
1033371,2017,2017-05-24,Clontarf Cricket Club Ground,1,17.3,New Zealand,Bangladesh,TWM Latham,NT Broom,Rubel Hossain,0,0,,,,,,,,,
1033371,2017,2017-05-24,Clontarf Cricket Club Ground,1,17.4,New Zealand,Bangladesh,TWM Latham,NT Broom,Rubel Hossain,1,0,,,,,,,,,
1033371,2017,2017-05-24,Clontarf Cricket Club Ground,1,17.5,New Zealand,Bangladesh,NT Broom,TWM Latham,Rubel Hossain,4,0,,,,,,,,,
1033371,2017,2017-05-24,Clontarf Cricket Club Ground,1,17.6,New Zealand,Bangladesh,NT Broom,TWM Latham,Rubel Hossain,0,0,,,,,,,,,
1033371,2017,2017-05-24,Clontarf Cricket Club Ground,1,18.1,New Zealand,Bangladesh,TWM Latham,NT Broom,Mosaddek Hossain,4,0,,,,,,,,,
1033371,2017,2017-05-24,Clontarf Cricket Club Ground,1,18.2,New Zealand,Bangladesh,TWM Latham,NT Broom,Mosaddek Hossain,1,0,,,,,,,,,
1033371,2017,2017-05-24,Clontarf Cricket Club Ground,1,18.3,New Zealand,Bangladesh,NT Broom,TWM Latham,Mosaddek Hossain,0,1,,,,1,,,,,
1033371,2017,2017-05-24,Clontarf Cricket Club Ground,1,18.4,New Zealand,Bangladesh,TWM Latham,NT Broom,Mosaddek Hossain,1,0,,,,,,,,,
1033371,2017,2017-05-24,Clontarf Cricket Club Ground,1,18.5,New Zealand,Bangladesh,NT Broom,TWM Latham,Mosaddek Hossain,1,0,,,,,,,,,
1033371,2017,2017-05-24,Clontarf Cricket Club Ground,1,18.6,New Zealand,Bangladesh,TWM Latham,NT Broom,Mosaddek Hossain,0,0,,,,,,,,,
1033371,2017,2017-05-24,Clontarf Cricket Club Ground,1,19.1,New Zealand,Bangladesh,NT Broom,TWM Latham,Rubel Hossain,0,0,,,,,,,,,
1033371,2017,2017-05-24,Clontarf Cricket Club Ground,1,19.2,New Zealand,Bangladesh,NT Broom,TWM Latham,Rubel Hossain,0,0,,,,,,,,,
1033371,2017,2017-05-24,Clontarf Cricket Club Ground,1,19.3,New Zealand,Bangladesh,NT Broom,TWM Latham,Rubel Hossain,4,0,,,,,,,,,
1033371,2017,2017-05-24,Clontarf Cricket Club Ground,1,19.4,New Zealand,Bangladesh,NT Broom,TWM Latham,Rubel Hossain,4,0,,,,,,,,,
1033371,2017,2017-05-24,Clontarf Cricket Club Ground,1,19.5,New Zealand,Bangladesh,NT Broom,TWM Latham,Rubel Hossain,0,0,,,,,,,,,
1033371,2017,2017-05-24,Clontarf Cricket Club Ground,1,19.6,New Zealand,Bangladesh,NT Broom,TWM Latham,Rubel Hossain,2,0,,,,,,,,,
1033371,2017,2017-05-24,Clontarf Cricket Club Ground,1,20.1,New Zealand,Bangladesh,TWM Latham,NT Broom,Nasir Hossain,0,0,,,,,,,,,
1033371,2017,2017-05-24,Clontarf Cricket Club Ground,1,20.2,New Zealand,Bangladesh,TWM Latham,NT Broom,Nasir Hossain,0,0,,,,,,,,,
1033371,2017,2017-05-24,Clontarf Cricket Club Ground,1,20.3,New Zealand,Bangladesh,TWM Latham,NT Broom,Nasir Hossain,1,0,,,,,,,,,
1033371,2017,2017-05-24,Clontarf Cricket Club Ground,1,20.4,New Zealand,Bangladesh,NT Broom,TWM Latham,Nasir Hossain,0,1,1,,,,,,,,
1033371,2017,2017-05-24,Clontarf Cricket Club Ground,1,20.5,New Zealand,Bangladesh,NT Broom,TWM Latham,Nasir Hossain,0,0,,,,,,,,,
1033371,2017,2017-05-24,Clontarf Cricket Club Ground,1,20.6,New Zealand,Bangladesh,NT Broom,TWM Latham,Nasir Hossain,2,0,,,,,,,,,
1033371,2017,2017-05-24,Clontarf Cricket Club Ground,1,20.7,New Zealand,Bangladesh,NT Broom,TWM Latham,Nasir Hossain,0,0,,,,,,,,,
1033371,2017,2017-05-24,Clontarf Cricket Club Ground,1,21.1,New Zealand,Bangladesh,TWM Latham,NT Broom,Mashrafe Mortaza,0,0,,,,,,,,,
1033371,2017,2017-05-24,Clontarf Cricket Club Ground,1,21.2,New Zealand,Bangladesh,TWM Latham,NT Broom,Mashrafe Mortaza,0,0,,,,,,,,,
1033371,2017,2017-05-24,Clontarf Cricket Club Ground,1,21.3,New Zealand,Bangladesh,TWM Latham,NT Broom,Mashrafe Mortaza,0,1,,,,1,,,,,
1033371,2017,2017-05-24,Clontarf Cricket Club Ground,1,21.4,New Zealand,Bangladesh,NT Broom,TWM Latham,Mashrafe Mortaza,1,0,,,,,,,,,
1033371,2017,2017-05-24,Clontarf Cricket Club Ground,1,21.5,New Zealand,Bangladesh,TWM Latham,NT Broom,Mashrafe Mortaza,0,0,,,,,,,,,
1033371,2017,2017-05-24,Clontarf Cricket Club Ground,1,21.6,New Zealand,Bangladesh,TWM Latham,NT Broom,Mashrafe Mortaza,2,0,,,,,,,,,
1033371,2017,2017-05-24,Clontarf Cricket Club Ground,1,22.1,New Zealand,Bangladesh,NT Broom,TWM Latham,Nasir Hossain,0,0,,,,,,,,,
1033371,2017,2017-05-24,Clontarf Cricket Club Ground,1,22.2,New Zealand,Bangladesh,NT Broom,TWM Latham,Nasir Hossain,0,0,,,,,,,,,
1033371,2017,2017-05-24,Clontarf Cricket Club Ground,1,22.3,New Zealand,Bangladesh,NT Broom,TWM Latham,Nasir Hossain,1,0,,,,,,,,,
1033371,2017,2017-05-24,Clontarf Cricket Club Ground,1,22.4,New Zealand,Bangladesh,TWM Latham,NT Broom,Nasir Hossain,0,0,,,,,,,,,
1033371,2017,2017-05-24,Clontarf Cricket Club Ground,1,22.5,New Zealand,Bangladesh,TWM Latham,NT Broom,Nasir Hossain,1,0,,,,,,,,,
1033371,2017,2017-05-24,Clontarf Cricket Club Ground,1,22.6,New Zealand,Bangladesh,NT Broom,TWM Latham,Nasir Hossain,1,0,,,,,,,,,
1033371,2017,2017-05-24,Clontarf Cricket Club Ground,1,23.1,New Zealand,Bangladesh,NT Broom,TWM Latham,Mashrafe Mortaza,0,0,,,,,,,,,
1033371,2017,2017-05-24,Clontarf Cricket Club Ground,1,23.2,New Zealand,Bangladesh,NT Broom,TWM Latham,Mashrafe Mortaza,0,0,,,,,,,,,
1033371,2017,2017-05-24,Clontarf Cricket Club Ground,1,23.3,New Zealand,Bangladesh,NT Broom,TWM Latham,Mashrafe Mortaza,0,0,,,,,,,,,
1033371,2017,2017-05-24,Clontarf Cricket Club Ground,1,23.4,New Zealand,Bangladesh,NT Broom,TWM Latham,Mashrafe Mortaza,0,0,,,,,,,,,
1033371,2017,2017-05-24,Clontarf Cricket Club Ground,1,23.5,New Zealand,Bangladesh,NT Broom,TWM Latham,Mashrafe Mortaza,1,0,,,,,,,,,
1033371,2017,2017-05-24,Clontarf Cricket Club Ground,1,23.6,New Zealand,Bangladesh,TWM Latham,NT Broom,Mashrafe Mortaza,0,0,,,,,,,,,
1033371,2017,2017-05-24,Clontarf Cricket Club Ground,1,24.1,New Zealand,Bangladesh,NT Broom,TWM Latham,Nasir Hossain,1,0,,,,,,,,,
1033371,2017,2017-05-24,Clontarf Cricket Club Ground,1,24.2,New Zealand,Bangladesh,TWM Latham,NT Broom,Nasir Hossain,3,0,,,,,,,,,
1033371,2017,2017-05-24,Clontarf Cricket Club Ground,1,24.3,New Zealand,Bangladesh,NT Broom,TWM Latham,Nasir Hossain,1,0,,,,,,,,,
1033371,2017,2017-05-24,Clontarf Cricket Club Ground,1,24.4,New Zealand,Bangladesh,TWM Latham,NT Broom,Nasir Hossain,1,0,,,,,,,,,
1033371,2017,2017-05-24,Clontarf Cricket Club Ground,1,24.5,New Zealand,Bangladesh,NT Broom,TWM Latham,Nasir Hossain,1,0,,,,,,,,,
1033371,2017,2017-05-24,Clontarf Cricket Club Ground,1,24.6,New Zealand,Bangladesh,TWM Latham,NT Broom,Nasir Hossain,1,0,,,,,,,,,
1033371,2017,2017-05-24,Clontarf Cricket Club Ground,1,25.1,New Zealand,Bangladesh,TWM Latham,NT Broom,Mashrafe Mortaza,1,0,,,,,,,,,
1033371,2017,2017-05-24,Clontarf Cricket Club Ground,1,25.2,New Zealand,Bangladesh,NT Broom,TWM Latham,Mashrafe Mortaza,1,0,,,,,,,,,
1033371,2017,2017-05-24,Clontarf Cricket Club Ground,1,25.3,New Zealand,Bangladesh,TWM Latham,NT Broom,Mashrafe Mortaza,0,1,,,,1,,,,,
1033371,2017,2017-05-24,Clontarf Cricket Club Ground,1,25.4,New Zealand,Bangladesh,NT Broom,TWM Latham,Mashrafe Mortaza,1,0,,,,,,,,,
1033371,2017,2017-05-24,Clontarf Cricket Club Ground,1,25.5,New Zealand,Bangladesh,TWM Latham,NT Broom,Mashrafe Mortaza,0,0,,,,,,,,,
1033371,2017,2017-05-24,Clontarf Cricket Club Ground,1,25.6,New Zealand,Bangladesh,TWM Latham,NT Broom,Mashrafe Mortaza,4,0,,,,,,,,,
1033371,2017,2017-05-24,Clontarf Cricket Club Ground,1,26.1,New Zealand,Bangladesh,NT Broom,TWM Latham,Nasir Hossain,1,0,,,,,,,,,
1033371,2017,2017-05-24,Clontarf Cricket Club Ground,1,26.2,New Zealand,Bangladesh,TWM Latham,NT Broom,Nasir Hossain,0,0,,,,,,,,,
1033371,2017,2017-05-24,Clontarf Cricket Club Ground,1,26.3,New Zealand,Bangladesh,TWM Latham,NT Broom,Nasir Hossain,1,0,,,,,,,,,
1033371,2017,2017-05-24,Clontarf Cricket Club Ground,1,26.4,New Zealand,Bangladesh,NT Broom,TWM Latham,Nasir Hossain,0,0,,,,,,,,,
1033371,2017,2017-05-24,Clontarf Cricket Club Ground,1,26.5,New Zealand,Bangladesh,NT Broom,TWM Latham,Nasir Hossain,1,0,,,,,,,,,
1033371,2017,2017-05-24,Clontarf Cricket Club Ground,1,26.6,New Zealand,Bangladesh,TWM Latham,NT Broom,Nasir Hossain,0,0,,,,,,,,,
1033371,2017,2017-05-24,Clontarf Cricket Club Ground,1,27.1,New Zealand,Bangladesh,NT Broom,TWM Latham,Mashrafe Mortaza,1,0,,,,,,,,,
1033371,2017,2017-05-24,Clontarf Cricket Club Ground,1,27.2,New Zealand,Bangladesh,TWM Latham,NT Broom,Mashrafe Mortaza,1,0,,,,,,,,,
1033371,2017,2017-05-24,Clontarf Cricket Club Ground,1,27.3,New Zealand,Bangladesh,NT Broom,TWM Latham,Mashrafe Mortaza,4,0,,,,,,,,,
1033371,2017,2017-05-24,Clontarf Cricket Club Ground,1,27.4,New Zealand,Bangladesh,NT Broom,TWM Latham,Mashrafe Mortaza,0,0,,,,,,,,,
1033371,2017,2017-05-24,Clontarf Cricket Club Ground,1,27.5,New Zealand,Bangladesh,NT Broom,TWM Latham,Mashrafe Mortaza,1,0,,,,,,,,,
1033371,2017,2017-05-24,Clontarf Cricket Club Ground,1,27.6,New Zealand,Bangladesh,TWM Latham,NT Broom,Mashrafe Mortaza,4,0,,,,,,,,,
1033371,2017,2017-05-24,Clontarf Cricket Club Ground,1,28.1,New Zealand,Bangladesh,NT Broom,TWM Latham,Nasir Hossain,0,0,,,,,,caught,NT Broom,,
1033371,2017,2017-05-24,Clontarf Cricket Club Ground,1,28.2,New Zealand,Bangladesh,LRPL Taylor,TWM Latham,Nasir Hossain,0,0,,,,,,,,,
1033371,2017,2017-05-24,Clontarf Cricket Club Ground,1,28.3,New Zealand,Bangladesh,LRPL Taylor,TWM Latham,Nasir Hossain,0,0,,,,,,,,,
1033371,2017,2017-05-24,Clontarf Cricket Club Ground,1,28.4,New Zealand,Bangladesh,LRPL Taylor,TWM Latham,Nasir Hossain,1,0,,,,,,,,,
1033371,2017,2017-05-24,Clontarf Cricket Club Ground,1,28.5,New Zealand,Bangladesh,TWM Latham,LRPL Taylor,Nasir Hossain,1,0,,,,,,,,,
1033371,2017,2017-05-24,Clontarf Cricket Club Ground,1,28.6,New Zealand,Bangladesh,LRPL Taylor,TWM Latham,Nasir Hossain,1,0,,,,,,,,,
1033371,2017,2017-05-24,Clontarf Cricket Club Ground,1,29.1,New Zealand,Bangladesh,LRPL Taylor,TWM Latham,Mustafizur Rahman,0,0,,,,,,,,,
1033371,2017,2017-05-24,Clontarf Cricket Club Ground,1,29.2,New Zealand,Bangladesh,LRPL Taylor,TWM Latham,Mustafizur Rahman,1,0,,,,,,,,,
1033371,2017,2017-05-24,Clontarf Cricket Club Ground,1,29.3,New Zealand,Bangladesh,TWM Latham,LRPL Taylor,Mustafizur Rahman,1,0,,,,,,,,,
1033371,2017,2017-05-24,Clontarf Cricket Club Ground,1,29.4,New Zealand,Bangladesh,LRPL Taylor,TWM Latham,Mustafizur Rahman,4,0,,,,,,,,,
1033371,2017,2017-05-24,Clontarf Cricket Club Ground,1,29.5,New Zealand,Bangladesh,LRPL Taylor,TWM Latham,Mustafizur Rahman,1,0,,,,,,,,,
1033371,2017,2017-05-24,Clontarf Cricket Club Ground,1,29.6,New Zealand,Bangladesh,TWM Latham,LRPL Taylor,Mustafizur Rahman,1,0,,,,,,,,,
1033371,2017,2017-05-24,Clontarf Cricket Club Ground,1,30.1,New Zealand,Bangladesh,TWM Latham,LRPL Taylor,Nasir Hossain,0,0,,,,,,bowled,TWM Latham,,
1033371,2017,2017-05-24,Clontarf Cricket Club Ground,1,30.2,New Zealand,Bangladesh,CJ Anderson,LRPL Taylor,Nasir Hossain,0,0,,,,,,,,,
1033371,2017,2017-05-24,Clontarf Cricket Club Ground,1,30.3,New Zealand,Bangladesh,CJ Anderson,LRPL Taylor,Nasir Hossain,0,0,,,,,,,,,
1033371,2017,2017-05-24,Clontarf Cricket Club Ground,1,30.4,New Zealand,Bangladesh,CJ Anderson,LRPL Taylor,Nasir Hossain,0,0,,,,,,,,,
1033371,2017,2017-05-24,Clontarf Cricket Club Ground,1,30.5,New Zealand,Bangladesh,CJ Anderson,LRPL Taylor,Nasir Hossain,4,0,,,,,,,,,
1033371,2017,2017-05-24,Clontarf Cricket Club Ground,1,30.6,New Zealand,Bangladesh,CJ Anderson,LRPL Taylor,Nasir Hossain,0,0,,,,,,,,,
1033371,2017,2017-05-24,Clontarf Cricket Club Ground,1,31.1,New Zealand,Bangladesh,LRPL Taylor,CJ Anderson,Mustafizur Rahman,0,0,,,,,,,,,
1033371,2017,2017-05-24,Clontarf Cricket Club Ground,1,31.2,New Zealand,Bangladesh,LRPL Taylor,CJ Anderson,Mustafizur Rahman,0,0,,,,,,,,,
1033371,2017,2017-05-24,Clontarf Cricket Club Ground,1,31.3,New Zealand,Bangladesh,LRPL Taylor,CJ Anderson,Mustafizur Rahman,1,0,,,,,,,,,
1033371,2017,2017-05-24,Clontarf Cricket Club Ground,1,31.4,New Zealand,Bangladesh,CJ Anderson,LRPL Taylor,Mustafizur Rahman,0,0,,,,,,,,,
1033371,2017,2017-05-24,Clontarf Cricket Club Ground,1,31.5,New Zealand,Bangladesh,CJ Anderson,LRPL Taylor,Mustafizur Rahman,1,0,,,,,,,,,
1033371,2017,2017-05-24,Clontarf Cricket Club Ground,1,31.6,New Zealand,Bangladesh,LRPL Taylor,CJ Anderson,Mustafizur Rahman,0,0,,,,,,,,,
1033371,2017,2017-05-24,Clontarf Cricket Club Ground,1,32.1,New Zealand,Bangladesh,CJ Anderson,LRPL Taylor,Nasir Hossain,0,0,,,,,,,,,
1033371,2017,2017-05-24,Clontarf Cricket Club Ground,1,32.2,New Zealand,Bangladesh,CJ Anderson,LRPL Taylor,Nasir Hossain,1,0,,,,,,,,,
1033371,2017,2017-05-24,Clontarf Cricket Club Ground,1,32.3,New Zealand,Bangladesh,LRPL Taylor,CJ Anderson,Nasir Hossain,1,0,,,,,,,,,
1033371,2017,2017-05-24,Clontarf Cricket Club Ground,1,32.4,New Zealand,Bangladesh,CJ Anderson,LRPL Taylor,Nasir Hossain,1,0,,,,,,,,,
1033371,2017,2017-05-24,Clontarf Cricket Club Ground,1,32.5,New Zealand,Bangladesh,LRPL Taylor,CJ Anderson,Nasir Hossain,1,0,,,,,,,,,
1033371,2017,2017-05-24,Clontarf Cricket Club Ground,1,32.6,New Zealand,Bangladesh,CJ Anderson,LRPL Taylor,Nasir Hossain,1,0,,,,,,,,,
1033371,2017,2017-05-24,Clontarf Cricket Club Ground,1,33.1,New Zealand,Bangladesh,CJ Anderson,LRPL Taylor,Mustafizur Rahman,0,0,,,,,,,,,
1033371,2017,2017-05-24,Clontarf Cricket Club Ground,1,33.2,New Zealand,Bangladesh,CJ Anderson,LRPL Taylor,Mustafizur Rahman,0,2,,,,2,,,,,
1033371,2017,2017-05-24,Clontarf Cricket Club Ground,1,33.3,New Zealand,Bangladesh,CJ Anderson,LRPL Taylor,Mustafizur Rahman,0,0,,,,,,,,,
1033371,2017,2017-05-24,Clontarf Cricket Club Ground,1,33.4,New Zealand,Bangladesh,CJ Anderson,LRPL Taylor,Mustafizur Rahman,1,0,,,,,,,,,
1033371,2017,2017-05-24,Clontarf Cricket Club Ground,1,33.5,New Zealand,Bangladesh,LRPL Taylor,CJ Anderson,Mustafizur Rahman,0,0,,,,,,,,,
1033371,2017,2017-05-24,Clontarf Cricket Club Ground,1,33.6,New Zealand,Bangladesh,LRPL Taylor,CJ Anderson,Mustafizur Rahman,0,0,,,,,,,,,
1033371,2017,2017-05-24,Clontarf Cricket Club Ground,1,34.1,New Zealand,Bangladesh,CJ Anderson,LRPL Taylor,Nasir Hossain,0,0,,,,,,,,,
1033371,2017,2017-05-24,Clontarf Cricket Club Ground,1,34.2,New Zealand,Bangladesh,CJ Anderson,LRPL Taylor,Nasir Hossain,0,0,,,,,,,,,
1033371,2017,2017-05-24,Clontarf Cricket Club Ground,1,34.3,New Zealand,Bangladesh,CJ Anderson,LRPL Taylor,Nasir Hossain,4,0,,,,,,,,,
1033371,2017,2017-05-24,Clontarf Cricket Club Ground,1,34.4,New Zealand,Bangladesh,CJ Anderson,LRPL Taylor,Nasir Hossain,1,0,,,,,,,,,
1033371,2017,2017-05-24,Clontarf Cricket Club Ground,1,34.5,New Zealand,Bangladesh,LRPL Taylor,CJ Anderson,Nasir Hossain,1,0,,,,,,,,,
1033371,2017,2017-05-24,Clontarf Cricket Club Ground,1,34.6,New Zealand,Bangladesh,CJ Anderson,LRPL Taylor,Nasir Hossain,1,0,,,,,,,,,
1033371,2017,2017-05-24,Clontarf Cricket Club Ground,1,35.1,New Zealand,Bangladesh,CJ Anderson,LRPL Taylor,Mustafizur Rahman,0,1,1,,,,,,,,
1033371,2017,2017-05-24,Clontarf Cricket Club Ground,1,35.2,New Zealand,Bangladesh,CJ Anderson,LRPL Taylor,Mustafizur Rahman,4,0,,,,,,,,,
1033371,2017,2017-05-24,Clontarf Cricket Club Ground,1,35.3,New Zealand,Bangladesh,CJ Anderson,LRPL Taylor,Mustafizur Rahman,0,0,,,,,,,,,
1033371,2017,2017-05-24,Clontarf Cricket Club Ground,1,35.4,New Zealand,Bangladesh,CJ Anderson,LRPL Taylor,Mustafizur Rahman,0,0,,,,,,,,,
1033371,2017,2017-05-24,Clontarf Cricket Club Ground,1,35.5,New Zealand,Bangladesh,CJ Anderson,LRPL Taylor,Mustafizur Rahman,1,0,,,,,,,,,
1033371,2017,2017-05-24,Clontarf Cricket Club Ground,1,35.6,New Zealand,Bangladesh,LRPL Taylor,CJ Anderson,Mustafizur Rahman,0,0,,,,,,,,,
1033371,2017,2017-05-24,Clontarf Cricket Club Ground,1,35.7,New Zealand,Bangladesh,LRPL Taylor,CJ Anderson,Mustafizur Rahman,0,0,,,,,,,,,
1033371,2017,2017-05-24,Clontarf Cricket Club Ground,1,36.1,New Zealand,Bangladesh,CJ Anderson,LRPL Taylor,Shakib Al Hasan,0,0,,,,,,,,,
1033371,2017,2017-05-24,Clontarf Cricket Club Ground,1,36.2,New Zealand,Bangladesh,CJ Anderson,LRPL Taylor,Shakib Al Hasan,1,0,,,,,,,,,
1033371,2017,2017-05-24,Clontarf Cricket Club Ground,1,36.3,New Zealand,Bangladesh,LRPL Taylor,CJ Anderson,Shakib Al Hasan,1,0,,,,,,,,,
1033371,2017,2017-05-24,Clontarf Cricket Club Ground,1,36.4,New Zealand,Bangladesh,CJ Anderson,LRPL Taylor,Shakib Al Hasan,0,0,,,,,,,,,
1033371,2017,2017-05-24,Clontarf Cricket Club Ground,1,36.5,New Zealand,Bangladesh,CJ Anderson,LRPL Taylor,Shakib Al Hasan,1,0,,,,,,,,,
1033371,2017,2017-05-24,Clontarf Cricket Club Ground,1,36.6,New Zealand,Bangladesh,LRPL Taylor,CJ Anderson,Shakib Al Hasan,1,0,,,,,,,,,
1033371,2017,2017-05-24,Clontarf Cricket Club Ground,1,37.1,New Zealand,Bangladesh,LRPL Taylor,CJ Anderson,Rubel Hossain,0,0,,,,,,,,,
1033371,2017,2017-05-24,Clontarf Cricket Club Ground,1,37.2,New Zealand,Bangladesh,LRPL Taylor,CJ Anderson,Rubel Hossain,4,0,,,,,,,,,
1033371,2017,2017-05-24,Clontarf Cricket Club Ground,1,37.3,New Zealand,Bangladesh,LRPL Taylor,CJ Anderson,Rubel Hossain,2,0,,,,,,,,,
1033371,2017,2017-05-24,Clontarf Cricket Club Ground,1,37.4,New Zealand,Bangladesh,LRPL Taylor,CJ Anderson,Rubel Hossain,0,0,,,,,,,,,
1033371,2017,2017-05-24,Clontarf Cricket Club Ground,1,37.5,New Zealand,Bangladesh,LRPL Taylor,CJ Anderson,Rubel Hossain,1,0,,,,,,,,,
1033371,2017,2017-05-24,Clontarf Cricket Club Ground,1,37.6,New Zealand,Bangladesh,CJ Anderson,LRPL Taylor,Rubel Hossain,1,0,,,,,,,,,
1033371,2017,2017-05-24,Clontarf Cricket Club Ground,1,38.1,New Zealand,Bangladesh,CJ Anderson,LRPL Taylor,Shakib Al Hasan,0,0,,,,,,,,,
1033371,2017,2017-05-24,Clontarf Cricket Club Ground,1,38.2,New Zealand,Bangladesh,CJ Anderson,LRPL Taylor,Shakib Al Hasan,1,0,,,,,,,,,
1033371,2017,2017-05-24,Clontarf Cricket Club Ground,1,38.3,New Zealand,Bangladesh,LRPL Taylor,CJ Anderson,Shakib Al Hasan,1,0,,,,,,,,,
1033371,2017,2017-05-24,Clontarf Cricket Club Ground,1,38.4,New Zealand,Bangladesh,CJ Anderson,LRPL Taylor,Shakib Al Hasan,0,0,,,,,,caught,CJ Anderson,,
1033371,2017,2017-05-24,Clontarf Cricket Club Ground,1,38.5,New Zealand,Bangladesh,JDS Neesham,LRPL Taylor,Shakib Al Hasan,1,0,,,,,,,,,
1033371,2017,2017-05-24,Clontarf Cricket Club Ground,1,38.6,New Zealand,Bangladesh,LRPL Taylor,JDS Neesham,Shakib Al Hasan,1,0,,,,,,,,,
1033371,2017,2017-05-24,Clontarf Cricket Club Ground,1,39.1,New Zealand,Bangladesh,LRPL Taylor,JDS Neesham,Rubel Hossain,4,0,,,,,,,,,
1033371,2017,2017-05-24,Clontarf Cricket Club Ground,1,39.2,New Zealand,Bangladesh,LRPL Taylor,JDS Neesham,Rubel Hossain,1,0,,,,,,,,,
1033371,2017,2017-05-24,Clontarf Cricket Club Ground,1,39.3,New Zealand,Bangladesh,JDS Neesham,LRPL Taylor,Rubel Hossain,0,0,,,,,,,,,
1033371,2017,2017-05-24,Clontarf Cricket Club Ground,1,39.4,New Zealand,Bangladesh,JDS Neesham,LRPL Taylor,Rubel Hossain,0,0,,,,,,,,,
1033371,2017,2017-05-24,Clontarf Cricket Club Ground,1,39.5,New Zealand,Bangladesh,JDS Neesham,LRPL Taylor,Rubel Hossain,0,1,1,,,,,,,,
1033371,2017,2017-05-24,Clontarf Cricket Club Ground,1,39.6,New Zealand,Bangladesh,JDS Neesham,LRPL Taylor,Rubel Hossain,1,0,,,,,,,,,
1033371,2017,2017-05-24,Clontarf Cricket Club Ground,1,39.7,New Zealand,Bangladesh,LRPL Taylor,JDS Neesham,Rubel Hossain,0,0,,,,,,,,,
1033371,2017,2017-05-24,Clontarf Cricket Club Ground,1,40.1,New Zealand,Bangladesh,JDS Neesham,LRPL Taylor,Shakib Al Hasan,1,0,,,,,,,,,
1033371,2017,2017-05-24,Clontarf Cricket Club Ground,1,40.2,New Zealand,Bangladesh,LRPL Taylor,JDS Neesham,Shakib Al Hasan,1,0,,,,,,,,,
1033371,2017,2017-05-24,Clontarf Cricket Club Ground,1,40.3,New Zealand,Bangladesh,JDS Neesham,LRPL Taylor,Shakib Al Hasan,0,0,,,,,,,,,
1033371,2017,2017-05-24,Clontarf Cricket Club Ground,1,40.4,New Zealand,Bangladesh,JDS Neesham,LRPL Taylor,Shakib Al Hasan,1,0,,,,,,,,,
1033371,2017,2017-05-24,Clontarf Cricket Club Ground,1,40.5,New Zealand,Bangladesh,LRPL Taylor,JDS Neesham,Shakib Al Hasan,1,0,,,,,,,,,
1033371,2017,2017-05-24,Clontarf Cricket Club Ground,1,40.6,New Zealand,Bangladesh,JDS Neesham,LRPL Taylor,Shakib Al Hasan,1,0,,,,,,,,,
1033371,2017,2017-05-24,Clontarf Cricket Club Ground,1,41.1,New Zealand,Bangladesh,JDS Neesham,LRPL Taylor,Mashrafe Mortaza,1,0,,,,,,,,,
1033371,2017,2017-05-24,Clontarf Cricket Club Ground,1,41.2,New Zealand,Bangladesh,LRPL Taylor,JDS Neesham,Mashrafe Mortaza,1,0,,,,,,,,,
1033371,2017,2017-05-24,Clontarf Cricket Club Ground,1,41.3,New Zealand,Bangladesh,JDS Neesham,LRPL Taylor,Mashrafe Mortaza,0,0,,,,,,caught,JDS Neesham,,
1033371,2017,2017-05-24,Clontarf Cricket Club Ground,1,41.4,New Zealand,Bangladesh,MJ Santner,LRPL Taylor,Mashrafe Mortaza,0,0,,,,,,,,,
1033371,2017,2017-05-24,Clontarf Cricket Club Ground,1,41.5,New Zealand,Bangladesh,MJ Santner,LRPL Taylor,Mashrafe Mortaza,0,0,,,,,,,,,
1033371,2017,2017-05-24,Clontarf Cricket Club Ground,1,41.6,New Zealand,Bangladesh,MJ Santner,LRPL Taylor,Mashrafe Mortaza,0,0,,,,,,,,,
1033371,2017,2017-05-24,Clontarf Cricket Club Ground,1,42.1,New Zealand,Bangladesh,LRPL Taylor,MJ Santner,Shakib Al Hasan,1,0,,,,,,,,,
1033371,2017,2017-05-24,Clontarf Cricket Club Ground,1,42.2,New Zealand,Bangladesh,MJ Santner,LRPL Taylor,Shakib Al Hasan,0,0,,,,,,,,,
1033371,2017,2017-05-24,Clontarf Cricket Club Ground,1,42.3,New Zealand,Bangladesh,MJ Santner,LRPL Taylor,Shakib Al Hasan,0,0,,,,,,,,,
1033371,2017,2017-05-24,Clontarf Cricket Club Ground,1,42.4,New Zealand,Bangladesh,MJ Santner,LRPL Taylor,Shakib Al Hasan,0,0,,,,,,bowled,MJ Santner,,
1033371,2017,2017-05-24,Clontarf Cricket Club Ground,1,42.5,New Zealand,Bangladesh,C Munro,LRPL Taylor,Shakib Al Hasan,1,0,,,,,,,,,
1033371,2017,2017-05-24,Clontarf Cricket Club Ground,1,42.6,New Zealand,Bangladesh,LRPL Taylor,C Munro,Shakib Al Hasan,0,0,,,,,,,,,
1033371,2017,2017-05-24,Clontarf Cricket Club Ground,1,43.1,New Zealand,Bangladesh,C Munro,LRPL Taylor,Mashrafe Mortaza,0,0,,,,,,caught,C Munro,,
1033371,2017,2017-05-24,Clontarf Cricket Club Ground,1,43.2,New Zealand,Bangladesh,MJ Henry,LRPL Taylor,Mashrafe Mortaza,0,0,,,,,,,,,
1033371,2017,2017-05-24,Clontarf Cricket Club Ground,1,43.3,New Zealand,Bangladesh,MJ Henry,LRPL Taylor,Mashrafe Mortaza,0,0,,,,,,,,,
1033371,2017,2017-05-24,Clontarf Cricket Club Ground,1,43.4,New Zealand,Bangladesh,MJ Henry,LRPL Taylor,Mashrafe Mortaza,0,0,,,,,,,,,
1033371,2017,2017-05-24,Clontarf Cricket Club Ground,1,43.5,New Zealand,Bangladesh,MJ Henry,LRPL Taylor,Mashrafe Mortaza,1,0,,,,,,,,,
1033371,2017,2017-05-24,Clontarf Cricket Club Ground,1,43.6,New Zealand,Bangladesh,LRPL Taylor,MJ Henry,Mashrafe Mortaza,1,0,,,,,,,,,
1033371,2017,2017-05-24,Clontarf Cricket Club Ground,1,44.1,New Zealand,Bangladesh,LRPL Taylor,MJ Henry,Shakib Al Hasan,1,0,,,,,,,,,
1033371,2017,2017-05-24,Clontarf Cricket Club Ground,1,44.2,New Zealand,Bangladesh,MJ Henry,LRPL Taylor,Shakib Al Hasan,0,0,,,,,,,,,
1033371,2017,2017-05-24,Clontarf Cricket Club Ground,1,44.3,New Zealand,Bangladesh,MJ Henry,LRPL Taylor,Shakib Al Hasan,1,0,,,,,,,,,
1033371,2017,2017-05-24,Clontarf Cricket Club Ground,1,44.4,New Zealand,Bangladesh,LRPL Taylor,MJ Henry,Shakib Al Hasan,4,0,,,,,,,,,
1033371,2017,2017-05-24,Clontarf Cricket Club Ground,1,44.5,New Zealand,Bangladesh,LRPL Taylor,MJ Henry,Shakib Al Hasan,2,0,,,,,,,,,
1033371,2017,2017-05-24,Clontarf Cricket Club Ground,1,44.6,New Zealand,Bangladesh,LRPL Taylor,MJ Henry,Shakib Al Hasan,1,0,,,,,,,,,
1033371,2017,2017-05-24,Clontarf Cricket Club Ground,1,45.1,New Zealand,Bangladesh,LRPL Taylor,MJ Henry,Mashrafe Mortaza,0,0,,,,,,,,,
1033371,2017,2017-05-24,Clontarf Cricket Club Ground,1,45.2,New Zealand,Bangladesh,LRPL Taylor,MJ Henry,Mashrafe Mortaza,0,0,,,,,,,,,
1033371,2017,2017-05-24,Clontarf Cricket Club Ground,1,45.3,New Zealand,Bangladesh,LRPL Taylor,MJ Henry,Mashrafe Mortaza,4,0,,,,,,,,,
1033371,2017,2017-05-24,Clontarf Cricket Club Ground,1,45.4,New Zealand,Bangladesh,LRPL Taylor,MJ Henry,Mashrafe Mortaza,2,0,,,,,,,,,
1033371,2017,2017-05-24,Clontarf Cricket Club Ground,1,45.5,New Zealand,Bangladesh,LRPL Taylor,MJ Henry,Mashrafe Mortaza,4,0,,,,,,,,,
1033371,2017,2017-05-24,Clontarf Cricket Club Ground,1,45.6,New Zealand,Bangladesh,LRPL Taylor,MJ Henry,Mashrafe Mortaza,1,0,,,,,,,,,
1033371,2017,2017-05-24,Clontarf Cricket Club Ground,1,46.1,New Zealand,Bangladesh,LRPL Taylor,MJ Henry,Mustafizur Rahman,1,0,,,,,,,,,
1033371,2017,2017-05-24,Clontarf Cricket Club Ground,1,46.2,New Zealand,Bangladesh,MJ Henry,LRPL Taylor,Mustafizur Rahman,0,0,,,,,,,,,
1033371,2017,2017-05-24,Clontarf Cricket Club Ground,1,46.3,New Zealand,Bangladesh,MJ Henry,LRPL Taylor,Mustafizur Rahman,2,0,,,,,,,,,
1033371,2017,2017-05-24,Clontarf Cricket Club Ground,1,46.4,New Zealand,Bangladesh,MJ Henry,LRPL Taylor,Mustafizur Rahman,0,0,,,,,,,,,
1033371,2017,2017-05-24,Clontarf Cricket Club Ground,1,46.5,New Zealand,Bangladesh,MJ Henry,LRPL Taylor,Mustafizur Rahman,0,0,,,,,,,,,
1033371,2017,2017-05-24,Clontarf Cricket Club Ground,1,46.6,New Zealand,Bangladesh,MJ Henry,LRPL Taylor,Mustafizur Rahman,0,0,,,,,,,,,
1033371,2017,2017-05-24,Clontarf Cricket Club Ground,1,47.1,New Zealand,Bangladesh,LRPL Taylor,MJ Henry,Rubel Hossain,1,0,,,,,,,,,
1033371,2017,2017-05-24,Clontarf Cricket Club Ground,1,47.2,New Zealand,Bangladesh,MJ Henry,LRPL Taylor,Rubel Hossain,0,4,,,,4,,,,,
1033371,2017,2017-05-24,Clontarf Cricket Club Ground,1,47.3,New Zealand,Bangladesh,MJ Henry,LRPL Taylor,Rubel Hossain,1,0,,,,,,,,,
1033371,2017,2017-05-24,Clontarf Cricket Club Ground,1,47.4,New Zealand,Bangladesh,LRPL Taylor,MJ Henry,Rubel Hossain,1,0,,,,,,,,,
1033371,2017,2017-05-24,Clontarf Cricket Club Ground,1,47.5,New Zealand,Bangladesh,MJ Henry,LRPL Taylor,Rubel Hossain,0,0,,,,,,bowled,MJ Henry,,
1033371,2017,2017-05-24,Clontarf Cricket Club Ground,1,47.6,New Zealand,Bangladesh,JS Patel,LRPL Taylor,Rubel Hossain,1,0,,,,,,,,,
1033371,2017,2017-05-24,Clontarf Cricket Club Ground,1,48.1,New Zealand,Bangladesh,JS Patel,LRPL Taylor,Mustafizur Rahman,2,0,,,,,,,,,
1033371,2017,2017-05-24,Clontarf Cricket Club Ground,1,48.2,New Zealand,Bangladesh,JS Patel,LRPL Taylor,Mustafizur Rahman,0,0,,,,,,,,,
1033371,2017,2017-05-24,Clontarf Cricket Club Ground,1,48.3,New Zealand,Bangladesh,JS Patel,LRPL Taylor,Mustafizur Rahman,1,0,,,,,,,,,
1033371,2017,2017-05-24,Clontarf Cricket Club Ground,1,48.4,New Zealand,Bangladesh,LRPL Taylor,JS Patel,Mustafizur Rahman,1,0,,,,,,,,,
1033371,2017,2017-05-24,Clontarf Cricket Club Ground,1,48.5,New Zealand,Bangladesh,JS Patel,LRPL Taylor,Mustafizur Rahman,1,0,,,,,,,,,
1033371,2017,2017-05-24,Clontarf Cricket Club Ground,1,48.6,New Zealand,Bangladesh,LRPL Taylor,JS Patel,Mustafizur Rahman,1,0,,,,,,,,,
1033371,2017,2017-05-24,Clontarf Cricket Club Ground,1,49.1,New Zealand,Bangladesh,LRPL Taylor,JS Patel,Rubel Hossain,0,0,,,,,,,,,
1033371,2017,2017-05-24,Clontarf Cricket Club Ground,1,49.2,New Zealand,Bangladesh,LRPL Taylor,JS Patel,Rubel Hossain,1,0,,,,,,,,,
1033371,2017,2017-05-24,Clontarf Cricket Club Ground,1,49.3,New Zealand,Bangladesh,JS Patel,LRPL Taylor,Rubel Hossain,1,0,,,,,,,,,
1033371,2017,2017-05-24,Clontarf Cricket Club Ground,1,49.4,New Zealand,Bangladesh,LRPL Taylor,JS Patel,Rubel Hossain,1,0,,,,,,,,,
1033371,2017,2017-05-24,Clontarf Cricket Club Ground,1,49.5,New Zealand,Bangladesh,JS Patel,LRPL Taylor,Rubel Hossain,1,0,,,,,,,,,
1033371,2017,2017-05-24,Clontarf Cricket Club Ground,1,49.6,New Zealand,Bangladesh,LRPL Taylor,JS Patel,Rubel Hossain,1,0,,,,,,,,,
1033371,2017,2017-05-24,Clontarf Cricket Club Ground,2,0.1,Bangladesh,New Zealand,Tamim Iqbal,Soumya Sarkar,JS Patel,6,0,,,,,,,,,
1033371,2017,2017-05-24,Clontarf Cricket Club Ground,2,0.2,Bangladesh,New Zealand,Tamim Iqbal,Soumya Sarkar,JS Patel,1,0,,,,,,,,,
1033371,2017,2017-05-24,Clontarf Cricket Club Ground,2,0.3,Bangladesh,New Zealand,Soumya Sarkar,Tamim Iqbal,JS Patel,0,0,,,,,,caught,Soumya Sarkar,,
1033371,2017,2017-05-24,Clontarf Cricket Club Ground,2,0.4,Bangladesh,New Zealand,Sabbir Rahman,Tamim Iqbal,JS Patel,0,0,,,,,,,,,
1033371,2017,2017-05-24,Clontarf Cricket Club Ground,2,0.5,Bangladesh,New Zealand,Sabbir Rahman,Tamim Iqbal,JS Patel,0,0,,,,,,,,,
1033371,2017,2017-05-24,Clontarf Cricket Club Ground,2,0.6,Bangladesh,New Zealand,Sabbir Rahman,Tamim Iqbal,JS Patel,0,0,,,,,,,,,
1033371,2017,2017-05-24,Clontarf Cricket Club Ground,2,1.1,Bangladesh,New Zealand,Tamim Iqbal,Sabbir Rahman,MJ Henry,1,0,,,,,,,,,
1033371,2017,2017-05-24,Clontarf Cricket Club Ground,2,1.2,Bangladesh,New Zealand,Sabbir Rahman,Tamim Iqbal,MJ Henry,0,0,,,,,,,,,
1033371,2017,2017-05-24,Clontarf Cricket Club Ground,2,1.3,Bangladesh,New Zealand,Sabbir Rahman,Tamim Iqbal,MJ Henry,0,0,,,,,,,,,
1033371,2017,2017-05-24,Clontarf Cricket Club Ground,2,1.4,Bangladesh,New Zealand,Sabbir Rahman,Tamim Iqbal,MJ Henry,0,0,,,,,,,,,
1033371,2017,2017-05-24,Clontarf Cricket Club Ground,2,1.5,Bangladesh,New Zealand,Sabbir Rahman,Tamim Iqbal,MJ Henry,0,0,,,,,,,,,
1033371,2017,2017-05-24,Clontarf Cricket Club Ground,2,1.6,Bangladesh,New Zealand,Sabbir Rahman,Tamim Iqbal,MJ Henry,1,0,,,,,,,,,
1033371,2017,2017-05-24,Clontarf Cricket Club Ground,2,2.1,Bangladesh,New Zealand,Sabbir Rahman,Tamim Iqbal,HK Bennett,0,2,,,,2,,,,,
1033371,2017,2017-05-24,Clontarf Cricket Club Ground,2,2.2,Bangladesh,New Zealand,Sabbir Rahman,Tamim Iqbal,HK Bennett,1,0,,,,,,,,,
1033371,2017,2017-05-24,Clontarf Cricket Club Ground,2,2.3,Bangladesh,New Zealand,Tamim Iqbal,Sabbir Rahman,HK Bennett,0,0,,,,,,,,,
1033371,2017,2017-05-24,Clontarf Cricket Club Ground,2,2.4,Bangladesh,New Zealand,Tamim Iqbal,Sabbir Rahman,HK Bennett,1,0,,,,,,,,,
1033371,2017,2017-05-24,Clontarf Cricket Club Ground,2,2.5,Bangladesh,New Zealand,Sabbir Rahman,Tamim Iqbal,HK Bennett,0,0,,,,,,,,,
1033371,2017,2017-05-24,Clontarf Cricket Club Ground,2,2.6,Bangladesh,New Zealand,Sabbir Rahman,Tamim Iqbal,HK Bennett,0,0,,,,,,,,,
1033371,2017,2017-05-24,Clontarf Cricket Club Ground,2,3.1,Bangladesh,New Zealand,Tamim Iqbal,Sabbir Rahman,MJ Henry,0,0,,,,,,,,,
1033371,2017,2017-05-24,Clontarf Cricket Club Ground,2,3.2,Bangladesh,New Zealand,Tamim Iqbal,Sabbir Rahman,MJ Henry,0,0,,,,,,,,,
1033371,2017,2017-05-24,Clontarf Cricket Club Ground,2,3.3,Bangladesh,New Zealand,Tamim Iqbal,Sabbir Rahman,MJ Henry,1,0,,,,,,,,,
1033371,2017,2017-05-24,Clontarf Cricket Club Ground,2,3.4,Bangladesh,New Zealand,Sabbir Rahman,Tamim Iqbal,MJ Henry,0,1,1,,,,,,,,
1033371,2017,2017-05-24,Clontarf Cricket Club Ground,2,3.5,Bangladesh,New Zealand,Sabbir Rahman,Tamim Iqbal,MJ Henry,0,0,,,,,,,,,
1033371,2017,2017-05-24,Clontarf Cricket Club Ground,2,3.6,Bangladesh,New Zealand,Sabbir Rahman,Tamim Iqbal,MJ Henry,0,0,,,,,,,,,
1033371,2017,2017-05-24,Clontarf Cricket Club Ground,2,3.7,Bangladesh,New Zealand,Sabbir Rahman,Tamim Iqbal,MJ Henry,4,0,,,,,,,,,
1033371,2017,2017-05-24,Clontarf Cricket Club Ground,2,4.1,Bangladesh,New Zealand,Tamim Iqbal,Sabbir Rahman,HK Bennett,4,0,,,,,,,,,
1033371,2017,2017-05-24,Clontarf Cricket Club Ground,2,4.2,Bangladesh,New Zealand,Tamim Iqbal,Sabbir Rahman,HK Bennett,0,0,,,,,,,,,
1033371,2017,2017-05-24,Clontarf Cricket Club Ground,2,4.3,Bangladesh,New Zealand,Tamim Iqbal,Sabbir Rahman,HK Bennett,0,0,,,,,,,,,
1033371,2017,2017-05-24,Clontarf Cricket Club Ground,2,4.4,Bangladesh,New Zealand,Tamim Iqbal,Sabbir Rahman,HK Bennett,0,0,,,,,,,,,
1033371,2017,2017-05-24,Clontarf Cricket Club Ground,2,4.5,Bangladesh,New Zealand,Tamim Iqbal,Sabbir Rahman,HK Bennett,0,0,,,,,,,,,
1033371,2017,2017-05-24,Clontarf Cricket Club Ground,2,4.6,Bangladesh,New Zealand,Tamim Iqbal,Sabbir Rahman,HK Bennett,0,0,,,,,,,,,
1033371,2017,2017-05-24,Clontarf Cricket Club Ground,2,5.1,Bangladesh,New Zealand,Sabbir Rahman,Tamim Iqbal,MJ Henry,0,0,,,,,,,,,
1033371,2017,2017-05-24,Clontarf Cricket Club Ground,2,5.2,Bangladesh,New Zealand,Sabbir Rahman,Tamim Iqbal,MJ Henry,4,0,,,,,,,,,
1033371,2017,2017-05-24,Clontarf Cricket Club Ground,2,5.3,Bangladesh,New Zealand,Sabbir Rahman,Tamim Iqbal,MJ Henry,0,0,,,,,,,,,
1033371,2017,2017-05-24,Clontarf Cricket Club Ground,2,5.4,Bangladesh,New Zealand,Sabbir Rahman,Tamim Iqbal,MJ Henry,0,0,,,,,,,,,
1033371,2017,2017-05-24,Clontarf Cricket Club Ground,2,5.5,Bangladesh,New Zealand,Sabbir Rahman,Tamim Iqbal,MJ Henry,0,0,,,,,,,,,
1033371,2017,2017-05-24,Clontarf Cricket Club Ground,2,5.6,Bangladesh,New Zealand,Sabbir Rahman,Tamim Iqbal,MJ Henry,4,0,,,,,,,,,
1033371,2017,2017-05-24,Clontarf Cricket Club Ground,2,6.1,Bangladesh,New Zealand,Tamim Iqbal,Sabbir Rahman,HK Bennett,0,0,,,,,,,,,
1033371,2017,2017-05-24,Clontarf Cricket Club Ground,2,6.2,Bangladesh,New Zealand,Tamim Iqbal,Sabbir Rahman,HK Bennett,0,0,,,,,,,,,
1033371,2017,2017-05-24,Clontarf Cricket Club Ground,2,6.3,Bangladesh,New Zealand,Tamim Iqbal,Sabbir Rahman,HK Bennett,0,0,,,,,,,,,
1033371,2017,2017-05-24,Clontarf Cricket Club Ground,2,6.4,Bangladesh,New Zealand,Tamim Iqbal,Sabbir Rahman,HK Bennett,1,0,,,,,,,,,
1033371,2017,2017-05-24,Clontarf Cricket Club Ground,2,6.5,Bangladesh,New Zealand,Sabbir Rahman,Tamim Iqbal,HK Bennett,0,0,,,,,,,,,
1033371,2017,2017-05-24,Clontarf Cricket Club Ground,2,6.6,Bangladesh,New Zealand,Sabbir Rahman,Tamim Iqbal,HK Bennett,2,0,,,,,,,,,
1033371,2017,2017-05-24,Clontarf Cricket Club Ground,2,7.1,Bangladesh,New Zealand,Tamim Iqbal,Sabbir Rahman,MJ Henry,0,0,,,,,,,,,
1033371,2017,2017-05-24,Clontarf Cricket Club Ground,2,7.2,Bangladesh,New Zealand,Tamim Iqbal,Sabbir Rahman,MJ Henry,0,0,,,,,,,,,
1033371,2017,2017-05-24,Clontarf Cricket Club Ground,2,7.3,Bangladesh,New Zealand,Tamim Iqbal,Sabbir Rahman,MJ Henry,1,0,,,,,,,,,
1033371,2017,2017-05-24,Clontarf Cricket Club Ground,2,7.4,Bangladesh,New Zealand,Sabbir Rahman,Tamim Iqbal,MJ Henry,0,0,,,,,,,,,
1033371,2017,2017-05-24,Clontarf Cricket Club Ground,2,7.5,Bangladesh,New Zealand,Sabbir Rahman,Tamim Iqbal,MJ Henry,0,0,,,,,,,,,
1033371,2017,2017-05-24,Clontarf Cricket Club Ground,2,7.6,Bangladesh,New Zealand,Sabbir Rahman,Tamim Iqbal,MJ Henry,0,0,,,,,,,,,
1033371,2017,2017-05-24,Clontarf Cricket Club Ground,2,8.1,Bangladesh,New Zealand,Tamim Iqbal,Sabbir Rahman,HK Bennett,0,0,,,,,,,,,
1033371,2017,2017-05-24,Clontarf Cricket Club Ground,2,8.2,Bangladesh,New Zealand,Tamim Iqbal,Sabbir Rahman,HK Bennett,0,0,,,,,,,,,
1033371,2017,2017-05-24,Clontarf Cricket Club Ground,2,8.3,Bangladesh,New Zealand,Tamim Iqbal,Sabbir Rahman,HK Bennett,1,0,,,,,,,,,
1033371,2017,2017-05-24,Clontarf Cricket Club Ground,2,8.4,Bangladesh,New Zealand,Sabbir Rahman,Tamim Iqbal,HK Bennett,0,0,,,,,,,,,
1033371,2017,2017-05-24,Clontarf Cricket Club Ground,2,8.5,Bangladesh,New Zealand,Sabbir Rahman,Tamim Iqbal,HK Bennett,4,0,,,,,,,,,
1033371,2017,2017-05-24,Clontarf Cricket Club Ground,2,8.6,Bangladesh,New Zealand,Sabbir Rahman,Tamim Iqbal,HK Bennett,0,0,,,,,,,,,
1033371,2017,2017-05-24,Clontarf Cricket Club Ground,2,9.1,Bangladesh,New Zealand,Tamim Iqbal,Sabbir Rahman,MJ Henry,1,0,,,,,,,,,
1033371,2017,2017-05-24,Clontarf Cricket Club Ground,2,9.2,Bangladesh,New Zealand,Sabbir Rahman,Tamim Iqbal,MJ Henry,0,0,,,,,,,,,
1033371,2017,2017-05-24,Clontarf Cricket Club Ground,2,9.3,Bangladesh,New Zealand,Sabbir Rahman,Tamim Iqbal,MJ Henry,0,0,,,,,,,,,
1033371,2017,2017-05-24,Clontarf Cricket Club Ground,2,9.4,Bangladesh,New Zealand,Sabbir Rahman,Tamim Iqbal,MJ Henry,1,0,,,,,,,,,
1033371,2017,2017-05-24,Clontarf Cricket Club Ground,2,9.5,Bangladesh,New Zealand,Tamim Iqbal,Sabbir Rahman,MJ Henry,4,0,,,,,,,,,
1033371,2017,2017-05-24,Clontarf Cricket Club Ground,2,9.6,Bangladesh,New Zealand,Tamim Iqbal,Sabbir Rahman,MJ Henry,0,0,,,,,,,,,
1033371,2017,2017-05-24,Clontarf Cricket Club Ground,2,10.1,Bangladesh,New Zealand,Sabbir Rahman,Tamim Iqbal,CJ Anderson,0,0,,,,,,,,,
1033371,2017,2017-05-24,Clontarf Cricket Club Ground,2,10.2,Bangladesh,New Zealand,Sabbir Rahman,Tamim Iqbal,CJ Anderson,2,0,,,,,,,,,
1033371,2017,2017-05-24,Clontarf Cricket Club Ground,2,10.3,Bangladesh,New Zealand,Sabbir Rahman,Tamim Iqbal,CJ Anderson,0,0,,,,,,,,,
1033371,2017,2017-05-24,Clontarf Cricket Club Ground,2,10.4,Bangladesh,New Zealand,Sabbir Rahman,Tamim Iqbal,CJ Anderson,1,0,,,,,,,,,
1033371,2017,2017-05-24,Clontarf Cricket Club Ground,2,10.5,Bangladesh,New Zealand,Tamim Iqbal,Sabbir Rahman,CJ Anderson,1,0,,,,,,,,,
1033371,2017,2017-05-24,Clontarf Cricket Club Ground,2,10.6,Bangladesh,New Zealand,Sabbir Rahman,Tamim Iqbal,CJ Anderson,0,1,1,,,,,,,,
1033371,2017,2017-05-24,Clontarf Cricket Club Ground,2,10.7,Bangladesh,New Zealand,Sabbir Rahman,Tamim Iqbal,CJ Anderson,2,0,,,,,,,,,
1033371,2017,2017-05-24,Clontarf Cricket Club Ground,2,11.1,Bangladesh,New Zealand,Tamim Iqbal,Sabbir Rahman,MJ Santner,0,0,,,,,,,,,
1033371,2017,2017-05-24,Clontarf Cricket Club Ground,2,11.2,Bangladesh,New Zealand,Tamim Iqbal,Sabbir Rahman,MJ Santner,1,0,,,,,,,,,
1033371,2017,2017-05-24,Clontarf Cricket Club Ground,2,11.3,Bangladesh,New Zealand,Sabbir Rahman,Tamim Iqbal,MJ Santner,1,0,,,,,,,,,
1033371,2017,2017-05-24,Clontarf Cricket Club Ground,2,11.4,Bangladesh,New Zealand,Tamim Iqbal,Sabbir Rahman,MJ Santner,0,0,,,,,,,,,
1033371,2017,2017-05-24,Clontarf Cricket Club Ground,2,11.5,Bangladesh,New Zealand,Tamim Iqbal,Sabbir Rahman,MJ Santner,1,0,,,,,,,,,
1033371,2017,2017-05-24,Clontarf Cricket Club Ground,2,11.6,Bangladesh,New Zealand,Sabbir Rahman,Tamim Iqbal,MJ Santner,0,0,,,,,,,,,
1033371,2017,2017-05-24,Clontarf Cricket Club Ground,2,12.1,Bangladesh,New Zealand,Tamim Iqbal,Sabbir Rahman,CJ Anderson,1,0,,,,,,,,,
1033371,2017,2017-05-24,Clontarf Cricket Club Ground,2,12.2,Bangladesh,New Zealand,Sabbir Rahman,Tamim Iqbal,CJ Anderson,1,0,,,,,,,,,
1033371,2017,2017-05-24,Clontarf Cricket Club Ground,2,12.3,Bangladesh,New Zealand,Tamim Iqbal,Sabbir Rahman,CJ Anderson,0,1,1,,,,,,,,
1033371,2017,2017-05-24,Clontarf Cricket Club Ground,2,12.4,Bangladesh,New Zealand,Tamim Iqbal,Sabbir Rahman,CJ Anderson,1,0,,,,,,,,,
1033371,2017,2017-05-24,Clontarf Cricket Club Ground,2,12.5,Bangladesh,New Zealand,Sabbir Rahman,Tamim Iqbal,CJ Anderson,4,0,,,,,,,,,
1033371,2017,2017-05-24,Clontarf Cricket Club Ground,2,12.6,Bangladesh,New Zealand,Sabbir Rahman,Tamim Iqbal,CJ Anderson,0,0,,,,,,,,,
1033371,2017,2017-05-24,Clontarf Cricket Club Ground,2,12.7,Bangladesh,New Zealand,Sabbir Rahman,Tamim Iqbal,CJ Anderson,0,0,,,,,,,,,
1033371,2017,2017-05-24,Clontarf Cricket Club Ground,2,13.1,Bangladesh,New Zealand,Tamim Iqbal,Sabbir Rahman,MJ Santner,4,0,,,,,,,,,
1033371,2017,2017-05-24,Clontarf Cricket Club Ground,2,13.2,Bangladesh,New Zealand,Tamim Iqbal,Sabbir Rahman,MJ Santner,0,0,,,,,,,,,
1033371,2017,2017-05-24,Clontarf Cricket Club Ground,2,13.3,Bangladesh,New Zealand,Tamim Iqbal,Sabbir Rahman,MJ Santner,0,0,,,,,,,,,
1033371,2017,2017-05-24,Clontarf Cricket Club Ground,2,13.4,Bangladesh,New Zealand,Tamim Iqbal,Sabbir Rahman,MJ Santner,1,0,,,,,,,,,
1033371,2017,2017-05-24,Clontarf Cricket Club Ground,2,13.5,Bangladesh,New Zealand,Sabbir Rahman,Tamim Iqbal,MJ Santner,1,0,,,,,,,,,
1033371,2017,2017-05-24,Clontarf Cricket Club Ground,2,13.6,Bangladesh,New Zealand,Tamim Iqbal,Sabbir Rahman,MJ Santner,0,0,,,,,,,,,
1033371,2017,2017-05-24,Clontarf Cricket Club Ground,2,14.1,Bangladesh,New Zealand,Sabbir Rahman,Tamim Iqbal,CJ Anderson,1,0,,,,,,,,,
1033371,2017,2017-05-24,Clontarf Cricket Club Ground,2,14.2,Bangladesh,New Zealand,Tamim Iqbal,Sabbir Rahman,CJ Anderson,0,0,,,,,,,,,
1033371,2017,2017-05-24,Clontarf Cricket Club Ground,2,14.3,Bangladesh,New Zealand,Tamim Iqbal,Sabbir Rahman,CJ Anderson,4,0,,,,,,,,,
1033371,2017,2017-05-24,Clontarf Cricket Club Ground,2,14.4,Bangladesh,New Zealand,Tamim Iqbal,Sabbir Rahman,CJ Anderson,0,0,,,,,,,,,
1033371,2017,2017-05-24,Clontarf Cricket Club Ground,2,14.5,Bangladesh,New Zealand,Tamim Iqbal,Sabbir Rahman,CJ Anderson,1,0,,,,,,,,,
1033371,2017,2017-05-24,Clontarf Cricket Club Ground,2,14.6,Bangladesh,New Zealand,Sabbir Rahman,Tamim Iqbal,CJ Anderson,0,0,,,,,,,,,
1033371,2017,2017-05-24,Clontarf Cricket Club Ground,2,15.1,Bangladesh,New Zealand,Tamim Iqbal,Sabbir Rahman,MJ Santner,1,0,,,,,,,,,
1033371,2017,2017-05-24,Clontarf Cricket Club Ground,2,15.2,Bangladesh,New Zealand,Sabbir Rahman,Tamim Iqbal,MJ Santner,0,0,,,,,,,,,
1033371,2017,2017-05-24,Clontarf Cricket Club Ground,2,15.3,Bangladesh,New Zealand,Sabbir Rahman,Tamim Iqbal,MJ Santner,0,0,,,,,,,,,
1033371,2017,2017-05-24,Clontarf Cricket Club Ground,2,15.4,Bangladesh,New Zealand,Sabbir Rahman,Tamim Iqbal,MJ Santner,0,0,,,,,,,,,
1033371,2017,2017-05-24,Clontarf Cricket Club Ground,2,15.5,Bangladesh,New Zealand,Sabbir Rahman,Tamim Iqbal,MJ Santner,0,0,,,,,,,,,
1033371,2017,2017-05-24,Clontarf Cricket Club Ground,2,15.6,Bangladesh,New Zealand,Sabbir Rahman,Tamim Iqbal,MJ Santner,0,0,,,,,,,,,
1033371,2017,2017-05-24,Clontarf Cricket Club Ground,2,16.1,Bangladesh,New Zealand,Tamim Iqbal,Sabbir Rahman,JDS Neesham,0,0,,,,,,,,,
1033371,2017,2017-05-24,Clontarf Cricket Club Ground,2,16.2,Bangladesh,New Zealand,Tamim Iqbal,Sabbir Rahman,JDS Neesham,1,0,,,,,,,,,
1033371,2017,2017-05-24,Clontarf Cricket Club Ground,2,16.3,Bangladesh,New Zealand,Sabbir Rahman,Tamim Iqbal,JDS Neesham,2,0,,,,,,,,,
1033371,2017,2017-05-24,Clontarf Cricket Club Ground,2,16.4,Bangladesh,New Zealand,Sabbir Rahman,Tamim Iqbal,JDS Neesham,2,0,,,,,,,,,
1033371,2017,2017-05-24,Clontarf Cricket Club Ground,2,16.5,Bangladesh,New Zealand,Sabbir Rahman,Tamim Iqbal,JDS Neesham,0,0,,,,,,,,,
1033371,2017,2017-05-24,Clontarf Cricket Club Ground,2,16.6,Bangladesh,New Zealand,Sabbir Rahman,Tamim Iqbal,JDS Neesham,0,0,,,,,,,,,
1033371,2017,2017-05-24,Clontarf Cricket Club Ground,2,17.1,Bangladesh,New Zealand,Tamim Iqbal,Sabbir Rahman,MJ Santner,0,5,5,,,,,,,,
1033371,2017,2017-05-24,Clontarf Cricket Club Ground,2,17.2,Bangladesh,New Zealand,Tamim Iqbal,Sabbir Rahman,MJ Santner,0,0,,,,,,,,,
1033371,2017,2017-05-24,Clontarf Cricket Club Ground,2,17.3,Bangladesh,New Zealand,Tamim Iqbal,Sabbir Rahman,MJ Santner,0,0,,,,,,,,,
1033371,2017,2017-05-24,Clontarf Cricket Club Ground,2,17.4,Bangladesh,New Zealand,Tamim Iqbal,Sabbir Rahman,MJ Santner,1,0,,,,,,,,,
1033371,2017,2017-05-24,Clontarf Cricket Club Ground,2,17.5,Bangladesh,New Zealand,Sabbir Rahman,Tamim Iqbal,MJ Santner,1,0,,,,,,,,,
1033371,2017,2017-05-24,Clontarf Cricket Club Ground,2,17.6,Bangladesh,New Zealand,Tamim Iqbal,Sabbir Rahman,MJ Santner,4,0,,,,,,,,,
1033371,2017,2017-05-24,Clontarf Cricket Club Ground,2,17.7,Bangladesh,New Zealand,Tamim Iqbal,Sabbir Rahman,MJ Santner,1,0,,,,,,,,,
1033371,2017,2017-05-24,Clontarf Cricket Club Ground,2,18.1,Bangladesh,New Zealand,Tamim Iqbal,Sabbir Rahman,JDS Neesham,0,1,1,,,,,,,,
1033371,2017,2017-05-24,Clontarf Cricket Club Ground,2,18.2,Bangladesh,New Zealand,Tamim Iqbal,Sabbir Rahman,JDS Neesham,4,0,,,,,,,,,
1033371,2017,2017-05-24,Clontarf Cricket Club Ground,2,18.3,Bangladesh,New Zealand,Tamim Iqbal,Sabbir Rahman,JDS Neesham,0,0,,,,,,,,,
1033371,2017,2017-05-24,Clontarf Cricket Club Ground,2,18.4,Bangladesh,New Zealand,Tamim Iqbal,Sabbir Rahman,JDS Neesham,1,0,,,,,,,,,
1033371,2017,2017-05-24,Clontarf Cricket Club Ground,2,18.5,Bangladesh,New Zealand,Sabbir Rahman,Tamim Iqbal,JDS Neesham,1,0,,,,,,,,,
1033371,2017,2017-05-24,Clontarf Cricket Club Ground,2,18.6,Bangladesh,New Zealand,Tamim Iqbal,Sabbir Rahman,JDS Neesham,1,0,,,,,,,,,
1033371,2017,2017-05-24,Clontarf Cricket Club Ground,2,18.7,Bangladesh,New Zealand,Sabbir Rahman,Tamim Iqbal,JDS Neesham,0,0,,,,,,,,,
1033371,2017,2017-05-24,Clontarf Cricket Club Ground,2,19.1,Bangladesh,New Zealand,Tamim Iqbal,Sabbir Rahman,JS Patel,0,0,,,,,,,,,
1033371,2017,2017-05-24,Clontarf Cricket Club Ground,2,19.2,Bangladesh,New Zealand,Tamim Iqbal,Sabbir Rahman,JS Patel,0,0,,,,,,,,,
1033371,2017,2017-05-24,Clontarf Cricket Club Ground,2,19.3,Bangladesh,New Zealand,Tamim Iqbal,Sabbir Rahman,JS Patel,2,0,,,,,,,,,
1033371,2017,2017-05-24,Clontarf Cricket Club Ground,2,19.4,Bangladesh,New Zealand,Tamim Iqbal,Sabbir Rahman,JS Patel,0,0,,,,,,,,,
1033371,2017,2017-05-24,Clontarf Cricket Club Ground,2,19.5,Bangladesh,New Zealand,Tamim Iqbal,Sabbir Rahman,JS Patel,1,0,,,,,,,,,
1033371,2017,2017-05-24,Clontarf Cricket Club Ground,2,19.6,Bangladesh,New Zealand,Sabbir Rahman,Tamim Iqbal,JS Patel,2,0,,,,,,,,,
1033371,2017,2017-05-24,Clontarf Cricket Club Ground,2,20.1,Bangladesh,New Zealand,Tamim Iqbal,Sabbir Rahman,JDS Neesham,0,0,,,,,,,,,
1033371,2017,2017-05-24,Clontarf Cricket Club Ground,2,20.2,Bangladesh,New Zealand,Tamim Iqbal,Sabbir Rahman,JDS Neesham,0,0,,,,,,,,,
1033371,2017,2017-05-24,Clontarf Cricket Club Ground,2,20.3,Bangladesh,New Zealand,Tamim Iqbal,Sabbir Rahman,JDS Neesham,0,1,1,,,,,,,,
1033371,2017,2017-05-24,Clontarf Cricket Club Ground,2,20.4,Bangladesh,New Zealand,Tamim Iqbal,Sabbir Rahman,JDS Neesham,0,1,1,,,,,,,,
1033371,2017,2017-05-24,Clontarf Cricket Club Ground,2,20.5,Bangladesh,New Zealand,Tamim Iqbal,Sabbir Rahman,JDS Neesham,1,0,,,,,,,,,
1033371,2017,2017-05-24,Clontarf Cricket Club Ground,2,20.6,Bangladesh,New Zealand,Sabbir Rahman,Tamim Iqbal,JDS Neesham,0,0,,,,,,,,,
1033371,2017,2017-05-24,Clontarf Cricket Club Ground,2,20.7,Bangladesh,New Zealand,Sabbir Rahman,Tamim Iqbal,JDS Neesham,4,0,,,,,,,,,
1033371,2017,2017-05-24,Clontarf Cricket Club Ground,2,20.8,Bangladesh,New Zealand,Sabbir Rahman,Tamim Iqbal,JDS Neesham,0,0,,,,,,,,,
1033371,2017,2017-05-24,Clontarf Cricket Club Ground,2,21.1,Bangladesh,New Zealand,Tamim Iqbal,Sabbir Rahman,JS Patel,2,0,,,,,,,,,
1033371,2017,2017-05-24,Clontarf Cricket Club Ground,2,21.2,Bangladesh,New Zealand,Tamim Iqbal,Sabbir Rahman,JS Patel,1,0,,,,,,,,,
1033371,2017,2017-05-24,Clontarf Cricket Club Ground,2,21.3,Bangladesh,New Zealand,Sabbir Rahman,Tamim Iqbal,JS Patel,0,0,,,,,,,,,
1033371,2017,2017-05-24,Clontarf Cricket Club Ground,2,21.4,Bangladesh,New Zealand,Sabbir Rahman,Tamim Iqbal,JS Patel,4,0,,,,,,,,,
1033371,2017,2017-05-24,Clontarf Cricket Club Ground,2,21.5,Bangladesh,New Zealand,Sabbir Rahman,Tamim Iqbal,JS Patel,4,0,,,,,,,,,
1033371,2017,2017-05-24,Clontarf Cricket Club Ground,2,21.6,Bangladesh,New Zealand,Sabbir Rahman,Tamim Iqbal,JS Patel,1,0,,,,,,,,,
1033371,2017,2017-05-24,Clontarf Cricket Club Ground,2,22.1,Bangladesh,New Zealand,Sabbir Rahman,Tamim Iqbal,HK Bennett,0,0,,,,,,,,,
1033371,2017,2017-05-24,Clontarf Cricket Club Ground,2,22.2,Bangladesh,New Zealand,Sabbir Rahman,Tamim Iqbal,HK Bennett,0,0,,,,,,,,,
1033371,2017,2017-05-24,Clontarf Cricket Club Ground,2,22.3,Bangladesh,New Zealand,Sabbir Rahman,Tamim Iqbal,HK Bennett,0,0,,,,,,,,,
1033371,2017,2017-05-24,Clontarf Cricket Club Ground,2,22.4,Bangladesh,New Zealand,Sabbir Rahman,Tamim Iqbal,HK Bennett,0,0,,,,,,,,,
1033371,2017,2017-05-24,Clontarf Cricket Club Ground,2,22.5,Bangladesh,New Zealand,Sabbir Rahman,Tamim Iqbal,HK Bennett,1,0,,,,,,,,,
1033371,2017,2017-05-24,Clontarf Cricket Club Ground,2,22.6,Bangladesh,New Zealand,Tamim Iqbal,Sabbir Rahman,HK Bennett,1,0,,,,,,,,,
1033371,2017,2017-05-24,Clontarf Cricket Club Ground,2,23.1,Bangladesh,New Zealand,Tamim Iqbal,Sabbir Rahman,JS Patel,0,0,,,,,,,,,
1033371,2017,2017-05-24,Clontarf Cricket Club Ground,2,23.2,Bangladesh,New Zealand,Tamim Iqbal,Sabbir Rahman,JS Patel,2,0,,,,,,,,,
1033371,2017,2017-05-24,Clontarf Cricket Club Ground,2,23.3,Bangladesh,New Zealand,Tamim Iqbal,Sabbir Rahman,JS Patel,0,0,,,,,,,,,
1033371,2017,2017-05-24,Clontarf Cricket Club Ground,2,23.4,Bangladesh,New Zealand,Tamim Iqbal,Sabbir Rahman,JS Patel,0,0,,,,,,,,,
1033371,2017,2017-05-24,Clontarf Cricket Club Ground,2,23.5,Bangladesh,New Zealand,Tamim Iqbal,Sabbir Rahman,JS Patel,0,0,,,,,,,,,
1033371,2017,2017-05-24,Clontarf Cricket Club Ground,2,23.6,Bangladesh,New Zealand,Tamim Iqbal,Sabbir Rahman,JS Patel,0,0,,,,,,,,,
1033371,2017,2017-05-24,Clontarf Cricket Club Ground,2,24.1,Bangladesh,New Zealand,Sabbir Rahman,Tamim Iqbal,HK Bennett,0,0,,,,,,,,,
1033371,2017,2017-05-24,Clontarf Cricket Club Ground,2,24.2,Bangladesh,New Zealand,Sabbir Rahman,Tamim Iqbal,HK Bennett,0,0,,,,,,,,,
1033371,2017,2017-05-24,Clontarf Cricket Club Ground,2,24.3,Bangladesh,New Zealand,Sabbir Rahman,Tamim Iqbal,HK Bennett,1,0,,,,,,,,,
1033371,2017,2017-05-24,Clontarf Cricket Club Ground,2,24.4,Bangladesh,New Zealand,Tamim Iqbal,Sabbir Rahman,HK Bennett,1,0,,,,,,,,,
1033371,2017,2017-05-24,Clontarf Cricket Club Ground,2,24.5,Bangladesh,New Zealand,Sabbir Rahman,Tamim Iqbal,HK Bennett,0,0,,,,,,,,,
1033371,2017,2017-05-24,Clontarf Cricket Club Ground,2,24.6,Bangladesh,New Zealand,Sabbir Rahman,Tamim Iqbal,HK Bennett,0,0,,,,,,,,,
1033371,2017,2017-05-24,Clontarf Cricket Club Ground,2,25.1,Bangladesh,New Zealand,Tamim Iqbal,Sabbir Rahman,JS Patel,1,0,,,,,,,,,
1033371,2017,2017-05-24,Clontarf Cricket Club Ground,2,25.2,Bangladesh,New Zealand,Sabbir Rahman,Tamim Iqbal,JS Patel,1,0,,,,,,,,,
1033371,2017,2017-05-24,Clontarf Cricket Club Ground,2,25.3,Bangladesh,New Zealand,Tamim Iqbal,Sabbir Rahman,JS Patel,1,0,,,,,,,,,
1033371,2017,2017-05-24,Clontarf Cricket Club Ground,2,25.4,Bangladesh,New Zealand,Sabbir Rahman,Tamim Iqbal,JS Patel,1,0,,,,,,,,,
1033371,2017,2017-05-24,Clontarf Cricket Club Ground,2,25.5,Bangladesh,New Zealand,Tamim Iqbal,Sabbir Rahman,JS Patel,0,0,,,,,,,,,
1033371,2017,2017-05-24,Clontarf Cricket Club Ground,2,25.6,Bangladesh,New Zealand,Tamim Iqbal,Sabbir Rahman,JS Patel,0,0,,,,,,,,,
1033371,2017,2017-05-24,Clontarf Cricket Club Ground,2,26.1,Bangladesh,New Zealand,Sabbir Rahman,Tamim Iqbal,MJ Santner,4,0,,,,,,,,,
1033371,2017,2017-05-24,Clontarf Cricket Club Ground,2,26.2,Bangladesh,New Zealand,Sabbir Rahman,Tamim Iqbal,MJ Santner,1,0,,,,,,,,,
1033371,2017,2017-05-24,Clontarf Cricket Club Ground,2,26.3,Bangladesh,New Zealand,Tamim Iqbal,Sabbir Rahman,MJ Santner,1,0,,,,,,,,,
1033371,2017,2017-05-24,Clontarf Cricket Club Ground,2,26.4,Bangladesh,New Zealand,Sabbir Rahman,Tamim Iqbal,MJ Santner,1,0,,,,,,,,,
1033371,2017,2017-05-24,Clontarf Cricket Club Ground,2,26.5,Bangladesh,New Zealand,Tamim Iqbal,Sabbir Rahman,MJ Santner,0,0,,,,,,,,,
1033371,2017,2017-05-24,Clontarf Cricket Club Ground,2,26.6,Bangladesh,New Zealand,Tamim Iqbal,Sabbir Rahman,MJ Santner,0,0,,,,,,caught,Tamim Iqbal,,
1033371,2017,2017-05-24,Clontarf Cricket Club Ground,2,27.1,Bangladesh,New Zealand,Mosaddek Hossain,Sabbir Rahman,JS Patel,0,0,,,,,,,,,
1033371,2017,2017-05-24,Clontarf Cricket Club Ground,2,27.2,Bangladesh,New Zealand,Mosaddek Hossain,Sabbir Rahman,JS Patel,0,0,,,,,,,,,
1033371,2017,2017-05-24,Clontarf Cricket Club Ground,2,27.3,Bangladesh,New Zealand,Mosaddek Hossain,Sabbir Rahman,JS Patel,0,0,,,,,,,,,
1033371,2017,2017-05-24,Clontarf Cricket Club Ground,2,27.4,Bangladesh,New Zealand,Mosaddek Hossain,Sabbir Rahman,JS Patel,0,1,1,,,,,,,,
1033371,2017,2017-05-24,Clontarf Cricket Club Ground,2,27.5,Bangladesh,New Zealand,Mosaddek Hossain,Sabbir Rahman,JS Patel,0,0,,,,,,,,,
1033371,2017,2017-05-24,Clontarf Cricket Club Ground,2,27.6,Bangladesh,New Zealand,Mosaddek Hossain,Sabbir Rahman,JS Patel,0,0,,,,,,,,,
1033371,2017,2017-05-24,Clontarf Cricket Club Ground,2,27.7,Bangladesh,New Zealand,Mosaddek Hossain,Sabbir Rahman,JS Patel,4,0,,,,,,,,,
1033371,2017,2017-05-24,Clontarf Cricket Club Ground,2,28.1,Bangladesh,New Zealand,Sabbir Rahman,Mosaddek Hossain,MJ Santner,0,0,,,,,,,,,
1033371,2017,2017-05-24,Clontarf Cricket Club Ground,2,28.2,Bangladesh,New Zealand,Sabbir Rahman,Mosaddek Hossain,MJ Santner,0,0,,,,,,run out,Sabbir Rahman,,
1033371,2017,2017-05-24,Clontarf Cricket Club Ground,2,28.3,Bangladesh,New Zealand,Mosaddek Hossain,Mushfiqur Rahim,MJ Santner,0,5,5,,,,,,,,
1033371,2017,2017-05-24,Clontarf Cricket Club Ground,2,28.4,Bangladesh,New Zealand,Mosaddek Hossain,Mushfiqur Rahim,MJ Santner,1,0,,,,,,,,,
1033371,2017,2017-05-24,Clontarf Cricket Club Ground,2,28.5,Bangladesh,New Zealand,Mushfiqur Rahim,Mosaddek Hossain,MJ Santner,1,0,,,,,,,,,
1033371,2017,2017-05-24,Clontarf Cricket Club Ground,2,28.6,Bangladesh,New Zealand,Mosaddek Hossain,Mushfiqur Rahim,MJ Santner,0,0,,,,,,,,,
1033371,2017,2017-05-24,Clontarf Cricket Club Ground,2,28.7,Bangladesh,New Zealand,Mosaddek Hossain,Mushfiqur Rahim,MJ Santner,1,0,,,,,,,,,
1033371,2017,2017-05-24,Clontarf Cricket Club Ground,2,29.1,Bangladesh,New Zealand,Mosaddek Hossain,Mushfiqur Rahim,JS Patel,0,0,,,,,,,,,
1033371,2017,2017-05-24,Clontarf Cricket Club Ground,2,29.2,Bangladesh,New Zealand,Mosaddek Hossain,Mushfiqur Rahim,JS Patel,4,0,,,,,,,,,
1033371,2017,2017-05-24,Clontarf Cricket Club Ground,2,29.3,Bangladesh,New Zealand,Mosaddek Hossain,Mushfiqur Rahim,JS Patel,0,0,,,,,,,,,
1033371,2017,2017-05-24,Clontarf Cricket Club Ground,2,29.4,Bangladesh,New Zealand,Mosaddek Hossain,Mushfiqur Rahim,JS Patel,0,0,,,,,,lbw,Mosaddek Hossain,,
1033371,2017,2017-05-24,Clontarf Cricket Club Ground,2,29.5,Bangladesh,New Zealand,Shakib Al Hasan,Mushfiqur Rahim,JS Patel,1,0,,,,,,,,,
1033371,2017,2017-05-24,Clontarf Cricket Club Ground,2,29.6,Bangladesh,New Zealand,Mushfiqur Rahim,Shakib Al Hasan,JS Patel,0,0,,,,,,,,,
1033371,2017,2017-05-24,Clontarf Cricket Club Ground,2,30.1,Bangladesh,New Zealand,Shakib Al Hasan,Mushfiqur Rahim,MJ Henry,0,0,,,,,,,,,
1033371,2017,2017-05-24,Clontarf Cricket Club Ground,2,30.2,Bangladesh,New Zealand,Shakib Al Hasan,Mushfiqur Rahim,MJ Henry,0,0,,,,,,,,,
1033371,2017,2017-05-24,Clontarf Cricket Club Ground,2,30.3,Bangladesh,New Zealand,Shakib Al Hasan,Mushfiqur Rahim,MJ Henry,1,0,,,,,,,,,
1033371,2017,2017-05-24,Clontarf Cricket Club Ground,2,30.4,Bangladesh,New Zealand,Mushfiqur Rahim,Shakib Al Hasan,MJ Henry,0,0,,,,,,,,,
1033371,2017,2017-05-24,Clontarf Cricket Club Ground,2,30.5,Bangladesh,New Zealand,Mushfiqur Rahim,Shakib Al Hasan,MJ Henry,0,0,,,,,,,,,
1033371,2017,2017-05-24,Clontarf Cricket Club Ground,2,30.6,Bangladesh,New Zealand,Mushfiqur Rahim,Shakib Al Hasan,MJ Henry,0,0,,,,,,,,,
1033371,2017,2017-05-24,Clontarf Cricket Club Ground,2,31.1,Bangladesh,New Zealand,Shakib Al Hasan,Mushfiqur Rahim,JS Patel,0,0,,,,,,,,,
1033371,2017,2017-05-24,Clontarf Cricket Club Ground,2,31.2,Bangladesh,New Zealand,Shakib Al Hasan,Mushfiqur Rahim,JS Patel,1,0,,,,,,,,,
1033371,2017,2017-05-24,Clontarf Cricket Club Ground,2,31.3,Bangladesh,New Zealand,Mushfiqur Rahim,Shakib Al Hasan,JS Patel,1,0,,,,,,,,,
1033371,2017,2017-05-24,Clontarf Cricket Club Ground,2,31.4,Bangladesh,New Zealand,Shakib Al Hasan,Mushfiqur Rahim,JS Patel,0,0,,,,,,,,,
1033371,2017,2017-05-24,Clontarf Cricket Club Ground,2,31.5,Bangladesh,New Zealand,Shakib Al Hasan,Mushfiqur Rahim,JS Patel,0,0,,,,,,,,,
1033371,2017,2017-05-24,Clontarf Cricket Club Ground,2,31.6,Bangladesh,New Zealand,Shakib Al Hasan,Mushfiqur Rahim,JS Patel,0,0,,,,,,,,,
1033371,2017,2017-05-24,Clontarf Cricket Club Ground,2,32.1,Bangladesh,New Zealand,Mushfiqur Rahim,Shakib Al Hasan,MJ Henry,0,0,,,,,,,,,
1033371,2017,2017-05-24,Clontarf Cricket Club Ground,2,32.2,Bangladesh,New Zealand,Mushfiqur Rahim,Shakib Al Hasan,MJ Henry,1,0,,,,,,,,,
1033371,2017,2017-05-24,Clontarf Cricket Club Ground,2,32.3,Bangladesh,New Zealand,Shakib Al Hasan,Mushfiqur Rahim,MJ Henry,0,0,,,,,,,,,
1033371,2017,2017-05-24,Clontarf Cricket Club Ground,2,32.4,Bangladesh,New Zealand,Shakib Al Hasan,Mushfiqur Rahim,MJ Henry,0,0,,,,,,,,,
1033371,2017,2017-05-24,Clontarf Cricket Club Ground,2,32.5,Bangladesh,New Zealand,Shakib Al Hasan,Mushfiqur Rahim,MJ Henry,0,0,,,,,,,,,
1033371,2017,2017-05-24,Clontarf Cricket Club Ground,2,32.6,Bangladesh,New Zealand,Shakib Al Hasan,Mushfiqur Rahim,MJ Henry,1,0,,,,,,,,,
1033371,2017,2017-05-24,Clontarf Cricket Club Ground,2,33.1,Bangladesh,New Zealand,Shakib Al Hasan,Mushfiqur Rahim,MJ Santner,0,0,,,,,,,,,
1033371,2017,2017-05-24,Clontarf Cricket Club Ground,2,33.2,Bangladesh,New Zealand,Shakib Al Hasan,Mushfiqur Rahim,MJ Santner,1,0,,,,,,,,,
1033371,2017,2017-05-24,Clontarf Cricket Club Ground,2,33.3,Bangladesh,New Zealand,Mushfiqur Rahim,Shakib Al Hasan,MJ Santner,0,0,,,,,,,,,
1033371,2017,2017-05-24,Clontarf Cricket Club Ground,2,33.4,Bangladesh,New Zealand,Mushfiqur Rahim,Shakib Al Hasan,MJ Santner,1,0,,,,,,,,,
1033371,2017,2017-05-24,Clontarf Cricket Club Ground,2,33.5,Bangladesh,New Zealand,Shakib Al Hasan,Mushfiqur Rahim,MJ Santner,1,0,,,,,,,,,
1033371,2017,2017-05-24,Clontarf Cricket Club Ground,2,33.6,Bangladesh,New Zealand,Mushfiqur Rahim,Shakib Al Hasan,MJ Santner,1,0,,,,,,,,,
1033371,2017,2017-05-24,Clontarf Cricket Club Ground,2,34.1,Bangladesh,New Zealand,Mushfiqur Rahim,Shakib Al Hasan,MJ Henry,6,0,,,,,,,,,
1033371,2017,2017-05-24,Clontarf Cricket Club Ground,2,34.2,Bangladesh,New Zealand,Mushfiqur Rahim,Shakib Al Hasan,MJ Henry,0,0,,,,,,,,,
1033371,2017,2017-05-24,Clontarf Cricket Club Ground,2,34.3,Bangladesh,New Zealand,Mushfiqur Rahim,Shakib Al Hasan,MJ Henry,0,0,,,,,,,,,
1033371,2017,2017-05-24,Clontarf Cricket Club Ground,2,34.4,Bangladesh,New Zealand,Mushfiqur Rahim,Shakib Al Hasan,MJ Henry,1,0,,,,,,,,,
1033371,2017,2017-05-24,Clontarf Cricket Club Ground,2,34.5,Bangladesh,New Zealand,Shakib Al Hasan,Mushfiqur Rahim,MJ Henry,4,0,,,,,,,,,
1033371,2017,2017-05-24,Clontarf Cricket Club Ground,2,34.6,Bangladesh,New Zealand,Shakib Al Hasan,Mushfiqur Rahim,MJ Henry,1,0,,,,,,,,,
1033371,2017,2017-05-24,Clontarf Cricket Club Ground,2,35.1,Bangladesh,New Zealand,Shakib Al Hasan,Mushfiqur Rahim,MJ Santner,1,0,,,,,,,,,
1033371,2017,2017-05-24,Clontarf Cricket Club Ground,2,35.2,Bangladesh,New Zealand,Mushfiqur Rahim,Shakib Al Hasan,MJ Santner,1,0,,,,,,,,,
1033371,2017,2017-05-24,Clontarf Cricket Club Ground,2,35.3,Bangladesh,New Zealand,Shakib Al Hasan,Mushfiqur Rahim,MJ Santner,0,0,,,,,,,,,
1033371,2017,2017-05-24,Clontarf Cricket Club Ground,2,35.4,Bangladesh,New Zealand,Shakib Al Hasan,Mushfiqur Rahim,MJ Santner,0,0,,,,,,,,,
1033371,2017,2017-05-24,Clontarf Cricket Club Ground,2,35.5,Bangladesh,New Zealand,Shakib Al Hasan,Mushfiqur Rahim,MJ Santner,0,0,,,,,,,,,
1033371,2017,2017-05-24,Clontarf Cricket Club Ground,2,35.6,Bangladesh,New Zealand,Shakib Al Hasan,Mushfiqur Rahim,MJ Santner,0,0,,,,,,,,,
1033371,2017,2017-05-24,Clontarf Cricket Club Ground,2,36.1,Bangladesh,New Zealand,Mushfiqur Rahim,Shakib Al Hasan,JDS Neesham,1,0,,,,,,,,,
1033371,2017,2017-05-24,Clontarf Cricket Club Ground,2,36.2,Bangladesh,New Zealand,Shakib Al Hasan,Mushfiqur Rahim,JDS Neesham,0,0,,,,,,,,,
1033371,2017,2017-05-24,Clontarf Cricket Club Ground,2,36.3,Bangladesh,New Zealand,Shakib Al Hasan,Mushfiqur Rahim,JDS Neesham,1,0,,,,,,,,,
1033371,2017,2017-05-24,Clontarf Cricket Club Ground,2,36.4,Bangladesh,New Zealand,Mushfiqur Rahim,Shakib Al Hasan,JDS Neesham,1,0,,,,,,,,,
1033371,2017,2017-05-24,Clontarf Cricket Club Ground,2,36.5,Bangladesh,New Zealand,Shakib Al Hasan,Mushfiqur Rahim,JDS Neesham,1,0,,,,,,,,,
1033371,2017,2017-05-24,Clontarf Cricket Club Ground,2,36.6,Bangladesh,New Zealand,Mushfiqur Rahim,Shakib Al Hasan,JDS Neesham,4,0,,,,,,,,,
1033371,2017,2017-05-24,Clontarf Cricket Club Ground,2,37.1,Bangladesh,New Zealand,Shakib Al Hasan,Mushfiqur Rahim,JS Patel,1,0,,,,,,,,,
1033371,2017,2017-05-24,Clontarf Cricket Club Ground,2,37.2,Bangladesh,New Zealand,Mushfiqur Rahim,Shakib Al Hasan,JS Patel,1,0,,,,,,,,,
1033371,2017,2017-05-24,Clontarf Cricket Club Ground,2,37.3,Bangladesh,New Zealand,Shakib Al Hasan,Mushfiqur Rahim,JS Patel,4,0,,,,,,,,,
1033371,2017,2017-05-24,Clontarf Cricket Club Ground,2,37.4,Bangladesh,New Zealand,Shakib Al Hasan,Mushfiqur Rahim,JS Patel,0,0,,,,,,,,,
1033371,2017,2017-05-24,Clontarf Cricket Club Ground,2,37.5,Bangladesh,New Zealand,Shakib Al Hasan,Mushfiqur Rahim,JS Patel,0,0,,,,,,,,,
1033371,2017,2017-05-24,Clontarf Cricket Club Ground,2,37.6,Bangladesh,New Zealand,Shakib Al Hasan,Mushfiqur Rahim,JS Patel,0,0,,,,,,,,,
1033371,2017,2017-05-24,Clontarf Cricket Club Ground,2,38.1,Bangladesh,New Zealand,Mushfiqur Rahim,Shakib Al Hasan,HK Bennett,1,0,,,,,,,,,
1033371,2017,2017-05-24,Clontarf Cricket Club Ground,2,38.2,Bangladesh,New Zealand,Shakib Al Hasan,Mushfiqur Rahim,HK Bennett,0,0,,,,,,caught,Shakib Al Hasan,,
1033371,2017,2017-05-24,Clontarf Cricket Club Ground,2,38.3,Bangladesh,New Zealand,Mahmudullah,Mushfiqur Rahim,HK Bennett,0,1,1,,,,,,,,
1033371,2017,2017-05-24,Clontarf Cricket Club Ground,2,38.4,Bangladesh,New Zealand,Mahmudullah,Mushfiqur Rahim,HK Bennett,0,0,,,,,,,,,
1033371,2017,2017-05-24,Clontarf Cricket Club Ground,2,38.5,Bangladesh,New Zealand,Mahmudullah,Mushfiqur Rahim,HK Bennett,0,0,,,,,,,,,
1033371,2017,2017-05-24,Clontarf Cricket Club Ground,2,38.6,Bangladesh,New Zealand,Mahmudullah,Mushfiqur Rahim,HK Bennett,0,0,,,,,,,,,
1033371,2017,2017-05-24,Clontarf Cricket Club Ground,2,38.7,Bangladesh,New Zealand,Mahmudullah,Mushfiqur Rahim,HK Bennett,0,0,,,,,,,,,
1033371,2017,2017-05-24,Clontarf Cricket Club Ground,2,39.1,Bangladesh,New Zealand,Mushfiqur Rahim,Mahmudullah,MJ Santner,0,0,,,,,,,,,
1033371,2017,2017-05-24,Clontarf Cricket Club Ground,2,39.2,Bangladesh,New Zealand,Mushfiqur Rahim,Mahmudullah,MJ Santner,1,0,,,,,,,,,
1033371,2017,2017-05-24,Clontarf Cricket Club Ground,2,39.3,Bangladesh,New Zealand,Mahmudullah,Mushfiqur Rahim,MJ Santner,0,0,,,,,,,,,
1033371,2017,2017-05-24,Clontarf Cricket Club Ground,2,39.4,Bangladesh,New Zealand,Mahmudullah,Mushfiqur Rahim,MJ Santner,0,0,,,,,,,,,
1033371,2017,2017-05-24,Clontarf Cricket Club Ground,2,39.5,Bangladesh,New Zealand,Mahmudullah,Mushfiqur Rahim,MJ Santner,1,0,,,,,,,,,
1033371,2017,2017-05-24,Clontarf Cricket Club Ground,2,39.6,Bangladesh,New Zealand,Mushfiqur Rahim,Mahmudullah,MJ Santner,0,0,,,,,,,,,
1033371,2017,2017-05-24,Clontarf Cricket Club Ground,2,40.1,Bangladesh,New Zealand,Mahmudullah,Mushfiqur Rahim,CJ Anderson,0,0,,,,,,,,,
1033371,2017,2017-05-24,Clontarf Cricket Club Ground,2,40.2,Bangladesh,New Zealand,Mahmudullah,Mushfiqur Rahim,CJ Anderson,1,0,,,,,,,,,
1033371,2017,2017-05-24,Clontarf Cricket Club Ground,2,40.3,Bangladesh,New Zealand,Mushfiqur Rahim,Mahmudullah,CJ Anderson,0,0,,,,,,,,,
1033371,2017,2017-05-24,Clontarf Cricket Club Ground,2,40.4,Bangladesh,New Zealand,Mushfiqur Rahim,Mahmudullah,CJ Anderson,0,0,,,,,,,,,
1033371,2017,2017-05-24,Clontarf Cricket Club Ground,2,40.5,Bangladesh,New Zealand,Mushfiqur Rahim,Mahmudullah,CJ Anderson,4,0,,,,,,,,,
1033371,2017,2017-05-24,Clontarf Cricket Club Ground,2,40.6,Bangladesh,New Zealand,Mushfiqur Rahim,Mahmudullah,CJ Anderson,1,0,,,,,,,,,
1033371,2017,2017-05-24,Clontarf Cricket Club Ground,2,41.1,Bangladesh,New Zealand,Mushfiqur Rahim,Mahmudullah,JS Patel,4,0,,,,,,,,,
1033371,2017,2017-05-24,Clontarf Cricket Club Ground,2,41.2,Bangladesh,New Zealand,Mushfiqur Rahim,Mahmudullah,JS Patel,1,0,,,,,,,,,
1033371,2017,2017-05-24,Clontarf Cricket Club Ground,2,41.3,Bangladesh,New Zealand,Mahmudullah,Mushfiqur Rahim,JS Patel,1,0,,,,,,,,,
1033371,2017,2017-05-24,Clontarf Cricket Club Ground,2,41.4,Bangladesh,New Zealand,Mushfiqur Rahim,Mahmudullah,JS Patel,0,0,,,,,,,,,
1033371,2017,2017-05-24,Clontarf Cricket Club Ground,2,41.5,Bangladesh,New Zealand,Mushfiqur Rahim,Mahmudullah,JS Patel,1,0,,,,,,,,,
1033371,2017,2017-05-24,Clontarf Cricket Club Ground,2,41.6,Bangladesh,New Zealand,Mahmudullah,Mushfiqur Rahim,JS Patel,0,0,,,,,,,,,
1033371,2017,2017-05-24,Clontarf Cricket Club Ground,2,42.1,Bangladesh,New Zealand,Mushfiqur Rahim,Mahmudullah,CJ Anderson,1,0,,,,,,,,,
1033371,2017,2017-05-24,Clontarf Cricket Club Ground,2,42.2,Bangladesh,New Zealand,Mahmudullah,Mushfiqur Rahim,CJ Anderson,1,0,,,,,,,,,
1033371,2017,2017-05-24,Clontarf Cricket Club Ground,2,42.3,Bangladesh,New Zealand,Mushfiqur Rahim,Mahmudullah,CJ Anderson,1,0,,,,,,,,,
1033371,2017,2017-05-24,Clontarf Cricket Club Ground,2,42.4,Bangladesh,New Zealand,Mahmudullah,Mushfiqur Rahim,CJ Anderson,4,0,,,,,,,,,
1033371,2017,2017-05-24,Clontarf Cricket Club Ground,2,42.5,Bangladesh,New Zealand,Mahmudullah,Mushfiqur Rahim,CJ Anderson,2,0,,,,,,,,,
1033371,2017,2017-05-24,Clontarf Cricket Club Ground,2,42.6,Bangladesh,New Zealand,Mahmudullah,Mushfiqur Rahim,CJ Anderson,1,0,,,,,,,,,
1033371,2017,2017-05-24,Clontarf Cricket Club Ground,2,43.1,Bangladesh,New Zealand,Mahmudullah,Mushfiqur Rahim,MJ Santner,4,0,,,,,,,,,
1033371,2017,2017-05-24,Clontarf Cricket Club Ground,2,43.2,Bangladesh,New Zealand,Mahmudullah,Mushfiqur Rahim,MJ Santner,0,0,,,,,,,,,
1033371,2017,2017-05-24,Clontarf Cricket Club Ground,2,43.3,Bangladesh,New Zealand,Mahmudullah,Mushfiqur Rahim,MJ Santner,1,0,,,,,,,,,
1033371,2017,2017-05-24,Clontarf Cricket Club Ground,2,43.4,Bangladesh,New Zealand,Mushfiqur Rahim,Mahmudullah,MJ Santner,1,0,,,,,,,,,
1033371,2017,2017-05-24,Clontarf Cricket Club Ground,2,43.5,Bangladesh,New Zealand,Mahmudullah,Mushfiqur Rahim,MJ Santner,1,0,,,,,,,,,
1033371,2017,2017-05-24,Clontarf Cricket Club Ground,2,43.6,Bangladesh,New Zealand,Mushfiqur Rahim,Mahmudullah,MJ Santner,1,0,,,,,,,,,
1033371,2017,2017-05-24,Clontarf Cricket Club Ground,2,44.1,Bangladesh,New Zealand,Mushfiqur Rahim,Mahmudullah,HK Bennett,1,0,,,,,,,,,
1033371,2017,2017-05-24,Clontarf Cricket Club Ground,2,44.2,Bangladesh,New Zealand,Mahmudullah,Mushfiqur Rahim,HK Bennett,1,0,,,,,,,,,
1033371,2017,2017-05-24,Clontarf Cricket Club Ground,2,44.3,Bangladesh,New Zealand,Mushfiqur Rahim,Mahmudullah,HK Bennett,1,0,,,,,,,,,
1033371,2017,2017-05-24,Clontarf Cricket Club Ground,2,44.4,Bangladesh,New Zealand,Mahmudullah,Mushfiqur Rahim,HK Bennett,0,1,1,,,,,,,,
1033371,2017,2017-05-24,Clontarf Cricket Club Ground,2,44.5,Bangladesh,New Zealand,Mahmudullah,Mushfiqur Rahim,HK Bennett,4,0,,,,,,,,,
1033371,2017,2017-05-24,Clontarf Cricket Club Ground,2,44.6,Bangladesh,New Zealand,Mahmudullah,Mushfiqur Rahim,HK Bennett,0,0,,,,,,,,,
1033371,2017,2017-05-24,Clontarf Cricket Club Ground,2,44.7,Bangladesh,New Zealand,Mahmudullah,Mushfiqur Rahim,HK Bennett,2,0,,,,,,,,,
1033371,2017,2017-05-24,Clontarf Cricket Club Ground,2,45.1,Bangladesh,New Zealand,Mushfiqur Rahim,Mahmudullah,MJ Henry,1,0,,,,,,,,,
1033371,2017,2017-05-24,Clontarf Cricket Club Ground,2,45.2,Bangladesh,New Zealand,Mahmudullah,Mushfiqur Rahim,MJ Henry,4,0,,,,,,,,,
1033371,2017,2017-05-24,Clontarf Cricket Club Ground,2,45.3,Bangladesh,New Zealand,Mahmudullah,Mushfiqur Rahim,MJ Henry,0,0,,,,,,,,,
1033371,2017,2017-05-24,Clontarf Cricket Club Ground,2,45.4,Bangladesh,New Zealand,Mahmudullah,Mushfiqur Rahim,MJ Henry,0,0,,,,,,,,,
1033371,2017,2017-05-24,Clontarf Cricket Club Ground,2,45.5,Bangladesh,New Zealand,Mahmudullah,Mushfiqur Rahim,MJ Henry,0,0,,,,,,,,,
1033371,2017,2017-05-24,Clontarf Cricket Club Ground,2,45.6,Bangladesh,New Zealand,Mahmudullah,Mushfiqur Rahim,MJ Henry,1,0,,,,,,,,,
1033371,2017,2017-05-24,Clontarf Cricket Club Ground,2,46.1,Bangladesh,New Zealand,Mahmudullah,Mushfiqur Rahim,HK Bennett,0,0,,,,,,,,,
1033371,2017,2017-05-24,Clontarf Cricket Club Ground,2,46.2,Bangladesh,New Zealand,Mahmudullah,Mushfiqur Rahim,HK Bennett,4,0,,,,,,,,,
1033371,2017,2017-05-24,Clontarf Cricket Club Ground,2,46.3,Bangladesh,New Zealand,Mahmudullah,Mushfiqur Rahim,HK Bennett,1,0,,,,,,,,,
1033371,2017,2017-05-24,Clontarf Cricket Club Ground,2,46.4,Bangladesh,New Zealand,Mushfiqur Rahim,Mahmudullah,HK Bennett,1,0,,,,,,,,,
1033371,2017,2017-05-24,Clontarf Cricket Club Ground,2,46.5,Bangladesh,New Zealand,Mahmudullah,Mushfiqur Rahim,HK Bennett,6,0,,,,,,,,,
1033371,2017,2017-05-24,Clontarf Cricket Club Ground,2,46.6,Bangladesh,New Zealand,Mahmudullah,Mushfiqur Rahim,HK Bennett,0,0,,,,,,,,,
1033371,2017,2017-05-24,Clontarf Cricket Club Ground,2,47.1,Bangladesh,New Zealand,Mushfiqur Rahim,Mahmudullah,MJ Henry,0,0,,,,,,,,,
1033371,2017,2017-05-24,Clontarf Cricket Club Ground,2,47.2,Bangladesh,New Zealand,Mushfiqur Rahim,Mahmudullah,MJ Henry,1,0,,,,,,,,,
1033371,2017,2017-05-24,Clontarf Cricket Club Ground,2,47.3,Bangladesh,New Zealand,Mahmudullah,Mushfiqur Rahim,MJ Henry,1,0,,,,,,,,,
1033371,2017,2017-05-24,Clontarf Cricket Club Ground,2,47.4,Bangladesh,New Zealand,Mushfiqur Rahim,Mahmudullah,MJ Henry,1,0,,,,,,,,,
1033371,2017,2017-05-24,Clontarf Cricket Club Ground,2,47.5,Bangladesh,New Zealand,Mahmudullah,Mushfiqur Rahim,MJ Henry,1,0,,,,,,,,,
1033371,2017,2017-05-24,Clontarf Cricket Club Ground,2,47.6,Bangladesh,New Zealand,Mushfiqur Rahim,Mahmudullah,MJ Henry,1,0,,,,,,,,,
1033371,2017,2017-05-24,Clontarf Cricket Club Ground,2,48.1,Bangladesh,New Zealand,Mushfiqur Rahim,Mahmudullah,HK Bennett,1,0,,,,,,,,,
1033371,2017,2017-05-24,Clontarf Cricket Club Ground,2,48.2,Bangladesh,New Zealand,Mahmudullah,Mushfiqur Rahim,HK Bennett,4,0,,,,,,,,,
