match_id,season,start_date,venue,innings,ball,batting_team,bowling_team,striker,non_striker,bowler,runs_off_bat,extras,wides,noballs,byes,legbyes,penalty,wicket_type,player_dismissed,other_wicket_type,other_player_dismissed
1034827,2016/17,2017-01-29,"Vidarbha Cricket Association Stadium, Jamtha",1,0.1,India,England,V Kohli,KL Rahul,LA Dawson,1,0,,,,,,,,,
1034827,2016/17,2017-01-29,"Vidarbha Cricket Association Stadium, Jamtha",1,0.2,India,England,KL Rahul,V Kohli,LA Dawson,2,0,,,,,,,,,
1034827,2016/17,2017-01-29,"Vidarbha Cricket Association Stadium, Jamtha",1,0.3,India,England,KL Rahul,V Kohli,LA Dawson,0,0,,,,,,,,,
1034827,2016/17,2017-01-29,"Vidarbha Cricket Association Stadium, Jamtha",1,0.4,India,England,KL Rahul,V Kohli,LA Dawson,0,0,,,,,,,,,
1034827,2016/17,2017-01-29,"Vidarbha Cricket Association Stadium, Jamtha",1,0.5,India,England,KL Rahul,V Kohli,LA Dawson,1,0,,,,,,,,,
1034827,2016/17,2017-01-29,"Vidarbha Cricket Association Stadium, Jamtha",1,0.6,India,England,V Kohli,KL Rahul,LA Dawson,1,0,,,,,,,,,
1034827,2016/17,2017-01-29,"Vidarbha Cricket Association Stadium, Jamtha",1,1.1,India,England,V Kohli,KL Rahul,TS Mills,0,0,,,,,,,,,
1034827,2016/17,2017-01-29,"Vidarbha Cricket Association Stadium, Jamtha",1,1.2,India,England,V Kohli,KL Rahul,TS Mills,0,0,,,,,,,,,
1034827,2016/17,2017-01-29,"Vidarbha Cricket Association Stadium, Jamtha",1,1.3,India,England,V Kohli,KL Rahul,TS Mills,4,0,,,,,,,,,
1034827,2016/17,2017-01-29,"Vidarbha Cricket Association Stadium, Jamtha",1,1.4,India,England,V Kohli,KL Rahul,TS Mills,1,0,,,,,,,,,
1034827,2016/17,2017-01-29,"Vidarbha Cricket Association Stadium, Jamtha",1,1.5,India,England,KL Rahul,V Kohli,TS Mills,0,0,,,,,,,,,
1034827,2016/17,2017-01-29,"Vidarbha Cricket Association Stadium, Jamtha",1,1.6,India,England,KL Rahul,V Kohli,TS Mills,0,0,,,,,,,,,
1034827,2016/17,2017-01-29,"Vidarbha Cricket Association Stadium, Jamtha",1,2.1,India,England,V Kohli,KL Rahul,CJ Jordan,0,0,,,,,,,,,
1034827,2016/17,2017-01-29,"Vidarbha Cricket Association Stadium, Jamtha",1,2.2,India,England,V Kohli,KL Rahul,CJ Jordan,0,0,,,,,,,,,
1034827,2016/17,2017-01-29,"Vidarbha Cricket Association Stadium, Jamtha",1,2.3,India,England,V Kohli,KL Rahul,CJ Jordan,1,0,,,,,,,,,
1034827,2016/17,2017-01-29,"Vidarbha Cricket Association Stadium, Jamtha",1,2.4,India,England,KL Rahul,V Kohli,CJ Jordan,2,0,,,,,,,,,
1034827,2016/17,2017-01-29,"Vidarbha Cricket Association Stadium, Jamtha",1,2.5,India,England,KL Rahul,V Kohli,CJ Jordan,2,0,,,,,,,,,
1034827,2016/17,2017-01-29,"Vidarbha Cricket Association Stadium, Jamtha",1,2.6,India,England,KL Rahul,V Kohli,CJ Jordan,0,0,,,,,,,,,
1034827,2016/17,2017-01-29,"Vidarbha Cricket Association Stadium, Jamtha",1,3.1,India,England,V Kohli,KL Rahul,TS Mills,0,0,,,,,,,,,
1034827,2016/17,2017-01-29,"Vidarbha Cricket Association Stadium, Jamtha",1,3.2,India,England,V Kohli,KL Rahul,TS Mills,6,0,,,,,,,,,
1034827,2016/17,2017-01-29,"Vidarbha Cricket Association Stadium, Jamtha",1,3.3,India,England,V Kohli,KL Rahul,TS Mills,4,0,,,,,,,,,
1034827,2016/17,2017-01-29,"Vidarbha Cricket Association Stadium, Jamtha",1,3.4,India,England,V Kohli,KL Rahul,TS Mills,2,0,,,,,,,,,
1034827,2016/17,2017-01-29,"Vidarbha Cricket Association Stadium, Jamtha",1,3.5,India,England,V Kohli,KL Rahul,TS Mills,1,0,,,,,,,,,
1034827,2016/17,2017-01-29,"Vidarbha Cricket Association Stadium, Jamtha",1,3.6,India,England,KL Rahul,V Kohli,TS Mills,2,0,,,,,,,,,
1034827,2016/17,2017-01-29,"Vidarbha Cricket Association Stadium, Jamtha",1,4.1,India,England,V Kohli,KL Rahul,CJ Jordan,0,0,,,,,,caught,V Kohli,,
1034827,2016/17,2017-01-29,"Vidarbha Cricket Association Stadium, Jamtha",1,4.2,India,England,KL Rahul,SK Raina,CJ Jordan,4,0,,,,,,,,,
1034827,2016/17,2017-01-29,"Vidarbha Cricket Association Stadium, Jamtha",1,4.3,India,England,KL Rahul,SK Raina,CJ Jordan,1,0,,,,,,,,,
1034827,2016/17,2017-01-29,"Vidarbha Cricket Association Stadium, Jamtha",1,4.4,India,England,SK Raina,KL Rahul,CJ Jordan,0,0,,,,,,,,,
1034827,2016/17,2017-01-29,"Vidarbha Cricket Association Stadium, Jamtha",1,4.5,India,England,SK Raina,KL Rahul,CJ Jordan,1,0,,,,,,,,,
1034827,2016/17,2017-01-29,"Vidarbha Cricket Association Stadium, Jamtha",1,4.6,India,England,KL Rahul,SK Raina,CJ Jordan,1,0,,,,,,,,,
1034827,2016/17,2017-01-29,"Vidarbha Cricket Association Stadium, Jamtha",1,5.1,India,England,KL Rahul,SK Raina,BA Stokes,0,1,1,,,,,,,,
1034827,2016/17,2017-01-29,"Vidarbha Cricket Association Stadium, Jamtha",1,5.2,India,England,KL Rahul,SK Raina,BA Stokes,1,0,,,,,,,,,
1034827,2016/17,2017-01-29,"Vidarbha Cricket Association Stadium, Jamtha",1,5.3,India,England,SK Raina,KL Rahul,BA Stokes,0,0,,,,,,,,,
1034827,2016/17,2017-01-29,"Vidarbha Cricket Association Stadium, Jamtha",1,5.4,India,England,SK Raina,KL Rahul,BA Stokes,1,0,,,,,,,,,
1034827,2016/17,2017-01-29,"Vidarbha Cricket Association Stadium, Jamtha",1,5.5,India,England,KL Rahul,SK Raina,BA Stokes,4,0,,,,,,,,,
1034827,2016/17,2017-01-29,"Vidarbha Cricket Association Stadium, Jamtha",1,5.6,India,England,KL Rahul,SK Raina,BA Stokes,1,0,,,,,,,,,
1034827,2016/17,2017-01-29,"Vidarbha Cricket Association Stadium, Jamtha",1,5.7,India,England,SK Raina,KL Rahul,BA Stokes,1,0,,,,,,,,,
1034827,2016/17,2017-01-29,"Vidarbha Cricket Association Stadium, Jamtha",1,6.1,India,England,SK Raina,KL Rahul,MM Ali,1,0,,,,,,,,,
1034827,2016/17,2017-01-29,"Vidarbha Cricket Association Stadium, Jamtha",1,6.2,India,England,KL Rahul,SK Raina,MM Ali,1,0,,,,,,,,,
1034827,2016/17,2017-01-29,"Vidarbha Cricket Association Stadium, Jamtha",1,6.3,India,England,SK Raina,KL Rahul,MM Ali,1,0,,,,,,,,,
1034827,2016/17,2017-01-29,"Vidarbha Cricket Association Stadium, Jamtha",1,6.4,India,England,KL Rahul,SK Raina,MM Ali,3,0,,,,,,,,,
1034827,2016/17,2017-01-29,"Vidarbha Cricket Association Stadium, Jamtha",1,6.5,India,England,SK Raina,KL Rahul,MM Ali,0,1,1,,,,,,,,
1034827,2016/17,2017-01-29,"Vidarbha Cricket Association Stadium, Jamtha",1,6.6,India,England,SK Raina,KL Rahul,MM Ali,1,0,,,,,,,,,
1034827,2016/17,2017-01-29,"Vidarbha Cricket Association Stadium, Jamtha",1,6.7,India,England,KL Rahul,SK Raina,MM Ali,0,0,,,,,,,,,
1034827,2016/17,2017-01-29,"Vidarbha Cricket Association Stadium, Jamtha",1,7.1,India,England,SK Raina,KL Rahul,AU Rashid,1,0,,,,,,,,,
1034827,2016/17,2017-01-29,"Vidarbha Cricket Association Stadium, Jamtha",1,7.2,India,England,KL Rahul,SK Raina,AU Rashid,0,0,,,,,,,,,
1034827,2016/17,2017-01-29,"Vidarbha Cricket Association Stadium, Jamtha",1,7.3,India,England,KL Rahul,SK Raina,AU Rashid,1,0,,,,,,,,,
1034827,2016/17,2017-01-29,"Vidarbha Cricket Association Stadium, Jamtha",1,7.4,India,England,SK Raina,KL Rahul,AU Rashid,0,0,,,,,,caught,SK Raina,,
1034827,2016/17,2017-01-29,"Vidarbha Cricket Association Stadium, Jamtha",1,7.5,India,England,Yuvraj Singh,KL Rahul,AU Rashid,0,0,,,,,,,,,
1034827,2016/17,2017-01-29,"Vidarbha Cricket Association Stadium, Jamtha",1,7.6,India,England,Yuvraj Singh,KL Rahul,AU Rashid,0,0,,,,,,,,,
1034827,2016/17,2017-01-29,"Vidarbha Cricket Association Stadium, Jamtha",1,8.1,India,England,KL Rahul,Yuvraj Singh,MM Ali,0,0,,,,,,,,,
1034827,2016/17,2017-01-29,"Vidarbha Cricket Association Stadium, Jamtha",1,8.2,India,England,KL Rahul,Yuvraj Singh,MM Ali,1,0,,,,,,,,,
1034827,2016/17,2017-01-29,"Vidarbha Cricket Association Stadium, Jamtha",1,8.3,India,England,Yuvraj Singh,KL Rahul,MM Ali,0,0,,,,,,,,,
1034827,2016/17,2017-01-29,"Vidarbha Cricket Association Stadium, Jamtha",1,8.4,India,England,Yuvraj Singh,KL Rahul,MM Ali,0,0,,,,,,,,,
1034827,2016/17,2017-01-29,"Vidarbha Cricket Association Stadium, Jamtha",1,8.5,India,England,Yuvraj Singh,KL Rahul,MM Ali,0,0,,,,,,,,,
1034827,2016/17,2017-01-29,"Vidarbha Cricket Association Stadium, Jamtha",1,8.6,India,England,Yuvraj Singh,KL Rahul,MM Ali,0,0,,,,,,,,,
1034827,2016/17,2017-01-29,"Vidarbha Cricket Association Stadium, Jamtha",1,9.1,India,England,KL Rahul,Yuvraj Singh,AU Rashid,1,0,,,,,,,,,
1034827,2016/17,2017-01-29,"Vidarbha Cricket Association Stadium, Jamtha",1,9.2,India,England,Yuvraj Singh,KL Rahul,AU Rashid,1,0,,,,,,,,,
1034827,2016/17,2017-01-29,"Vidarbha Cricket Association Stadium, Jamtha",1,9.3,India,England,KL Rahul,Yuvraj Singh,AU Rashid,6,0,,,,,,,,,
1034827,2016/17,2017-01-29,"Vidarbha Cricket Association Stadium, Jamtha",1,9.4,India,England,KL Rahul,Yuvraj Singh,AU Rashid,1,0,,,,,,,,,
1034827,2016/17,2017-01-29,"Vidarbha Cricket Association Stadium, Jamtha",1,9.5,India,England,Yuvraj Singh,KL Rahul,AU Rashid,0,0,,,,,,,,,
1034827,2016/17,2017-01-29,"Vidarbha Cricket Association Stadium, Jamtha",1,9.6,India,England,Yuvraj Singh,KL Rahul,AU Rashid,1,0,,,,,,,,,
1034827,2016/17,2017-01-29,"Vidarbha Cricket Association Stadium, Jamtha",1,10.1,India,England,Yuvraj Singh,KL Rahul,MM Ali,0,0,,,,,,,,,
1034827,2016/17,2017-01-29,"Vidarbha Cricket Association Stadium, Jamtha",1,10.2,India,England,Yuvraj Singh,KL Rahul,MM Ali,2,0,,,,,,,,,
1034827,2016/17,2017-01-29,"Vidarbha Cricket Association Stadium, Jamtha",1,10.3,India,England,Yuvraj Singh,KL Rahul,MM Ali,0,0,,,,,,lbw,Yuvraj Singh,,
1034827,2016/17,2017-01-29,"Vidarbha Cricket Association Stadium, Jamtha",1,10.4,India,England,MK Pandey,KL Rahul,MM Ali,1,0,,,,,,,,,
1034827,2016/17,2017-01-29,"Vidarbha Cricket Association Stadium, Jamtha",1,10.5,India,England,KL Rahul,MK Pandey,MM Ali,1,0,,,,,,,,,
1034827,2016/17,2017-01-29,"Vidarbha Cricket Association Stadium, Jamtha",1,10.6,India,England,MK Pandey,KL Rahul,MM Ali,1,0,,,,,,,,,
1034827,2016/17,2017-01-29,"Vidarbha Cricket Association Stadium, Jamtha",1,11.1,India,England,MK Pandey,KL Rahul,LA Dawson,1,0,,,,,,,,,
1034827,2016/17,2017-01-29,"Vidarbha Cricket Association Stadium, Jamtha",1,11.2,India,England,KL Rahul,MK Pandey,LA Dawson,6,0,,,,,,,,,
1034827,2016/17,2017-01-29,"Vidarbha Cricket Association Stadium, Jamtha",1,11.3,India,England,KL Rahul,MK Pandey,LA Dawson,2,0,,,,,,,,,
1034827,2016/17,2017-01-29,"Vidarbha Cricket Association Stadium, Jamtha",1,11.4,India,England,KL Rahul,MK Pandey,LA Dawson,1,0,,,,,,,,,
1034827,2016/17,2017-01-29,"Vidarbha Cricket Association Stadium, Jamtha",1,11.5,India,England,MK Pandey,KL Rahul,LA Dawson,1,0,,,,,,,,,
1034827,2016/17,2017-01-29,"Vidarbha Cricket Association Stadium, Jamtha",1,11.6,India,England,KL Rahul,MK Pandey,LA Dawson,4,0,,,,,,,,,
1034827,2016/17,2017-01-29,"Vidarbha Cricket Association Stadium, Jamtha",1,12.1,India,England,MK Pandey,KL Rahul,MM Ali,1,0,,,,,,,,,
1034827,2016/17,2017-01-29,"Vidarbha Cricket Association Stadium, Jamtha",1,12.2,India,England,KL Rahul,MK Pandey,MM Ali,1,0,,,,,,,,,
1034827,2016/17,2017-01-29,"Vidarbha Cricket Association Stadium, Jamtha",1,12.3,India,England,MK Pandey,KL Rahul,MM Ali,1,0,,,,,,,,,
1034827,2016/17,2017-01-29,"Vidarbha Cricket Association Stadium, Jamtha",1,12.4,India,England,KL Rahul,MK Pandey,MM Ali,1,0,,,,,,,,,
1034827,2016/17,2017-01-29,"Vidarbha Cricket Association Stadium, Jamtha",1,12.5,India,England,MK Pandey,KL Rahul,MM Ali,1,0,,,,,,,,,
1034827,2016/17,2017-01-29,"Vidarbha Cricket Association Stadium, Jamtha",1,12.6,India,England,KL Rahul,MK Pandey,MM Ali,1,0,,,,,,,,,
1034827,2016/17,2017-01-29,"Vidarbha Cricket Association Stadium, Jamtha",1,13.1,India,England,KL Rahul,MK Pandey,AU Rashid,4,0,,,,,,,,,
1034827,2016/17,2017-01-29,"Vidarbha Cricket Association Stadium, Jamtha",1,13.2,India,England,KL Rahul,MK Pandey,AU Rashid,1,0,,,,,,,,,
1034827,2016/17,2017-01-29,"Vidarbha Cricket Association Stadium, Jamtha",1,13.3,India,England,MK Pandey,KL Rahul,AU Rashid,1,0,,,,,,,,,
1034827,2016/17,2017-01-29,"Vidarbha Cricket Association Stadium, Jamtha",1,13.4,India,England,KL Rahul,MK Pandey,AU Rashid,4,0,,,,,,,,,
1034827,2016/17,2017-01-29,"Vidarbha Cricket Association Stadium, Jamtha",1,13.5,India,England,KL Rahul,MK Pandey,AU Rashid,1,0,,,,,,,,,
1034827,2016/17,2017-01-29,"Vidarbha Cricket Association Stadium, Jamtha",1,13.6,India,England,MK Pandey,KL Rahul,AU Rashid,1,0,,,,,,,,,
1034827,2016/17,2017-01-29,"Vidarbha Cricket Association Stadium, Jamtha",1,14.1,India,England,MK Pandey,KL Rahul,BA Stokes,0,0,,,,,,,,,
1034827,2016/17,2017-01-29,"Vidarbha Cricket Association Stadium, Jamtha",1,14.2,India,England,MK Pandey,KL Rahul,BA Stokes,1,0,,,,,,,,,
1034827,2016/17,2017-01-29,"Vidarbha Cricket Association Stadium, Jamtha",1,14.3,India,England,KL Rahul,MK Pandey,BA Stokes,0,0,,,,,,,,,
1034827,2016/17,2017-01-29,"Vidarbha Cricket Association Stadium, Jamtha",1,14.4,India,England,KL Rahul,MK Pandey,BA Stokes,0,1,,,,1,,,,,
1034827,2016/17,2017-01-29,"Vidarbha Cricket Association Stadium, Jamtha",1,14.5,India,England,MK Pandey,KL Rahul,BA Stokes,0,0,,,,,,,,,
1034827,2016/17,2017-01-29,"Vidarbha Cricket Association Stadium, Jamtha",1,14.6,India,England,MK Pandey,KL Rahul,BA Stokes,1,0,,,,,,,,,
1034827,2016/17,2017-01-29,"Vidarbha Cricket Association Stadium, Jamtha",1,15.1,India,England,MK Pandey,KL Rahul,TS Mills,1,0,,,,,,,,,
1034827,2016/17,2017-01-29,"Vidarbha Cricket Association Stadium, Jamtha",1,15.2,India,England,KL Rahul,MK Pandey,TS Mills,1,0,,,,,,,,,
1034827,2016/17,2017-01-29,"Vidarbha Cricket Association Stadium, Jamtha",1,15.3,India,England,MK Pandey,KL Rahul,TS Mills,1,0,,,,,,,,,
1034827,2016/17,2017-01-29,"Vidarbha Cricket Association Stadium, Jamtha",1,15.4,India,England,KL Rahul,MK Pandey,TS Mills,1,0,,,,,,,,,
1034827,2016/17,2017-01-29,"Vidarbha Cricket Association Stadium, Jamtha",1,15.5,India,England,MK Pandey,KL Rahul,TS Mills,1,0,,,,,,,,,
1034827,2016/17,2017-01-29,"Vidarbha Cricket Association Stadium, Jamtha",1,15.6,India,England,KL Rahul,MK Pandey,TS Mills,1,0,,,,,,,,,
1034827,2016/17,2017-01-29,"Vidarbha Cricket Association Stadium, Jamtha",1,16.1,India,England,KL Rahul,MK Pandey,BA Stokes,1,0,,,,,,,,,
1034827,2016/17,2017-01-29,"Vidarbha Cricket Association Stadium, Jamtha",1,16.2,India,England,MK Pandey,KL Rahul,BA Stokes,1,0,,,,,,,,,
1034827,2016/17,2017-01-29,"Vidarbha Cricket Association Stadium, Jamtha",1,16.3,India,England,KL Rahul,MK Pandey,BA Stokes,1,0,,,,,,,,,
1034827,2016/17,2017-01-29,"Vidarbha Cricket Association Stadium, Jamtha",1,16.4,India,England,MK Pandey,KL Rahul,BA Stokes,2,0,,,,,,,,,
1034827,2016/17,2017-01-29,"Vidarbha Cricket Association Stadium, Jamtha",1,16.5,India,England,MK Pandey,KL Rahul,BA Stokes,1,0,,,,,,,,,
1034827,2016/17,2017-01-29,"Vidarbha Cricket Association Stadium, Jamtha",1,16.6,India,England,KL Rahul,MK Pandey,BA Stokes,4,0,,,,,,,,,
1034827,2016/17,2017-01-29,"Vidarbha Cricket Association Stadium, Jamtha",1,17.1,India,England,MK Pandey,KL Rahul,CJ Jordan,1,0,,,,,,,,,
1034827,2016/17,2017-01-29,"Vidarbha Cricket Association Stadium, Jamtha",1,17.2,India,England,KL Rahul,MK Pandey,CJ Jordan,0,0,,,,,,caught,KL Rahul,,
1034827,2016/17,2017-01-29,"Vidarbha Cricket Association Stadium, Jamtha",1,17.3,India,England,MS Dhoni,MK Pandey,CJ Jordan,1,0,,,,,,,,,
1034827,2016/17,2017-01-29,"Vidarbha Cricket Association Stadium, Jamtha",1,17.4,India,England,MK Pandey,MS Dhoni,CJ Jordan,1,0,,,,,,,,,
1034827,2016/17,2017-01-29,"Vidarbha Cricket Association Stadium, Jamtha",1,17.5,India,England,MS Dhoni,MK Pandey,CJ Jordan,1,0,,,,,,,,,
1034827,2016/17,2017-01-29,"Vidarbha Cricket Association Stadium, Jamtha",1,17.6,India,England,MK Pandey,MS Dhoni,CJ Jordan,1,0,,,,,,,,,
1034827,2016/17,2017-01-29,"Vidarbha Cricket Association Stadium, Jamtha",1,18.1,India,England,MK Pandey,MS Dhoni,TS Mills,1,0,,,,,,,,,
1034827,2016/17,2017-01-29,"Vidarbha Cricket Association Stadium, Jamtha",1,18.2,India,England,MS Dhoni,MK Pandey,TS Mills,1,0,,,,,,,,,
1034827,2016/17,2017-01-29,"Vidarbha Cricket Association Stadium, Jamtha",1,18.3,India,England,MK Pandey,MS Dhoni,TS Mills,6,0,,,,,,,,,
1034827,2016/17,2017-01-29,"Vidarbha Cricket Association Stadium, Jamtha",1,18.4,India,England,MK Pandey,MS Dhoni,TS Mills,2,0,,,,,,,,,
1034827,2016/17,2017-01-29,"Vidarbha Cricket Association Stadium, Jamtha",1,18.5,India,England,MK Pandey,MS Dhoni,TS Mills,0,0,,,,,,bowled,MK Pandey,,
1034827,2016/17,2017-01-29,"Vidarbha Cricket Association Stadium, Jamtha",1,18.6,India,England,HH Pandya,MS Dhoni,TS Mills,0,0,,,,,,,,,
1034827,2016/17,2017-01-29,"Vidarbha Cricket Association Stadium, Jamtha",1,19.1,India,England,MS Dhoni,HH Pandya,CJ Jordan,1,0,,,,,,,,,
1034827,2016/17,2017-01-29,"Vidarbha Cricket Association Stadium, Jamtha",1,19.2,India,England,HH Pandya,MS Dhoni,CJ Jordan,2,0,,,,,,,,,
1034827,2016/17,2017-01-29,"Vidarbha Cricket Association Stadium, Jamtha",1,19.3,India,England,HH Pandya,MS Dhoni,CJ Jordan,0,1,1,,,,,,,,
1034827,2016/17,2017-01-29,"Vidarbha Cricket Association Stadium, Jamtha",1,19.4,India,England,HH Pandya,MS Dhoni,CJ Jordan,0,0,,,,,,run out,HH Pandya,,
1034827,2016/17,2017-01-29,"Vidarbha Cricket Association Stadium, Jamtha",1,19.5,India,England,MS Dhoni,A Mishra,CJ Jordan,0,0,,,,,,,,,
1034827,2016/17,2017-01-29,"Vidarbha Cricket Association Stadium, Jamtha",1,19.6,India,England,MS Dhoni,A Mishra,CJ Jordan,1,0,,,,,,run out,A Mishra,,
1034827,2016/17,2017-01-29,"Vidarbha Cricket Association Stadium, Jamtha",1,19.7,India,England,MS Dhoni,JJ Bumrah,CJ Jordan,0,0,,,,,,bowled,MS Dhoni,,
1034827,2016/17,2017-01-29,"Vidarbha Cricket Association Stadium, Jamtha",2,0.1,England,India,JJ Roy,SW Billings,YS Chahal,0,0,,,,,,,,,
1034827,2016/17,2017-01-29,"Vidarbha Cricket Association Stadium, Jamtha",2,0.2,England,India,JJ Roy,SW Billings,YS Chahal,0,0,,,,,,,,,
1034827,2016/17,2017-01-29,"Vidarbha Cricket Association Stadium, Jamtha",2,0.3,England,India,JJ Roy,SW Billings,YS Chahal,1,0,,,,,,,,,
1034827,2016/17,2017-01-29,"Vidarbha Cricket Association Stadium, Jamtha",2,0.4,England,India,SW Billings,JJ Roy,YS Chahal,0,0,,,,,,,,,
1034827,2016/17,2017-01-29,"Vidarbha Cricket Association Stadium, Jamtha",2,0.5,England,India,SW Billings,JJ Roy,YS Chahal,1,0,,,,,,,,,
1034827,2016/17,2017-01-29,"Vidarbha Cricket Association Stadium, Jamtha",2,0.6,England,India,JJ Roy,SW Billings,YS Chahal,0,0,,,,,,,,,
1034827,2016/17,2017-01-29,"Vidarbha Cricket Association Stadium, Jamtha",2,1.1,England,India,SW Billings,JJ Roy,A Nehra,1,0,,,,,,,,,
1034827,2016/17,2017-01-29,"Vidarbha Cricket Association Stadium, Jamtha",2,1.2,England,India,JJ Roy,SW Billings,A Nehra,0,0,,,,,,,,,
1034827,2016/17,2017-01-29,"Vidarbha Cricket Association Stadium, Jamtha",2,1.3,England,India,JJ Roy,SW Billings,A Nehra,1,0,,,,,,,,,
1034827,2016/17,2017-01-29,"Vidarbha Cricket Association Stadium, Jamtha",2,1.4,England,India,SW Billings,JJ Roy,A Nehra,1,0,,,,,,,,,
1034827,2016/17,2017-01-29,"Vidarbha Cricket Association Stadium, Jamtha",2,1.5,England,India,JJ Roy,SW Billings,A Nehra,1,0,,,,,,,,,
1034827,2016/17,2017-01-29,"Vidarbha Cricket Association Stadium, Jamtha",2,1.6,England,India,SW Billings,JJ Roy,A Nehra,1,0,,,,,,,,,
1034827,2016/17,2017-01-29,"Vidarbha Cricket Association Stadium, Jamtha",2,2.1,England,India,SW Billings,JJ Roy,YS Chahal,6,0,,,,,,,,,
1034827,2016/17,2017-01-29,"Vidarbha Cricket Association Stadium, Jamtha",2,2.2,England,India,SW Billings,JJ Roy,YS Chahal,1,0,,,,,,,,,
1034827,2016/17,2017-01-29,"Vidarbha Cricket Association Stadium, Jamtha",2,2.3,England,India,JJ Roy,SW Billings,YS Chahal,6,0,,,,,,,,,
1034827,2016/17,2017-01-29,"Vidarbha Cricket Association Stadium, Jamtha",2,2.4,England,India,JJ Roy,SW Billings,YS Chahal,0,0,,,,,,,,,
1034827,2016/17,2017-01-29,"Vidarbha Cricket Association Stadium, Jamtha",2,2.5,England,India,JJ Roy,SW Billings,YS Chahal,1,0,,,,,,,,,
1034827,2016/17,2017-01-29,"Vidarbha Cricket Association Stadium, Jamtha",2,2.6,England,India,SW Billings,JJ Roy,YS Chahal,1,0,,,,,,,,,
1034827,2016/17,2017-01-29,"Vidarbha Cricket Association Stadium, Jamtha",2,3.1,England,India,SW Billings,JJ Roy,A Nehra,0,0,,,,,,caught,SW Billings,,
1034827,2016/17,2017-01-29,"Vidarbha Cricket Association Stadium, Jamtha",2,3.2,England,India,JJ Roy,JE Root,A Nehra,0,0,,,,,,caught,JJ Roy,,
1034827,2016/17,2017-01-29,"Vidarbha Cricket Association Stadium, Jamtha",2,3.3,England,India,EJG Morgan,JE Root,A Nehra,0,0,,,,,,,,,
1034827,2016/17,2017-01-29,"Vidarbha Cricket Association Stadium, Jamtha",2,3.4,England,India,EJG Morgan,JE Root,A Nehra,1,0,,,,,,,,,
1034827,2016/17,2017-01-29,"Vidarbha Cricket Association Stadium, Jamtha",2,3.5,England,India,JE Root,EJG Morgan,A Nehra,1,0,,,,,,,,,
1034827,2016/17,2017-01-29,"Vidarbha Cricket Association Stadium, Jamtha",2,3.6,England,India,EJG Morgan,JE Root,A Nehra,0,0,,,,,,,,,
1034827,2016/17,2017-01-29,"Vidarbha Cricket Association Stadium, Jamtha",2,4.1,England,India,JE Root,EJG Morgan,YS Chahal,1,0,,,,,,,,,
1034827,2016/17,2017-01-29,"Vidarbha Cricket Association Stadium, Jamtha",2,4.2,England,India,EJG Morgan,JE Root,YS Chahal,1,0,,,,,,,,,
1034827,2016/17,2017-01-29,"Vidarbha Cricket Association Stadium, Jamtha",2,4.3,England,India,JE Root,EJG Morgan,YS Chahal,1,0,,,,,,,,,
1034827,2016/17,2017-01-29,"Vidarbha Cricket Association Stadium, Jamtha",2,4.4,England,India,EJG Morgan,JE Root,YS Chahal,0,0,,,,,,,,,
1034827,2016/17,2017-01-29,"Vidarbha Cricket Association Stadium, Jamtha",2,4.5,England,India,EJG Morgan,JE Root,YS Chahal,1,0,,,,,,,,,
1034827,2016/17,2017-01-29,"Vidarbha Cricket Association Stadium, Jamtha",2,4.6,England,India,JE Root,EJG Morgan,YS Chahal,1,0,,,,,,,,,
1034827,2016/17,2017-01-29,"Vidarbha Cricket Association Stadium, Jamtha",2,5.1,England,India,JE Root,EJG Morgan,JJ Bumrah,0,0,,,,,,,,,
1034827,2016/17,2017-01-29,"Vidarbha Cricket Association Stadium, Jamtha",2,5.2,England,India,JE Root,EJG Morgan,JJ Bumrah,1,0,,,,,,,,,
1034827,2016/17,2017-01-29,"Vidarbha Cricket Association Stadium, Jamtha",2,5.3,England,India,EJG Morgan,JE Root,JJ Bumrah,0,0,,,,,,,,,
1034827,2016/17,2017-01-29,"Vidarbha Cricket Association Stadium, Jamtha",2,5.4,England,India,EJG Morgan,JE Root,JJ Bumrah,4,0,,,,,,,,,
1034827,2016/17,2017-01-29,"Vidarbha Cricket Association Stadium, Jamtha",2,5.5,England,India,EJG Morgan,JE Root,JJ Bumrah,2,0,,,,,,,,,
1034827,2016/17,2017-01-29,"Vidarbha Cricket Association Stadium, Jamtha",2,5.6,England,India,EJG Morgan,JE Root,JJ Bumrah,0,0,,,,,,,,,
1034827,2016/17,2017-01-29,"Vidarbha Cricket Association Stadium, Jamtha",2,6.1,England,India,JE Root,EJG Morgan,A Mishra,1,0,,,,,,,,,
1034827,2016/17,2017-01-29,"Vidarbha Cricket Association Stadium, Jamtha",2,6.2,England,India,EJG Morgan,JE Root,A Mishra,1,0,,,,,,,,,
1034827,2016/17,2017-01-29,"Vidarbha Cricket Association Stadium, Jamtha",2,6.3,England,India,JE Root,EJG Morgan,A Mishra,1,0,,,,,,,,,
1034827,2016/17,2017-01-29,"Vidarbha Cricket Association Stadium, Jamtha",2,6.4,England,India,EJG Morgan,JE Root,A Mishra,1,0,,,,,,,,,
1034827,2016/17,2017-01-29,"Vidarbha Cricket Association Stadium, Jamtha",2,6.5,England,India,JE Root,EJG Morgan,A Mishra,2,0,,,,,,,,,
1034827,2016/17,2017-01-29,"Vidarbha Cricket Association Stadium, Jamtha",2,6.6,England,India,JE Root,EJG Morgan,A Mishra,2,0,,,,,,,,,
1034827,2016/17,2017-01-29,"Vidarbha Cricket Association Stadium, Jamtha",2,7.1,England,India,EJG Morgan,JE Root,SK Raina,0,1,,,,1,,,,,
1034827,2016/17,2017-01-29,"Vidarbha Cricket Association Stadium, Jamtha",2,7.2,England,India,JE Root,EJG Morgan,SK Raina,1,0,,,,,,,,,
1034827,2016/17,2017-01-29,"Vidarbha Cricket Association Stadium, Jamtha",2,7.3,England,India,EJG Morgan,JE Root,SK Raina,1,0,,,,,,,,,
1034827,2016/17,2017-01-29,"Vidarbha Cricket Association Stadium, Jamtha",2,7.4,England,India,JE Root,EJG Morgan,SK Raina,0,0,,,,,,,,,
1034827,2016/17,2017-01-29,"Vidarbha Cricket Association Stadium, Jamtha",2,7.5,England,India,JE Root,EJG Morgan,SK Raina,1,0,,,,,,,,,
1034827,2016/17,2017-01-29,"Vidarbha Cricket Association Stadium, Jamtha",2,7.6,England,India,EJG Morgan,JE Root,SK Raina,1,0,,,,,,,,,
1034827,2016/17,2017-01-29,"Vidarbha Cricket Association Stadium, Jamtha",2,8.1,England,India,EJG Morgan,JE Root,A Mishra,1,0,,,,,,,,,
1034827,2016/17,2017-01-29,"Vidarbha Cricket Association Stadium, Jamtha",2,8.2,England,India,JE Root,EJG Morgan,A Mishra,4,0,,,,,,,,,
1034827,2016/17,2017-01-29,"Vidarbha Cricket Association Stadium, Jamtha",2,8.3,England,India,JE Root,EJG Morgan,A Mishra,4,0,,,,,,,,,
1034827,2016/17,2017-01-29,"Vidarbha Cricket Association Stadium, Jamtha",2,8.4,England,India,JE Root,EJG Morgan,A Mishra,1,0,,,,,,,,,
1034827,2016/17,2017-01-29,"Vidarbha Cricket Association Stadium, Jamtha",2,8.5,England,India,EJG Morgan,JE Root,A Mishra,0,0,,,,,,,,,
1034827,2016/17,2017-01-29,"Vidarbha Cricket Association Stadium, Jamtha",2,8.6,England,India,EJG Morgan,JE Root,A Mishra,0,1,,,,1,,,,,
1034827,2016/17,2017-01-29,"Vidarbha Cricket Association Stadium, Jamtha",2,9.1,England,India,EJG Morgan,JE Root,SK Raina,1,0,,,,,,,,,
1034827,2016/17,2017-01-29,"Vidarbha Cricket Association Stadium, Jamtha",2,9.2,England,India,JE Root,EJG Morgan,SK Raina,1,0,,,,,,,,,
1034827,2016/17,2017-01-29,"Vidarbha Cricket Association Stadium, Jamtha",2,9.3,England,India,EJG Morgan,JE Root,SK Raina,1,0,,,,,,,,,
1034827,2016/17,2017-01-29,"Vidarbha Cricket Association Stadium, Jamtha",2,9.4,England,India,JE Root,EJG Morgan,SK Raina,1,0,,,,,,,,,
1034827,2016/17,2017-01-29,"Vidarbha Cricket Association Stadium, Jamtha",2,9.5,England,India,EJG Morgan,JE Root,SK Raina,0,0,,,,,,,,,
1034827,2016/17,2017-01-29,"Vidarbha Cricket Association Stadium, Jamtha",2,9.6,England,India,EJG Morgan,JE Root,SK Raina,1,0,,,,,,,,,
1034827,2016/17,2017-01-29,"Vidarbha Cricket Association Stadium, Jamtha",2,10.1,England,India,EJG Morgan,JE Root,A Mishra,0,0,,,,,,caught,EJG Morgan,,
1034827,2016/17,2017-01-29,"Vidarbha Cricket Association Stadium, Jamtha",2,10.2,England,India,JE Root,BA Stokes,A Mishra,1,0,,,,,,,,,
1034827,2016/17,2017-01-29,"Vidarbha Cricket Association Stadium, Jamtha",2,10.3,England,India,BA Stokes,JE Root,A Mishra,0,1,,1,,,,,,,
1034827,2016/17,2017-01-29,"Vidarbha Cricket Association Stadium, Jamtha",2,10.4,England,India,BA Stokes,JE Root,A Mishra,1,0,,,,,,,,,
1034827,2016/17,2017-01-29,"Vidarbha Cricket Association Stadium, Jamtha",2,10.5,England,India,JE Root,BA Stokes,A Mishra,1,0,,,,,,,,,
1034827,2016/17,2017-01-29,"Vidarbha Cricket Association Stadium, Jamtha",2,10.6,England,India,BA Stokes,JE Root,A Mishra,0,0,,,,,,,,,
1034827,2016/17,2017-01-29,"Vidarbha Cricket Association Stadium, Jamtha",2,10.7,England,India,BA Stokes,JE Root,A Mishra,0,0,,,,,,,,,
1034827,2016/17,2017-01-29,"Vidarbha Cricket Association Stadium, Jamtha",2,11.1,England,India,JE Root,BA Stokes,SK Raina,0,0,,,,,,,,,
1034827,2016/17,2017-01-29,"Vidarbha Cricket Association Stadium, Jamtha",2,11.2,England,India,JE Root,BA Stokes,SK Raina,0,1,1,,,,,,,,
1034827,2016/17,2017-01-29,"Vidarbha Cricket Association Stadium, Jamtha",2,11.3,England,India,JE Root,BA Stokes,SK Raina,0,3,3,,,,,,,,
1034827,2016/17,2017-01-29,"Vidarbha Cricket Association Stadium, Jamtha",2,11.4,England,India,JE Root,BA Stokes,SK Raina,0,0,,,,,,,,,
1034827,2016/17,2017-01-29,"Vidarbha Cricket Association Stadium, Jamtha",2,11.5,England,India,JE Root,BA Stokes,SK Raina,1,0,,,,,,,,,
1034827,2016/17,2017-01-29,"Vidarbha Cricket Association Stadium, Jamtha",2,11.6,England,India,BA Stokes,JE Root,SK Raina,1,0,,,,,,,,,
1034827,2016/17,2017-01-29,"Vidarbha Cricket Association Stadium, Jamtha",2,11.7,England,India,JE Root,BA Stokes,SK Raina,1,0,,,,,,,,,
1034827,2016/17,2017-01-29,"Vidarbha Cricket Association Stadium, Jamtha",2,11.8,England,India,BA Stokes,JE Root,SK Raina,1,0,,,,,,,,,
1034827,2016/17,2017-01-29,"Vidarbha Cricket Association Stadium, Jamtha",2,12.1,England,India,BA Stokes,JE Root,A Mishra,1,0,,,,,,,,,
1034827,2016/17,2017-01-29,"Vidarbha Cricket Association Stadium, Jamtha",2,12.2,England,India,JE Root,BA Stokes,A Mishra,1,0,,,,,,,,,
1034827,2016/17,2017-01-29,"Vidarbha Cricket Association Stadium, Jamtha",2,12.3,England,India,BA Stokes,JE Root,A Mishra,0,0,,,,,,,,,
1034827,2016/17,2017-01-29,"Vidarbha Cricket Association Stadium, Jamtha",2,12.4,England,India,BA Stokes,JE Root,A Mishra,1,0,,,,,,,,,
1034827,2016/17,2017-01-29,"Vidarbha Cricket Association Stadium, Jamtha",2,12.5,England,India,JE Root,BA Stokes,A Mishra,0,0,,,,,,,,,
1034827,2016/17,2017-01-29,"Vidarbha Cricket Association Stadium, Jamtha",2,12.6,England,India,JE Root,BA Stokes,A Mishra,0,0,,,,,,,,,
1034827,2016/17,2017-01-29,"Vidarbha Cricket Association Stadium, Jamtha",2,13.1,England,India,BA Stokes,JE Root,SK Raina,4,0,,,,,,,,,
1034827,2016/17,2017-01-29,"Vidarbha Cricket Association Stadium, Jamtha",2,13.2,England,India,BA Stokes,JE Root,SK Raina,6,0,,,,,,,,,
1034827,2016/17,2017-01-29,"Vidarbha Cricket Association Stadium, Jamtha",2,13.3,England,India,BA Stokes,JE Root,SK Raina,1,0,,,,,,,,,
1034827,2016/17,2017-01-29,"Vidarbha Cricket Association Stadium, Jamtha",2,13.4,England,India,JE Root,BA Stokes,SK Raina,0,0,,,,,,,,,
1034827,2016/17,2017-01-29,"Vidarbha Cricket Association Stadium, Jamtha",2,13.5,England,India,JE Root,BA Stokes,SK Raina,1,0,,,,,,,,,
1034827,2016/17,2017-01-29,"Vidarbha Cricket Association Stadium, Jamtha",2,13.6,England,India,BA Stokes,JE Root,SK Raina,1,0,,,,,,,,,
1034827,2016/17,2017-01-29,"Vidarbha Cricket Association Stadium, Jamtha",2,14.1,England,India,BA Stokes,JE Root,YS Chahal,1,0,,,,,,,,,
1034827,2016/17,2017-01-29,"Vidarbha Cricket Association Stadium, Jamtha",2,14.2,England,India,JE Root,BA Stokes,YS Chahal,1,0,,,,,,,,,
1034827,2016/17,2017-01-29,"Vidarbha Cricket Association Stadium, Jamtha",2,14.3,England,India,BA Stokes,JE Root,YS Chahal,0,0,,,,,,,,,
1034827,2016/17,2017-01-29,"Vidarbha Cricket Association Stadium, Jamtha",2,14.4,England,India,BA Stokes,JE Root,YS Chahal,2,0,,,,,,,,,
1034827,2016/17,2017-01-29,"Vidarbha Cricket Association Stadium, Jamtha",2,14.5,England,India,BA Stokes,JE Root,YS Chahal,6,0,,,,,,,,,
1034827,2016/17,2017-01-29,"Vidarbha Cricket Association Stadium, Jamtha",2,14.6,England,India,BA Stokes,JE Root,YS Chahal,1,0,,,,,,,,,
1034827,2016/17,2017-01-29,"Vidarbha Cricket Association Stadium, Jamtha",2,15.1,England,India,BA Stokes,JE Root,JJ Bumrah,0,0,,,,,,,,,
1034827,2016/17,2017-01-29,"Vidarbha Cricket Association Stadium, Jamtha",2,15.2,England,India,BA Stokes,JE Root,JJ Bumrah,2,0,,,,,,,,,
1034827,2016/17,2017-01-29,"Vidarbha Cricket Association Stadium, Jamtha",2,15.3,England,India,BA Stokes,JE Root,JJ Bumrah,4,0,,,,,,,,,
1034827,2016/17,2017-01-29,"Vidarbha Cricket Association Stadium, Jamtha",2,15.4,England,India,BA Stokes,JE Root,JJ Bumrah,2,0,,,,,,,,,
1034827,2016/17,2017-01-29,"Vidarbha Cricket Association Stadium, Jamtha",2,15.5,England,India,BA Stokes,JE Root,JJ Bumrah,0,0,,,,,,,,,
1034827,2016/17,2017-01-29,"Vidarbha Cricket Association Stadium, Jamtha",2,15.6,England,India,BA Stokes,JE Root,JJ Bumrah,1,0,,,,,,,,,
1034827,2016/17,2017-01-29,"Vidarbha Cricket Association Stadium, Jamtha",2,16.1,England,India,BA Stokes,JE Root,A Nehra,1,0,,,,,,,,,
1034827,2016/17,2017-01-29,"Vidarbha Cricket Association Stadium, Jamtha",2,16.2,England,India,JE Root,BA Stokes,A Nehra,1,0,,,,,,,,,
1034827,2016/17,2017-01-29,"Vidarbha Cricket Association Stadium, Jamtha",2,16.3,England,India,BA Stokes,JE Root,A Nehra,1,0,,,,,,,,,
1034827,2016/17,2017-01-29,"Vidarbha Cricket Association Stadium, Jamtha",2,16.4,England,India,JE Root,BA Stokes,A Nehra,1,0,,,,,,,,,
1034827,2016/17,2017-01-29,"Vidarbha Cricket Association Stadium, Jamtha",2,16.5,England,India,BA Stokes,JE Root,A Nehra,0,0,,,,,,lbw,BA Stokes,,
1034827,2016/17,2017-01-29,"Vidarbha Cricket Association Stadium, Jamtha",2,16.6,England,India,JC Buttler,JE Root,A Nehra,1,0,,,,,,,,,
1034827,2016/17,2017-01-29,"Vidarbha Cricket Association Stadium, Jamtha",2,17.1,England,India,JC Buttler,JE Root,JJ Bumrah,0,0,,,,,,,,,
1034827,2016/17,2017-01-29,"Vidarbha Cricket Association Stadium, Jamtha",2,17.2,England,India,JC Buttler,JE Root,JJ Bumrah,0,0,,,,,,,,,
1034827,2016/17,2017-01-29,"Vidarbha Cricket Association Stadium, Jamtha",2,17.3,England,India,JC Buttler,JE Root,JJ Bumrah,1,0,,,,,,,,,
1034827,2016/17,2017-01-29,"Vidarbha Cricket Association Stadium, Jamtha",2,17.4,England,India,JE Root,JC Buttler,JJ Bumrah,0,0,,,,,,,,,
1034827,2016/17,2017-01-29,"Vidarbha Cricket Association Stadium, Jamtha",2,17.5,England,India,JE Root,JC Buttler,JJ Bumrah,0,0,,,,,,,,,
1034827,2016/17,2017-01-29,"Vidarbha Cricket Association Stadium, Jamtha",2,17.6,England,India,JE Root,JC Buttler,JJ Bumrah,2,0,,,,,,,,,
1034827,2016/17,2017-01-29,"Vidarbha Cricket Association Stadium, Jamtha",2,18.1,England,India,JC Buttler,JE Root,A Nehra,1,0,,,,,,,,,
1034827,2016/17,2017-01-29,"Vidarbha Cricket Association Stadium, Jamtha",2,18.2,England,India,JE Root,JC Buttler,A Nehra,2,0,,,,,,,,,
1034827,2016/17,2017-01-29,"Vidarbha Cricket Association Stadium, Jamtha",2,18.3,England,India,JE Root,JC Buttler,A Nehra,1,0,,,,,,,,,
1034827,2016/17,2017-01-29,"Vidarbha Cricket Association Stadium, Jamtha",2,18.4,England,India,JC Buttler,JE Root,A Nehra,4,0,,,,,,,,,
1034827,2016/17,2017-01-29,"Vidarbha Cricket Association Stadium, Jamtha",2,18.5,England,India,JC Buttler,JE Root,A Nehra,2,0,,,,,,,,,
1034827,2016/17,2017-01-29,"Vidarbha Cricket Association Stadium, Jamtha",2,18.6,England,India,JC Buttler,JE Root,A Nehra,6,0,,,,,,,,,
1034827,2016/17,2017-01-29,"Vidarbha Cricket Association Stadium, Jamtha",2,19.1,England,India,JE Root,JC Buttler,JJ Bumrah,0,0,,,,,,lbw,JE Root,,
1034827,2016/17,2017-01-29,"Vidarbha Cricket Association Stadium, Jamtha",2,19.2,England,India,MM Ali,JC Buttler,JJ Bumrah,1,0,,,,,,,,,
1034827,2016/17,2017-01-29,"Vidarbha Cricket Association Stadium, Jamtha",2,19.3,England,India,JC Buttler,MM Ali,JJ Bumrah,0,0,,,,,,,,,
1034827,2016/17,2017-01-29,"Vidarbha Cricket Association Stadium, Jamtha",2,19.4,England,India,JC Buttler,MM Ali,JJ Bumrah,0,0,,,,,,bowled,JC Buttler,,
1034827,2016/17,2017-01-29,"Vidarbha Cricket Association Stadium, Jamtha",2,19.5,England,India,CJ Jordan,MM Ali,JJ Bumrah,0,1,,,1,,,,,,
1034827,2016/17,2017-01-29,"Vidarbha Cricket Association Stadium, Jamtha",2,19.6,England,India,MM Ali,CJ Jordan,JJ Bumrah,0,0,,,,,,,,,
