match_id,season,start_date,venue,innings,ball,batting_team,bowling_team,striker,non_striker,bowler,runs_off_bat,extras,wides,noballs,byes,legbyes,penalty,wicket_type,player_dismissed,other_wicket_type,other_player_dismissed
1040491,2016/17,2017-03-15,Greater Noida Sports Complex Ground,1,0.1,Afghanistan,Ireland,Mohammad Shahzad,Noor Ali Zadran,TJ Murtagh,0,0,,,,,,,,,
1040491,2016/17,2017-03-15,Greater Noida Sports Complex Ground,1,0.2,Afghanistan,Ireland,Mohammad Shahzad,Noor Ali Zadran,TJ Murtagh,1,0,,,,,,,,,
1040491,2016/17,2017-03-15,Greater Noida Sports Complex Ground,1,0.3,Afghanistan,Ireland,Noor Ali Zadran,Mohammad Shahzad,TJ Murtagh,1,0,,,,,,,,,
1040491,2016/17,2017-03-15,Greater Noida Sports Complex Ground,1,0.4,Afghanistan,Ireland,Mohammad Shahzad,Noor Ali Zadran,TJ Murtagh,4,0,,,,,,,,,
1040491,2016/17,2017-03-15,Greater Noida Sports Complex Ground,1,0.5,Afghanistan,Ireland,Mohammad Shahzad,Noor Ali Zadran,TJ Murtagh,1,0,,,,,,,,,
1040491,2016/17,2017-03-15,Greater Noida Sports Complex Ground,1,0.6,Afghanistan,Ireland,Noor Ali Zadran,Mohammad Shahzad,TJ Murtagh,4,0,,,,,,,,,
1040491,2016/17,2017-03-15,Greater Noida Sports Complex Ground,1,1.1,Afghanistan,Ireland,Mohammad Shahzad,Noor Ali Zadran,GH Dockrell,0,1,1,,,,,,,,
1040491,2016/17,2017-03-15,Greater Noida Sports Complex Ground,1,1.2,Afghanistan,Ireland,Mohammad Shahzad,Noor Ali Zadran,GH Dockrell,0,0,,,,,,,,,
1040491,2016/17,2017-03-15,Greater Noida Sports Complex Ground,1,1.3,Afghanistan,Ireland,Mohammad Shahzad,Noor Ali Zadran,GH Dockrell,0,0,,,,,,,,,
1040491,2016/17,2017-03-15,Greater Noida Sports Complex Ground,1,1.4,Afghanistan,Ireland,Mohammad Shahzad,Noor Ali Zadran,GH Dockrell,0,0,,,,,,,,,
1040491,2016/17,2017-03-15,Greater Noida Sports Complex Ground,1,1.5,Afghanistan,Ireland,Mohammad Shahzad,Noor Ali Zadran,GH Dockrell,4,0,,,,,,,,,
1040491,2016/17,2017-03-15,Greater Noida Sports Complex Ground,1,1.6,Afghanistan,Ireland,Mohammad Shahzad,Noor Ali Zadran,GH Dockrell,0,0,,,,,,,,,
1040491,2016/17,2017-03-15,Greater Noida Sports Complex Ground,1,1.7,Afghanistan,Ireland,Mohammad Shahzad,Noor Ali Zadran,GH Dockrell,1,0,,,,,,,,,
1040491,2016/17,2017-03-15,Greater Noida Sports Complex Ground,1,2.1,Afghanistan,Ireland,Mohammad Shahzad,Noor Ali Zadran,TJ Murtagh,0,0,,,,,,,,,
1040491,2016/17,2017-03-15,Greater Noida Sports Complex Ground,1,2.2,Afghanistan,Ireland,Mohammad Shahzad,Noor Ali Zadran,TJ Murtagh,1,0,,,,,,,,,
1040491,2016/17,2017-03-15,Greater Noida Sports Complex Ground,1,2.3,Afghanistan,Ireland,Noor Ali Zadran,Mohammad Shahzad,TJ Murtagh,0,0,,,,,,,,,
1040491,2016/17,2017-03-15,Greater Noida Sports Complex Ground,1,2.4,Afghanistan,Ireland,Noor Ali Zadran,Mohammad Shahzad,TJ Murtagh,0,0,,,,,,,,,
1040491,2016/17,2017-03-15,Greater Noida Sports Complex Ground,1,2.5,Afghanistan,Ireland,Noor Ali Zadran,Mohammad Shahzad,TJ Murtagh,0,0,,,,,,,,,
1040491,2016/17,2017-03-15,Greater Noida Sports Complex Ground,1,2.6,Afghanistan,Ireland,Noor Ali Zadran,Mohammad Shahzad,TJ Murtagh,0,0,,,,,,,,,
1040491,2016/17,2017-03-15,Greater Noida Sports Complex Ground,1,3.1,Afghanistan,Ireland,Mohammad Shahzad,Noor Ali Zadran,GH Dockrell,0,0,,,,,,,,,
1040491,2016/17,2017-03-15,Greater Noida Sports Complex Ground,1,3.2,Afghanistan,Ireland,Mohammad Shahzad,Noor Ali Zadran,GH Dockrell,1,0,,,,,,,,,
1040491,2016/17,2017-03-15,Greater Noida Sports Complex Ground,1,3.3,Afghanistan,Ireland,Noor Ali Zadran,Mohammad Shahzad,GH Dockrell,1,0,,,,,,,,,
1040491,2016/17,2017-03-15,Greater Noida Sports Complex Ground,1,3.4,Afghanistan,Ireland,Mohammad Shahzad,Noor Ali Zadran,GH Dockrell,1,0,,,,,,,,,
1040491,2016/17,2017-03-15,Greater Noida Sports Complex Ground,1,3.5,Afghanistan,Ireland,Noor Ali Zadran,Mohammad Shahzad,GH Dockrell,1,0,,,,,,,,,
1040491,2016/17,2017-03-15,Greater Noida Sports Complex Ground,1,3.6,Afghanistan,Ireland,Mohammad Shahzad,Noor Ali Zadran,GH Dockrell,4,0,,,,,,,,,
1040491,2016/17,2017-03-15,Greater Noida Sports Complex Ground,1,4.1,Afghanistan,Ireland,Noor Ali Zadran,Mohammad Shahzad,TJ Murtagh,1,0,,,,,,,,,
1040491,2016/17,2017-03-15,Greater Noida Sports Complex Ground,1,4.2,Afghanistan,Ireland,Mohammad Shahzad,Noor Ali Zadran,TJ Murtagh,1,0,,,,,,,,,
1040491,2016/17,2017-03-15,Greater Noida Sports Complex Ground,1,4.3,Afghanistan,Ireland,Noor Ali Zadran,Mohammad Shahzad,TJ Murtagh,0,0,,,,,,,,,
1040491,2016/17,2017-03-15,Greater Noida Sports Complex Ground,1,4.4,Afghanistan,Ireland,Noor Ali Zadran,Mohammad Shahzad,TJ Murtagh,1,0,,,,,,,,,
1040491,2016/17,2017-03-15,Greater Noida Sports Complex Ground,1,4.5,Afghanistan,Ireland,Mohammad Shahzad,Noor Ali Zadran,TJ Murtagh,0,0,,,,,,,,,
1040491,2016/17,2017-03-15,Greater Noida Sports Complex Ground,1,4.6,Afghanistan,Ireland,Mohammad Shahzad,Noor Ali Zadran,TJ Murtagh,0,0,,,,,,,,,
1040491,2016/17,2017-03-15,Greater Noida Sports Complex Ground,1,5.1,Afghanistan,Ireland,Noor Ali Zadran,Mohammad Shahzad,PKD Chase,0,0,,,,,,,,,
1040491,2016/17,2017-03-15,Greater Noida Sports Complex Ground,1,5.2,Afghanistan,Ireland,Noor Ali Zadran,Mohammad Shahzad,PKD Chase,1,0,,,,,,,,,
1040491,2016/17,2017-03-15,Greater Noida Sports Complex Ground,1,5.3,Afghanistan,Ireland,Mohammad Shahzad,Noor Ali Zadran,PKD Chase,0,1,,1,,,,,,,
1040491,2016/17,2017-03-15,Greater Noida Sports Complex Ground,1,5.4,Afghanistan,Ireland,Mohammad Shahzad,Noor Ali Zadran,PKD Chase,4,0,,,,,,,,,
1040491,2016/17,2017-03-15,Greater Noida Sports Complex Ground,1,5.5,Afghanistan,Ireland,Mohammad Shahzad,Noor Ali Zadran,PKD Chase,0,0,,,,,,,,,
1040491,2016/17,2017-03-15,Greater Noida Sports Complex Ground,1,5.6,Afghanistan,Ireland,Mohammad Shahzad,Noor Ali Zadran,PKD Chase,4,0,,,,,,,,,
1040491,2016/17,2017-03-15,Greater Noida Sports Complex Ground,1,5.7,Afghanistan,Ireland,Mohammad Shahzad,Noor Ali Zadran,PKD Chase,0,0,,,,,,,,,
1040491,2016/17,2017-03-15,Greater Noida Sports Complex Ground,1,6.1,Afghanistan,Ireland,Noor Ali Zadran,Mohammad Shahzad,TJ Murtagh,0,0,,,,,,,,,
1040491,2016/17,2017-03-15,Greater Noida Sports Complex Ground,1,6.2,Afghanistan,Ireland,Noor Ali Zadran,Mohammad Shahzad,TJ Murtagh,1,0,,,,,,,,,
1040491,2016/17,2017-03-15,Greater Noida Sports Complex Ground,1,6.3,Afghanistan,Ireland,Mohammad Shahzad,Noor Ali Zadran,TJ Murtagh,0,0,,,,,,,,,
1040491,2016/17,2017-03-15,Greater Noida Sports Complex Ground,1,6.4,Afghanistan,Ireland,Mohammad Shahzad,Noor Ali Zadran,TJ Murtagh,0,0,,,,,,,,,
1040491,2016/17,2017-03-15,Greater Noida Sports Complex Ground,1,6.5,Afghanistan,Ireland,Mohammad Shahzad,Noor Ali Zadran,TJ Murtagh,1,0,,,,,,,,,
1040491,2016/17,2017-03-15,Greater Noida Sports Complex Ground,1,6.6,Afghanistan,Ireland,Noor Ali Zadran,Mohammad Shahzad,TJ Murtagh,0,0,,,,,,,,,
1040491,2016/17,2017-03-15,Greater Noida Sports Complex Ground,1,7.1,Afghanistan,Ireland,Mohammad Shahzad,Noor Ali Zadran,PKD Chase,0,0,,,,,,,,,
1040491,2016/17,2017-03-15,Greater Noida Sports Complex Ground,1,7.2,Afghanistan,Ireland,Mohammad Shahzad,Noor Ali Zadran,PKD Chase,4,0,,,,,,,,,
1040491,2016/17,2017-03-15,Greater Noida Sports Complex Ground,1,7.3,Afghanistan,Ireland,Mohammad Shahzad,Noor Ali Zadran,PKD Chase,4,0,,,,,,,,,
1040491,2016/17,2017-03-15,Greater Noida Sports Complex Ground,1,7.4,Afghanistan,Ireland,Mohammad Shahzad,Noor Ali Zadran,PKD Chase,0,0,,,,,,,,,
1040491,2016/17,2017-03-15,Greater Noida Sports Complex Ground,1,7.5,Afghanistan,Ireland,Mohammad Shahzad,Noor Ali Zadran,PKD Chase,0,0,,,,,,,,,
1040491,2016/17,2017-03-15,Greater Noida Sports Complex Ground,1,7.6,Afghanistan,Ireland,Mohammad Shahzad,Noor Ali Zadran,PKD Chase,0,0,,,,,,,,,
1040491,2016/17,2017-03-15,Greater Noida Sports Complex Ground,1,8.1,Afghanistan,Ireland,Noor Ali Zadran,Mohammad Shahzad,TJ Murtagh,4,0,,,,,,,,,
1040491,2016/17,2017-03-15,Greater Noida Sports Complex Ground,1,8.2,Afghanistan,Ireland,Noor Ali Zadran,Mohammad Shahzad,TJ Murtagh,0,0,,,,,,,,,
1040491,2016/17,2017-03-15,Greater Noida Sports Complex Ground,1,8.3,Afghanistan,Ireland,Noor Ali Zadran,Mohammad Shahzad,TJ Murtagh,0,0,,,,,,,,,
1040491,2016/17,2017-03-15,Greater Noida Sports Complex Ground,1,8.4,Afghanistan,Ireland,Noor Ali Zadran,Mohammad Shahzad,TJ Murtagh,1,0,,,,,,,,,
1040491,2016/17,2017-03-15,Greater Noida Sports Complex Ground,1,8.5,Afghanistan,Ireland,Mohammad Shahzad,Noor Ali Zadran,TJ Murtagh,0,0,,,,,,,,,
1040491,2016/17,2017-03-15,Greater Noida Sports Complex Ground,1,8.6,Afghanistan,Ireland,Mohammad Shahzad,Noor Ali Zadran,TJ Murtagh,0,0,,,,,,,,,
1040491,2016/17,2017-03-15,Greater Noida Sports Complex Ground,1,9.1,Afghanistan,Ireland,Noor Ali Zadran,Mohammad Shahzad,PKD Chase,0,0,,,,,,,,,
1040491,2016/17,2017-03-15,Greater Noida Sports Complex Ground,1,9.2,Afghanistan,Ireland,Noor Ali Zadran,Mohammad Shahzad,PKD Chase,1,0,,,,,,,,,
1040491,2016/17,2017-03-15,Greater Noida Sports Complex Ground,1,9.3,Afghanistan,Ireland,Mohammad Shahzad,Noor Ali Zadran,PKD Chase,0,1,,,,1,,,,,
1040491,2016/17,2017-03-15,Greater Noida Sports Complex Ground,1,9.4,Afghanistan,Ireland,Noor Ali Zadran,Mohammad Shahzad,PKD Chase,1,0,,,,,,,,,
1040491,2016/17,2017-03-15,Greater Noida Sports Complex Ground,1,9.5,Afghanistan,Ireland,Mohammad Shahzad,Noor Ali Zadran,PKD Chase,1,0,,,,,,,,,
1040491,2016/17,2017-03-15,Greater Noida Sports Complex Ground,1,9.6,Afghanistan,Ireland,Noor Ali Zadran,Mohammad Shahzad,PKD Chase,3,0,,,,,,,,,
1040491,2016/17,2017-03-15,Greater Noida Sports Complex Ground,1,10.1,Afghanistan,Ireland,Noor Ali Zadran,Mohammad Shahzad,J Mulder,1,0,,,,,,,,,
1040491,2016/17,2017-03-15,Greater Noida Sports Complex Ground,1,10.2,Afghanistan,Ireland,Mohammad Shahzad,Noor Ali Zadran,J Mulder,6,0,,,,,,,,,
1040491,2016/17,2017-03-15,Greater Noida Sports Complex Ground,1,10.3,Afghanistan,Ireland,Mohammad Shahzad,Noor Ali Zadran,J Mulder,0,0,,,,,,,,,
1040491,2016/17,2017-03-15,Greater Noida Sports Complex Ground,1,10.4,Afghanistan,Ireland,Mohammad Shahzad,Noor Ali Zadran,J Mulder,0,0,,,,,,,,,
1040491,2016/17,2017-03-15,Greater Noida Sports Complex Ground,1,10.5,Afghanistan,Ireland,Mohammad Shahzad,Noor Ali Zadran,J Mulder,0,0,,,,,,run out,Mohammad Shahzad,,
1040491,2016/17,2017-03-15,Greater Noida Sports Complex Ground,1,10.6,Afghanistan,Ireland,Noor Ali Zadran,Rahmat Shah,J Mulder,3,0,,,,,,,,,
1040491,2016/17,2017-03-15,Greater Noida Sports Complex Ground,1,11.1,Afghanistan,Ireland,Noor Ali Zadran,Rahmat Shah,PKD Chase,0,0,,,,,,,,,
1040491,2016/17,2017-03-15,Greater Noida Sports Complex Ground,1,11.2,Afghanistan,Ireland,Noor Ali Zadran,Rahmat Shah,PKD Chase,1,0,,,,,,,,,
1040491,2016/17,2017-03-15,Greater Noida Sports Complex Ground,1,11.3,Afghanistan,Ireland,Rahmat Shah,Noor Ali Zadran,PKD Chase,0,0,,,,,,,,,
1040491,2016/17,2017-03-15,Greater Noida Sports Complex Ground,1,11.4,Afghanistan,Ireland,Rahmat Shah,Noor Ali Zadran,PKD Chase,0,0,,,,,,,,,
1040491,2016/17,2017-03-15,Greater Noida Sports Complex Ground,1,11.5,Afghanistan,Ireland,Rahmat Shah,Noor Ali Zadran,PKD Chase,4,0,,,,,,,,,
1040491,2016/17,2017-03-15,Greater Noida Sports Complex Ground,1,11.6,Afghanistan,Ireland,Rahmat Shah,Noor Ali Zadran,PKD Chase,0,0,,,,,,,,,
1040491,2016/17,2017-03-15,Greater Noida Sports Complex Ground,1,12.1,Afghanistan,Ireland,Noor Ali Zadran,Rahmat Shah,J Mulder,1,0,,,,,,,,,
1040491,2016/17,2017-03-15,Greater Noida Sports Complex Ground,1,12.2,Afghanistan,Ireland,Rahmat Shah,Noor Ali Zadran,J Mulder,1,0,,,,,,,,,
1040491,2016/17,2017-03-15,Greater Noida Sports Complex Ground,1,12.3,Afghanistan,Ireland,Noor Ali Zadran,Rahmat Shah,J Mulder,1,0,,,,,,,,,
1040491,2016/17,2017-03-15,Greater Noida Sports Complex Ground,1,12.4,Afghanistan,Ireland,Rahmat Shah,Noor Ali Zadran,J Mulder,0,0,,,,,,,,,
1040491,2016/17,2017-03-15,Greater Noida Sports Complex Ground,1,12.5,Afghanistan,Ireland,Rahmat Shah,Noor Ali Zadran,J Mulder,1,0,,,,,,,,,
1040491,2016/17,2017-03-15,Greater Noida Sports Complex Ground,1,12.6,Afghanistan,Ireland,Noor Ali Zadran,Rahmat Shah,J Mulder,4,0,,,,,,,,,
1040491,2016/17,2017-03-15,Greater Noida Sports Complex Ground,1,13.1,Afghanistan,Ireland,Rahmat Shah,Noor Ali Zadran,KJ O'Brien,0,0,,,,,,,,,
1040491,2016/17,2017-03-15,Greater Noida Sports Complex Ground,1,13.2,Afghanistan,Ireland,Rahmat Shah,Noor Ali Zadran,KJ O'Brien,0,0,,,,,,,,,
1040491,2016/17,2017-03-15,Greater Noida Sports Complex Ground,1,13.3,Afghanistan,Ireland,Rahmat Shah,Noor Ali Zadran,KJ O'Brien,0,0,,,,,,,,,
1040491,2016/17,2017-03-15,Greater Noida Sports Complex Ground,1,13.4,Afghanistan,Ireland,Rahmat Shah,Noor Ali Zadran,KJ O'Brien,1,0,,,,,,,,,
1040491,2016/17,2017-03-15,Greater Noida Sports Complex Ground,1,13.5,Afghanistan,Ireland,Noor Ali Zadran,Rahmat Shah,KJ O'Brien,0,0,,,,,,,,,
1040491,2016/17,2017-03-15,Greater Noida Sports Complex Ground,1,13.6,Afghanistan,Ireland,Noor Ali Zadran,Rahmat Shah,KJ O'Brien,0,0,,,,,,,,,
1040491,2016/17,2017-03-15,Greater Noida Sports Complex Ground,1,14.1,Afghanistan,Ireland,Rahmat Shah,Noor Ali Zadran,GH Dockrell,0,0,,,,,,,,,
1040491,2016/17,2017-03-15,Greater Noida Sports Complex Ground,1,14.2,Afghanistan,Ireland,Rahmat Shah,Noor Ali Zadran,GH Dockrell,0,0,,,,,,,,,
1040491,2016/17,2017-03-15,Greater Noida Sports Complex Ground,1,14.3,Afghanistan,Ireland,Rahmat Shah,Noor Ali Zadran,GH Dockrell,1,0,,,,,,,,,
1040491,2016/17,2017-03-15,Greater Noida Sports Complex Ground,1,14.4,Afghanistan,Ireland,Noor Ali Zadran,Rahmat Shah,GH Dockrell,3,0,,,,,,,,,
1040491,2016/17,2017-03-15,Greater Noida Sports Complex Ground,1,14.5,Afghanistan,Ireland,Rahmat Shah,Noor Ali Zadran,GH Dockrell,0,0,,,,,,,,,
1040491,2016/17,2017-03-15,Greater Noida Sports Complex Ground,1,14.6,Afghanistan,Ireland,Rahmat Shah,Noor Ali Zadran,GH Dockrell,1,0,,,,,,,,,
1040491,2016/17,2017-03-15,Greater Noida Sports Complex Ground,1,15.1,Afghanistan,Ireland,Rahmat Shah,Noor Ali Zadran,KJ O'Brien,0,0,,,,,,,,,
1040491,2016/17,2017-03-15,Greater Noida Sports Complex Ground,1,15.2,Afghanistan,Ireland,Rahmat Shah,Noor Ali Zadran,KJ O'Brien,1,0,,,,,,,,,
1040491,2016/17,2017-03-15,Greater Noida Sports Complex Ground,1,15.3,Afghanistan,Ireland,Noor Ali Zadran,Rahmat Shah,KJ O'Brien,1,0,,,,,,,,,
1040491,2016/17,2017-03-15,Greater Noida Sports Complex Ground,1,15.4,Afghanistan,Ireland,Rahmat Shah,Noor Ali Zadran,KJ O'Brien,6,0,,,,,,,,,
1040491,2016/17,2017-03-15,Greater Noida Sports Complex Ground,1,15.5,Afghanistan,Ireland,Rahmat Shah,Noor Ali Zadran,KJ O'Brien,1,0,,,,,,,,,
1040491,2016/17,2017-03-15,Greater Noida Sports Complex Ground,1,15.6,Afghanistan,Ireland,Noor Ali Zadran,Rahmat Shah,KJ O'Brien,1,0,,,,,,,,,
1040491,2016/17,2017-03-15,Greater Noida Sports Complex Ground,1,16.1,Afghanistan,Ireland,Noor Ali Zadran,Rahmat Shah,GH Dockrell,0,0,,,,,,,,,
1040491,2016/17,2017-03-15,Greater Noida Sports Complex Ground,1,16.2,Afghanistan,Ireland,Noor Ali Zadran,Rahmat Shah,GH Dockrell,0,0,,,,,,,,,
1040491,2016/17,2017-03-15,Greater Noida Sports Complex Ground,1,16.3,Afghanistan,Ireland,Noor Ali Zadran,Rahmat Shah,GH Dockrell,0,0,,,,,,,,,
1040491,2016/17,2017-03-15,Greater Noida Sports Complex Ground,1,16.4,Afghanistan,Ireland,Noor Ali Zadran,Rahmat Shah,GH Dockrell,0,0,,,,,,,,,
1040491,2016/17,2017-03-15,Greater Noida Sports Complex Ground,1,16.5,Afghanistan,Ireland,Noor Ali Zadran,Rahmat Shah,GH Dockrell,0,0,,,,,,,,,
1040491,2016/17,2017-03-15,Greater Noida Sports Complex Ground,1,16.6,Afghanistan,Ireland,Noor Ali Zadran,Rahmat Shah,GH Dockrell,0,0,,,,,,,,,
1040491,2016/17,2017-03-15,Greater Noida Sports Complex Ground,1,17.1,Afghanistan,Ireland,Rahmat Shah,Noor Ali Zadran,KJ O'Brien,0,0,,,,,,,,,
1040491,2016/17,2017-03-15,Greater Noida Sports Complex Ground,1,17.2,Afghanistan,Ireland,Rahmat Shah,Noor Ali Zadran,KJ O'Brien,0,0,,,,,,,,,
1040491,2016/17,2017-03-15,Greater Noida Sports Complex Ground,1,17.3,Afghanistan,Ireland,Rahmat Shah,Noor Ali Zadran,KJ O'Brien,4,0,,,,,,,,,
1040491,2016/17,2017-03-15,Greater Noida Sports Complex Ground,1,17.4,Afghanistan,Ireland,Rahmat Shah,Noor Ali Zadran,KJ O'Brien,2,0,,,,,,,,,
1040491,2016/17,2017-03-15,Greater Noida Sports Complex Ground,1,17.5,Afghanistan,Ireland,Rahmat Shah,Noor Ali Zadran,KJ O'Brien,1,0,,,,,,,,,
1040491,2016/17,2017-03-15,Greater Noida Sports Complex Ground,1,17.6,Afghanistan,Ireland,Noor Ali Zadran,Rahmat Shah,KJ O'Brien,0,0,,,,,,,,,
1040491,2016/17,2017-03-15,Greater Noida Sports Complex Ground,1,18.1,Afghanistan,Ireland,Rahmat Shah,Noor Ali Zadran,PR Stirling,0,0,,,,,,,,,
1040491,2016/17,2017-03-15,Greater Noida Sports Complex Ground,1,18.2,Afghanistan,Ireland,Rahmat Shah,Noor Ali Zadran,PR Stirling,0,0,,,,,,,,,
1040491,2016/17,2017-03-15,Greater Noida Sports Complex Ground,1,18.3,Afghanistan,Ireland,Rahmat Shah,Noor Ali Zadran,PR Stirling,1,0,,,,,,,,,
1040491,2016/17,2017-03-15,Greater Noida Sports Complex Ground,1,18.4,Afghanistan,Ireland,Noor Ali Zadran,Rahmat Shah,PR Stirling,0,0,,,,,,,,,
1040491,2016/17,2017-03-15,Greater Noida Sports Complex Ground,1,18.5,Afghanistan,Ireland,Noor Ali Zadran,Rahmat Shah,PR Stirling,0,0,,,,,,,,,
1040491,2016/17,2017-03-15,Greater Noida Sports Complex Ground,1,18.6,Afghanistan,Ireland,Noor Ali Zadran,Rahmat Shah,PR Stirling,1,0,,,,,,,,,
1040491,2016/17,2017-03-15,Greater Noida Sports Complex Ground,1,19.1,Afghanistan,Ireland,Noor Ali Zadran,Rahmat Shah,KJ O'Brien,0,0,,,,,,,,,
1040491,2016/17,2017-03-15,Greater Noida Sports Complex Ground,1,19.2,Afghanistan,Ireland,Noor Ali Zadran,Rahmat Shah,KJ O'Brien,1,0,,,,,,,,,
1040491,2016/17,2017-03-15,Greater Noida Sports Complex Ground,1,19.3,Afghanistan,Ireland,Rahmat Shah,Noor Ali Zadran,KJ O'Brien,0,0,,,,,,,,,
1040491,2016/17,2017-03-15,Greater Noida Sports Complex Ground,1,19.4,Afghanistan,Ireland,Rahmat Shah,Noor Ali Zadran,KJ O'Brien,0,0,,,,,,,,,
1040491,2016/17,2017-03-15,Greater Noida Sports Complex Ground,1,19.5,Afghanistan,Ireland,Rahmat Shah,Noor Ali Zadran,KJ O'Brien,0,0,,,,,,,,,
1040491,2016/17,2017-03-15,Greater Noida Sports Complex Ground,1,19.6,Afghanistan,Ireland,Rahmat Shah,Noor Ali Zadran,KJ O'Brien,1,0,,,,,,,,,
1040491,2016/17,2017-03-15,Greater Noida Sports Complex Ground,1,20.1,Afghanistan,Ireland,Rahmat Shah,Noor Ali Zadran,PR Stirling,1,0,,,,,,,,,
1040491,2016/17,2017-03-15,Greater Noida Sports Complex Ground,1,20.2,Afghanistan,Ireland,Noor Ali Zadran,Rahmat Shah,PR Stirling,0,0,,,,,,,,,
1040491,2016/17,2017-03-15,Greater Noida Sports Complex Ground,1,20.3,Afghanistan,Ireland,Noor Ali Zadran,Rahmat Shah,PR Stirling,1,0,,,,,,,,,
1040491,2016/17,2017-03-15,Greater Noida Sports Complex Ground,1,20.4,Afghanistan,Ireland,Rahmat Shah,Noor Ali Zadran,PR Stirling,1,0,,,,,,,,,
1040491,2016/17,2017-03-15,Greater Noida Sports Complex Ground,1,20.5,Afghanistan,Ireland,Noor Ali Zadran,Rahmat Shah,PR Stirling,0,0,,,,,,,,,
1040491,2016/17,2017-03-15,Greater Noida Sports Complex Ground,1,20.6,Afghanistan,Ireland,Noor Ali Zadran,Rahmat Shah,PR Stirling,0,0,,,,,,,,,
1040491,2016/17,2017-03-15,Greater Noida Sports Complex Ground,1,21.1,Afghanistan,Ireland,Rahmat Shah,Noor Ali Zadran,KJ O'Brien,0,0,,,,,,,,,
1040491,2016/17,2017-03-15,Greater Noida Sports Complex Ground,1,21.2,Afghanistan,Ireland,Rahmat Shah,Noor Ali Zadran,KJ O'Brien,1,0,,,,,,,,,
1040491,2016/17,2017-03-15,Greater Noida Sports Complex Ground,1,21.3,Afghanistan,Ireland,Noor Ali Zadran,Rahmat Shah,KJ O'Brien,0,0,,,,,,,,,
1040491,2016/17,2017-03-15,Greater Noida Sports Complex Ground,1,21.4,Afghanistan,Ireland,Noor Ali Zadran,Rahmat Shah,KJ O'Brien,1,0,,,,,,,,,
1040491,2016/17,2017-03-15,Greater Noida Sports Complex Ground,1,21.5,Afghanistan,Ireland,Rahmat Shah,Noor Ali Zadran,KJ O'Brien,0,0,,,,,,,,,
1040491,2016/17,2017-03-15,Greater Noida Sports Complex Ground,1,21.6,Afghanistan,Ireland,Rahmat Shah,Noor Ali Zadran,KJ O'Brien,2,0,,,,,,,,,
1040491,2016/17,2017-03-15,Greater Noida Sports Complex Ground,1,22.1,Afghanistan,Ireland,Noor Ali Zadran,Rahmat Shah,PR Stirling,0,0,,,,,,,,,
1040491,2016/17,2017-03-15,Greater Noida Sports Complex Ground,1,22.2,Afghanistan,Ireland,Noor Ali Zadran,Rahmat Shah,PR Stirling,1,0,,,,,,,,,
1040491,2016/17,2017-03-15,Greater Noida Sports Complex Ground,1,22.3,Afghanistan,Ireland,Rahmat Shah,Noor Ali Zadran,PR Stirling,0,0,,,,,,,,,
1040491,2016/17,2017-03-15,Greater Noida Sports Complex Ground,1,22.4,Afghanistan,Ireland,Rahmat Shah,Noor Ali Zadran,PR Stirling,6,0,,,,,,,,,
1040491,2016/17,2017-03-15,Greater Noida Sports Complex Ground,1,22.5,Afghanistan,Ireland,Rahmat Shah,Noor Ali Zadran,PR Stirling,0,0,,,,,,,,,
1040491,2016/17,2017-03-15,Greater Noida Sports Complex Ground,1,22.6,Afghanistan,Ireland,Rahmat Shah,Noor Ali Zadran,PR Stirling,1,0,,,,,,,,,
1040491,2016/17,2017-03-15,Greater Noida Sports Complex Ground,1,23.1,Afghanistan,Ireland,Rahmat Shah,Noor Ali Zadran,SR Thompson,1,0,,,,,,,,,
1040491,2016/17,2017-03-15,Greater Noida Sports Complex Ground,1,23.2,Afghanistan,Ireland,Noor Ali Zadran,Rahmat Shah,SR Thompson,0,0,,,,,,,,,
1040491,2016/17,2017-03-15,Greater Noida Sports Complex Ground,1,23.3,Afghanistan,Ireland,Noor Ali Zadran,Rahmat Shah,SR Thompson,0,0,,,,,,,,,
1040491,2016/17,2017-03-15,Greater Noida Sports Complex Ground,1,23.4,Afghanistan,Ireland,Noor Ali Zadran,Rahmat Shah,SR Thompson,0,0,,,,,,,,,
1040491,2016/17,2017-03-15,Greater Noida Sports Complex Ground,1,23.5,Afghanistan,Ireland,Noor Ali Zadran,Rahmat Shah,SR Thompson,1,0,,,,,,,,,
1040491,2016/17,2017-03-15,Greater Noida Sports Complex Ground,1,23.6,Afghanistan,Ireland,Rahmat Shah,Noor Ali Zadran,SR Thompson,4,0,,,,,,,,,
1040491,2016/17,2017-03-15,Greater Noida Sports Complex Ground,1,24.1,Afghanistan,Ireland,Noor Ali Zadran,Rahmat Shah,PR Stirling,0,0,,,,,,,,,
1040491,2016/17,2017-03-15,Greater Noida Sports Complex Ground,1,24.2,Afghanistan,Ireland,Noor Ali Zadran,Rahmat Shah,PR Stirling,1,0,,,,,,,,,
1040491,2016/17,2017-03-15,Greater Noida Sports Complex Ground,1,24.3,Afghanistan,Ireland,Rahmat Shah,Noor Ali Zadran,PR Stirling,0,0,,,,,,,,,
1040491,2016/17,2017-03-15,Greater Noida Sports Complex Ground,1,24.4,Afghanistan,Ireland,Rahmat Shah,Noor Ali Zadran,PR Stirling,0,0,,,,,,,,,
1040491,2016/17,2017-03-15,Greater Noida Sports Complex Ground,1,24.5,Afghanistan,Ireland,Rahmat Shah,Noor Ali Zadran,PR Stirling,0,0,,,,,,,,,
1040491,2016/17,2017-03-15,Greater Noida Sports Complex Ground,1,24.6,Afghanistan,Ireland,Rahmat Shah,Noor Ali Zadran,PR Stirling,1,0,,,,,,,,,
1040491,2016/17,2017-03-15,Greater Noida Sports Complex Ground,1,25.1,Afghanistan,Ireland,Rahmat Shah,Noor Ali Zadran,SR Thompson,1,0,,,,,,,,,
1040491,2016/17,2017-03-15,Greater Noida Sports Complex Ground,1,25.2,Afghanistan,Ireland,Noor Ali Zadran,Rahmat Shah,SR Thompson,0,0,,,,,,,,,
1040491,2016/17,2017-03-15,Greater Noida Sports Complex Ground,1,25.3,Afghanistan,Ireland,Noor Ali Zadran,Rahmat Shah,SR Thompson,1,0,,,,,,,,,
1040491,2016/17,2017-03-15,Greater Noida Sports Complex Ground,1,25.4,Afghanistan,Ireland,Rahmat Shah,Noor Ali Zadran,SR Thompson,0,0,,,,,,,,,
1040491,2016/17,2017-03-15,Greater Noida Sports Complex Ground,1,25.5,Afghanistan,Ireland,Rahmat Shah,Noor Ali Zadran,SR Thompson,0,0,,,,,,,,,
1040491,2016/17,2017-03-15,Greater Noida Sports Complex Ground,1,25.6,Afghanistan,Ireland,Rahmat Shah,Noor Ali Zadran,SR Thompson,0,0,,,,,,,,,
1040491,2016/17,2017-03-15,Greater Noida Sports Complex Ground,1,26.1,Afghanistan,Ireland,Noor Ali Zadran,Rahmat Shah,PR Stirling,1,0,,,,,,,,,
1040491,2016/17,2017-03-15,Greater Noida Sports Complex Ground,1,26.2,Afghanistan,Ireland,Rahmat Shah,Noor Ali Zadran,PR Stirling,1,0,,,,,,,,,
1040491,2016/17,2017-03-15,Greater Noida Sports Complex Ground,1,26.3,Afghanistan,Ireland,Noor Ali Zadran,Rahmat Shah,PR Stirling,1,0,,,,,,,,,
1040491,2016/17,2017-03-15,Greater Noida Sports Complex Ground,1,26.4,Afghanistan,Ireland,Rahmat Shah,Noor Ali Zadran,PR Stirling,1,0,,,,,,,,,
1040491,2016/17,2017-03-15,Greater Noida Sports Complex Ground,1,26.5,Afghanistan,Ireland,Noor Ali Zadran,Rahmat Shah,PR Stirling,1,0,,,,,,,,,
1040491,2016/17,2017-03-15,Greater Noida Sports Complex Ground,1,26.6,Afghanistan,Ireland,Rahmat Shah,Noor Ali Zadran,PR Stirling,0,0,,,,,,,,,
1040491,2016/17,2017-03-15,Greater Noida Sports Complex Ground,1,27.1,Afghanistan,Ireland,Noor Ali Zadran,Rahmat Shah,SR Thompson,1,0,,,,,,,,,
1040491,2016/17,2017-03-15,Greater Noida Sports Complex Ground,1,27.2,Afghanistan,Ireland,Rahmat Shah,Noor Ali Zadran,SR Thompson,1,0,,,,,,,,,
1040491,2016/17,2017-03-15,Greater Noida Sports Complex Ground,1,27.3,Afghanistan,Ireland,Noor Ali Zadran,Rahmat Shah,SR Thompson,1,0,,,,,,,,,
1040491,2016/17,2017-03-15,Greater Noida Sports Complex Ground,1,27.4,Afghanistan,Ireland,Rahmat Shah,Noor Ali Zadran,SR Thompson,0,0,,,,,,,,,
1040491,2016/17,2017-03-15,Greater Noida Sports Complex Ground,1,27.5,Afghanistan,Ireland,Rahmat Shah,Noor Ali Zadran,SR Thompson,2,0,,,,,,,,,
1040491,2016/17,2017-03-15,Greater Noida Sports Complex Ground,1,27.6,Afghanistan,Ireland,Rahmat Shah,Noor Ali Zadran,SR Thompson,1,0,,,,,,,,,
1040491,2016/17,2017-03-15,Greater Noida Sports Complex Ground,1,28.1,Afghanistan,Ireland,Rahmat Shah,Noor Ali Zadran,PKD Chase,0,0,,,,,,,,,
1040491,2016/17,2017-03-15,Greater Noida Sports Complex Ground,1,28.2,Afghanistan,Ireland,Rahmat Shah,Noor Ali Zadran,PKD Chase,0,0,,,,,,,,,
1040491,2016/17,2017-03-15,Greater Noida Sports Complex Ground,1,28.3,Afghanistan,Ireland,Rahmat Shah,Noor Ali Zadran,PKD Chase,1,0,,,,,,,,,
1040491,2016/17,2017-03-15,Greater Noida Sports Complex Ground,1,28.4,Afghanistan,Ireland,Noor Ali Zadran,Rahmat Shah,PKD Chase,1,0,,,,,,,,,
1040491,2016/17,2017-03-15,Greater Noida Sports Complex Ground,1,28.5,Afghanistan,Ireland,Rahmat Shah,Noor Ali Zadran,PKD Chase,0,0,,,,,,,,,
1040491,2016/17,2017-03-15,Greater Noida Sports Complex Ground,1,28.6,Afghanistan,Ireland,Rahmat Shah,Noor Ali Zadran,PKD Chase,1,0,,,,,,,,,
1040491,2016/17,2017-03-15,Greater Noida Sports Complex Ground,1,29.1,Afghanistan,Ireland,Rahmat Shah,Noor Ali Zadran,GH Dockrell,0,0,,,,,,,,,
1040491,2016/17,2017-03-15,Greater Noida Sports Complex Ground,1,29.2,Afghanistan,Ireland,Rahmat Shah,Noor Ali Zadran,GH Dockrell,0,0,,,,,,,,,
1040491,2016/17,2017-03-15,Greater Noida Sports Complex Ground,1,29.3,Afghanistan,Ireland,Rahmat Shah,Noor Ali Zadran,GH Dockrell,1,0,,,,,,,,,
1040491,2016/17,2017-03-15,Greater Noida Sports Complex Ground,1,29.4,Afghanistan,Ireland,Noor Ali Zadran,Rahmat Shah,GH Dockrell,0,0,,,,,,caught,Noor Ali Zadran,,
1040491,2016/17,2017-03-15,Greater Noida Sports Complex Ground,1,29.5,Afghanistan,Ireland,Asghar Stanikzai,Rahmat Shah,GH Dockrell,1,0,,,,,,,,,
1040491,2016/17,2017-03-15,Greater Noida Sports Complex Ground,1,29.6,Afghanistan,Ireland,Rahmat Shah,Asghar Stanikzai,GH Dockrell,1,0,,,,,,,,,
1040491,2016/17,2017-03-15,Greater Noida Sports Complex Ground,1,30.1,Afghanistan,Ireland,Rahmat Shah,Asghar Stanikzai,PKD Chase,0,0,,,,,,,,,
1040491,2016/17,2017-03-15,Greater Noida Sports Complex Ground,1,30.2,Afghanistan,Ireland,Rahmat Shah,Asghar Stanikzai,PKD Chase,0,0,,,,,,,,,
1040491,2016/17,2017-03-15,Greater Noida Sports Complex Ground,1,30.3,Afghanistan,Ireland,Rahmat Shah,Asghar Stanikzai,PKD Chase,1,0,,,,,,,,,
1040491,2016/17,2017-03-15,Greater Noida Sports Complex Ground,1,30.4,Afghanistan,Ireland,Asghar Stanikzai,Rahmat Shah,PKD Chase,0,0,,,,,,,,,
1040491,2016/17,2017-03-15,Greater Noida Sports Complex Ground,1,30.5,Afghanistan,Ireland,Asghar Stanikzai,Rahmat Shah,PKD Chase,4,0,,,,,,,,,
1040491,2016/17,2017-03-15,Greater Noida Sports Complex Ground,1,30.6,Afghanistan,Ireland,Asghar Stanikzai,Rahmat Shah,PKD Chase,0,0,,,,,,,,,
1040491,2016/17,2017-03-15,Greater Noida Sports Complex Ground,1,31.1,Afghanistan,Ireland,Rahmat Shah,Asghar Stanikzai,GH Dockrell,4,0,,,,,,,,,
1040491,2016/17,2017-03-15,Greater Noida Sports Complex Ground,1,31.2,Afghanistan,Ireland,Rahmat Shah,Asghar Stanikzai,GH Dockrell,0,0,,,,,,,,,
1040491,2016/17,2017-03-15,Greater Noida Sports Complex Ground,1,31.3,Afghanistan,Ireland,Rahmat Shah,Asghar Stanikzai,GH Dockrell,1,0,,,,,,,,,
1040491,2016/17,2017-03-15,Greater Noida Sports Complex Ground,1,31.4,Afghanistan,Ireland,Asghar Stanikzai,Rahmat Shah,GH Dockrell,0,0,,,,,,,,,
1040491,2016/17,2017-03-15,Greater Noida Sports Complex Ground,1,31.5,Afghanistan,Ireland,Asghar Stanikzai,Rahmat Shah,GH Dockrell,1,0,,,,,,,,,
1040491,2016/17,2017-03-15,Greater Noida Sports Complex Ground,1,31.6,Afghanistan,Ireland,Rahmat Shah,Asghar Stanikzai,GH Dockrell,1,0,,,,,,,,,
1040491,2016/17,2017-03-15,Greater Noida Sports Complex Ground,1,32.1,Afghanistan,Ireland,Rahmat Shah,Asghar Stanikzai,TJ Murtagh,1,0,,,,,,,,,
1040491,2016/17,2017-03-15,Greater Noida Sports Complex Ground,1,32.2,Afghanistan,Ireland,Asghar Stanikzai,Rahmat Shah,TJ Murtagh,1,0,,,,,,,,,
1040491,2016/17,2017-03-15,Greater Noida Sports Complex Ground,1,32.3,Afghanistan,Ireland,Rahmat Shah,Asghar Stanikzai,TJ Murtagh,0,0,,,,,,,,,
1040491,2016/17,2017-03-15,Greater Noida Sports Complex Ground,1,32.4,Afghanistan,Ireland,Rahmat Shah,Asghar Stanikzai,TJ Murtagh,1,0,,,,,,,,,
1040491,2016/17,2017-03-15,Greater Noida Sports Complex Ground,1,32.5,Afghanistan,Ireland,Asghar Stanikzai,Rahmat Shah,TJ Murtagh,0,0,,,,,,,,,
1040491,2016/17,2017-03-15,Greater Noida Sports Complex Ground,1,32.6,Afghanistan,Ireland,Asghar Stanikzai,Rahmat Shah,TJ Murtagh,0,0,,,,,,,,,
1040491,2016/17,2017-03-15,Greater Noida Sports Complex Ground,1,33.1,Afghanistan,Ireland,Rahmat Shah,Asghar Stanikzai,GH Dockrell,0,0,,,,,,,,,
1040491,2016/17,2017-03-15,Greater Noida Sports Complex Ground,1,33.2,Afghanistan,Ireland,Rahmat Shah,Asghar Stanikzai,GH Dockrell,6,0,,,,,,,,,
1040491,2016/17,2017-03-15,Greater Noida Sports Complex Ground,1,33.3,Afghanistan,Ireland,Rahmat Shah,Asghar Stanikzai,GH Dockrell,1,0,,,,,,,,,
1040491,2016/17,2017-03-15,Greater Noida Sports Complex Ground,1,33.4,Afghanistan,Ireland,Asghar Stanikzai,Rahmat Shah,GH Dockrell,1,0,,,,,,,,,
1040491,2016/17,2017-03-15,Greater Noida Sports Complex Ground,1,33.5,Afghanistan,Ireland,Rahmat Shah,Asghar Stanikzai,GH Dockrell,1,0,,,,,,,,,
1040491,2016/17,2017-03-15,Greater Noida Sports Complex Ground,1,33.6,Afghanistan,Ireland,Asghar Stanikzai,Rahmat Shah,GH Dockrell,1,0,,,,,,,,,
1040491,2016/17,2017-03-15,Greater Noida Sports Complex Ground,1,34.1,Afghanistan,Ireland,Asghar Stanikzai,Rahmat Shah,TJ Murtagh,0,0,,,,,,,,,
1040491,2016/17,2017-03-15,Greater Noida Sports Complex Ground,1,34.2,Afghanistan,Ireland,Asghar Stanikzai,Rahmat Shah,TJ Murtagh,1,0,,,,,,,,,
1040491,2016/17,2017-03-15,Greater Noida Sports Complex Ground,1,34.3,Afghanistan,Ireland,Rahmat Shah,Asghar Stanikzai,TJ Murtagh,1,0,,,,,,,,,
1040491,2016/17,2017-03-15,Greater Noida Sports Complex Ground,1,34.4,Afghanistan,Ireland,Asghar Stanikzai,Rahmat Shah,TJ Murtagh,0,0,,,,,,,,,
1040491,2016/17,2017-03-15,Greater Noida Sports Complex Ground,1,34.5,Afghanistan,Ireland,Asghar Stanikzai,Rahmat Shah,TJ Murtagh,0,0,,,,,,caught,Asghar Stanikzai,,
1040491,2016/17,2017-03-15,Greater Noida Sports Complex Ground,1,34.6,Afghanistan,Ireland,Hashmatullah Shahidi,Rahmat Shah,TJ Murtagh,0,0,,,,,,,,,
1040491,2016/17,2017-03-15,Greater Noida Sports Complex Ground,1,35.1,Afghanistan,Ireland,Rahmat Shah,Hashmatullah Shahidi,GH Dockrell,1,0,,,,,,,,,
1040491,2016/17,2017-03-15,Greater Noida Sports Complex Ground,1,35.2,Afghanistan,Ireland,Hashmatullah Shahidi,Rahmat Shah,GH Dockrell,1,0,,,,,,,,,
1040491,2016/17,2017-03-15,Greater Noida Sports Complex Ground,1,35.3,Afghanistan,Ireland,Rahmat Shah,Hashmatullah Shahidi,GH Dockrell,0,0,,,,,,,,,
1040491,2016/17,2017-03-15,Greater Noida Sports Complex Ground,1,35.4,Afghanistan,Ireland,Rahmat Shah,Hashmatullah Shahidi,GH Dockrell,1,0,,,,,,,,,
1040491,2016/17,2017-03-15,Greater Noida Sports Complex Ground,1,35.5,Afghanistan,Ireland,Hashmatullah Shahidi,Rahmat Shah,GH Dockrell,0,0,,,,,,,,,
1040491,2016/17,2017-03-15,Greater Noida Sports Complex Ground,1,35.6,Afghanistan,Ireland,Hashmatullah Shahidi,Rahmat Shah,GH Dockrell,0,0,,,,,,,,,
1040491,2016/17,2017-03-15,Greater Noida Sports Complex Ground,1,36.1,Afghanistan,Ireland,Rahmat Shah,Hashmatullah Shahidi,KJ O'Brien,0,0,,,,,,,,,
1040491,2016/17,2017-03-15,Greater Noida Sports Complex Ground,1,36.2,Afghanistan,Ireland,Rahmat Shah,Hashmatullah Shahidi,KJ O'Brien,0,0,,,,,,,,,
1040491,2016/17,2017-03-15,Greater Noida Sports Complex Ground,1,36.3,Afghanistan,Ireland,Rahmat Shah,Hashmatullah Shahidi,KJ O'Brien,1,0,,,,,,,,,
1040491,2016/17,2017-03-15,Greater Noida Sports Complex Ground,1,36.4,Afghanistan,Ireland,Hashmatullah Shahidi,Rahmat Shah,KJ O'Brien,0,0,,,,,,,,,
1040491,2016/17,2017-03-15,Greater Noida Sports Complex Ground,1,36.5,Afghanistan,Ireland,Hashmatullah Shahidi,Rahmat Shah,KJ O'Brien,4,0,,,,,,,,,
1040491,2016/17,2017-03-15,Greater Noida Sports Complex Ground,1,36.6,Afghanistan,Ireland,Hashmatullah Shahidi,Rahmat Shah,KJ O'Brien,1,0,,,,,,,,,
1040491,2016/17,2017-03-15,Greater Noida Sports Complex Ground,1,37.1,Afghanistan,Ireland,Hashmatullah Shahidi,Rahmat Shah,GH Dockrell,4,0,,,,,,,,,
1040491,2016/17,2017-03-15,Greater Noida Sports Complex Ground,1,37.2,Afghanistan,Ireland,Hashmatullah Shahidi,Rahmat Shah,GH Dockrell,0,0,,,,,,,,,
1040491,2016/17,2017-03-15,Greater Noida Sports Complex Ground,1,37.3,Afghanistan,Ireland,Hashmatullah Shahidi,Rahmat Shah,GH Dockrell,1,0,,,,,,,,,
1040491,2016/17,2017-03-15,Greater Noida Sports Complex Ground,1,37.4,Afghanistan,Ireland,Rahmat Shah,Hashmatullah Shahidi,GH Dockrell,1,0,,,,,,,,,
1040491,2016/17,2017-03-15,Greater Noida Sports Complex Ground,1,37.5,Afghanistan,Ireland,Hashmatullah Shahidi,Rahmat Shah,GH Dockrell,1,0,,,,,,,,,
1040491,2016/17,2017-03-15,Greater Noida Sports Complex Ground,1,37.6,Afghanistan,Ireland,Rahmat Shah,Hashmatullah Shahidi,GH Dockrell,1,0,,,,,,,,,
1040491,2016/17,2017-03-15,Greater Noida Sports Complex Ground,1,38.1,Afghanistan,Ireland,Rahmat Shah,Hashmatullah Shahidi,KJ O'Brien,0,0,,,,,,caught,Rahmat Shah,,
1040491,2016/17,2017-03-15,Greater Noida Sports Complex Ground,1,38.2,Afghanistan,Ireland,Samiullah Shenwari,Hashmatullah Shahidi,KJ O'Brien,0,0,,,,,,,,,
1040491,2016/17,2017-03-15,Greater Noida Sports Complex Ground,1,38.3,Afghanistan,Ireland,Samiullah Shenwari,Hashmatullah Shahidi,KJ O'Brien,0,0,,,,,,,,,
1040491,2016/17,2017-03-15,Greater Noida Sports Complex Ground,1,38.4,Afghanistan,Ireland,Samiullah Shenwari,Hashmatullah Shahidi,KJ O'Brien,1,0,,,,,,,,,
1040491,2016/17,2017-03-15,Greater Noida Sports Complex Ground,1,38.5,Afghanistan,Ireland,Hashmatullah Shahidi,Samiullah Shenwari,KJ O'Brien,1,0,,,,,,,,,
1040491,2016/17,2017-03-15,Greater Noida Sports Complex Ground,1,38.6,Afghanistan,Ireland,Samiullah Shenwari,Hashmatullah Shahidi,KJ O'Brien,1,0,,,,,,,,,
1040491,2016/17,2017-03-15,Greater Noida Sports Complex Ground,1,39.1,Afghanistan,Ireland,Samiullah Shenwari,Hashmatullah Shahidi,PKD Chase,0,0,,,,,,,,,
1040491,2016/17,2017-03-15,Greater Noida Sports Complex Ground,1,39.2,Afghanistan,Ireland,Samiullah Shenwari,Hashmatullah Shahidi,PKD Chase,1,0,,,,,,,,,
1040491,2016/17,2017-03-15,Greater Noida Sports Complex Ground,1,39.3,Afghanistan,Ireland,Hashmatullah Shahidi,Samiullah Shenwari,PKD Chase,0,0,,,,,,,,,
1040491,2016/17,2017-03-15,Greater Noida Sports Complex Ground,1,39.4,Afghanistan,Ireland,Hashmatullah Shahidi,Samiullah Shenwari,PKD Chase,0,0,,,,,,,,,
1040491,2016/17,2017-03-15,Greater Noida Sports Complex Ground,1,39.5,Afghanistan,Ireland,Hashmatullah Shahidi,Samiullah Shenwari,PKD Chase,1,0,,,,,,,,,
1040491,2016/17,2017-03-15,Greater Noida Sports Complex Ground,1,39.6,Afghanistan,Ireland,Samiullah Shenwari,Hashmatullah Shahidi,PKD Chase,4,0,,,,,,,,,
1040491,2016/17,2017-03-15,Greater Noida Sports Complex Ground,1,40.1,Afghanistan,Ireland,Hashmatullah Shahidi,Samiullah Shenwari,KJ O'Brien,0,0,,,,,,,,,
1040491,2016/17,2017-03-15,Greater Noida Sports Complex Ground,1,40.2,Afghanistan,Ireland,Hashmatullah Shahidi,Samiullah Shenwari,KJ O'Brien,1,0,,,,,,,,,
1040491,2016/17,2017-03-15,Greater Noida Sports Complex Ground,1,40.3,Afghanistan,Ireland,Samiullah Shenwari,Hashmatullah Shahidi,KJ O'Brien,0,0,,,,,,,,,
1040491,2016/17,2017-03-15,Greater Noida Sports Complex Ground,1,40.4,Afghanistan,Ireland,Samiullah Shenwari,Hashmatullah Shahidi,KJ O'Brien,0,0,,,,,,,,,
1040491,2016/17,2017-03-15,Greater Noida Sports Complex Ground,1,40.5,Afghanistan,Ireland,Samiullah Shenwari,Hashmatullah Shahidi,KJ O'Brien,0,0,,,,,,,,,
1040491,2016/17,2017-03-15,Greater Noida Sports Complex Ground,1,40.6,Afghanistan,Ireland,Samiullah Shenwari,Hashmatullah Shahidi,KJ O'Brien,0,0,,,,,,,,,
1040491,2016/17,2017-03-15,Greater Noida Sports Complex Ground,1,41.1,Afghanistan,Ireland,Hashmatullah Shahidi,Samiullah Shenwari,PKD Chase,0,0,,,,,,,,,
1040491,2016/17,2017-03-15,Greater Noida Sports Complex Ground,1,41.2,Afghanistan,Ireland,Hashmatullah Shahidi,Samiullah Shenwari,PKD Chase,0,0,,,,,,,,,
1040491,2016/17,2017-03-15,Greater Noida Sports Complex Ground,1,41.3,Afghanistan,Ireland,Hashmatullah Shahidi,Samiullah Shenwari,PKD Chase,0,0,,,,,,,,,
1040491,2016/17,2017-03-15,Greater Noida Sports Complex Ground,1,41.4,Afghanistan,Ireland,Hashmatullah Shahidi,Samiullah Shenwari,PKD Chase,1,0,,,,,,,,,
1040491,2016/17,2017-03-15,Greater Noida Sports Complex Ground,1,41.5,Afghanistan,Ireland,Samiullah Shenwari,Hashmatullah Shahidi,PKD Chase,0,3,3,,,,,,,,
1040491,2016/17,2017-03-15,Greater Noida Sports Complex Ground,1,41.6,Afghanistan,Ireland,Samiullah Shenwari,Hashmatullah Shahidi,PKD Chase,1,0,,,,,,,,,
1040491,2016/17,2017-03-15,Greater Noida Sports Complex Ground,1,41.7,Afghanistan,Ireland,Hashmatullah Shahidi,Samiullah Shenwari,PKD Chase,1,0,,,,,,,,,
1040491,2016/17,2017-03-15,Greater Noida Sports Complex Ground,1,42.1,Afghanistan,Ireland,Hashmatullah Shahidi,Samiullah Shenwari,TJ Murtagh,0,0,,,,,,,,,
1040491,2016/17,2017-03-15,Greater Noida Sports Complex Ground,1,42.2,Afghanistan,Ireland,Hashmatullah Shahidi,Samiullah Shenwari,TJ Murtagh,4,0,,,,,,,,,
1040491,2016/17,2017-03-15,Greater Noida Sports Complex Ground,1,42.3,Afghanistan,Ireland,Hashmatullah Shahidi,Samiullah Shenwari,TJ Murtagh,1,0,,,,,,,,,
1040491,2016/17,2017-03-15,Greater Noida Sports Complex Ground,1,42.4,Afghanistan,Ireland,Samiullah Shenwari,Hashmatullah Shahidi,TJ Murtagh,1,0,,,,,,,,,
1040491,2016/17,2017-03-15,Greater Noida Sports Complex Ground,1,42.5,Afghanistan,Ireland,Hashmatullah Shahidi,Samiullah Shenwari,TJ Murtagh,1,0,,,,,,,,,
1040491,2016/17,2017-03-15,Greater Noida Sports Complex Ground,1,42.6,Afghanistan,Ireland,Samiullah Shenwari,Hashmatullah Shahidi,TJ Murtagh,2,0,,,,,,,,,
1040491,2016/17,2017-03-15,Greater Noida Sports Complex Ground,1,43.1,Afghanistan,Ireland,Hashmatullah Shahidi,Samiullah Shenwari,KJ O'Brien,4,0,,,,,,,,,
1040491,2016/17,2017-03-15,Greater Noida Sports Complex Ground,1,43.2,Afghanistan,Ireland,Hashmatullah Shahidi,Samiullah Shenwari,KJ O'Brien,1,0,,,,,,,,,
1040491,2016/17,2017-03-15,Greater Noida Sports Complex Ground,1,43.3,Afghanistan,Ireland,Samiullah Shenwari,Hashmatullah Shahidi,KJ O'Brien,1,0,,,,,,,,,
1040491,2016/17,2017-03-15,Greater Noida Sports Complex Ground,1,43.4,Afghanistan,Ireland,Hashmatullah Shahidi,Samiullah Shenwari,KJ O'Brien,1,0,,,,,,,,,
1040491,2016/17,2017-03-15,Greater Noida Sports Complex Ground,1,43.5,Afghanistan,Ireland,Samiullah Shenwari,Hashmatullah Shahidi,KJ O'Brien,1,0,,,,,,,,,
1040491,2016/17,2017-03-15,Greater Noida Sports Complex Ground,1,43.6,Afghanistan,Ireland,Hashmatullah Shahidi,Samiullah Shenwari,KJ O'Brien,2,0,,,,,,,,,
1040491,2016/17,2017-03-15,Greater Noida Sports Complex Ground,1,44.1,Afghanistan,Ireland,Samiullah Shenwari,Hashmatullah Shahidi,GH Dockrell,1,0,,,,,,,,,
1040491,2016/17,2017-03-15,Greater Noida Sports Complex Ground,1,44.2,Afghanistan,Ireland,Hashmatullah Shahidi,Samiullah Shenwari,GH Dockrell,1,0,,,,,,,,,
1040491,2016/17,2017-03-15,Greater Noida Sports Complex Ground,1,44.3,Afghanistan,Ireland,Samiullah Shenwari,Hashmatullah Shahidi,GH Dockrell,6,0,,,,,,,,,
1040491,2016/17,2017-03-15,Greater Noida Sports Complex Ground,1,44.4,Afghanistan,Ireland,Samiullah Shenwari,Hashmatullah Shahidi,GH Dockrell,6,0,,,,,,,,,
1040491,2016/17,2017-03-15,Greater Noida Sports Complex Ground,1,44.5,Afghanistan,Ireland,Samiullah Shenwari,Hashmatullah Shahidi,GH Dockrell,0,0,,,,,,,,,
1040491,2016/17,2017-03-15,Greater Noida Sports Complex Ground,1,44.6,Afghanistan,Ireland,Samiullah Shenwari,Hashmatullah Shahidi,GH Dockrell,4,0,,,,,,,,,
1040491,2016/17,2017-03-15,Greater Noida Sports Complex Ground,1,45.1,Afghanistan,Ireland,Hashmatullah Shahidi,Samiullah Shenwari,KJ O'Brien,0,0,,,,,,caught,Hashmatullah Shahidi,,
1040491,2016/17,2017-03-15,Greater Noida Sports Complex Ground,1,45.2,Afghanistan,Ireland,Mohammad Nabi,Samiullah Shenwari,KJ O'Brien,1,0,,,,,,,,,
1040491,2016/17,2017-03-15,Greater Noida Sports Complex Ground,1,45.3,Afghanistan,Ireland,Samiullah Shenwari,Mohammad Nabi,KJ O'Brien,0,0,,,,,,caught,Samiullah Shenwari,,
1040491,2016/17,2017-03-15,Greater Noida Sports Complex Ground,1,45.4,Afghanistan,Ireland,Mohammad Nabi,Gulbadin Naib,KJ O'Brien,0,0,,,,,,,,,
1040491,2016/17,2017-03-15,Greater Noida Sports Complex Ground,1,45.5,Afghanistan,Ireland,Mohammad Nabi,Gulbadin Naib,KJ O'Brien,1,0,,,,,,,,,
1040491,2016/17,2017-03-15,Greater Noida Sports Complex Ground,1,45.6,Afghanistan,Ireland,Gulbadin Naib,Mohammad Nabi,KJ O'Brien,1,0,,,,,,,,,
1040491,2016/17,2017-03-15,Greater Noida Sports Complex Ground,1,46.1,Afghanistan,Ireland,Gulbadin Naib,Mohammad Nabi,TJ Murtagh,1,0,,,,,,,,,
1040491,2016/17,2017-03-15,Greater Noida Sports Complex Ground,1,46.2,Afghanistan,Ireland,Mohammad Nabi,Gulbadin Naib,TJ Murtagh,2,0,,,,,,,,,
1040491,2016/17,2017-03-15,Greater Noida Sports Complex Ground,1,46.3,Afghanistan,Ireland,Mohammad Nabi,Gulbadin Naib,TJ Murtagh,1,0,,,,,,,,,
1040491,2016/17,2017-03-15,Greater Noida Sports Complex Ground,1,46.4,Afghanistan,Ireland,Gulbadin Naib,Mohammad Nabi,TJ Murtagh,1,0,,,,,,,,,
1040491,2016/17,2017-03-15,Greater Noida Sports Complex Ground,1,46.5,Afghanistan,Ireland,Mohammad Nabi,Gulbadin Naib,TJ Murtagh,1,0,,,,,,,,,
1040491,2016/17,2017-03-15,Greater Noida Sports Complex Ground,1,46.6,Afghanistan,Ireland,Gulbadin Naib,Mohammad Nabi,TJ Murtagh,1,0,,,,,,,,,
1040491,2016/17,2017-03-15,Greater Noida Sports Complex Ground,1,47.1,Afghanistan,Ireland,Gulbadin Naib,Mohammad Nabi,PKD Chase,0,0,,,,,,,,,
1040491,2016/17,2017-03-15,Greater Noida Sports Complex Ground,1,47.2,Afghanistan,Ireland,Gulbadin Naib,Mohammad Nabi,PKD Chase,0,1,1,,,,,,,,
1040491,2016/17,2017-03-15,Greater Noida Sports Complex Ground,1,47.3,Afghanistan,Ireland,Gulbadin Naib,Mohammad Nabi,PKD Chase,1,0,,,,,,,,,
1040491,2016/17,2017-03-15,Greater Noida Sports Complex Ground,1,47.4,Afghanistan,Ireland,Mohammad Nabi,Gulbadin Naib,PKD Chase,1,0,,,,,,,,,
1040491,2016/17,2017-03-15,Greater Noida Sports Complex Ground,1,47.5,Afghanistan,Ireland,Gulbadin Naib,Mohammad Nabi,PKD Chase,1,0,,,,,,,,,
1040491,2016/17,2017-03-15,Greater Noida Sports Complex Ground,1,47.6,Afghanistan,Ireland,Mohammad Nabi,Gulbadin Naib,PKD Chase,6,0,,,,,,,,,
1040491,2016/17,2017-03-15,Greater Noida Sports Complex Ground,1,47.7,Afghanistan,Ireland,Mohammad Nabi,Gulbadin Naib,PKD Chase,1,0,,,,,,,,,
1040491,2016/17,2017-03-15,Greater Noida Sports Complex Ground,1,48.1,Afghanistan,Ireland,Mohammad Nabi,Gulbadin Naib,TJ Murtagh,2,0,,,,,,,,,
1040491,2016/17,2017-03-15,Greater Noida Sports Complex Ground,1,48.2,Afghanistan,Ireland,Mohammad Nabi,Gulbadin Naib,TJ Murtagh,4,0,,,,,,,,,
1040491,2016/17,2017-03-15,Greater Noida Sports Complex Ground,1,48.3,Afghanistan,Ireland,Mohammad Nabi,Gulbadin Naib,TJ Murtagh,0,0,,,,,,,,,
1040491,2016/17,2017-03-15,Greater Noida Sports Complex Ground,1,48.4,Afghanistan,Ireland,Mohammad Nabi,Gulbadin Naib,TJ Murtagh,4,0,,,,,,,,,
1040491,2016/17,2017-03-15,Greater Noida Sports Complex Ground,1,48.5,Afghanistan,Ireland,Mohammad Nabi,Gulbadin Naib,TJ Murtagh,1,0,,,,,,,,,
1040491,2016/17,2017-03-15,Greater Noida Sports Complex Ground,1,48.6,Afghanistan,Ireland,Gulbadin Naib,Mohammad Nabi,TJ Murtagh,1,0,,,,,,,,,
1040491,2016/17,2017-03-15,Greater Noida Sports Complex Ground,1,49.1,Afghanistan,Ireland,Gulbadin Naib,Mohammad Nabi,PKD Chase,0,0,,,,,,caught,Gulbadin Naib,,
1040491,2016/17,2017-03-15,Greater Noida Sports Complex Ground,1,49.2,Afghanistan,Ireland,Mohammad Nabi,Dawlat Zadran,PKD Chase,0,0,,,,,,,,,
1040491,2016/17,2017-03-15,Greater Noida Sports Complex Ground,1,49.3,Afghanistan,Ireland,Mohammad Nabi,Dawlat Zadran,PKD Chase,4,0,,,,,,,,,
1040491,2016/17,2017-03-15,Greater Noida Sports Complex Ground,1,49.4,Afghanistan,Ireland,Mohammad Nabi,Dawlat Zadran,PKD Chase,2,0,,,,,,,,,
1040491,2016/17,2017-03-15,Greater Noida Sports Complex Ground,1,49.5,Afghanistan,Ireland,Mohammad Nabi,Dawlat Zadran,PKD Chase,2,0,,,,,,,,,
1040491,2016/17,2017-03-15,Greater Noida Sports Complex Ground,1,49.6,Afghanistan,Ireland,Mohammad Nabi,Dawlat Zadran,PKD Chase,1,0,,,,,,,,,
1040491,2016/17,2017-03-15,Greater Noida Sports Complex Ground,2,0.1,Ireland,Afghanistan,EC Joyce,PR Stirling,Amir Hamza,1,0,,,,,,,,,
1040491,2016/17,2017-03-15,Greater Noida Sports Complex Ground,2,0.2,Ireland,Afghanistan,PR Stirling,EC Joyce,Amir Hamza,0,0,,,,,,,,,
1040491,2016/17,2017-03-15,Greater Noida Sports Complex Ground,2,0.3,Ireland,Afghanistan,PR Stirling,EC Joyce,Amir Hamza,1,0,,,,,,,,,
1040491,2016/17,2017-03-15,Greater Noida Sports Complex Ground,2,0.4,Ireland,Afghanistan,EC Joyce,PR Stirling,Amir Hamza,0,0,,,,,,,,,
1040491,2016/17,2017-03-15,Greater Noida Sports Complex Ground,2,0.5,Ireland,Afghanistan,EC Joyce,PR Stirling,Amir Hamza,1,0,,,,,,,,,
1040491,2016/17,2017-03-15,Greater Noida Sports Complex Ground,2,0.6,Ireland,Afghanistan,PR Stirling,EC Joyce,Amir Hamza,0,0,,,,,,,,,
1040491,2016/17,2017-03-15,Greater Noida Sports Complex Ground,2,1.1,Ireland,Afghanistan,EC Joyce,PR Stirling,Dawlat Zadran,0,0,,,,,,,,,
1040491,2016/17,2017-03-15,Greater Noida Sports Complex Ground,2,1.2,Ireland,Afghanistan,EC Joyce,PR Stirling,Dawlat Zadran,1,0,,,,,,,,,
1040491,2016/17,2017-03-15,Greater Noida Sports Complex Ground,2,1.3,Ireland,Afghanistan,PR Stirling,EC Joyce,Dawlat Zadran,0,0,,,,,,,,,
1040491,2016/17,2017-03-15,Greater Noida Sports Complex Ground,2,1.4,Ireland,Afghanistan,PR Stirling,EC Joyce,Dawlat Zadran,0,0,,,,,,,,,
1040491,2016/17,2017-03-15,Greater Noida Sports Complex Ground,2,1.5,Ireland,Afghanistan,PR Stirling,EC Joyce,Dawlat Zadran,4,1,,1,,,,,,,
1040491,2016/17,2017-03-15,Greater Noida Sports Complex Ground,2,1.6,Ireland,Afghanistan,PR Stirling,EC Joyce,Dawlat Zadran,2,0,,,,,,,,,
1040491,2016/17,2017-03-15,Greater Noida Sports Complex Ground,2,1.7,Ireland,Afghanistan,PR Stirling,EC Joyce,Dawlat Zadran,0,0,,,,,,,,,
1040491,2016/17,2017-03-15,Greater Noida Sports Complex Ground,2,2.1,Ireland,Afghanistan,EC Joyce,PR Stirling,Amir Hamza,0,0,,,,,,,,,
1040491,2016/17,2017-03-15,Greater Noida Sports Complex Ground,2,2.2,Ireland,Afghanistan,EC Joyce,PR Stirling,Amir Hamza,1,0,,,,,,,,,
1040491,2016/17,2017-03-15,Greater Noida Sports Complex Ground,2,2.3,Ireland,Afghanistan,PR Stirling,EC Joyce,Amir Hamza,0,0,,,,,,,,,
1040491,2016/17,2017-03-15,Greater Noida Sports Complex Ground,2,2.4,Ireland,Afghanistan,PR Stirling,EC Joyce,Amir Hamza,0,0,,,,,,,,,
1040491,2016/17,2017-03-15,Greater Noida Sports Complex Ground,2,2.5,Ireland,Afghanistan,PR Stirling,EC Joyce,Amir Hamza,1,0,,,,,,,,,
1040491,2016/17,2017-03-15,Greater Noida Sports Complex Ground,2,2.6,Ireland,Afghanistan,EC Joyce,PR Stirling,Amir Hamza,0,0,,,,,,caught,EC Joyce,,
1040491,2016/17,2017-03-15,Greater Noida Sports Complex Ground,2,3.1,Ireland,Afghanistan,PR Stirling,WTS Porterfield,Dawlat Zadran,0,0,,,,,,,,,
1040491,2016/17,2017-03-15,Greater Noida Sports Complex Ground,2,3.2,Ireland,Afghanistan,PR Stirling,WTS Porterfield,Dawlat Zadran,2,0,,,,,,,,,
1040491,2016/17,2017-03-15,Greater Noida Sports Complex Ground,2,3.3,Ireland,Afghanistan,PR Stirling,WTS Porterfield,Dawlat Zadran,0,0,,,,,,,,,
1040491,2016/17,2017-03-15,Greater Noida Sports Complex Ground,2,3.4,Ireland,Afghanistan,PR Stirling,WTS Porterfield,Dawlat Zadran,4,0,,,,,,,,,
1040491,2016/17,2017-03-15,Greater Noida Sports Complex Ground,2,3.5,Ireland,Afghanistan,PR Stirling,WTS Porterfield,Dawlat Zadran,0,0,,,,,,,,,
1040491,2016/17,2017-03-15,Greater Noida Sports Complex Ground,2,3.6,Ireland,Afghanistan,PR Stirling,WTS Porterfield,Dawlat Zadran,0,0,,,,,,,,,
1040491,2016/17,2017-03-15,Greater Noida Sports Complex Ground,2,4.1,Ireland,Afghanistan,WTS Porterfield,PR Stirling,Amir Hamza,1,0,,,,,,,,,
1040491,2016/17,2017-03-15,Greater Noida Sports Complex Ground,2,4.2,Ireland,Afghanistan,PR Stirling,WTS Porterfield,Amir Hamza,1,0,,,,,,,,,
1040491,2016/17,2017-03-15,Greater Noida Sports Complex Ground,2,4.3,Ireland,Afghanistan,WTS Porterfield,PR Stirling,Amir Hamza,0,0,,,,,,,,,
1040491,2016/17,2017-03-15,Greater Noida Sports Complex Ground,2,4.4,Ireland,Afghanistan,WTS Porterfield,PR Stirling,Amir Hamza,4,0,,,,,,,,,
1040491,2016/17,2017-03-15,Greater Noida Sports Complex Ground,2,4.5,Ireland,Afghanistan,WTS Porterfield,PR Stirling,Amir Hamza,4,0,,,,,,,,,
1040491,2016/17,2017-03-15,Greater Noida Sports Complex Ground,2,4.6,Ireland,Afghanistan,WTS Porterfield,PR Stirling,Amir Hamza,0,0,,,,,,,,,
1040491,2016/17,2017-03-15,Greater Noida Sports Complex Ground,2,5.1,Ireland,Afghanistan,PR Stirling,WTS Porterfield,Dawlat Zadran,0,0,,,,,,,,,
1040491,2016/17,2017-03-15,Greater Noida Sports Complex Ground,2,5.2,Ireland,Afghanistan,PR Stirling,WTS Porterfield,Dawlat Zadran,0,0,,,,,,,,,
1040491,2016/17,2017-03-15,Greater Noida Sports Complex Ground,2,5.3,Ireland,Afghanistan,PR Stirling,WTS Porterfield,Dawlat Zadran,1,0,,,,,,,,,
1040491,2016/17,2017-03-15,Greater Noida Sports Complex Ground,2,5.4,Ireland,Afghanistan,WTS Porterfield,PR Stirling,Dawlat Zadran,4,0,,,,,,,,,
1040491,2016/17,2017-03-15,Greater Noida Sports Complex Ground,2,5.5,Ireland,Afghanistan,WTS Porterfield,PR Stirling,Dawlat Zadran,4,0,,,,,,,,,
1040491,2016/17,2017-03-15,Greater Noida Sports Complex Ground,2,5.6,Ireland,Afghanistan,WTS Porterfield,PR Stirling,Dawlat Zadran,0,0,,,,,,,,,
1040491,2016/17,2017-03-15,Greater Noida Sports Complex Ground,2,6.1,Ireland,Afghanistan,PR Stirling,WTS Porterfield,Gulbadin Naib,0,0,,,,,,,,,
1040491,2016/17,2017-03-15,Greater Noida Sports Complex Ground,2,6.2,Ireland,Afghanistan,PR Stirling,WTS Porterfield,Gulbadin Naib,0,0,,,,,,,,,
1040491,2016/17,2017-03-15,Greater Noida Sports Complex Ground,2,6.3,Ireland,Afghanistan,PR Stirling,WTS Porterfield,Gulbadin Naib,0,0,,,,,,,,,
1040491,2016/17,2017-03-15,Greater Noida Sports Complex Ground,2,6.4,Ireland,Afghanistan,PR Stirling,WTS Porterfield,Gulbadin Naib,0,0,,,,,,,,,
1040491,2016/17,2017-03-15,Greater Noida Sports Complex Ground,2,6.5,Ireland,Afghanistan,PR Stirling,WTS Porterfield,Gulbadin Naib,4,0,,,,,,,,,
1040491,2016/17,2017-03-15,Greater Noida Sports Complex Ground,2,6.6,Ireland,Afghanistan,PR Stirling,WTS Porterfield,Gulbadin Naib,0,0,,,,,,,,,
1040491,2016/17,2017-03-15,Greater Noida Sports Complex Ground,2,7.1,Ireland,Afghanistan,WTS Porterfield,PR Stirling,Mohammad Nabi,1,0,,,,,,,,,
1040491,2016/17,2017-03-15,Greater Noida Sports Complex Ground,2,7.2,Ireland,Afghanistan,PR Stirling,WTS Porterfield,Mohammad Nabi,0,0,,,,,,,,,
1040491,2016/17,2017-03-15,Greater Noida Sports Complex Ground,2,7.3,Ireland,Afghanistan,PR Stirling,WTS Porterfield,Mohammad Nabi,1,0,,,,,,,,,
1040491,2016/17,2017-03-15,Greater Noida Sports Complex Ground,2,7.4,Ireland,Afghanistan,WTS Porterfield,PR Stirling,Mohammad Nabi,0,0,,,,,,,,,
1040491,2016/17,2017-03-15,Greater Noida Sports Complex Ground,2,7.5,Ireland,Afghanistan,WTS Porterfield,PR Stirling,Mohammad Nabi,1,0,,,,,,,,,
1040491,2016/17,2017-03-15,Greater Noida Sports Complex Ground,2,7.6,Ireland,Afghanistan,PR Stirling,WTS Porterfield,Mohammad Nabi,1,0,,,,,,,,,
1040491,2016/17,2017-03-15,Greater Noida Sports Complex Ground,2,8.1,Ireland,Afghanistan,PR Stirling,WTS Porterfield,Gulbadin Naib,0,0,,,,,,,,,
1040491,2016/17,2017-03-15,Greater Noida Sports Complex Ground,2,8.2,Ireland,Afghanistan,PR Stirling,WTS Porterfield,Gulbadin Naib,1,0,,,,,,,,,
1040491,2016/17,2017-03-15,Greater Noida Sports Complex Ground,2,8.3,Ireland,Afghanistan,WTS Porterfield,PR Stirling,Gulbadin Naib,0,0,,,,,,,,,
1040491,2016/17,2017-03-15,Greater Noida Sports Complex Ground,2,8.4,Ireland,Afghanistan,WTS Porterfield,PR Stirling,Gulbadin Naib,0,0,,,,,,,,,
1040491,2016/17,2017-03-15,Greater Noida Sports Complex Ground,2,8.5,Ireland,Afghanistan,WTS Porterfield,PR Stirling,Gulbadin Naib,4,0,,,,,,,,,
1040491,2016/17,2017-03-15,Greater Noida Sports Complex Ground,2,8.6,Ireland,Afghanistan,WTS Porterfield,PR Stirling,Gulbadin Naib,4,0,,,,,,,,,
1040491,2016/17,2017-03-15,Greater Noida Sports Complex Ground,2,9.1,Ireland,Afghanistan,PR Stirling,WTS Porterfield,Mohammad Nabi,1,0,,,,,,,,,
1040491,2016/17,2017-03-15,Greater Noida Sports Complex Ground,2,9.2,Ireland,Afghanistan,WTS Porterfield,PR Stirling,Mohammad Nabi,0,0,,,,,,,,,
1040491,2016/17,2017-03-15,Greater Noida Sports Complex Ground,2,9.3,Ireland,Afghanistan,WTS Porterfield,PR Stirling,Mohammad Nabi,1,0,,,,,,,,,
1040491,2016/17,2017-03-15,Greater Noida Sports Complex Ground,2,9.4,Ireland,Afghanistan,PR Stirling,WTS Porterfield,Mohammad Nabi,0,0,,,,,,,,,
1040491,2016/17,2017-03-15,Greater Noida Sports Complex Ground,2,9.5,Ireland,Afghanistan,PR Stirling,WTS Porterfield,Mohammad Nabi,0,0,,,,,,,,,
1040491,2016/17,2017-03-15,Greater Noida Sports Complex Ground,2,9.6,Ireland,Afghanistan,PR Stirling,WTS Porterfield,Mohammad Nabi,1,0,,,,,,,,,
1040491,2016/17,2017-03-15,Greater Noida Sports Complex Ground,2,10.1,Ireland,Afghanistan,PR Stirling,WTS Porterfield,Gulbadin Naib,1,0,,,,,,,,,
1040491,2016/17,2017-03-15,Greater Noida Sports Complex Ground,2,10.2,Ireland,Afghanistan,WTS Porterfield,PR Stirling,Gulbadin Naib,0,0,,,,,,,,,
1040491,2016/17,2017-03-15,Greater Noida Sports Complex Ground,2,10.3,Ireland,Afghanistan,WTS Porterfield,PR Stirling,Gulbadin Naib,0,0,,,,,,,,,
1040491,2016/17,2017-03-15,Greater Noida Sports Complex Ground,2,10.4,Ireland,Afghanistan,WTS Porterfield,PR Stirling,Gulbadin Naib,0,0,,,,,,,,,
1040491,2016/17,2017-03-15,Greater Noida Sports Complex Ground,2,10.5,Ireland,Afghanistan,WTS Porterfield,PR Stirling,Gulbadin Naib,1,0,,,,,,,,,
1040491,2016/17,2017-03-15,Greater Noida Sports Complex Ground,2,10.6,Ireland,Afghanistan,PR Stirling,WTS Porterfield,Gulbadin Naib,6,0,,,,,,,,,
1040491,2016/17,2017-03-15,Greater Noida Sports Complex Ground,2,11.1,Ireland,Afghanistan,WTS Porterfield,PR Stirling,Amir Hamza,4,0,,,,,,,,,
1040491,2016/17,2017-03-15,Greater Noida Sports Complex Ground,2,11.2,Ireland,Afghanistan,WTS Porterfield,PR Stirling,Amir Hamza,4,0,,,,,,,,,
1040491,2016/17,2017-03-15,Greater Noida Sports Complex Ground,2,11.3,Ireland,Afghanistan,WTS Porterfield,PR Stirling,Amir Hamza,1,0,,,,,,,,,
1040491,2016/17,2017-03-15,Greater Noida Sports Complex Ground,2,11.4,Ireland,Afghanistan,PR Stirling,WTS Porterfield,Amir Hamza,1,0,,,,,,,,,
1040491,2016/17,2017-03-15,Greater Noida Sports Complex Ground,2,11.5,Ireland,Afghanistan,WTS Porterfield,PR Stirling,Amir Hamza,1,0,,,,,,,,,
1040491,2016/17,2017-03-15,Greater Noida Sports Complex Ground,2,11.6,Ireland,Afghanistan,PR Stirling,WTS Porterfield,Amir Hamza,0,0,,,,,,,,,
1040491,2016/17,2017-03-15,Greater Noida Sports Complex Ground,2,12.1,Ireland,Afghanistan,WTS Porterfield,PR Stirling,Dawlat Zadran,1,0,,,,,,,,,
1040491,2016/17,2017-03-15,Greater Noida Sports Complex Ground,2,12.2,Ireland,Afghanistan,PR Stirling,WTS Porterfield,Dawlat Zadran,0,1,,1,,,,,,,
1040491,2016/17,2017-03-15,Greater Noida Sports Complex Ground,2,12.3,Ireland,Afghanistan,PR Stirling,WTS Porterfield,Dawlat Zadran,0,0,,,,,,,,,
1040491,2016/17,2017-03-15,Greater Noida Sports Complex Ground,2,12.4,Ireland,Afghanistan,PR Stirling,WTS Porterfield,Dawlat Zadran,0,0,,,,,,,,,
1040491,2016/17,2017-03-15,Greater Noida Sports Complex Ground,2,12.5,Ireland,Afghanistan,PR Stirling,WTS Porterfield,Dawlat Zadran,0,0,,,,,,,,,
1040491,2016/17,2017-03-15,Greater Noida Sports Complex Ground,2,12.6,Ireland,Afghanistan,PR Stirling,WTS Porterfield,Dawlat Zadran,1,0,,,,,,,,,
1040491,2016/17,2017-03-15,Greater Noida Sports Complex Ground,2,12.7,Ireland,Afghanistan,WTS Porterfield,PR Stirling,Dawlat Zadran,1,0,,,,,,,,,
1040491,2016/17,2017-03-15,Greater Noida Sports Complex Ground,2,13.1,Ireland,Afghanistan,WTS Porterfield,PR Stirling,Gulbadin Naib,1,0,,,,,,,,,
1040491,2016/17,2017-03-15,Greater Noida Sports Complex Ground,2,13.2,Ireland,Afghanistan,PR Stirling,WTS Porterfield,Gulbadin Naib,0,0,,,,,,,,,
1040491,2016/17,2017-03-15,Greater Noida Sports Complex Ground,2,13.3,Ireland,Afghanistan,PR Stirling,WTS Porterfield,Gulbadin Naib,0,0,,,,,,,,,
1040491,2016/17,2017-03-15,Greater Noida Sports Complex Ground,2,13.4,Ireland,Afghanistan,PR Stirling,WTS Porterfield,Gulbadin Naib,1,0,,,,,,,,,
1040491,2016/17,2017-03-15,Greater Noida Sports Complex Ground,2,13.5,Ireland,Afghanistan,WTS Porterfield,PR Stirling,Gulbadin Naib,0,0,,,,,,,,,
1040491,2016/17,2017-03-15,Greater Noida Sports Complex Ground,2,13.6,Ireland,Afghanistan,WTS Porterfield,PR Stirling,Gulbadin Naib,0,1,,1,,,,,,,
1040491,2016/17,2017-03-15,Greater Noida Sports Complex Ground,2,13.7,Ireland,Afghanistan,WTS Porterfield,PR Stirling,Gulbadin Naib,0,1,1,,,,,,,,
1040491,2016/17,2017-03-15,Greater Noida Sports Complex Ground,2,13.8,Ireland,Afghanistan,WTS Porterfield,PR Stirling,Gulbadin Naib,0,0,,,,,,,,,
1040491,2016/17,2017-03-15,Greater Noida Sports Complex Ground,2,14.1,Ireland,Afghanistan,PR Stirling,WTS Porterfield,Dawlat Zadran,4,0,,,,,,,,,
1040491,2016/17,2017-03-15,Greater Noida Sports Complex Ground,2,14.2,Ireland,Afghanistan,PR Stirling,WTS Porterfield,Dawlat Zadran,0,0,,,,,,,,,
1040491,2016/17,2017-03-15,Greater Noida Sports Complex Ground,2,14.3,Ireland,Afghanistan,PR Stirling,WTS Porterfield,Dawlat Zadran,0,0,,,,,,,,,
1040491,2016/17,2017-03-15,Greater Noida Sports Complex Ground,2,14.4,Ireland,Afghanistan,PR Stirling,WTS Porterfield,Dawlat Zadran,0,0,,,,,,,,,
1040491,2016/17,2017-03-15,Greater Noida Sports Complex Ground,2,14.5,Ireland,Afghanistan,PR Stirling,WTS Porterfield,Dawlat Zadran,0,0,,,,,,,,,
1040491,2016/17,2017-03-15,Greater Noida Sports Complex Ground,2,14.6,Ireland,Afghanistan,PR Stirling,WTS Porterfield,Dawlat Zadran,0,0,,,,,,,,,
1040491,2016/17,2017-03-15,Greater Noida Sports Complex Ground,2,15.1,Ireland,Afghanistan,WTS Porterfield,PR Stirling,Gulbadin Naib,0,0,,,,,,,,,
1040491,2016/17,2017-03-15,Greater Noida Sports Complex Ground,2,15.2,Ireland,Afghanistan,WTS Porterfield,PR Stirling,Gulbadin Naib,0,0,,,,,,,,,
1040491,2016/17,2017-03-15,Greater Noida Sports Complex Ground,2,15.3,Ireland,Afghanistan,WTS Porterfield,PR Stirling,Gulbadin Naib,0,0,,,,,,,,,
1040491,2016/17,2017-03-15,Greater Noida Sports Complex Ground,2,15.4,Ireland,Afghanistan,WTS Porterfield,PR Stirling,Gulbadin Naib,0,0,,,,,,,,,
1040491,2016/17,2017-03-15,Greater Noida Sports Complex Ground,2,15.5,Ireland,Afghanistan,WTS Porterfield,PR Stirling,Gulbadin Naib,1,0,,,,,,,,,
1040491,2016/17,2017-03-15,Greater Noida Sports Complex Ground,2,15.6,Ireland,Afghanistan,PR Stirling,WTS Porterfield,Gulbadin Naib,0,0,,,,,,,,,
1040491,2016/17,2017-03-15,Greater Noida Sports Complex Ground,2,16.1,Ireland,Afghanistan,WTS Porterfield,PR Stirling,Amir Hamza,4,0,,,,,,,,,
1040491,2016/17,2017-03-15,Greater Noida Sports Complex Ground,2,16.2,Ireland,Afghanistan,WTS Porterfield,PR Stirling,Amir Hamza,1,0,,,,,,,,,
1040491,2016/17,2017-03-15,Greater Noida Sports Complex Ground,2,16.3,Ireland,Afghanistan,PR Stirling,WTS Porterfield,Amir Hamza,0,0,,,,,,,,,
1040491,2016/17,2017-03-15,Greater Noida Sports Complex Ground,2,16.4,Ireland,Afghanistan,PR Stirling,WTS Porterfield,Amir Hamza,0,0,,,,,,,,,
1040491,2016/17,2017-03-15,Greater Noida Sports Complex Ground,2,16.5,Ireland,Afghanistan,PR Stirling,WTS Porterfield,Amir Hamza,1,0,,,,,,,,,
1040491,2016/17,2017-03-15,Greater Noida Sports Complex Ground,2,16.6,Ireland,Afghanistan,WTS Porterfield,PR Stirling,Amir Hamza,4,0,,,,,,,,,
1040491,2016/17,2017-03-15,Greater Noida Sports Complex Ground,2,17.1,Ireland,Afghanistan,PR Stirling,WTS Porterfield,Gulbadin Naib,1,0,,,,,,,,,
1040491,2016/17,2017-03-15,Greater Noida Sports Complex Ground,2,17.2,Ireland,Afghanistan,WTS Porterfield,PR Stirling,Gulbadin Naib,1,0,,,,,,,,,
1040491,2016/17,2017-03-15,Greater Noida Sports Complex Ground,2,17.3,Ireland,Afghanistan,PR Stirling,WTS Porterfield,Gulbadin Naib,0,0,,,,,,,,,
1040491,2016/17,2017-03-15,Greater Noida Sports Complex Ground,2,17.4,Ireland,Afghanistan,PR Stirling,WTS Porterfield,Gulbadin Naib,1,0,,,,,,,,,
1040491,2016/17,2017-03-15,Greater Noida Sports Complex Ground,2,17.5,Ireland,Afghanistan,WTS Porterfield,PR Stirling,Gulbadin Naib,0,0,,,,,,,,,
1040491,2016/17,2017-03-15,Greater Noida Sports Complex Ground,2,17.6,Ireland,Afghanistan,WTS Porterfield,PR Stirling,Gulbadin Naib,1,0,,,,,,,,,
1040491,2016/17,2017-03-15,Greater Noida Sports Complex Ground,2,18.1,Ireland,Afghanistan,WTS Porterfield,PR Stirling,Rashid Khan,4,0,,,,,,,,,
1040491,2016/17,2017-03-15,Greater Noida Sports Complex Ground,2,18.2,Ireland,Afghanistan,WTS Porterfield,PR Stirling,Rashid Khan,4,0,,,,,,,,,
1040491,2016/17,2017-03-15,Greater Noida Sports Complex Ground,2,18.3,Ireland,Afghanistan,WTS Porterfield,PR Stirling,Rashid Khan,0,1,1,,,,,,,,
1040491,2016/17,2017-03-15,Greater Noida Sports Complex Ground,2,18.4,Ireland,Afghanistan,WTS Porterfield,PR Stirling,Rashid Khan,1,0,,,,,,,,,
1040491,2016/17,2017-03-15,Greater Noida Sports Complex Ground,2,18.5,Ireland,Afghanistan,PR Stirling,WTS Porterfield,Rashid Khan,0,0,,,,,,,,,
1040491,2016/17,2017-03-15,Greater Noida Sports Complex Ground,2,18.6,Ireland,Afghanistan,PR Stirling,WTS Porterfield,Rashid Khan,1,0,,,,,,,,,
1040491,2016/17,2017-03-15,Greater Noida Sports Complex Ground,2,18.7,Ireland,Afghanistan,WTS Porterfield,PR Stirling,Rashid Khan,0,0,,,,,,,,,
1040491,2016/17,2017-03-15,Greater Noida Sports Complex Ground,2,19.1,Ireland,Afghanistan,PR Stirling,WTS Porterfield,Mohammad Nabi,0,0,,,,,,,,,
1040491,2016/17,2017-03-15,Greater Noida Sports Complex Ground,2,19.2,Ireland,Afghanistan,PR Stirling,WTS Porterfield,Mohammad Nabi,1,0,,,,,,,,,
1040491,2016/17,2017-03-15,Greater Noida Sports Complex Ground,2,19.3,Ireland,Afghanistan,WTS Porterfield,PR Stirling,Mohammad Nabi,1,0,,,,,,,,,
1040491,2016/17,2017-03-15,Greater Noida Sports Complex Ground,2,19.4,Ireland,Afghanistan,PR Stirling,WTS Porterfield,Mohammad Nabi,1,0,,,,,,,,,
1040491,2016/17,2017-03-15,Greater Noida Sports Complex Ground,2,19.5,Ireland,Afghanistan,WTS Porterfield,PR Stirling,Mohammad Nabi,0,0,,,,,,,,,
1040491,2016/17,2017-03-15,Greater Noida Sports Complex Ground,2,19.6,Ireland,Afghanistan,WTS Porterfield,PR Stirling,Mohammad Nabi,0,0,,,,,,,,,
1040491,2016/17,2017-03-15,Greater Noida Sports Complex Ground,2,20.1,Ireland,Afghanistan,PR Stirling,WTS Porterfield,Rashid Khan,1,0,,,,,,,,,
1040491,2016/17,2017-03-15,Greater Noida Sports Complex Ground,2,20.2,Ireland,Afghanistan,WTS Porterfield,PR Stirling,Rashid Khan,0,0,,,,,,,,,
1040491,2016/17,2017-03-15,Greater Noida Sports Complex Ground,2,20.3,Ireland,Afghanistan,WTS Porterfield,PR Stirling,Rashid Khan,0,0,,,,,,,,,
1040491,2016/17,2017-03-15,Greater Noida Sports Complex Ground,2,20.4,Ireland,Afghanistan,WTS Porterfield,PR Stirling,Rashid Khan,1,0,,,,,,,,,
1040491,2016/17,2017-03-15,Greater Noida Sports Complex Ground,2,20.5,Ireland,Afghanistan,PR Stirling,WTS Porterfield,Rashid Khan,1,0,,,,,,,,,
1040491,2016/17,2017-03-15,Greater Noida Sports Complex Ground,2,20.6,Ireland,Afghanistan,WTS Porterfield,PR Stirling,Rashid Khan,1,0,,,,,,,,,
1040491,2016/17,2017-03-15,Greater Noida Sports Complex Ground,2,21.1,Ireland,Afghanistan,WTS Porterfield,PR Stirling,Mohammad Nabi,4,0,,,,,,,,,
1040491,2016/17,2017-03-15,Greater Noida Sports Complex Ground,2,21.2,Ireland,Afghanistan,WTS Porterfield,PR Stirling,Mohammad Nabi,1,0,,,,,,,,,
1040491,2016/17,2017-03-15,Greater Noida Sports Complex Ground,2,21.3,Ireland,Afghanistan,PR Stirling,WTS Porterfield,Mohammad Nabi,0,0,,,,,,,,,
1040491,2016/17,2017-03-15,Greater Noida Sports Complex Ground,2,21.4,Ireland,Afghanistan,PR Stirling,WTS Porterfield,Mohammad Nabi,0,0,,,,,,,,,
1040491,2016/17,2017-03-15,Greater Noida Sports Complex Ground,2,21.5,Ireland,Afghanistan,PR Stirling,WTS Porterfield,Mohammad Nabi,1,0,,,,,,,,,
1040491,2016/17,2017-03-15,Greater Noida Sports Complex Ground,2,21.6,Ireland,Afghanistan,WTS Porterfield,PR Stirling,Mohammad Nabi,0,0,,,,,,,,,
1040491,2016/17,2017-03-15,Greater Noida Sports Complex Ground,2,22.1,Ireland,Afghanistan,PR Stirling,WTS Porterfield,Rashid Khan,1,0,,,,,,,,,
1040491,2016/17,2017-03-15,Greater Noida Sports Complex Ground,2,22.2,Ireland,Afghanistan,WTS Porterfield,PR Stirling,Rashid Khan,0,0,,,,,,,,,
1040491,2016/17,2017-03-15,Greater Noida Sports Complex Ground,2,22.3,Ireland,Afghanistan,WTS Porterfield,PR Stirling,Rashid Khan,1,0,,,,,,,,,
1040491,2016/17,2017-03-15,Greater Noida Sports Complex Ground,2,22.4,Ireland,Afghanistan,PR Stirling,WTS Porterfield,Rashid Khan,1,0,,,,,,,,,
1040491,2016/17,2017-03-15,Greater Noida Sports Complex Ground,2,22.5,Ireland,Afghanistan,WTS Porterfield,PR Stirling,Rashid Khan,0,0,,,,,,,,,
1040491,2016/17,2017-03-15,Greater Noida Sports Complex Ground,2,22.6,Ireland,Afghanistan,WTS Porterfield,PR Stirling,Rashid Khan,0,0,,,,,,,,,
1040491,2016/17,2017-03-15,Greater Noida Sports Complex Ground,2,23.1,Ireland,Afghanistan,PR Stirling,WTS Porterfield,Mohammad Nabi,0,0,,,,,,,,,
1040491,2016/17,2017-03-15,Greater Noida Sports Complex Ground,2,23.2,Ireland,Afghanistan,PR Stirling,WTS Porterfield,Mohammad Nabi,4,0,,,,,,,,,
1040491,2016/17,2017-03-15,Greater Noida Sports Complex Ground,2,23.3,Ireland,Afghanistan,PR Stirling,WTS Porterfield,Mohammad Nabi,1,0,,,,,,,,,
1040491,2016/17,2017-03-15,Greater Noida Sports Complex Ground,2,23.4,Ireland,Afghanistan,WTS Porterfield,PR Stirling,Mohammad Nabi,1,0,,,,,,,,,
1040491,2016/17,2017-03-15,Greater Noida Sports Complex Ground,2,23.5,Ireland,Afghanistan,PR Stirling,WTS Porterfield,Mohammad Nabi,1,0,,,,,,,,,
1040491,2016/17,2017-03-15,Greater Noida Sports Complex Ground,2,23.6,Ireland,Afghanistan,WTS Porterfield,PR Stirling,Mohammad Nabi,0,0,,,,,,,,,
1040491,2016/17,2017-03-15,Greater Noida Sports Complex Ground,2,24.1,Ireland,Afghanistan,PR Stirling,WTS Porterfield,Amir Hamza,1,0,,,,,,,,,
1040491,2016/17,2017-03-15,Greater Noida Sports Complex Ground,2,24.2,Ireland,Afghanistan,WTS Porterfield,PR Stirling,Amir Hamza,0,0,,,,,,,,,
1040491,2016/17,2017-03-15,Greater Noida Sports Complex Ground,2,24.3,Ireland,Afghanistan,WTS Porterfield,PR Stirling,Amir Hamza,1,0,,,,,,,,,
1040491,2016/17,2017-03-15,Greater Noida Sports Complex Ground,2,24.4,Ireland,Afghanistan,PR Stirling,WTS Porterfield,Amir Hamza,0,0,,,,,,,,,
1040491,2016/17,2017-03-15,Greater Noida Sports Complex Ground,2,24.5,Ireland,Afghanistan,PR Stirling,WTS Porterfield,Amir Hamza,1,0,,,,,,,,,
1040491,2016/17,2017-03-15,Greater Noida Sports Complex Ground,2,24.6,Ireland,Afghanistan,WTS Porterfield,PR Stirling,Amir Hamza,1,0,,,,,,,,,
1040491,2016/17,2017-03-15,Greater Noida Sports Complex Ground,2,25.1,Ireland,Afghanistan,WTS Porterfield,PR Stirling,Gulbadin Naib,1,0,,,,,,,,,
1040491,2016/17,2017-03-15,Greater Noida Sports Complex Ground,2,25.2,Ireland,Afghanistan,PR Stirling,WTS Porterfield,Gulbadin Naib,4,0,,,,,,,,,
1040491,2016/17,2017-03-15,Greater Noida Sports Complex Ground,2,25.3,Ireland,Afghanistan,PR Stirling,WTS Porterfield,Gulbadin Naib,1,0,,,,,,,,,
1040491,2016/17,2017-03-15,Greater Noida Sports Complex Ground,2,25.4,Ireland,Afghanistan,WTS Porterfield,PR Stirling,Gulbadin Naib,0,0,,,,,,,,,
1040491,2016/17,2017-03-15,Greater Noida Sports Complex Ground,2,25.5,Ireland,Afghanistan,WTS Porterfield,PR Stirling,Gulbadin Naib,1,0,,,,,,,,,
1040491,2016/17,2017-03-15,Greater Noida Sports Complex Ground,2,25.6,Ireland,Afghanistan,PR Stirling,WTS Porterfield,Gulbadin Naib,1,0,,,,,,,,,
1040491,2016/17,2017-03-15,Greater Noida Sports Complex Ground,2,26.1,Ireland,Afghanistan,PR Stirling,WTS Porterfield,Samiullah Shenwari,1,0,,,,,,,,,
1040491,2016/17,2017-03-15,Greater Noida Sports Complex Ground,2,26.2,Ireland,Afghanistan,WTS Porterfield,PR Stirling,Samiullah Shenwari,4,0,,,,,,,,,
1040491,2016/17,2017-03-15,Greater Noida Sports Complex Ground,2,26.3,Ireland,Afghanistan,WTS Porterfield,PR Stirling,Samiullah Shenwari,1,0,,,,,,,,,
1040491,2016/17,2017-03-15,Greater Noida Sports Complex Ground,2,26.4,Ireland,Afghanistan,PR Stirling,WTS Porterfield,Samiullah Shenwari,1,0,,,,,,,,,
1040491,2016/17,2017-03-15,Greater Noida Sports Complex Ground,2,26.5,Ireland,Afghanistan,WTS Porterfield,PR Stirling,Samiullah Shenwari,0,0,,,,,,,,,
1040491,2016/17,2017-03-15,Greater Noida Sports Complex Ground,2,26.6,Ireland,Afghanistan,WTS Porterfield,PR Stirling,Samiullah Shenwari,4,0,,,,,,,,,
1040491,2016/17,2017-03-15,Greater Noida Sports Complex Ground,2,27.1,Ireland,Afghanistan,PR Stirling,WTS Porterfield,Gulbadin Naib,1,0,,,,,,,,,
1040491,2016/17,2017-03-15,Greater Noida Sports Complex Ground,2,27.2,Ireland,Afghanistan,WTS Porterfield,PR Stirling,Gulbadin Naib,1,0,,,,,,,,,
1040491,2016/17,2017-03-15,Greater Noida Sports Complex Ground,2,27.3,Ireland,Afghanistan,PR Stirling,WTS Porterfield,Gulbadin Naib,1,0,,,,,,,,,
1040491,2016/17,2017-03-15,Greater Noida Sports Complex Ground,2,27.4,Ireland,Afghanistan,WTS Porterfield,PR Stirling,Gulbadin Naib,4,0,,,,,,,,,
1040491,2016/17,2017-03-15,Greater Noida Sports Complex Ground,2,27.5,Ireland,Afghanistan,WTS Porterfield,PR Stirling,Gulbadin Naib,1,0,,,,,,,,,
1040491,2016/17,2017-03-15,Greater Noida Sports Complex Ground,2,27.6,Ireland,Afghanistan,PR Stirling,WTS Porterfield,Gulbadin Naib,0,0,,,,,,,,,
1040491,2016/17,2017-03-15,Greater Noida Sports Complex Ground,2,28.1,Ireland,Afghanistan,WTS Porterfield,PR Stirling,Rashid Khan,0,0,,,,,,,,,
1040491,2016/17,2017-03-15,Greater Noida Sports Complex Ground,2,28.2,Ireland,Afghanistan,WTS Porterfield,PR Stirling,Rashid Khan,1,0,,,,,,,,,
1040491,2016/17,2017-03-15,Greater Noida Sports Complex Ground,2,28.3,Ireland,Afghanistan,PR Stirling,WTS Porterfield,Rashid Khan,0,0,,,,,,,,,
1040491,2016/17,2017-03-15,Greater Noida Sports Complex Ground,2,28.4,Ireland,Afghanistan,PR Stirling,WTS Porterfield,Rashid Khan,0,0,,,,,,caught and bowled,PR Stirling,,
1040491,2016/17,2017-03-15,Greater Noida Sports Complex Ground,2,28.5,Ireland,Afghanistan,NJ O'Brien,WTS Porterfield,Rashid Khan,1,0,,,,,,,,,
1040491,2016/17,2017-03-15,Greater Noida Sports Complex Ground,2,28.6,Ireland,Afghanistan,WTS Porterfield,NJ O'Brien,Rashid Khan,0,0,,,,,,,,,
1040491,2016/17,2017-03-15,Greater Noida Sports Complex Ground,2,29.1,Ireland,Afghanistan,NJ O'Brien,WTS Porterfield,Mohammad Nabi,0,0,,,,,,,,,
1040491,2016/17,2017-03-15,Greater Noida Sports Complex Ground,2,29.2,Ireland,Afghanistan,NJ O'Brien,WTS Porterfield,Mohammad Nabi,0,0,,,,,,,,,
1040491,2016/17,2017-03-15,Greater Noida Sports Complex Ground,2,29.3,Ireland,Afghanistan,NJ O'Brien,WTS Porterfield,Mohammad Nabi,0,0,,,,,,,,,
1040491,2016/17,2017-03-15,Greater Noida Sports Complex Ground,2,29.4,Ireland,Afghanistan,NJ O'Brien,WTS Porterfield,Mohammad Nabi,0,0,,,,,,,,,
1040491,2016/17,2017-03-15,Greater Noida Sports Complex Ground,2,29.5,Ireland,Afghanistan,NJ O'Brien,WTS Porterfield,Mohammad Nabi,0,0,,,,,,,,,
1040491,2016/17,2017-03-15,Greater Noida Sports Complex Ground,2,29.6,Ireland,Afghanistan,NJ O'Brien,WTS Porterfield,Mohammad Nabi,1,0,,,,,,,,,
1040491,2016/17,2017-03-15,Greater Noida Sports Complex Ground,2,30.1,Ireland,Afghanistan,NJ O'Brien,WTS Porterfield,Rashid Khan,0,0,,,,,,,,,
1040491,2016/17,2017-03-15,Greater Noida Sports Complex Ground,2,30.2,Ireland,Afghanistan,NJ O'Brien,WTS Porterfield,Rashid Khan,0,1,,,,1,,,,,
1040491,2016/17,2017-03-15,Greater Noida Sports Complex Ground,2,30.3,Ireland,Afghanistan,WTS Porterfield,NJ O'Brien,Rashid Khan,4,0,,,,,,,,,
1040491,2016/17,2017-03-15,Greater Noida Sports Complex Ground,2,30.4,Ireland,Afghanistan,WTS Porterfield,NJ O'Brien,Rashid Khan,0,0,,,,,,,,,
1040491,2016/17,2017-03-15,Greater Noida Sports Complex Ground,2,30.5,Ireland,Afghanistan,WTS Porterfield,NJ O'Brien,Rashid Khan,1,0,,,,,,,,,
1040491,2016/17,2017-03-15,Greater Noida Sports Complex Ground,2,30.6,Ireland,Afghanistan,NJ O'Brien,WTS Porterfield,Rashid Khan,0,0,,,,,,,,,
1040491,2016/17,2017-03-15,Greater Noida Sports Complex Ground,2,31.1,Ireland,Afghanistan,WTS Porterfield,NJ O'Brien,Mohammad Nabi,1,0,,,,,,,,,
1040491,2016/17,2017-03-15,Greater Noida Sports Complex Ground,2,31.2,Ireland,Afghanistan,NJ O'Brien,WTS Porterfield,Mohammad Nabi,0,0,,,,,,,,,
1040491,2016/17,2017-03-15,Greater Noida Sports Complex Ground,2,31.3,Ireland,Afghanistan,NJ O'Brien,WTS Porterfield,Mohammad Nabi,1,0,,,,,,,,,
1040491,2016/17,2017-03-15,Greater Noida Sports Complex Ground,2,31.4,Ireland,Afghanistan,WTS Porterfield,NJ O'Brien,Mohammad Nabi,2,0,,,,,,,,,
1040491,2016/17,2017-03-15,Greater Noida Sports Complex Ground,2,31.5,Ireland,Afghanistan,WTS Porterfield,NJ O'Brien,Mohammad Nabi,1,0,,,,,,,,,
1040491,2016/17,2017-03-15,Greater Noida Sports Complex Ground,2,31.6,Ireland,Afghanistan,NJ O'Brien,WTS Porterfield,Mohammad Nabi,0,0,,,,,,,,,
1040491,2016/17,2017-03-15,Greater Noida Sports Complex Ground,2,32.1,Ireland,Afghanistan,WTS Porterfield,NJ O'Brien,Amir Hamza,1,0,,,,,,,,,
1040491,2016/17,2017-03-15,Greater Noida Sports Complex Ground,2,32.2,Ireland,Afghanistan,NJ O'Brien,WTS Porterfield,Amir Hamza,1,0,,,,,,,,,
1040491,2016/17,2017-03-15,Greater Noida Sports Complex Ground,2,32.3,Ireland,Afghanistan,WTS Porterfield,NJ O'Brien,Amir Hamza,4,0,,,,,,,,,
1040491,2016/17,2017-03-15,Greater Noida Sports Complex Ground,2,32.4,Ireland,Afghanistan,WTS Porterfield,NJ O'Brien,Amir Hamza,1,0,,,,,,,,,
1040491,2016/17,2017-03-15,Greater Noida Sports Complex Ground,2,32.5,Ireland,Afghanistan,NJ O'Brien,WTS Porterfield,Amir Hamza,1,0,,,,,,,,,
1040491,2016/17,2017-03-15,Greater Noida Sports Complex Ground,2,32.6,Ireland,Afghanistan,WTS Porterfield,NJ O'Brien,Amir Hamza,1,0,,,,,,,,,
1040491,2016/17,2017-03-15,Greater Noida Sports Complex Ground,2,33.1,Ireland,Afghanistan,WTS Porterfield,NJ O'Brien,Mohammad Nabi,0,0,,,,,,,,,
1040491,2016/17,2017-03-15,Greater Noida Sports Complex Ground,2,33.2,Ireland,Afghanistan,WTS Porterfield,NJ O'Brien,Mohammad Nabi,1,0,,,,,,,,,
1040491,2016/17,2017-03-15,Greater Noida Sports Complex Ground,2,33.3,Ireland,Afghanistan,NJ O'Brien,WTS Porterfield,Mohammad Nabi,0,0,,,,,,,,,
1040491,2016/17,2017-03-15,Greater Noida Sports Complex Ground,2,33.4,Ireland,Afghanistan,NJ O'Brien,WTS Porterfield,Mohammad Nabi,0,0,,,,,,,,,
1040491,2016/17,2017-03-15,Greater Noida Sports Complex Ground,2,33.5,Ireland,Afghanistan,NJ O'Brien,WTS Porterfield,Mohammad Nabi,0,0,,,,,,,,,
1040491,2016/17,2017-03-15,Greater Noida Sports Complex Ground,2,33.6,Ireland,Afghanistan,NJ O'Brien,WTS Porterfield,Mohammad Nabi,0,0,,,,,,,,,
1040491,2016/17,2017-03-15,Greater Noida Sports Complex Ground,2,34.1,Ireland,Afghanistan,WTS Porterfield,NJ O'Brien,Dawlat Zadran,1,0,,,,,,,,,
1040491,2016/17,2017-03-15,Greater Noida Sports Complex Ground,2,34.2,Ireland,Afghanistan,NJ O'Brien,WTS Porterfield,Dawlat Zadran,1,0,,,,,,,,,
1040491,2016/17,2017-03-15,Greater Noida Sports Complex Ground,2,34.3,Ireland,Afghanistan,WTS Porterfield,NJ O'Brien,Dawlat Zadran,4,0,,,,,,,,,
1040491,2016/17,2017-03-15,Greater Noida Sports Complex Ground,2,34.4,Ireland,Afghanistan,WTS Porterfield,NJ O'Brien,Dawlat Zadran,1,0,,,,,,,,,
1040491,2016/17,2017-03-15,Greater Noida Sports Complex Ground,2,34.5,Ireland,Afghanistan,NJ O'Brien,WTS Porterfield,Dawlat Zadran,0,0,,,,,,,,,
1040491,2016/17,2017-03-15,Greater Noida Sports Complex Ground,2,34.6,Ireland,Afghanistan,NJ O'Brien,WTS Porterfield,Dawlat Zadran,0,1,1,,,,,,,,
1040491,2016/17,2017-03-15,Greater Noida Sports Complex Ground,2,34.7,Ireland,Afghanistan,NJ O'Brien,WTS Porterfield,Dawlat Zadran,4,0,,,,,,,,,
1040491,2016/17,2017-03-15,Greater Noida Sports Complex Ground,2,35.1,Ireland,Afghanistan,WTS Porterfield,NJ O'Brien,Rashid Khan,1,0,,,,,,,,,
1040491,2016/17,2017-03-15,Greater Noida Sports Complex Ground,2,35.2,Ireland,Afghanistan,NJ O'Brien,WTS Porterfield,Rashid Khan,0,0,,,,,,lbw,NJ O'Brien,,
1040491,2016/17,2017-03-15,Greater Noida Sports Complex Ground,2,35.3,Ireland,Afghanistan,KJ O'Brien,WTS Porterfield,Rashid Khan,4,0,,,,,,,,,
1040491,2016/17,2017-03-15,Greater Noida Sports Complex Ground,2,35.4,Ireland,Afghanistan,KJ O'Brien,WTS Porterfield,Rashid Khan,1,0,,,,,,,,,
1040491,2016/17,2017-03-15,Greater Noida Sports Complex Ground,2,35.5,Ireland,Afghanistan,WTS Porterfield,KJ O'Brien,Rashid Khan,0,0,,,,,,,,,
1040491,2016/17,2017-03-15,Greater Noida Sports Complex Ground,2,35.6,Ireland,Afghanistan,WTS Porterfield,KJ O'Brien,Rashid Khan,0,0,,,,,,,,,
1040491,2016/17,2017-03-15,Greater Noida Sports Complex Ground,2,36.1,Ireland,Afghanistan,KJ O'Brien,WTS Porterfield,Dawlat Zadran,0,0,,,,,,,,,
1040491,2016/17,2017-03-15,Greater Noida Sports Complex Ground,2,36.2,Ireland,Afghanistan,KJ O'Brien,WTS Porterfield,Dawlat Zadran,0,0,,,,,,,,,
1040491,2016/17,2017-03-15,Greater Noida Sports Complex Ground,2,36.3,Ireland,Afghanistan,KJ O'Brien,WTS Porterfield,Dawlat Zadran,1,0,,,,,,,,,
1040491,2016/17,2017-03-15,Greater Noida Sports Complex Ground,2,36.4,Ireland,Afghanistan,WTS Porterfield,KJ O'Brien,Dawlat Zadran,2,0,,,,,,,,,
1040491,2016/17,2017-03-15,Greater Noida Sports Complex Ground,2,36.5,Ireland,Afghanistan,WTS Porterfield,KJ O'Brien,Dawlat Zadran,0,0,,,,,,caught,WTS Porterfield,,
1040491,2016/17,2017-03-15,Greater Noida Sports Complex Ground,2,36.6,Ireland,Afghanistan,GC Wilson,KJ O'Brien,Dawlat Zadran,0,1,1,,,,,,,,
1040491,2016/17,2017-03-15,Greater Noida Sports Complex Ground,2,36.7,Ireland,Afghanistan,GC Wilson,KJ O'Brien,Dawlat Zadran,0,0,,,,,,lbw,GC Wilson,,
1040491,2016/17,2017-03-15,Greater Noida Sports Complex Ground,2,37.1,Ireland,Afghanistan,KJ O'Brien,SR Thompson,Amir Hamza,0,1,1,,,,,,,,
1040491,2016/17,2017-03-15,Greater Noida Sports Complex Ground,2,37.2,Ireland,Afghanistan,KJ O'Brien,SR Thompson,Amir Hamza,0,0,,,,,,,,,
1040491,2016/17,2017-03-15,Greater Noida Sports Complex Ground,2,37.3,Ireland,Afghanistan,KJ O'Brien,SR Thompson,Amir Hamza,1,0,,,,,,,,,
1040491,2016/17,2017-03-15,Greater Noida Sports Complex Ground,2,37.4,Ireland,Afghanistan,SR Thompson,KJ O'Brien,Amir Hamza,0,0,,,,,,,,,
1040491,2016/17,2017-03-15,Greater Noida Sports Complex Ground,2,37.5,Ireland,Afghanistan,SR Thompson,KJ O'Brien,Amir Hamza,0,0,,,,,,,,,
1040491,2016/17,2017-03-15,Greater Noida Sports Complex Ground,2,37.6,Ireland,Afghanistan,SR Thompson,KJ O'Brien,Amir Hamza,1,0,,,,,,,,,
1040491,2016/17,2017-03-15,Greater Noida Sports Complex Ground,2,37.7,Ireland,Afghanistan,KJ O'Brien,SR Thompson,Amir Hamza,0,0,,,,,,,,,
1040491,2016/17,2017-03-15,Greater Noida Sports Complex Ground,2,38.1,Ireland,Afghanistan,SR Thompson,KJ O'Brien,Dawlat Zadran,0,0,,,,,,,,,
1040491,2016/17,2017-03-15,Greater Noida Sports Complex Ground,2,38.2,Ireland,Afghanistan,SR Thompson,KJ O'Brien,Dawlat Zadran,0,0,,,,,,,,,
1040491,2016/17,2017-03-15,Greater Noida Sports Complex Ground,2,38.3,Ireland,Afghanistan,SR Thompson,KJ O'Brien,Dawlat Zadran,1,0,,,,,,,,,
1040491,2016/17,2017-03-15,Greater Noida Sports Complex Ground,2,38.4,Ireland,Afghanistan,KJ O'Brien,SR Thompson,Dawlat Zadran,1,0,,,,,,,,,
1040491,2016/17,2017-03-15,Greater Noida Sports Complex Ground,2,38.5,Ireland,Afghanistan,SR Thompson,KJ O'Brien,Dawlat Zadran,0,0,,,,,,caught,SR Thompson,,
1040491,2016/17,2017-03-15,Greater Noida Sports Complex Ground,2,38.6,Ireland,Afghanistan,GH Dockrell,KJ O'Brien,Dawlat Zadran,1,0,,,,,,,,,
1040491,2016/17,2017-03-15,Greater Noida Sports Complex Ground,2,39.1,Ireland,Afghanistan,GH Dockrell,KJ O'Brien,Amir Hamza,1,0,,,,,,,,,
1040491,2016/17,2017-03-15,Greater Noida Sports Complex Ground,2,39.2,Ireland,Afghanistan,KJ O'Brien,GH Dockrell,Amir Hamza,0,0,,,,,,,,,
1040491,2016/17,2017-03-15,Greater Noida Sports Complex Ground,2,39.3,Ireland,Afghanistan,KJ O'Brien,GH Dockrell,Amir Hamza,0,0,,,,,,,,,
1040491,2016/17,2017-03-15,Greater Noida Sports Complex Ground,2,39.4,Ireland,Afghanistan,KJ O'Brien,GH Dockrell,Amir Hamza,1,0,,,,,,,,,
1040491,2016/17,2017-03-15,Greater Noida Sports Complex Ground,2,39.5,Ireland,Afghanistan,GH Dockrell,KJ O'Brien,Amir Hamza,0,0,,,,,,,,,
1040491,2016/17,2017-03-15,Greater Noida Sports Complex Ground,2,39.6,Ireland,Afghanistan,GH Dockrell,KJ O'Brien,Amir Hamza,0,0,,,,,,,,,
1040491,2016/17,2017-03-15,Greater Noida Sports Complex Ground,2,40.1,Ireland,Afghanistan,KJ O'Brien,GH Dockrell,Rashid Khan,1,0,,,,,,,,,
1040491,2016/17,2017-03-15,Greater Noida Sports Complex Ground,2,40.2,Ireland,Afghanistan,GH Dockrell,KJ O'Brien,Rashid Khan,0,0,,,,,,,,,
1040491,2016/17,2017-03-15,Greater Noida Sports Complex Ground,2,40.3,Ireland,Afghanistan,GH Dockrell,KJ O'Brien,Rashid Khan,1,0,,,,,,,,,
1040491,2016/17,2017-03-15,Greater Noida Sports Complex Ground,2,40.4,Ireland,Afghanistan,KJ O'Brien,GH Dockrell,Rashid Khan,1,0,,,,,,,,,
1040491,2016/17,2017-03-15,Greater Noida Sports Complex Ground,2,40.5,Ireland,Afghanistan,GH Dockrell,KJ O'Brien,Rashid Khan,1,0,,,,,,,,,
1040491,2016/17,2017-03-15,Greater Noida Sports Complex Ground,2,40.6,Ireland,Afghanistan,KJ O'Brien,GH Dockrell,Rashid Khan,1,0,,,,,,,,,
1040491,2016/17,2017-03-15,Greater Noida Sports Complex Ground,2,41.1,Ireland,Afghanistan,KJ O'Brien,GH Dockrell,Amir Hamza,0,0,,,,,,,,,
1040491,2016/17,2017-03-15,Greater Noida Sports Complex Ground,2,41.2,Ireland,Afghanistan,KJ O'Brien,GH Dockrell,Amir Hamza,0,0,,,,,,,,,
1040491,2016/17,2017-03-15,Greater Noida Sports Complex Ground,2,41.3,Ireland,Afghanistan,KJ O'Brien,GH Dockrell,Amir Hamza,1,0,,,,,,,,,
1040491,2016/17,2017-03-15,Greater Noida Sports Complex Ground,2,41.4,Ireland,Afghanistan,GH Dockrell,KJ O'Brien,Amir Hamza,1,0,,,,,,,,,
1040491,2016/17,2017-03-15,Greater Noida Sports Complex Ground,2,41.5,Ireland,Afghanistan,KJ O'Brien,GH Dockrell,Amir Hamza,0,0,,,,,,stumped,KJ O'Brien,,
1040491,2016/17,2017-03-15,Greater Noida Sports Complex Ground,2,41.6,Ireland,Afghanistan,TJ Murtagh,GH Dockrell,Amir Hamza,1,0,,,,,,,,,
1040491,2016/17,2017-03-15,Greater Noida Sports Complex Ground,2,42.1,Ireland,Afghanistan,TJ Murtagh,GH Dockrell,Rashid Khan,0,0,,,,,,,,,
1040491,2016/17,2017-03-15,Greater Noida Sports Complex Ground,2,42.2,Ireland,Afghanistan,TJ Murtagh,GH Dockrell,Rashid Khan,0,0,,,,,,,,,
1040491,2016/17,2017-03-15,Greater Noida Sports Complex Ground,2,42.3,Ireland,Afghanistan,TJ Murtagh,GH Dockrell,Rashid Khan,1,0,,,,,,,,,
1040491,2016/17,2017-03-15,Greater Noida Sports Complex Ground,2,42.4,Ireland,Afghanistan,GH Dockrell,TJ Murtagh,Rashid Khan,1,0,,,,,,,,,
1040491,2016/17,2017-03-15,Greater Noida Sports Complex Ground,2,42.5,Ireland,Afghanistan,TJ Murtagh,GH Dockrell,Rashid Khan,0,0,,,,,,lbw,TJ Murtagh,,
1040491,2016/17,2017-03-15,Greater Noida Sports Complex Ground,2,42.6,Ireland,Afghanistan,J Mulder,GH Dockrell,Rashid Khan,1,0,,,,,,,,,
1040491,2016/17,2017-03-15,Greater Noida Sports Complex Ground,2,43.1,Ireland,Afghanistan,J Mulder,GH Dockrell,Mohammad Nabi,0,0,,,,,,,,,
1040491,2016/17,2017-03-15,Greater Noida Sports Complex Ground,2,43.2,Ireland,Afghanistan,J Mulder,GH Dockrell,Mohammad Nabi,1,0,,,,,,,,,
1040491,2016/17,2017-03-15,Greater Noida Sports Complex Ground,2,43.3,Ireland,Afghanistan,GH Dockrell,J Mulder,Mohammad Nabi,1,0,,,,,,,,,
1040491,2016/17,2017-03-15,Greater Noida Sports Complex Ground,2,43.4,Ireland,Afghanistan,J Mulder,GH Dockrell,Mohammad Nabi,1,0,,,,,,,,,
1040491,2016/17,2017-03-15,Greater Noida Sports Complex Ground,2,43.5,Ireland,Afghanistan,GH Dockrell,J Mulder,Mohammad Nabi,1,0,,,,,,,,,
1040491,2016/17,2017-03-15,Greater Noida Sports Complex Ground,2,43.6,Ireland,Afghanistan,J Mulder,GH Dockrell,Mohammad Nabi,4,0,,,,,,,,,
1040491,2016/17,2017-03-15,Greater Noida Sports Complex Ground,2,44.1,Ireland,Afghanistan,GH Dockrell,J Mulder,Rashid Khan,4,0,,,,,,,,,
1040491,2016/17,2017-03-15,Greater Noida Sports Complex Ground,2,44.2,Ireland,Afghanistan,GH Dockrell,J Mulder,Rashid Khan,0,0,,,,,,,,,
1040491,2016/17,2017-03-15,Greater Noida Sports Complex Ground,2,44.3,Ireland,Afghanistan,GH Dockrell,J Mulder,Rashid Khan,0,0,,,,,,lbw,GH Dockrell,,
1040491,2016/17,2017-03-15,Greater Noida Sports Complex Ground,2,44.4,Ireland,Afghanistan,PKD Chase,J Mulder,Rashid Khan,4,0,,,,,,,,,
1040491,2016/17,2017-03-15,Greater Noida Sports Complex Ground,2,44.5,Ireland,Afghanistan,PKD Chase,J Mulder,Rashid Khan,1,0,,,,,,,,,
1040491,2016/17,2017-03-15,Greater Noida Sports Complex Ground,2,44.6,Ireland,Afghanistan,J Mulder,PKD Chase,Rashid Khan,0,0,,,,,,,,,
1040491,2016/17,2017-03-15,Greater Noida Sports Complex Ground,2,45.1,Ireland,Afghanistan,PKD Chase,J Mulder,Gulbadin Naib,0,0,,,,,,,,,
1040491,2016/17,2017-03-15,Greater Noida Sports Complex Ground,2,45.2,Ireland,Afghanistan,PKD Chase,J Mulder,Gulbadin Naib,1,0,,,,,,,,,
1040491,2016/17,2017-03-15,Greater Noida Sports Complex Ground,2,45.3,Ireland,Afghanistan,J Mulder,PKD Chase,Gulbadin Naib,4,0,,,,,,,,,
1040491,2016/17,2017-03-15,Greater Noida Sports Complex Ground,2,45.4,Ireland,Afghanistan,J Mulder,PKD Chase,Gulbadin Naib,1,0,,,,,,,,,
1040491,2016/17,2017-03-15,Greater Noida Sports Complex Ground,2,45.5,Ireland,Afghanistan,PKD Chase,J Mulder,Gulbadin Naib,1,0,,,,,,,,,
1040491,2016/17,2017-03-15,Greater Noida Sports Complex Ground,2,45.6,Ireland,Afghanistan,J Mulder,PKD Chase,Gulbadin Naib,1,0,,,,,,,,,
1040491,2016/17,2017-03-15,Greater Noida Sports Complex Ground,2,46.1,Ireland,Afghanistan,J Mulder,PKD Chase,Dawlat Zadran,1,0,,,,,,,,,
1040491,2016/17,2017-03-15,Greater Noida Sports Complex Ground,2,46.2,Ireland,Afghanistan,PKD Chase,J Mulder,Dawlat Zadran,1,0,,,,,,,,,
1040491,2016/17,2017-03-15,Greater Noida Sports Complex Ground,2,46.3,Ireland,Afghanistan,J Mulder,PKD Chase,Dawlat Zadran,1,0,,,,,,,,,
1040491,2016/17,2017-03-15,Greater Noida Sports Complex Ground,2,46.4,Ireland,Afghanistan,PKD Chase,J Mulder,Dawlat Zadran,0,0,,,,,,,,,
1040491,2016/17,2017-03-15,Greater Noida Sports Complex Ground,2,46.5,Ireland,Afghanistan,PKD Chase,J Mulder,Dawlat Zadran,0,0,,,,,,caught,PKD Chase,,
