match_id,season,start_date,venue,innings,ball,batting_team,bowling_team,striker,non_striker,bowler,runs_off_bat,extras,wides,noballs,byes,legbyes,penalty,wicket_type,player_dismissed,other_wicket_type,other_player_dismissed
1043953,2016/17,2016-11-18,Manuka Oval,1,0.1,South Africa,Australia,L Lee,S Luus,HL Ferling,0,1,1,,,,,,,,
1043953,2016/17,2016-11-18,Manuka Oval,1,0.2,South Africa,Australia,L Lee,S Luus,HL Ferling,0,0,,,,,,,,,
1043953,2016/17,2016-11-18,Manuka Oval,1,0.3,South Africa,Australia,L Lee,S Luus,HL Ferling,0,0,,,,,,,,,
1043953,2016/17,2016-11-18,Manuka Oval,1,0.4,South Africa,Australia,L Lee,S Luus,HL Ferling,0,1,1,,,,,,,,
1043953,2016/17,2016-11-18,Manuka Oval,1,0.5,South Africa,Australia,L Lee,S Luus,HL Ferling,0,0,,,,,,,,,
1043953,2016/17,2016-11-18,Manuka Oval,1,0.6,South Africa,Australia,L Lee,S Luus,HL Ferling,0,0,,,,,,,,,
1043953,2016/17,2016-11-18,Manuka Oval,1,0.7,South Africa,Australia,L Lee,S Luus,HL Ferling,4,0,,,,,,,,,
1043953,2016/17,2016-11-18,Manuka Oval,1,0.8,South Africa,Australia,L Lee,S Luus,HL Ferling,0,0,,,,,,,,,
1043953,2016/17,2016-11-18,Manuka Oval,1,1.1,South Africa,Australia,S Luus,L Lee,ML Schutt,0,1,,,,1,,,,,
1043953,2016/17,2016-11-18,Manuka Oval,1,1.2,South Africa,Australia,L Lee,S Luus,ML Schutt,0,0,,,,,,,,,
1043953,2016/17,2016-11-18,Manuka Oval,1,1.3,South Africa,Australia,L Lee,S Luus,ML Schutt,0,0,,,,,,,,,
1043953,2016/17,2016-11-18,Manuka Oval,1,1.4,South Africa,Australia,L Lee,S Luus,ML Schutt,4,0,,,,,,,,,
1043953,2016/17,2016-11-18,Manuka Oval,1,1.5,South Africa,Australia,L Lee,S Luus,ML Schutt,0,0,,,,,,,,,
1043953,2016/17,2016-11-18,Manuka Oval,1,1.6,South Africa,Australia,L Lee,S Luus,ML Schutt,4,0,,,,,,,,,
1043953,2016/17,2016-11-18,Manuka Oval,1,2.1,South Africa,Australia,S Luus,L Lee,HL Ferling,0,0,,,,,,,,,
1043953,2016/17,2016-11-18,Manuka Oval,1,2.2,South Africa,Australia,S Luus,L Lee,HL Ferling,0,0,,,,,,,,,
1043953,2016/17,2016-11-18,Manuka Oval,1,2.3,South Africa,Australia,S Luus,L Lee,HL Ferling,0,0,,,,,,,,,
1043953,2016/17,2016-11-18,Manuka Oval,1,2.4,South Africa,Australia,S Luus,L Lee,HL Ferling,0,0,,,,,,,,,
1043953,2016/17,2016-11-18,Manuka Oval,1,2.5,South Africa,Australia,S Luus,L Lee,HL Ferling,0,0,,,,,,,,,
1043953,2016/17,2016-11-18,Manuka Oval,1,2.6,South Africa,Australia,S Luus,L Lee,HL Ferling,0,0,,,,,,,,,
1043953,2016/17,2016-11-18,Manuka Oval,1,3.1,South Africa,Australia,L Lee,S Luus,ML Schutt,4,0,,,,,,,,,
1043953,2016/17,2016-11-18,Manuka Oval,1,3.2,South Africa,Australia,L Lee,S Luus,ML Schutt,0,0,,,,,,,,,
1043953,2016/17,2016-11-18,Manuka Oval,1,3.3,South Africa,Australia,L Lee,S Luus,ML Schutt,2,0,,,,,,,,,
1043953,2016/17,2016-11-18,Manuka Oval,1,3.4,South Africa,Australia,L Lee,S Luus,ML Schutt,0,0,,,,,,,,,
1043953,2016/17,2016-11-18,Manuka Oval,1,3.5,South Africa,Australia,L Lee,S Luus,ML Schutt,1,0,,,,,,,,,
1043953,2016/17,2016-11-18,Manuka Oval,1,3.6,South Africa,Australia,S Luus,L Lee,ML Schutt,0,0,,,,,,,,,
1043953,2016/17,2016-11-18,Manuka Oval,1,4.1,South Africa,Australia,L Lee,S Luus,HL Ferling,4,0,,,,,,,,,
1043953,2016/17,2016-11-18,Manuka Oval,1,4.2,South Africa,Australia,L Lee,S Luus,HL Ferling,1,0,,,,,,,,,
1043953,2016/17,2016-11-18,Manuka Oval,1,4.3,South Africa,Australia,S Luus,L Lee,HL Ferling,4,0,,,,,,,,,
1043953,2016/17,2016-11-18,Manuka Oval,1,4.4,South Africa,Australia,S Luus,L Lee,HL Ferling,0,0,,,,,,,,,
1043953,2016/17,2016-11-18,Manuka Oval,1,4.5,South Africa,Australia,S Luus,L Lee,HL Ferling,0,0,,,,,,,,,
1043953,2016/17,2016-11-18,Manuka Oval,1,4.6,South Africa,Australia,S Luus,L Lee,HL Ferling,0,0,,,,,,,,,
1043953,2016/17,2016-11-18,Manuka Oval,1,5.1,South Africa,Australia,L Lee,S Luus,ML Schutt,4,0,,,,,,,,,
1043953,2016/17,2016-11-18,Manuka Oval,1,5.2,South Africa,Australia,L Lee,S Luus,ML Schutt,3,0,,,,,,,,,
1043953,2016/17,2016-11-18,Manuka Oval,1,5.3,South Africa,Australia,S Luus,L Lee,ML Schutt,0,0,,,,,,,,,
1043953,2016/17,2016-11-18,Manuka Oval,1,5.4,South Africa,Australia,S Luus,L Lee,ML Schutt,0,0,,,,,,,,,
1043953,2016/17,2016-11-18,Manuka Oval,1,5.5,South Africa,Australia,S Luus,L Lee,ML Schutt,2,0,,,,,,,,,
1043953,2016/17,2016-11-18,Manuka Oval,1,5.6,South Africa,Australia,S Luus,L Lee,ML Schutt,0,0,,,,,,,,,
1043953,2016/17,2016-11-18,Manuka Oval,1,6.1,South Africa,Australia,L Lee,S Luus,KM Beams,0,0,,,,,,,,,
1043953,2016/17,2016-11-18,Manuka Oval,1,6.2,South Africa,Australia,L Lee,S Luus,KM Beams,0,0,,,,,,,,,
1043953,2016/17,2016-11-18,Manuka Oval,1,6.3,South Africa,Australia,L Lee,S Luus,KM Beams,1,0,,,,,,,,,
1043953,2016/17,2016-11-18,Manuka Oval,1,6.4,South Africa,Australia,S Luus,L Lee,KM Beams,1,0,,,,,,,,,
1043953,2016/17,2016-11-18,Manuka Oval,1,6.5,South Africa,Australia,L Lee,S Luus,KM Beams,0,0,,,,,,,,,
1043953,2016/17,2016-11-18,Manuka Oval,1,6.6,South Africa,Australia,L Lee,S Luus,KM Beams,6,0,,,,,,,,,
1043953,2016/17,2016-11-18,Manuka Oval,1,7.1,South Africa,Australia,S Luus,L Lee,EA Perry,0,0,,,,,,,,,
1043953,2016/17,2016-11-18,Manuka Oval,1,7.2,South Africa,Australia,S Luus,L Lee,EA Perry,0,0,,,,,,,,,
1043953,2016/17,2016-11-18,Manuka Oval,1,7.3,South Africa,Australia,S Luus,L Lee,EA Perry,4,0,,,,,,,,,
1043953,2016/17,2016-11-18,Manuka Oval,1,7.4,South Africa,Australia,S Luus,L Lee,EA Perry,0,0,,,,,,,,,
1043953,2016/17,2016-11-18,Manuka Oval,1,7.5,South Africa,Australia,S Luus,L Lee,EA Perry,0,0,,,,,,,,,
1043953,2016/17,2016-11-18,Manuka Oval,1,7.6,South Africa,Australia,S Luus,L Lee,EA Perry,0,0,,,,,,,,,
1043953,2016/17,2016-11-18,Manuka Oval,1,8.1,South Africa,Australia,L Lee,S Luus,KM Beams,0,0,,,,,,,,,
1043953,2016/17,2016-11-18,Manuka Oval,1,8.2,South Africa,Australia,L Lee,S Luus,KM Beams,0,0,,,,,,,,,
1043953,2016/17,2016-11-18,Manuka Oval,1,8.3,South Africa,Australia,L Lee,S Luus,KM Beams,0,0,,,,,,,,,
1043953,2016/17,2016-11-18,Manuka Oval,1,8.4,South Africa,Australia,L Lee,S Luus,KM Beams,0,0,,,,,,bowled,L Lee,,
1043953,2016/17,2016-11-18,Manuka Oval,1,8.5,South Africa,Australia,M du Preez,S Luus,KM Beams,0,0,,,,,,,,,
1043953,2016/17,2016-11-18,Manuka Oval,1,8.6,South Africa,Australia,M du Preez,S Luus,KM Beams,0,0,,,,,,,,,
1043953,2016/17,2016-11-18,Manuka Oval,1,9.1,South Africa,Australia,S Luus,M du Preez,EA Perry,0,0,,,,,,,,,
1043953,2016/17,2016-11-18,Manuka Oval,1,9.2,South Africa,Australia,S Luus,M du Preez,EA Perry,4,0,,,,,,,,,
1043953,2016/17,2016-11-18,Manuka Oval,1,9.3,South Africa,Australia,S Luus,M du Preez,EA Perry,0,0,,,,,,,,,
1043953,2016/17,2016-11-18,Manuka Oval,1,9.4,South Africa,Australia,S Luus,M du Preez,EA Perry,4,0,,,,,,,,,
1043953,2016/17,2016-11-18,Manuka Oval,1,9.5,South Africa,Australia,S Luus,M du Preez,EA Perry,0,0,,,,,,,,,
1043953,2016/17,2016-11-18,Manuka Oval,1,9.6,South Africa,Australia,S Luus,M du Preez,EA Perry,0,0,,,,,,,,,
1043953,2016/17,2016-11-18,Manuka Oval,1,10.1,South Africa,Australia,M du Preez,S Luus,KM Beams,0,0,,,,,,,,,
1043953,2016/17,2016-11-18,Manuka Oval,1,10.2,South Africa,Australia,M du Preez,S Luus,KM Beams,0,0,,,,,,,,,
1043953,2016/17,2016-11-18,Manuka Oval,1,10.3,South Africa,Australia,M du Preez,S Luus,KM Beams,0,0,,,,,,,,,
1043953,2016/17,2016-11-18,Manuka Oval,1,10.4,South Africa,Australia,M du Preez,S Luus,KM Beams,0,0,,,,,,,,,
1043953,2016/17,2016-11-18,Manuka Oval,1,10.5,South Africa,Australia,M du Preez,S Luus,KM Beams,0,0,,,,,,,,,
1043953,2016/17,2016-11-18,Manuka Oval,1,10.6,South Africa,Australia,M du Preez,S Luus,KM Beams,0,0,,,,,,,,,
1043953,2016/17,2016-11-18,Manuka Oval,1,11.1,South Africa,Australia,S Luus,M du Preez,GM Harris,1,0,,,,,,,,,
1043953,2016/17,2016-11-18,Manuka Oval,1,11.2,South Africa,Australia,M du Preez,S Luus,GM Harris,0,0,,,,,,,,,
1043953,2016/17,2016-11-18,Manuka Oval,1,11.3,South Africa,Australia,M du Preez,S Luus,GM Harris,0,0,,,,,,,,,
1043953,2016/17,2016-11-18,Manuka Oval,1,11.4,South Africa,Australia,M du Preez,S Luus,GM Harris,4,0,,,,,,,,,
1043953,2016/17,2016-11-18,Manuka Oval,1,11.5,South Africa,Australia,M du Preez,S Luus,GM Harris,0,0,,,,,,,,,
1043953,2016/17,2016-11-18,Manuka Oval,1,11.6,South Africa,Australia,M du Preez,S Luus,GM Harris,0,0,,,,,,,,,
1043953,2016/17,2016-11-18,Manuka Oval,1,12.1,South Africa,Australia,S Luus,M du Preez,KM Beams,0,0,,,,,,,,,
1043953,2016/17,2016-11-18,Manuka Oval,1,12.2,South Africa,Australia,S Luus,M du Preez,KM Beams,0,0,,,,,,,,,
1043953,2016/17,2016-11-18,Manuka Oval,1,12.3,South Africa,Australia,S Luus,M du Preez,KM Beams,0,0,,,,,,,,,
1043953,2016/17,2016-11-18,Manuka Oval,1,12.4,South Africa,Australia,S Luus,M du Preez,KM Beams,0,0,,,,,,,,,
1043953,2016/17,2016-11-18,Manuka Oval,1,12.5,South Africa,Australia,S Luus,M du Preez,KM Beams,0,0,,,,,,,,,
1043953,2016/17,2016-11-18,Manuka Oval,1,12.6,South Africa,Australia,S Luus,M du Preez,KM Beams,0,0,,,,,,,,,
1043953,2016/17,2016-11-18,Manuka Oval,1,13.1,South Africa,Australia,M du Preez,S Luus,GM Harris,0,0,,,,,,,,,
1043953,2016/17,2016-11-18,Manuka Oval,1,13.2,South Africa,Australia,M du Preez,S Luus,GM Harris,0,0,,,,,,,,,
1043953,2016/17,2016-11-18,Manuka Oval,1,13.3,South Africa,Australia,M du Preez,S Luus,GM Harris,0,0,,,,,,,,,
1043953,2016/17,2016-11-18,Manuka Oval,1,13.4,South Africa,Australia,M du Preez,S Luus,GM Harris,2,0,,,,,,,,,
1043953,2016/17,2016-11-18,Manuka Oval,1,13.5,South Africa,Australia,M du Preez,S Luus,GM Harris,1,0,,,,,,,,,
1043953,2016/17,2016-11-18,Manuka Oval,1,13.6,South Africa,Australia,S Luus,M du Preez,GM Harris,1,0,,,,,,,,,
1043953,2016/17,2016-11-18,Manuka Oval,1,14.1,South Africa,Australia,S Luus,M du Preez,KM Beams,0,0,,,,,,,,,
1043953,2016/17,2016-11-18,Manuka Oval,1,14.2,South Africa,Australia,S Luus,M du Preez,KM Beams,0,0,,,,,,,,,
1043953,2016/17,2016-11-18,Manuka Oval,1,14.3,South Africa,Australia,S Luus,M du Preez,KM Beams,1,0,,,,,,,,,
1043953,2016/17,2016-11-18,Manuka Oval,1,14.4,South Africa,Australia,M du Preez,S Luus,KM Beams,0,0,,,,,,,,,
1043953,2016/17,2016-11-18,Manuka Oval,1,14.5,South Africa,Australia,M du Preez,S Luus,KM Beams,0,0,,,,,,,,,
1043953,2016/17,2016-11-18,Manuka Oval,1,14.6,South Africa,Australia,M du Preez,S Luus,KM Beams,0,0,,,,,,,,,
1043953,2016/17,2016-11-18,Manuka Oval,1,15.1,South Africa,Australia,S Luus,M du Preez,GM Harris,0,0,,,,,,,,,
1043953,2016/17,2016-11-18,Manuka Oval,1,15.2,South Africa,Australia,S Luus,M du Preez,GM Harris,0,0,,,,,,,,,
1043953,2016/17,2016-11-18,Manuka Oval,1,15.3,South Africa,Australia,S Luus,M du Preez,GM Harris,2,0,,,,,,,,,
1043953,2016/17,2016-11-18,Manuka Oval,1,15.4,South Africa,Australia,S Luus,M du Preez,GM Harris,0,0,,,,,,,,,
1043953,2016/17,2016-11-18,Manuka Oval,1,15.5,South Africa,Australia,S Luus,M du Preez,GM Harris,1,0,,,,,,,,,
1043953,2016/17,2016-11-18,Manuka Oval,1,15.6,South Africa,Australia,M du Preez,S Luus,GM Harris,0,0,,,,,,,,,
1043953,2016/17,2016-11-18,Manuka Oval,1,16.1,South Africa,Australia,S Luus,M du Preez,KM Beams,0,0,,,,,,,,,
1043953,2016/17,2016-11-18,Manuka Oval,1,16.2,South Africa,Australia,S Luus,M du Preez,KM Beams,4,0,,,,,,,,,
1043953,2016/17,2016-11-18,Manuka Oval,1,16.3,South Africa,Australia,S Luus,M du Preez,KM Beams,0,0,,,,,,,,,
1043953,2016/17,2016-11-18,Manuka Oval,1,16.4,South Africa,Australia,S Luus,M du Preez,KM Beams,0,0,,,,,,,,,
1043953,2016/17,2016-11-18,Manuka Oval,1,16.5,South Africa,Australia,S Luus,M du Preez,KM Beams,1,0,,,,,,,,,
1043953,2016/17,2016-11-18,Manuka Oval,1,16.6,South Africa,Australia,M du Preez,S Luus,KM Beams,0,0,,,,,,,,,
1043953,2016/17,2016-11-18,Manuka Oval,1,17.1,South Africa,Australia,S Luus,M du Preez,GM Harris,0,0,,,,,,,,,
1043953,2016/17,2016-11-18,Manuka Oval,1,17.2,South Africa,Australia,S Luus,M du Preez,GM Harris,0,0,,,,,,,,,
1043953,2016/17,2016-11-18,Manuka Oval,1,17.3,South Africa,Australia,S Luus,M du Preez,GM Harris,0,0,,,,,,,,,
1043953,2016/17,2016-11-18,Manuka Oval,1,17.4,South Africa,Australia,S Luus,M du Preez,GM Harris,1,0,,,,,,,,,
1043953,2016/17,2016-11-18,Manuka Oval,1,17.5,South Africa,Australia,M du Preez,S Luus,GM Harris,0,0,,,,,,,,,
1043953,2016/17,2016-11-18,Manuka Oval,1,17.6,South Africa,Australia,M du Preez,S Luus,GM Harris,4,0,,,,,,,,,
1043953,2016/17,2016-11-18,Manuka Oval,1,18.1,South Africa,Australia,S Luus,M du Preez,KM Beams,1,0,,,,,,,,,
1043953,2016/17,2016-11-18,Manuka Oval,1,18.2,South Africa,Australia,M du Preez,S Luus,KM Beams,4,0,,,,,,,,,
1043953,2016/17,2016-11-18,Manuka Oval,1,18.3,South Africa,Australia,M du Preez,S Luus,KM Beams,0,0,,,,,,,,,
1043953,2016/17,2016-11-18,Manuka Oval,1,18.4,South Africa,Australia,M du Preez,S Luus,KM Beams,1,0,,,,,,,,,
1043953,2016/17,2016-11-18,Manuka Oval,1,18.5,South Africa,Australia,S Luus,M du Preez,KM Beams,0,0,,,,,,,,,
1043953,2016/17,2016-11-18,Manuka Oval,1,18.6,South Africa,Australia,S Luus,M du Preez,KM Beams,0,0,,,,,,,,,
1043953,2016/17,2016-11-18,Manuka Oval,1,19.1,South Africa,Australia,M du Preez,S Luus,GM Harris,1,0,,,,,,,,,
1043953,2016/17,2016-11-18,Manuka Oval,1,19.2,South Africa,Australia,S Luus,M du Preez,GM Harris,0,0,,,,,,,,,
1043953,2016/17,2016-11-18,Manuka Oval,1,19.3,South Africa,Australia,S Luus,M du Preez,GM Harris,2,0,,,,,,,,,
1043953,2016/17,2016-11-18,Manuka Oval,1,19.4,South Africa,Australia,S Luus,M du Preez,GM Harris,0,0,,,,,,,,,
1043953,2016/17,2016-11-18,Manuka Oval,1,19.5,South Africa,Australia,S Luus,M du Preez,GM Harris,0,0,,,,,,,,,
1043953,2016/17,2016-11-18,Manuka Oval,1,19.6,South Africa,Australia,S Luus,M du Preez,GM Harris,1,0,,,,,,,,,
1043953,2016/17,2016-11-18,Manuka Oval,1,20.1,South Africa,Australia,S Luus,M du Preez,JL Jonassen,2,0,,,,,,,,,
1043953,2016/17,2016-11-18,Manuka Oval,1,20.2,South Africa,Australia,S Luus,M du Preez,JL Jonassen,0,0,,,,,,,,,
1043953,2016/17,2016-11-18,Manuka Oval,1,20.3,South Africa,Australia,S Luus,M du Preez,JL Jonassen,0,0,,,,,,,,,
1043953,2016/17,2016-11-18,Manuka Oval,1,20.4,South Africa,Australia,S Luus,M du Preez,JL Jonassen,1,0,,,,,,,,,
1043953,2016/17,2016-11-18,Manuka Oval,1,20.5,South Africa,Australia,M du Preez,S Luus,JL Jonassen,0,0,,,,,,,,,
1043953,2016/17,2016-11-18,Manuka Oval,1,20.6,South Africa,Australia,M du Preez,S Luus,JL Jonassen,0,0,,,,,,,,,
1043953,2016/17,2016-11-18,Manuka Oval,1,21.1,South Africa,Australia,S Luus,M du Preez,ML Schutt,0,0,,,,,,,,,
1043953,2016/17,2016-11-18,Manuka Oval,1,21.2,South Africa,Australia,S Luus,M du Preez,ML Schutt,0,0,,,,,,,,,
1043953,2016/17,2016-11-18,Manuka Oval,1,21.3,South Africa,Australia,S Luus,M du Preez,ML Schutt,0,0,,,,,,,,,
1043953,2016/17,2016-11-18,Manuka Oval,1,21.4,South Africa,Australia,S Luus,M du Preez,ML Schutt,4,0,,,,,,,,,
1043953,2016/17,2016-11-18,Manuka Oval,1,21.5,South Africa,Australia,S Luus,M du Preez,ML Schutt,0,0,,,,,,,,,
1043953,2016/17,2016-11-18,Manuka Oval,1,21.6,South Africa,Australia,S Luus,M du Preez,ML Schutt,1,0,,,,,,,,,
1043953,2016/17,2016-11-18,Manuka Oval,1,22.1,South Africa,Australia,S Luus,M du Preez,JL Jonassen,0,0,,,,,,,,,
1043953,2016/17,2016-11-18,Manuka Oval,1,22.2,South Africa,Australia,S Luus,M du Preez,JL Jonassen,0,0,,,,,,,,,
1043953,2016/17,2016-11-18,Manuka Oval,1,22.3,South Africa,Australia,S Luus,M du Preez,JL Jonassen,1,0,,,,,,,,,
1043953,2016/17,2016-11-18,Manuka Oval,1,22.4,South Africa,Australia,M du Preez,S Luus,JL Jonassen,0,0,,,,,,,,,
1043953,2016/17,2016-11-18,Manuka Oval,1,22.5,South Africa,Australia,M du Preez,S Luus,JL Jonassen,0,0,,,,,,,,,
1043953,2016/17,2016-11-18,Manuka Oval,1,22.6,South Africa,Australia,M du Preez,S Luus,JL Jonassen,0,0,,,,,,,,,
1043953,2016/17,2016-11-18,Manuka Oval,1,23.1,South Africa,Australia,S Luus,M du Preez,ML Schutt,0,0,,,,,,,,,
1043953,2016/17,2016-11-18,Manuka Oval,1,23.2,South Africa,Australia,S Luus,M du Preez,ML Schutt,1,0,,,,,,,,,
1043953,2016/17,2016-11-18,Manuka Oval,1,23.3,South Africa,Australia,M du Preez,S Luus,ML Schutt,1,0,,,,,,,,,
1043953,2016/17,2016-11-18,Manuka Oval,1,23.4,South Africa,Australia,S Luus,M du Preez,ML Schutt,0,0,,,,,,,,,
1043953,2016/17,2016-11-18,Manuka Oval,1,23.5,South Africa,Australia,S Luus,M du Preez,ML Schutt,1,0,,,,,,,,,
1043953,2016/17,2016-11-18,Manuka Oval,1,23.6,South Africa,Australia,M du Preez,S Luus,ML Schutt,1,0,,,,,,,,,
1043953,2016/17,2016-11-18,Manuka Oval,1,24.1,South Africa,Australia,M du Preez,S Luus,JL Jonassen,1,0,,,,,,,,,
1043953,2016/17,2016-11-18,Manuka Oval,1,24.2,South Africa,Australia,S Luus,M du Preez,JL Jonassen,0,0,,,,,,,,,
1043953,2016/17,2016-11-18,Manuka Oval,1,24.3,South Africa,Australia,S Luus,M du Preez,JL Jonassen,0,0,,,,,,,,,
1043953,2016/17,2016-11-18,Manuka Oval,1,24.4,South Africa,Australia,S Luus,M du Preez,JL Jonassen,0,0,,,,,,,,,
1043953,2016/17,2016-11-18,Manuka Oval,1,24.5,South Africa,Australia,S Luus,M du Preez,JL Jonassen,4,0,,,,,,,,,
1043953,2016/17,2016-11-18,Manuka Oval,1,24.6,South Africa,Australia,S Luus,M du Preez,JL Jonassen,0,0,,,,,,,,,
1043953,2016/17,2016-11-18,Manuka Oval,1,25.1,South Africa,Australia,M du Preez,S Luus,ML Schutt,4,0,,,,,,,,,
1043953,2016/17,2016-11-18,Manuka Oval,1,25.2,South Africa,Australia,M du Preez,S Luus,ML Schutt,1,0,,,,,,,,,
1043953,2016/17,2016-11-18,Manuka Oval,1,25.3,South Africa,Australia,S Luus,M du Preez,ML Schutt,0,0,,,,,,,,,
1043953,2016/17,2016-11-18,Manuka Oval,1,25.4,South Africa,Australia,S Luus,M du Preez,ML Schutt,1,0,,,,,,,,,
1043953,2016/17,2016-11-18,Manuka Oval,1,25.5,South Africa,Australia,M du Preez,S Luus,ML Schutt,1,0,,,,,,,,,
1043953,2016/17,2016-11-18,Manuka Oval,1,25.6,South Africa,Australia,S Luus,M du Preez,ML Schutt,1,0,,,,,,,,,
1043953,2016/17,2016-11-18,Manuka Oval,1,26.1,South Africa,Australia,S Luus,M du Preez,EA Perry,0,0,,,,,,,,,
1043953,2016/17,2016-11-18,Manuka Oval,1,26.2,South Africa,Australia,S Luus,M du Preez,EA Perry,0,0,,,,,,,,,
1043953,2016/17,2016-11-18,Manuka Oval,1,26.3,South Africa,Australia,S Luus,M du Preez,EA Perry,0,0,,,,,,caught,S Luus,,
1043953,2016/17,2016-11-18,Manuka Oval,1,26.4,South Africa,Australia,D van Niekerk,M du Preez,EA Perry,0,0,,,,,,,,,
1043953,2016/17,2016-11-18,Manuka Oval,1,26.5,South Africa,Australia,D van Niekerk,M du Preez,EA Perry,0,0,,,,,,,,,
1043953,2016/17,2016-11-18,Manuka Oval,1,26.6,South Africa,Australia,D van Niekerk,M du Preez,EA Perry,0,0,,,,,,,,,
1043953,2016/17,2016-11-18,Manuka Oval,1,27.1,South Africa,Australia,M du Preez,D van Niekerk,JL Jonassen,0,0,,,,,,,,,
1043953,2016/17,2016-11-18,Manuka Oval,1,27.2,South Africa,Australia,M du Preez,D van Niekerk,JL Jonassen,0,0,,,,,,,,,
1043953,2016/17,2016-11-18,Manuka Oval,1,27.3,South Africa,Australia,M du Preez,D van Niekerk,JL Jonassen,1,0,,,,,,,,,
1043953,2016/17,2016-11-18,Manuka Oval,1,27.4,South Africa,Australia,D van Niekerk,M du Preez,JL Jonassen,0,0,,,,,,,,,
1043953,2016/17,2016-11-18,Manuka Oval,1,27.5,South Africa,Australia,D van Niekerk,M du Preez,JL Jonassen,0,0,,,,,,,,,
1043953,2016/17,2016-11-18,Manuka Oval,1,27.6,South Africa,Australia,D van Niekerk,M du Preez,JL Jonassen,0,0,,,,,,,,,
1043953,2016/17,2016-11-18,Manuka Oval,1,28.1,South Africa,Australia,M du Preez,D van Niekerk,EA Perry,1,0,,,,,,,,,
1043953,2016/17,2016-11-18,Manuka Oval,1,28.2,South Africa,Australia,D van Niekerk,M du Preez,EA Perry,4,0,,,,,,,,,
1043953,2016/17,2016-11-18,Manuka Oval,1,28.3,South Africa,Australia,D van Niekerk,M du Preez,EA Perry,0,0,,,,,,,,,
1043953,2016/17,2016-11-18,Manuka Oval,1,28.4,South Africa,Australia,D van Niekerk,M du Preez,EA Perry,0,0,,,,,,,,,
1043953,2016/17,2016-11-18,Manuka Oval,1,28.5,South Africa,Australia,D van Niekerk,M du Preez,EA Perry,1,0,,,,,,,,,
1043953,2016/17,2016-11-18,Manuka Oval,1,28.6,South Africa,Australia,M du Preez,D van Niekerk,EA Perry,0,0,,,,,,,,,
1043953,2016/17,2016-11-18,Manuka Oval,1,29.1,South Africa,Australia,D van Niekerk,M du Preez,JL Jonassen,0,0,,,,,,,,,
1043953,2016/17,2016-11-18,Manuka Oval,1,29.2,South Africa,Australia,D van Niekerk,M du Preez,JL Jonassen,1,0,,,,,,,,,
1043953,2016/17,2016-11-18,Manuka Oval,1,29.3,South Africa,Australia,M du Preez,D van Niekerk,JL Jonassen,0,0,,,,,,,,,
1043953,2016/17,2016-11-18,Manuka Oval,1,29.4,South Africa,Australia,M du Preez,D van Niekerk,JL Jonassen,1,0,,,,,,,,,
1043953,2016/17,2016-11-18,Manuka Oval,1,29.5,South Africa,Australia,D van Niekerk,M du Preez,JL Jonassen,0,0,,,,,,,,,
1043953,2016/17,2016-11-18,Manuka Oval,1,29.6,South Africa,Australia,D van Niekerk,M du Preez,JL Jonassen,1,0,,,,,,,,,
1043953,2016/17,2016-11-18,Manuka Oval,1,30.1,South Africa,Australia,D van Niekerk,M du Preez,EA Perry,1,0,,,,,,,,,
1043953,2016/17,2016-11-18,Manuka Oval,1,30.2,South Africa,Australia,M du Preez,D van Niekerk,EA Perry,0,0,,,,,,,,,
1043953,2016/17,2016-11-18,Manuka Oval,1,30.3,South Africa,Australia,M du Preez,D van Niekerk,EA Perry,0,0,,,,,,,,,
1043953,2016/17,2016-11-18,Manuka Oval,1,30.4,South Africa,Australia,M du Preez,D van Niekerk,EA Perry,1,0,,,,,,,,,
1043953,2016/17,2016-11-18,Manuka Oval,1,30.5,South Africa,Australia,D van Niekerk,M du Preez,EA Perry,1,0,,,,,,,,,
1043953,2016/17,2016-11-18,Manuka Oval,1,30.6,South Africa,Australia,M du Preez,D van Niekerk,EA Perry,0,0,,,,,,,,,
1043953,2016/17,2016-11-18,Manuka Oval,1,31.1,South Africa,Australia,D van Niekerk,M du Preez,JL Jonassen,0,0,,,,,,,,,
1043953,2016/17,2016-11-18,Manuka Oval,1,31.2,South Africa,Australia,D van Niekerk,M du Preez,JL Jonassen,0,0,,,,,,,,,
1043953,2016/17,2016-11-18,Manuka Oval,1,31.3,South Africa,Australia,D van Niekerk,M du Preez,JL Jonassen,0,0,,,,,,,,,
1043953,2016/17,2016-11-18,Manuka Oval,1,31.4,South Africa,Australia,D van Niekerk,M du Preez,JL Jonassen,0,0,,,,,,,,,
1043953,2016/17,2016-11-18,Manuka Oval,1,31.5,South Africa,Australia,D van Niekerk,M du Preez,JL Jonassen,0,0,,,,,,,,,
1043953,2016/17,2016-11-18,Manuka Oval,1,31.6,South Africa,Australia,D van Niekerk,M du Preez,JL Jonassen,4,0,,,,,,,,,
1043953,2016/17,2016-11-18,Manuka Oval,1,32.1,South Africa,Australia,M du Preez,D van Niekerk,EA Perry,0,0,,,,,,,,,
1043953,2016/17,2016-11-18,Manuka Oval,1,32.2,South Africa,Australia,M du Preez,D van Niekerk,EA Perry,1,0,,,,,,,,,
1043953,2016/17,2016-11-18,Manuka Oval,1,32.3,South Africa,Australia,D van Niekerk,M du Preez,EA Perry,1,0,,,,,,,,,
1043953,2016/17,2016-11-18,Manuka Oval,1,32.4,South Africa,Australia,M du Preez,D van Niekerk,EA Perry,1,0,,,,,,,,,
1043953,2016/17,2016-11-18,Manuka Oval,1,32.5,South Africa,Australia,D van Niekerk,M du Preez,EA Perry,1,0,,,,,,,,,
1043953,2016/17,2016-11-18,Manuka Oval,1,32.6,South Africa,Australia,M du Preez,D van Niekerk,EA Perry,0,0,,,,,,,,,
1043953,2016/17,2016-11-18,Manuka Oval,1,33.1,South Africa,Australia,D van Niekerk,M du Preez,GM Harris,0,0,,,,,,,,,
1043953,2016/17,2016-11-18,Manuka Oval,1,33.2,South Africa,Australia,D van Niekerk,M du Preez,GM Harris,0,0,,,,,,,,,
1043953,2016/17,2016-11-18,Manuka Oval,1,33.3,South Africa,Australia,D van Niekerk,M du Preez,GM Harris,0,0,,,,,,,,,
1043953,2016/17,2016-11-18,Manuka Oval,1,33.4,South Africa,Australia,D van Niekerk,M du Preez,GM Harris,0,0,,,,,,,,,
1043953,2016/17,2016-11-18,Manuka Oval,1,33.5,South Africa,Australia,D van Niekerk,M du Preez,GM Harris,1,0,,,,,,,,,
1043953,2016/17,2016-11-18,Manuka Oval,1,33.6,South Africa,Australia,M du Preez,D van Niekerk,GM Harris,1,0,,,,,,,,,
1043953,2016/17,2016-11-18,Manuka Oval,1,34.1,South Africa,Australia,M du Preez,D van Niekerk,KM Beams,0,0,,,,,,,,,
1043953,2016/17,2016-11-18,Manuka Oval,1,34.2,South Africa,Australia,M du Preez,D van Niekerk,KM Beams,0,0,,,,,,,,,
1043953,2016/17,2016-11-18,Manuka Oval,1,34.3,South Africa,Australia,M du Preez,D van Niekerk,KM Beams,1,0,,,,,,,,,
1043953,2016/17,2016-11-18,Manuka Oval,1,34.4,South Africa,Australia,D van Niekerk,M du Preez,KM Beams,2,0,,,,,,,,,
1043953,2016/17,2016-11-18,Manuka Oval,1,34.5,South Africa,Australia,D van Niekerk,M du Preez,KM Beams,1,0,,,,,,,,,
1043953,2016/17,2016-11-18,Manuka Oval,1,34.6,South Africa,Australia,M du Preez,D van Niekerk,KM Beams,2,0,,,,,,,,,
1043953,2016/17,2016-11-18,Manuka Oval,1,35.1,South Africa,Australia,D van Niekerk,M du Preez,GM Harris,0,0,,,,,,,,,
1043953,2016/17,2016-11-18,Manuka Oval,1,35.2,South Africa,Australia,D van Niekerk,M du Preez,GM Harris,4,0,,,,,,,,,
1043953,2016/17,2016-11-18,Manuka Oval,1,35.3,South Africa,Australia,D van Niekerk,M du Preez,GM Harris,0,0,,,,,,,,,
1043953,2016/17,2016-11-18,Manuka Oval,1,35.4,South Africa,Australia,D van Niekerk,M du Preez,GM Harris,0,0,,,,,,caught,D van Niekerk,,
1043953,2016/17,2016-11-18,Manuka Oval,1,35.5,South Africa,Australia,M du Preez,M Kapp,GM Harris,1,0,,,,,,,,,
1043953,2016/17,2016-11-18,Manuka Oval,1,35.6,South Africa,Australia,M Kapp,M du Preez,GM Harris,1,0,,,,,,,,,
1043953,2016/17,2016-11-18,Manuka Oval,1,36.1,South Africa,Australia,M Kapp,M du Preez,KM Beams,0,0,,,,,,,,,
1043953,2016/17,2016-11-18,Manuka Oval,1,36.2,South Africa,Australia,M Kapp,M du Preez,KM Beams,0,0,,,,,,,,,
1043953,2016/17,2016-11-18,Manuka Oval,1,36.3,South Africa,Australia,M Kapp,M du Preez,KM Beams,0,0,,,,,,,,,
1043953,2016/17,2016-11-18,Manuka Oval,1,36.4,South Africa,Australia,M Kapp,M du Preez,KM Beams,0,0,,,,,,,,,
1043953,2016/17,2016-11-18,Manuka Oval,1,36.5,South Africa,Australia,M Kapp,M du Preez,KM Beams,0,0,,,,,,,,,
1043953,2016/17,2016-11-18,Manuka Oval,1,36.6,South Africa,Australia,M Kapp,M du Preez,KM Beams,0,0,,,,,,run out,M du Preez,,
1043953,2016/17,2016-11-18,Manuka Oval,1,37.1,South Africa,Australia,D Devnarain,M Kapp,GM Harris,0,0,,,,,,,,,
1043953,2016/17,2016-11-18,Manuka Oval,1,37.2,South Africa,Australia,D Devnarain,M Kapp,GM Harris,0,0,,,,,,,,,
1043953,2016/17,2016-11-18,Manuka Oval,1,37.3,South Africa,Australia,D Devnarain,M Kapp,GM Harris,1,0,,,,,,,,,
1043953,2016/17,2016-11-18,Manuka Oval,1,37.4,South Africa,Australia,M Kapp,D Devnarain,GM Harris,1,0,,,,,,,,,
1043953,2016/17,2016-11-18,Manuka Oval,1,37.5,South Africa,Australia,D Devnarain,M Kapp,GM Harris,0,2,,,2,,,,,,
1043953,2016/17,2016-11-18,Manuka Oval,1,37.6,South Africa,Australia,D Devnarain,M Kapp,GM Harris,0,0,,,,,,,,,
1043953,2016/17,2016-11-18,Manuka Oval,1,38.1,South Africa,Australia,M Kapp,D Devnarain,KM Beams,1,0,,,,,,,,,
1043953,2016/17,2016-11-18,Manuka Oval,1,38.2,South Africa,Australia,D Devnarain,M Kapp,KM Beams,0,0,,,,,,,,,
1043953,2016/17,2016-11-18,Manuka Oval,1,38.3,South Africa,Australia,D Devnarain,M Kapp,KM Beams,0,0,,,,,,,,,
1043953,2016/17,2016-11-18,Manuka Oval,1,38.4,South Africa,Australia,D Devnarain,M Kapp,KM Beams,2,0,,,,,,,,,
1043953,2016/17,2016-11-18,Manuka Oval,1,38.5,South Africa,Australia,D Devnarain,M Kapp,KM Beams,2,0,,,,,,,,,
1043953,2016/17,2016-11-18,Manuka Oval,1,38.6,South Africa,Australia,D Devnarain,M Kapp,KM Beams,0,0,,,,,,,,,
1043953,2016/17,2016-11-18,Manuka Oval,1,39.1,South Africa,Australia,M Kapp,D Devnarain,GM Harris,0,0,,,,,,,,,
1043953,2016/17,2016-11-18,Manuka Oval,1,39.2,South Africa,Australia,M Kapp,D Devnarain,GM Harris,1,0,,,,,,,,,
1043953,2016/17,2016-11-18,Manuka Oval,1,39.3,South Africa,Australia,D Devnarain,M Kapp,GM Harris,1,0,,,,,,,,,
1043953,2016/17,2016-11-18,Manuka Oval,1,39.4,South Africa,Australia,M Kapp,D Devnarain,GM Harris,0,0,,,,,,,,,
1043953,2016/17,2016-11-18,Manuka Oval,1,39.5,South Africa,Australia,M Kapp,D Devnarain,GM Harris,1,0,,,,,,,,,
1043953,2016/17,2016-11-18,Manuka Oval,1,39.6,South Africa,Australia,D Devnarain,M Kapp,GM Harris,0,0,,,,,,,,,
1043953,2016/17,2016-11-18,Manuka Oval,1,40.1,South Africa,Australia,M Kapp,D Devnarain,EA Perry,0,0,,,,,,,,,
1043953,2016/17,2016-11-18,Manuka Oval,1,40.2,South Africa,Australia,M Kapp,D Devnarain,EA Perry,0,0,,,,,,,,,
1043953,2016/17,2016-11-18,Manuka Oval,1,40.3,South Africa,Australia,M Kapp,D Devnarain,EA Perry,0,0,,,,,,,,,
1043953,2016/17,2016-11-18,Manuka Oval,1,40.4,South Africa,Australia,M Kapp,D Devnarain,EA Perry,1,0,,,,,,,,,
1043953,2016/17,2016-11-18,Manuka Oval,1,40.5,South Africa,Australia,D Devnarain,M Kapp,EA Perry,0,0,,,,,,,,,
1043953,2016/17,2016-11-18,Manuka Oval,1,40.6,South Africa,Australia,D Devnarain,M Kapp,EA Perry,4,0,,,,,,,,,
1043953,2016/17,2016-11-18,Manuka Oval,1,41.1,South Africa,Australia,M Kapp,D Devnarain,GM Harris,0,0,,,,,,,,,
1043953,2016/17,2016-11-18,Manuka Oval,1,41.2,South Africa,Australia,M Kapp,D Devnarain,GM Harris,1,0,,,,,,,,,
1043953,2016/17,2016-11-18,Manuka Oval,1,41.3,South Africa,Australia,D Devnarain,M Kapp,GM Harris,4,0,,,,,,,,,
1043953,2016/17,2016-11-18,Manuka Oval,1,41.4,South Africa,Australia,D Devnarain,M Kapp,GM Harris,1,0,,,,,,,,,
1043953,2016/17,2016-11-18,Manuka Oval,1,41.5,South Africa,Australia,M Kapp,D Devnarain,GM Harris,2,0,,,,,,,,,
1043953,2016/17,2016-11-18,Manuka Oval,1,41.6,South Africa,Australia,M Kapp,D Devnarain,GM Harris,1,0,,,,,,,,,
1043953,2016/17,2016-11-18,Manuka Oval,1,42.1,South Africa,Australia,M Kapp,D Devnarain,EA Perry,1,0,,,,,,,,,
1043953,2016/17,2016-11-18,Manuka Oval,1,42.2,South Africa,Australia,D Devnarain,M Kapp,EA Perry,1,0,,,,,,,,,
1043953,2016/17,2016-11-18,Manuka Oval,1,42.3,South Africa,Australia,M Kapp,D Devnarain,EA Perry,1,0,,,,,,,,,
1043953,2016/17,2016-11-18,Manuka Oval,1,42.4,South Africa,Australia,D Devnarain,M Kapp,EA Perry,0,0,,,,,,,,,
1043953,2016/17,2016-11-18,Manuka Oval,1,42.5,South Africa,Australia,D Devnarain,M Kapp,EA Perry,0,0,,,,,,caught,D Devnarain,,
1043953,2016/17,2016-11-18,Manuka Oval,1,42.6,South Africa,Australia,M Kapp,CL Tryon,EA Perry,0,0,,,,,,,,,
1043953,2016/17,2016-11-18,Manuka Oval,1,43.1,South Africa,Australia,CL Tryon,M Kapp,JL Jonassen,0,0,,,,,,,,,
1043953,2016/17,2016-11-18,Manuka Oval,1,43.2,South Africa,Australia,CL Tryon,M Kapp,JL Jonassen,0,0,,,,,,,,,
1043953,2016/17,2016-11-18,Manuka Oval,1,43.3,South Africa,Australia,CL Tryon,M Kapp,JL Jonassen,0,0,,,,,,,,,
1043953,2016/17,2016-11-18,Manuka Oval,1,43.4,South Africa,Australia,CL Tryon,M Kapp,JL Jonassen,1,0,,,,,,,,,
1043953,2016/17,2016-11-18,Manuka Oval,1,43.5,South Africa,Australia,M Kapp,CL Tryon,JL Jonassen,1,0,,,,,,,,,
1043953,2016/17,2016-11-18,Manuka Oval,1,43.6,South Africa,Australia,CL Tryon,M Kapp,JL Jonassen,0,0,,,,,,,,,
1043953,2016/17,2016-11-18,Manuka Oval,1,44.1,South Africa,Australia,M Kapp,CL Tryon,ML Schutt,0,0,,,,,,,,,
1043953,2016/17,2016-11-18,Manuka Oval,1,44.2,South Africa,Australia,M Kapp,CL Tryon,ML Schutt,2,0,,,,,,,,,
1043953,2016/17,2016-11-18,Manuka Oval,1,44.3,South Africa,Australia,M Kapp,CL Tryon,ML Schutt,0,0,,,,,,,,,
1043953,2016/17,2016-11-18,Manuka Oval,1,44.4,South Africa,Australia,M Kapp,CL Tryon,ML Schutt,1,0,,,,,,,,,
1043953,2016/17,2016-11-18,Manuka Oval,1,44.5,South Africa,Australia,CL Tryon,M Kapp,ML Schutt,1,0,,,,,,,,,
1043953,2016/17,2016-11-18,Manuka Oval,1,44.6,South Africa,Australia,M Kapp,CL Tryon,ML Schutt,0,0,,,,,,,,,
1043953,2016/17,2016-11-18,Manuka Oval,1,45.1,South Africa,Australia,CL Tryon,M Kapp,JL Jonassen,0,0,,,,,,,,,
1043953,2016/17,2016-11-18,Manuka Oval,1,45.2,South Africa,Australia,CL Tryon,M Kapp,JL Jonassen,0,0,,,,,,,,,
1043953,2016/17,2016-11-18,Manuka Oval,1,45.3,South Africa,Australia,CL Tryon,M Kapp,JL Jonassen,1,0,,,,,,,,,
1043953,2016/17,2016-11-18,Manuka Oval,1,45.4,South Africa,Australia,M Kapp,CL Tryon,JL Jonassen,2,0,,,,,,,,,
1043953,2016/17,2016-11-18,Manuka Oval,1,45.5,South Africa,Australia,M Kapp,CL Tryon,JL Jonassen,1,0,,,,,,,,,
1043953,2016/17,2016-11-18,Manuka Oval,1,45.6,South Africa,Australia,CL Tryon,M Kapp,JL Jonassen,1,0,,,,,,,,,
1043953,2016/17,2016-11-18,Manuka Oval,1,46.1,South Africa,Australia,CL Tryon,M Kapp,ML Schutt,2,0,,,,,,,,,
1043953,2016/17,2016-11-18,Manuka Oval,1,46.2,South Africa,Australia,CL Tryon,M Kapp,ML Schutt,0,0,,,,,,,,,
1043953,2016/17,2016-11-18,Manuka Oval,1,46.3,South Africa,Australia,CL Tryon,M Kapp,ML Schutt,0,0,,,,,,,,,
1043953,2016/17,2016-11-18,Manuka Oval,1,46.4,South Africa,Australia,CL Tryon,M Kapp,ML Schutt,1,0,,,,,,,,,
1043953,2016/17,2016-11-18,Manuka Oval,1,46.5,South Africa,Australia,M Kapp,CL Tryon,ML Schutt,1,0,,,,,,,,,
1043953,2016/17,2016-11-18,Manuka Oval,1,46.6,South Africa,Australia,CL Tryon,M Kapp,ML Schutt,1,0,,,,,,,,,
1043953,2016/17,2016-11-18,Manuka Oval,1,47.1,South Africa,Australia,CL Tryon,M Kapp,JL Jonassen,1,0,,,,,,,,,
1043953,2016/17,2016-11-18,Manuka Oval,1,47.2,South Africa,Australia,M Kapp,CL Tryon,JL Jonassen,1,0,,,,,,,,,
1043953,2016/17,2016-11-18,Manuka Oval,1,47.3,South Africa,Australia,CL Tryon,M Kapp,JL Jonassen,0,1,,,,1,,,,,
1043953,2016/17,2016-11-18,Manuka Oval,1,47.4,South Africa,Australia,M Kapp,CL Tryon,JL Jonassen,2,0,,,,,,,,,
1043953,2016/17,2016-11-18,Manuka Oval,1,47.5,South Africa,Australia,M Kapp,CL Tryon,JL Jonassen,0,0,,,,,,,,,
1043953,2016/17,2016-11-18,Manuka Oval,1,47.6,South Africa,Australia,M Kapp,CL Tryon,JL Jonassen,1,0,,,,,,,,,
1043953,2016/17,2016-11-18,Manuka Oval,1,48.1,South Africa,Australia,M Kapp,CL Tryon,ML Schutt,1,0,,,,,,,,,
1043953,2016/17,2016-11-18,Manuka Oval,1,48.2,South Africa,Australia,CL Tryon,M Kapp,ML Schutt,1,0,,,,,,,,,
1043953,2016/17,2016-11-18,Manuka Oval,1,48.3,South Africa,Australia,M Kapp,CL Tryon,ML Schutt,1,0,,,,,,,,,
1043953,2016/17,2016-11-18,Manuka Oval,1,48.4,South Africa,Australia,CL Tryon,M Kapp,ML Schutt,1,0,,,,,,,,,
1043953,2016/17,2016-11-18,Manuka Oval,1,48.5,South Africa,Australia,M Kapp,CL Tryon,ML Schutt,1,0,,,,,,,,,
1043953,2016/17,2016-11-18,Manuka Oval,1,48.6,South Africa,Australia,CL Tryon,M Kapp,ML Schutt,4,0,,,,,,,,,
1043953,2016/17,2016-11-18,Manuka Oval,1,49.1,South Africa,Australia,M Kapp,CL Tryon,JL Jonassen,1,0,,,,,,,,,
1043953,2016/17,2016-11-18,Manuka Oval,1,49.2,South Africa,Australia,CL Tryon,M Kapp,JL Jonassen,1,0,,,,,,,,,
1043953,2016/17,2016-11-18,Manuka Oval,1,49.3,South Africa,Australia,M Kapp,CL Tryon,JL Jonassen,1,0,,,,,,,,,
1043953,2016/17,2016-11-18,Manuka Oval,1,49.4,South Africa,Australia,CL Tryon,M Kapp,JL Jonassen,6,0,,,,,,,,,
1043953,2016/17,2016-11-18,Manuka Oval,1,49.5,South Africa,Australia,CL Tryon,M Kapp,JL Jonassen,2,0,,,,,,,,,
1043953,2016/17,2016-11-18,Manuka Oval,1,49.6,South Africa,Australia,CL Tryon,M Kapp,JL Jonassen,1,0,,,,,,,,,
1043953,2016/17,2016-11-18,Manuka Oval,2,0.1,Australia,South Africa,NE Bolton,EJ Villani,A Khaka,0,0,,,,,,,,,
1043953,2016/17,2016-11-18,Manuka Oval,2,0.2,Australia,South Africa,NE Bolton,EJ Villani,A Khaka,1,0,,,,,,,,,
1043953,2016/17,2016-11-18,Manuka Oval,2,0.3,Australia,South Africa,EJ Villani,NE Bolton,A Khaka,0,0,,,,,,,,,
1043953,2016/17,2016-11-18,Manuka Oval,2,0.4,Australia,South Africa,EJ Villani,NE Bolton,A Khaka,2,0,,,,,,,,,
1043953,2016/17,2016-11-18,Manuka Oval,2,0.5,Australia,South Africa,EJ Villani,NE Bolton,A Khaka,0,0,,,,,,,,,
1043953,2016/17,2016-11-18,Manuka Oval,2,0.6,Australia,South Africa,EJ Villani,NE Bolton,A Khaka,0,0,,,,,,caught,EJ Villani,,
1043953,2016/17,2016-11-18,Manuka Oval,2,1.1,Australia,South Africa,NE Bolton,MM Lanning,M Kapp,1,0,,,,,,,,,
1043953,2016/17,2016-11-18,Manuka Oval,2,1.2,Australia,South Africa,MM Lanning,NE Bolton,M Kapp,0,0,,,,,,,,,
1043953,2016/17,2016-11-18,Manuka Oval,2,1.3,Australia,South Africa,MM Lanning,NE Bolton,M Kapp,0,0,,,,,,,,,
1043953,2016/17,2016-11-18,Manuka Oval,2,1.4,Australia,South Africa,MM Lanning,NE Bolton,M Kapp,4,0,,,,,,,,,
1043953,2016/17,2016-11-18,Manuka Oval,2,1.5,Australia,South Africa,MM Lanning,NE Bolton,M Kapp,0,0,,,,,,,,,
1043953,2016/17,2016-11-18,Manuka Oval,2,1.6,Australia,South Africa,MM Lanning,NE Bolton,M Kapp,1,0,,,,,,,,,
1043953,2016/17,2016-11-18,Manuka Oval,2,2.1,Australia,South Africa,MM Lanning,NE Bolton,A Khaka,1,0,,,,,,,,,
1043953,2016/17,2016-11-18,Manuka Oval,2,2.2,Australia,South Africa,NE Bolton,MM Lanning,A Khaka,0,0,,,,,,,,,
1043953,2016/17,2016-11-18,Manuka Oval,2,2.3,Australia,South Africa,NE Bolton,MM Lanning,A Khaka,0,0,,,,,,,,,
1043953,2016/17,2016-11-18,Manuka Oval,2,2.4,Australia,South Africa,NE Bolton,MM Lanning,A Khaka,4,0,,,,,,,,,
1043953,2016/17,2016-11-18,Manuka Oval,2,2.5,Australia,South Africa,NE Bolton,MM Lanning,A Khaka,4,0,,,,,,,,,
1043953,2016/17,2016-11-18,Manuka Oval,2,2.6,Australia,South Africa,NE Bolton,MM Lanning,A Khaka,0,5,5,,,,,,,,
1043953,2016/17,2016-11-18,Manuka Oval,2,2.7,Australia,South Africa,NE Bolton,MM Lanning,A Khaka,0,0,,,,,,,,,
1043953,2016/17,2016-11-18,Manuka Oval,2,3.1,Australia,South Africa,MM Lanning,NE Bolton,M Kapp,0,0,,,,,,,,,
1043953,2016/17,2016-11-18,Manuka Oval,2,3.2,Australia,South Africa,MM Lanning,NE Bolton,M Kapp,0,0,,,,,,,,,
1043953,2016/17,2016-11-18,Manuka Oval,2,3.3,Australia,South Africa,MM Lanning,NE Bolton,M Kapp,0,0,,,,,,,,,
1043953,2016/17,2016-11-18,Manuka Oval,2,3.4,Australia,South Africa,MM Lanning,NE Bolton,M Kapp,0,0,,,,,,,,,
1043953,2016/17,2016-11-18,Manuka Oval,2,3.5,Australia,South Africa,MM Lanning,NE Bolton,M Kapp,0,0,,,,,,,,,
1043953,2016/17,2016-11-18,Manuka Oval,2,3.6,Australia,South Africa,MM Lanning,NE Bolton,M Kapp,1,0,,,,,,,,,
1043953,2016/17,2016-11-18,Manuka Oval,2,4.1,Australia,South Africa,MM Lanning,NE Bolton,A Khaka,0,0,,,,,,,,,
1043953,2016/17,2016-11-18,Manuka Oval,2,4.2,Australia,South Africa,MM Lanning,NE Bolton,A Khaka,1,0,,,,,,,,,
1043953,2016/17,2016-11-18,Manuka Oval,2,4.3,Australia,South Africa,NE Bolton,MM Lanning,A Khaka,0,0,,,,,,,,,
1043953,2016/17,2016-11-18,Manuka Oval,2,4.4,Australia,South Africa,NE Bolton,MM Lanning,A Khaka,1,0,,,,,,,,,
1043953,2016/17,2016-11-18,Manuka Oval,2,4.5,Australia,South Africa,MM Lanning,NE Bolton,A Khaka,0,0,,,,,,,,,
1043953,2016/17,2016-11-18,Manuka Oval,2,4.6,Australia,South Africa,MM Lanning,NE Bolton,A Khaka,0,0,,,,,,,,,
1043953,2016/17,2016-11-18,Manuka Oval,2,5.1,Australia,South Africa,NE Bolton,MM Lanning,M Kapp,1,0,,,,,,,,,
1043953,2016/17,2016-11-18,Manuka Oval,2,5.2,Australia,South Africa,MM Lanning,NE Bolton,M Kapp,0,0,,,,,,,,,
1043953,2016/17,2016-11-18,Manuka Oval,2,5.3,Australia,South Africa,MM Lanning,NE Bolton,M Kapp,0,0,,,,,,,,,
1043953,2016/17,2016-11-18,Manuka Oval,2,5.4,Australia,South Africa,MM Lanning,NE Bolton,M Kapp,1,0,,,,,,,,,
1043953,2016/17,2016-11-18,Manuka Oval,2,5.5,Australia,South Africa,NE Bolton,MM Lanning,M Kapp,0,0,,,,,,,,,
1043953,2016/17,2016-11-18,Manuka Oval,2,5.6,Australia,South Africa,NE Bolton,MM Lanning,M Kapp,0,0,,,,,,,,,
1043953,2016/17,2016-11-18,Manuka Oval,2,6.1,Australia,South Africa,MM Lanning,NE Bolton,A Khaka,0,0,,,,,,,,,
1043953,2016/17,2016-11-18,Manuka Oval,2,6.2,Australia,South Africa,MM Lanning,NE Bolton,A Khaka,4,0,,,,,,,,,
1043953,2016/17,2016-11-18,Manuka Oval,2,6.3,Australia,South Africa,MM Lanning,NE Bolton,A Khaka,1,0,,,,,,,,,
1043953,2016/17,2016-11-18,Manuka Oval,2,6.4,Australia,South Africa,NE Bolton,MM Lanning,A Khaka,0,0,,,,,,,,,
1043953,2016/17,2016-11-18,Manuka Oval,2,6.5,Australia,South Africa,NE Bolton,MM Lanning,A Khaka,0,0,,,,,,,,,
1043953,2016/17,2016-11-18,Manuka Oval,2,6.6,Australia,South Africa,NE Bolton,MM Lanning,A Khaka,0,0,,,,,,,,,
1043953,2016/17,2016-11-18,Manuka Oval,2,7.1,Australia,South Africa,MM Lanning,NE Bolton,M Kapp,1,0,,,,,,,,,
1043953,2016/17,2016-11-18,Manuka Oval,2,7.2,Australia,South Africa,NE Bolton,MM Lanning,M Kapp,1,0,,,,,,,,,
1043953,2016/17,2016-11-18,Manuka Oval,2,7.3,Australia,South Africa,MM Lanning,NE Bolton,M Kapp,0,0,,,,,,,,,
1043953,2016/17,2016-11-18,Manuka Oval,2,7.4,Australia,South Africa,MM Lanning,NE Bolton,M Kapp,0,0,,,,,,,,,
1043953,2016/17,2016-11-18,Manuka Oval,2,7.5,Australia,South Africa,MM Lanning,NE Bolton,M Kapp,1,0,,,,,,,,,
1043953,2016/17,2016-11-18,Manuka Oval,2,7.6,Australia,South Africa,NE Bolton,MM Lanning,M Kapp,0,0,,,,,,,,,
1043953,2016/17,2016-11-18,Manuka Oval,2,8.1,Australia,South Africa,MM Lanning,NE Bolton,M Daniels,1,0,,,,,,,,,
1043953,2016/17,2016-11-18,Manuka Oval,2,8.2,Australia,South Africa,NE Bolton,MM Lanning,M Daniels,0,0,,,,,,,,,
1043953,2016/17,2016-11-18,Manuka Oval,2,8.3,Australia,South Africa,NE Bolton,MM Lanning,M Daniels,1,0,,,,,,,,,
1043953,2016/17,2016-11-18,Manuka Oval,2,8.4,Australia,South Africa,MM Lanning,NE Bolton,M Daniels,1,0,,,,,,,,,
1043953,2016/17,2016-11-18,Manuka Oval,2,8.5,Australia,South Africa,NE Bolton,MM Lanning,M Daniels,0,0,,,,,,,,,
1043953,2016/17,2016-11-18,Manuka Oval,2,8.6,Australia,South Africa,NE Bolton,MM Lanning,M Daniels,0,0,,,,,,,,,
1043953,2016/17,2016-11-18,Manuka Oval,2,9.1,Australia,South Africa,MM Lanning,NE Bolton,M Kapp,0,0,,,,,,,,,
1043953,2016/17,2016-11-18,Manuka Oval,2,9.2,Australia,South Africa,MM Lanning,NE Bolton,M Kapp,0,0,,,,,,bowled,MM Lanning,,
1043953,2016/17,2016-11-18,Manuka Oval,2,9.3,Australia,South Africa,EA Perry,NE Bolton,M Kapp,0,0,,,,,,,,,
1043953,2016/17,2016-11-18,Manuka Oval,2,9.4,Australia,South Africa,EA Perry,NE Bolton,M Kapp,0,0,,,,,,,,,
1043953,2016/17,2016-11-18,Manuka Oval,2,9.5,Australia,South Africa,EA Perry,NE Bolton,M Kapp,1,0,,,,,,,,,
1043953,2016/17,2016-11-18,Manuka Oval,2,9.6,Australia,South Africa,NE Bolton,EA Perry,M Kapp,0,0,,,,,,,,,
1043953,2016/17,2016-11-18,Manuka Oval,2,10.1,Australia,South Africa,EA Perry,NE Bolton,M Daniels,0,0,,,,,,,,,
1043953,2016/17,2016-11-18,Manuka Oval,2,10.2,Australia,South Africa,EA Perry,NE Bolton,M Daniels,1,0,,,,,,,,,
1043953,2016/17,2016-11-18,Manuka Oval,2,10.3,Australia,South Africa,NE Bolton,EA Perry,M Daniels,0,0,,,,,,,,,
1043953,2016/17,2016-11-18,Manuka Oval,2,10.4,Australia,South Africa,NE Bolton,EA Perry,M Daniels,0,0,,,,,,,,,
1043953,2016/17,2016-11-18,Manuka Oval,2,10.5,Australia,South Africa,NE Bolton,EA Perry,M Daniels,0,0,,,,,,,,,
1043953,2016/17,2016-11-18,Manuka Oval,2,10.6,Australia,South Africa,NE Bolton,EA Perry,M Daniels,0,0,,,,,,,,,
1043953,2016/17,2016-11-18,Manuka Oval,2,11.1,Australia,South Africa,EA Perry,NE Bolton,M Kapp,0,1,,,,1,,,,,
1043953,2016/17,2016-11-18,Manuka Oval,2,11.2,Australia,South Africa,NE Bolton,EA Perry,M Kapp,1,0,,,,,,,,,
1043953,2016/17,2016-11-18,Manuka Oval,2,11.3,Australia,South Africa,EA Perry,NE Bolton,M Kapp,0,0,,,,,,,,,
1043953,2016/17,2016-11-18,Manuka Oval,2,11.4,Australia,South Africa,EA Perry,NE Bolton,M Kapp,0,0,,,,,,,,,
1043953,2016/17,2016-11-18,Manuka Oval,2,11.5,Australia,South Africa,EA Perry,NE Bolton,M Kapp,0,0,,,,,,,,,
1043953,2016/17,2016-11-18,Manuka Oval,2,11.6,Australia,South Africa,EA Perry,NE Bolton,M Kapp,0,0,,,,,,,,,
1043953,2016/17,2016-11-18,Manuka Oval,2,12.1,Australia,South Africa,NE Bolton,EA Perry,M Daniels,0,0,,,,,,,,,
1043953,2016/17,2016-11-18,Manuka Oval,2,12.2,Australia,South Africa,NE Bolton,EA Perry,M Daniels,0,0,,,,,,,,,
1043953,2016/17,2016-11-18,Manuka Oval,2,12.3,Australia,South Africa,NE Bolton,EA Perry,M Daniels,2,0,,,,,,,,,
1043953,2016/17,2016-11-18,Manuka Oval,2,12.4,Australia,South Africa,NE Bolton,EA Perry,M Daniels,0,0,,,,,,,,,
1043953,2016/17,2016-11-18,Manuka Oval,2,12.5,Australia,South Africa,NE Bolton,EA Perry,M Daniels,0,0,,,,,,,,,
1043953,2016/17,2016-11-18,Manuka Oval,2,12.6,Australia,South Africa,NE Bolton,EA Perry,M Daniels,0,0,,,,,,,,,
1043953,2016/17,2016-11-18,Manuka Oval,2,13.1,Australia,South Africa,EA Perry,NE Bolton,CL Tryon,0,0,,,,,,,,,
1043953,2016/17,2016-11-18,Manuka Oval,2,13.2,Australia,South Africa,EA Perry,NE Bolton,CL Tryon,1,0,,,,,,,,,
1043953,2016/17,2016-11-18,Manuka Oval,2,13.3,Australia,South Africa,NE Bolton,EA Perry,CL Tryon,0,0,,,,,,,,,
1043953,2016/17,2016-11-18,Manuka Oval,2,13.4,Australia,South Africa,NE Bolton,EA Perry,CL Tryon,1,0,,,,,,,,,
1043953,2016/17,2016-11-18,Manuka Oval,2,13.5,Australia,South Africa,EA Perry,NE Bolton,CL Tryon,1,0,,,,,,,,,
1043953,2016/17,2016-11-18,Manuka Oval,2,13.6,Australia,South Africa,NE Bolton,EA Perry,CL Tryon,0,0,,,,,,,,,
1043953,2016/17,2016-11-18,Manuka Oval,2,14.1,Australia,South Africa,EA Perry,NE Bolton,M Daniels,1,0,,,,,,,,,
1043953,2016/17,2016-11-18,Manuka Oval,2,14.2,Australia,South Africa,NE Bolton,EA Perry,M Daniels,0,0,,,,,,,,,
1043953,2016/17,2016-11-18,Manuka Oval,2,14.3,Australia,South Africa,NE Bolton,EA Perry,M Daniels,0,0,,,,,,,,,
1043953,2016/17,2016-11-18,Manuka Oval,2,14.4,Australia,South Africa,NE Bolton,EA Perry,M Daniels,0,0,,,,,,,,,
1043953,2016/17,2016-11-18,Manuka Oval,2,14.5,Australia,South Africa,NE Bolton,EA Perry,M Daniels,0,0,,,,,,,,,
1043953,2016/17,2016-11-18,Manuka Oval,2,14.6,Australia,South Africa,NE Bolton,EA Perry,M Daniels,0,0,,,,,,lbw,NE Bolton,,
1043953,2016/17,2016-11-18,Manuka Oval,2,15.1,Australia,South Africa,EA Perry,AJ Blackwell,CL Tryon,0,0,,,,,,,,,
1043953,2016/17,2016-11-18,Manuka Oval,2,15.2,Australia,South Africa,EA Perry,AJ Blackwell,CL Tryon,0,0,,,,,,,,,
1043953,2016/17,2016-11-18,Manuka Oval,2,15.3,Australia,South Africa,EA Perry,AJ Blackwell,CL Tryon,0,0,,,,,,,,,
1043953,2016/17,2016-11-18,Manuka Oval,2,15.4,Australia,South Africa,EA Perry,AJ Blackwell,CL Tryon,0,0,,,,,,,,,
1043953,2016/17,2016-11-18,Manuka Oval,2,15.5,Australia,South Africa,EA Perry,AJ Blackwell,CL Tryon,1,0,,,,,,,,,
1043953,2016/17,2016-11-18,Manuka Oval,2,15.6,Australia,South Africa,AJ Blackwell,EA Perry,CL Tryon,0,0,,,,,,,,,
1043953,2016/17,2016-11-18,Manuka Oval,2,16.1,Australia,South Africa,EA Perry,AJ Blackwell,M Daniels,1,0,,,,,,,,,
1043953,2016/17,2016-11-18,Manuka Oval,2,16.2,Australia,South Africa,AJ Blackwell,EA Perry,M Daniels,0,0,,,,,,,,,
1043953,2016/17,2016-11-18,Manuka Oval,2,16.3,Australia,South Africa,AJ Blackwell,EA Perry,M Daniels,0,0,,,,,,,,,
1043953,2016/17,2016-11-18,Manuka Oval,2,16.4,Australia,South Africa,AJ Blackwell,EA Perry,M Daniels,0,0,,,,,,,,,
1043953,2016/17,2016-11-18,Manuka Oval,2,16.5,Australia,South Africa,AJ Blackwell,EA Perry,M Daniels,0,0,,,,,,,,,
1043953,2016/17,2016-11-18,Manuka Oval,2,16.6,Australia,South Africa,AJ Blackwell,EA Perry,M Daniels,0,0,,,,,,,,,
1043953,2016/17,2016-11-18,Manuka Oval,2,17.1,Australia,South Africa,EA Perry,AJ Blackwell,CL Tryon,0,0,,,,,,,,,
1043953,2016/17,2016-11-18,Manuka Oval,2,17.2,Australia,South Africa,EA Perry,AJ Blackwell,CL Tryon,0,0,,,,,,,,,
1043953,2016/17,2016-11-18,Manuka Oval,2,17.3,Australia,South Africa,EA Perry,AJ Blackwell,CL Tryon,0,0,,,,,,,,,
1043953,2016/17,2016-11-18,Manuka Oval,2,17.4,Australia,South Africa,EA Perry,AJ Blackwell,CL Tryon,4,0,,,,,,,,,
1043953,2016/17,2016-11-18,Manuka Oval,2,17.5,Australia,South Africa,EA Perry,AJ Blackwell,CL Tryon,1,0,,,,,,,,,
1043953,2016/17,2016-11-18,Manuka Oval,2,17.6,Australia,South Africa,AJ Blackwell,EA Perry,CL Tryon,0,0,,,,,,,,,
1043953,2016/17,2016-11-18,Manuka Oval,2,18.1,Australia,South Africa,EA Perry,AJ Blackwell,M Daniels,1,0,,,,,,,,,
1043953,2016/17,2016-11-18,Manuka Oval,2,18.2,Australia,South Africa,AJ Blackwell,EA Perry,M Daniels,0,0,,,,,,,,,
1043953,2016/17,2016-11-18,Manuka Oval,2,18.3,Australia,South Africa,AJ Blackwell,EA Perry,M Daniels,4,0,,,,,,,,,
1043953,2016/17,2016-11-18,Manuka Oval,2,18.4,Australia,South Africa,AJ Blackwell,EA Perry,M Daniels,1,0,,,,,,,,,
1043953,2016/17,2016-11-18,Manuka Oval,2,18.5,Australia,South Africa,EA Perry,AJ Blackwell,M Daniels,0,0,,,,,,,,,
1043953,2016/17,2016-11-18,Manuka Oval,2,18.6,Australia,South Africa,EA Perry,AJ Blackwell,M Daniels,1,0,,,,,,,,,
1043953,2016/17,2016-11-18,Manuka Oval,2,19.1,Australia,South Africa,EA Perry,AJ Blackwell,CL Tryon,1,0,,,,,,,,,
1043953,2016/17,2016-11-18,Manuka Oval,2,19.2,Australia,South Africa,AJ Blackwell,EA Perry,CL Tryon,0,0,,,,,,,,,
1043953,2016/17,2016-11-18,Manuka Oval,2,19.3,Australia,South Africa,AJ Blackwell,EA Perry,CL Tryon,0,0,,,,,,,,,
1043953,2016/17,2016-11-18,Manuka Oval,2,19.4,Australia,South Africa,AJ Blackwell,EA Perry,CL Tryon,0,0,,,,,,,,,
1043953,2016/17,2016-11-18,Manuka Oval,2,19.5,Australia,South Africa,AJ Blackwell,EA Perry,CL Tryon,0,0,,,,,,,,,
1043953,2016/17,2016-11-18,Manuka Oval,2,19.6,Australia,South Africa,AJ Blackwell,EA Perry,CL Tryon,1,0,,,,,,,,,
1043953,2016/17,2016-11-18,Manuka Oval,2,20.1,Australia,South Africa,AJ Blackwell,EA Perry,M Daniels,0,0,,,,,,,,,
1043953,2016/17,2016-11-18,Manuka Oval,2,20.2,Australia,South Africa,AJ Blackwell,EA Perry,M Daniels,0,0,,,,,,,,,
1043953,2016/17,2016-11-18,Manuka Oval,2,20.3,Australia,South Africa,AJ Blackwell,EA Perry,M Daniels,0,0,,,,,,,,,
1043953,2016/17,2016-11-18,Manuka Oval,2,20.4,Australia,South Africa,AJ Blackwell,EA Perry,M Daniels,0,0,,,,,,,,,
1043953,2016/17,2016-11-18,Manuka Oval,2,20.5,Australia,South Africa,AJ Blackwell,EA Perry,M Daniels,0,0,,,,,,,,,
1043953,2016/17,2016-11-18,Manuka Oval,2,20.6,Australia,South Africa,AJ Blackwell,EA Perry,M Daniels,1,0,,,,,,,,,
1043953,2016/17,2016-11-18,Manuka Oval,2,21.1,Australia,South Africa,AJ Blackwell,EA Perry,CL Tryon,0,0,,,,,,,,,
1043953,2016/17,2016-11-18,Manuka Oval,2,21.2,Australia,South Africa,AJ Blackwell,EA Perry,CL Tryon,0,0,,,,,,,,,
1043953,2016/17,2016-11-18,Manuka Oval,2,21.3,Australia,South Africa,AJ Blackwell,EA Perry,CL Tryon,0,0,,,,,,,,,
1043953,2016/17,2016-11-18,Manuka Oval,2,21.4,Australia,South Africa,AJ Blackwell,EA Perry,CL Tryon,1,0,,,,,,,,,
1043953,2016/17,2016-11-18,Manuka Oval,2,21.5,Australia,South Africa,EA Perry,AJ Blackwell,CL Tryon,1,0,,,,,,,,,
1043953,2016/17,2016-11-18,Manuka Oval,2,21.6,Australia,South Africa,AJ Blackwell,EA Perry,CL Tryon,0,0,,,,,,,,,
1043953,2016/17,2016-11-18,Manuka Oval,2,22.1,Australia,South Africa,EA Perry,AJ Blackwell,M Daniels,0,0,,,,,,,,,
1043953,2016/17,2016-11-18,Manuka Oval,2,22.2,Australia,South Africa,EA Perry,AJ Blackwell,M Daniels,1,0,,,,,,,,,
1043953,2016/17,2016-11-18,Manuka Oval,2,22.3,Australia,South Africa,AJ Blackwell,EA Perry,M Daniels,1,0,,,,,,,,,
1043953,2016/17,2016-11-18,Manuka Oval,2,22.4,Australia,South Africa,EA Perry,AJ Blackwell,M Daniels,0,0,,,,,,,,,
1043953,2016/17,2016-11-18,Manuka Oval,2,22.5,Australia,South Africa,EA Perry,AJ Blackwell,M Daniels,0,0,,,,,,,,,
1043953,2016/17,2016-11-18,Manuka Oval,2,22.6,Australia,South Africa,EA Perry,AJ Blackwell,M Daniels,0,0,,,,,,,,,
1043953,2016/17,2016-11-18,Manuka Oval,2,23.1,Australia,South Africa,AJ Blackwell,EA Perry,CL Tryon,0,0,,,,,,,,,
1043953,2016/17,2016-11-18,Manuka Oval,2,23.2,Australia,South Africa,AJ Blackwell,EA Perry,CL Tryon,0,0,,,,,,,,,
1043953,2016/17,2016-11-18,Manuka Oval,2,23.3,Australia,South Africa,AJ Blackwell,EA Perry,CL Tryon,0,0,,,,,,,,,
1043953,2016/17,2016-11-18,Manuka Oval,2,23.4,Australia,South Africa,AJ Blackwell,EA Perry,CL Tryon,0,0,,,,,,,,,
1043953,2016/17,2016-11-18,Manuka Oval,2,23.5,Australia,South Africa,AJ Blackwell,EA Perry,CL Tryon,1,0,,,,,,,,,
1043953,2016/17,2016-11-18,Manuka Oval,2,23.6,Australia,South Africa,EA Perry,AJ Blackwell,CL Tryon,0,0,,,,,,,,,
1043953,2016/17,2016-11-18,Manuka Oval,2,24.1,Australia,South Africa,AJ Blackwell,EA Perry,D van Niekerk,0,0,,,,,,,,,
1043953,2016/17,2016-11-18,Manuka Oval,2,24.2,Australia,South Africa,AJ Blackwell,EA Perry,D van Niekerk,1,0,,,,,,,,,
1043953,2016/17,2016-11-18,Manuka Oval,2,24.3,Australia,South Africa,EA Perry,AJ Blackwell,D van Niekerk,1,0,,,,,,,,,
1043953,2016/17,2016-11-18,Manuka Oval,2,24.4,Australia,South Africa,AJ Blackwell,EA Perry,D van Niekerk,4,0,,,,,,,,,
1043953,2016/17,2016-11-18,Manuka Oval,2,24.5,Australia,South Africa,AJ Blackwell,EA Perry,D van Niekerk,0,0,,,,,,,,,
1043953,2016/17,2016-11-18,Manuka Oval,2,24.6,Australia,South Africa,AJ Blackwell,EA Perry,D van Niekerk,0,0,,,,,,,,,
1043953,2016/17,2016-11-18,Manuka Oval,2,25.1,Australia,South Africa,EA Perry,AJ Blackwell,CL Tryon,4,0,,,,,,,,,
1043953,2016/17,2016-11-18,Manuka Oval,2,25.2,Australia,South Africa,EA Perry,AJ Blackwell,CL Tryon,1,0,,,,,,,,,
1043953,2016/17,2016-11-18,Manuka Oval,2,25.3,Australia,South Africa,AJ Blackwell,EA Perry,CL Tryon,1,0,,,,,,,,,
1043953,2016/17,2016-11-18,Manuka Oval,2,25.4,Australia,South Africa,EA Perry,AJ Blackwell,CL Tryon,0,0,,,,,,,,,
1043953,2016/17,2016-11-18,Manuka Oval,2,25.5,Australia,South Africa,EA Perry,AJ Blackwell,CL Tryon,0,0,,,,,,,,,
1043953,2016/17,2016-11-18,Manuka Oval,2,25.6,Australia,South Africa,EA Perry,AJ Blackwell,CL Tryon,1,0,,,,,,,,,
1043953,2016/17,2016-11-18,Manuka Oval,2,26.1,Australia,South Africa,EA Perry,AJ Blackwell,D van Niekerk,1,0,,,,,,,,,
1043953,2016/17,2016-11-18,Manuka Oval,2,26.2,Australia,South Africa,AJ Blackwell,EA Perry,D van Niekerk,1,0,,,,,,,,,
1043953,2016/17,2016-11-18,Manuka Oval,2,26.3,Australia,South Africa,EA Perry,AJ Blackwell,D van Niekerk,1,0,,,,,,,,,
1043953,2016/17,2016-11-18,Manuka Oval,2,26.4,Australia,South Africa,AJ Blackwell,EA Perry,D van Niekerk,0,0,,,,,,,,,
1043953,2016/17,2016-11-18,Manuka Oval,2,26.5,Australia,South Africa,AJ Blackwell,EA Perry,D van Niekerk,1,0,,,,,,,,,
1043953,2016/17,2016-11-18,Manuka Oval,2,26.6,Australia,South Africa,EA Perry,AJ Blackwell,D van Niekerk,0,0,,,,,,,,,
1043953,2016/17,2016-11-18,Manuka Oval,2,27.1,Australia,South Africa,AJ Blackwell,EA Perry,CL Tryon,0,0,,,,,,,,,
1043953,2016/17,2016-11-18,Manuka Oval,2,27.2,Australia,South Africa,AJ Blackwell,EA Perry,CL Tryon,0,0,,,,,,,,,
1043953,2016/17,2016-11-18,Manuka Oval,2,27.3,Australia,South Africa,AJ Blackwell,EA Perry,CL Tryon,1,0,,,,,,,,,
1043953,2016/17,2016-11-18,Manuka Oval,2,27.4,Australia,South Africa,EA Perry,AJ Blackwell,CL Tryon,0,0,,,,,,,,,
1043953,2016/17,2016-11-18,Manuka Oval,2,27.5,Australia,South Africa,EA Perry,AJ Blackwell,CL Tryon,1,0,,,,,,,,,
1043953,2016/17,2016-11-18,Manuka Oval,2,27.6,Australia,South Africa,AJ Blackwell,EA Perry,CL Tryon,0,0,,,,,,,,,
1043953,2016/17,2016-11-18,Manuka Oval,2,28.1,Australia,South Africa,EA Perry,AJ Blackwell,D van Niekerk,0,0,,,,,,,,,
1043953,2016/17,2016-11-18,Manuka Oval,2,28.2,Australia,South Africa,EA Perry,AJ Blackwell,D van Niekerk,1,0,,,,,,,,,
1043953,2016/17,2016-11-18,Manuka Oval,2,28.3,Australia,South Africa,AJ Blackwell,EA Perry,D van Niekerk,1,0,,,,,,,,,
1043953,2016/17,2016-11-18,Manuka Oval,2,28.4,Australia,South Africa,EA Perry,AJ Blackwell,D van Niekerk,0,0,,,,,,,,,
1043953,2016/17,2016-11-18,Manuka Oval,2,28.5,Australia,South Africa,EA Perry,AJ Blackwell,D van Niekerk,1,0,,,,,,,,,
1043953,2016/17,2016-11-18,Manuka Oval,2,28.6,Australia,South Africa,AJ Blackwell,EA Perry,D van Niekerk,2,0,,,,,,,,,
1043953,2016/17,2016-11-18,Manuka Oval,2,29.1,Australia,South Africa,EA Perry,AJ Blackwell,CL Tryon,1,0,,,,,,,,,
1043953,2016/17,2016-11-18,Manuka Oval,2,29.2,Australia,South Africa,AJ Blackwell,EA Perry,CL Tryon,1,0,,,,,,,,,
1043953,2016/17,2016-11-18,Manuka Oval,2,29.3,Australia,South Africa,EA Perry,AJ Blackwell,CL Tryon,0,0,,,,,,,,,
1043953,2016/17,2016-11-18,Manuka Oval,2,29.4,Australia,South Africa,EA Perry,AJ Blackwell,CL Tryon,1,0,,,,,,,,,
1043953,2016/17,2016-11-18,Manuka Oval,2,29.5,Australia,South Africa,AJ Blackwell,EA Perry,CL Tryon,0,0,,,,,,,,,
1043953,2016/17,2016-11-18,Manuka Oval,2,29.6,Australia,South Africa,AJ Blackwell,EA Perry,CL Tryon,2,0,,,,,,,,,
1043953,2016/17,2016-11-18,Manuka Oval,2,30.1,Australia,South Africa,EA Perry,AJ Blackwell,S Luus,1,0,,,,,,,,,
1043953,2016/17,2016-11-18,Manuka Oval,2,30.2,Australia,South Africa,AJ Blackwell,EA Perry,S Luus,0,0,,,,,,caught,AJ Blackwell,,
1043953,2016/17,2016-11-18,Manuka Oval,2,30.3,Australia,South Africa,JL Jonassen,EA Perry,S Luus,0,0,,,,,,,,,
1043953,2016/17,2016-11-18,Manuka Oval,2,30.4,Australia,South Africa,JL Jonassen,EA Perry,S Luus,4,0,,,,,,,,,
1043953,2016/17,2016-11-18,Manuka Oval,2,30.5,Australia,South Africa,JL Jonassen,EA Perry,S Luus,0,0,,,,,,,,,
1043953,2016/17,2016-11-18,Manuka Oval,2,30.6,Australia,South Africa,JL Jonassen,EA Perry,S Luus,1,0,,,,,,,,,
1043953,2016/17,2016-11-18,Manuka Oval,2,31.1,Australia,South Africa,JL Jonassen,EA Perry,CL Tryon,4,0,,,,,,,,,
1043953,2016/17,2016-11-18,Manuka Oval,2,31.2,Australia,South Africa,JL Jonassen,EA Perry,CL Tryon,0,0,,,,,,,,,
1043953,2016/17,2016-11-18,Manuka Oval,2,31.3,Australia,South Africa,JL Jonassen,EA Perry,CL Tryon,0,0,,,,,,,,,
1043953,2016/17,2016-11-18,Manuka Oval,2,31.4,Australia,South Africa,JL Jonassen,EA Perry,CL Tryon,0,0,,,,,,,,,
1043953,2016/17,2016-11-18,Manuka Oval,2,31.5,Australia,South Africa,JL Jonassen,EA Perry,CL Tryon,1,0,,,,,,,,,
1043953,2016/17,2016-11-18,Manuka Oval,2,31.6,Australia,South Africa,EA Perry,JL Jonassen,CL Tryon,1,0,,,,,,,,,
1043953,2016/17,2016-11-18,Manuka Oval,2,32.1,Australia,South Africa,EA Perry,JL Jonassen,S Luus,1,0,,,,,,,,,
1043953,2016/17,2016-11-18,Manuka Oval,2,32.2,Australia,South Africa,JL Jonassen,EA Perry,S Luus,0,0,,,,,,,,,
1043953,2016/17,2016-11-18,Manuka Oval,2,32.3,Australia,South Africa,JL Jonassen,EA Perry,S Luus,1,0,,,,,,,,,
1043953,2016/17,2016-11-18,Manuka Oval,2,32.4,Australia,South Africa,EA Perry,JL Jonassen,S Luus,0,0,,,,,,,,,
1043953,2016/17,2016-11-18,Manuka Oval,2,32.5,Australia,South Africa,EA Perry,JL Jonassen,S Luus,1,0,,,,,,,,,
1043953,2016/17,2016-11-18,Manuka Oval,2,32.6,Australia,South Africa,JL Jonassen,EA Perry,S Luus,1,0,,,,,,,,,
1043953,2016/17,2016-11-18,Manuka Oval,2,33.1,Australia,South Africa,JL Jonassen,EA Perry,M Daniels,1,0,,,,,,,,,
1043953,2016/17,2016-11-18,Manuka Oval,2,33.2,Australia,South Africa,EA Perry,JL Jonassen,M Daniels,0,0,,,,,,,,,
1043953,2016/17,2016-11-18,Manuka Oval,2,33.3,Australia,South Africa,EA Perry,JL Jonassen,M Daniels,0,1,,,,1,,,,,
1043953,2016/17,2016-11-18,Manuka Oval,2,33.4,Australia,South Africa,JL Jonassen,EA Perry,M Daniels,1,0,,,,,,,,,
1043953,2016/17,2016-11-18,Manuka Oval,2,33.5,Australia,South Africa,EA Perry,JL Jonassen,M Daniels,1,0,,,,,,,,,
1043953,2016/17,2016-11-18,Manuka Oval,2,33.6,Australia,South Africa,JL Jonassen,EA Perry,M Daniels,1,0,,,,,,,,,
1043953,2016/17,2016-11-18,Manuka Oval,2,34.1,Australia,South Africa,JL Jonassen,EA Perry,S Luus,6,0,,,,,,,,,
1043953,2016/17,2016-11-18,Manuka Oval,2,34.2,Australia,South Africa,JL Jonassen,EA Perry,S Luus,0,0,,,,,,caught,JL Jonassen,,
1043953,2016/17,2016-11-18,Manuka Oval,2,34.3,Australia,South Africa,AJ Healy,EA Perry,S Luus,0,0,,,,,,,,,
1043953,2016/17,2016-11-18,Manuka Oval,2,34.4,Australia,South Africa,AJ Healy,EA Perry,S Luus,1,0,,,,,,,,,
1043953,2016/17,2016-11-18,Manuka Oval,2,34.5,Australia,South Africa,EA Perry,AJ Healy,S Luus,0,0,,,,,,,,,
1043953,2016/17,2016-11-18,Manuka Oval,2,34.6,Australia,South Africa,EA Perry,AJ Healy,S Luus,1,0,,,,,,,,,
1043953,2016/17,2016-11-18,Manuka Oval,2,35.1,Australia,South Africa,EA Perry,AJ Healy,M Daniels,1,0,,,,,,,,,
1043953,2016/17,2016-11-18,Manuka Oval,2,35.2,Australia,South Africa,AJ Healy,EA Perry,M Daniels,0,0,,,,,,,,,
1043953,2016/17,2016-11-18,Manuka Oval,2,35.3,Australia,South Africa,AJ Healy,EA Perry,M Daniels,4,0,,,,,,,,,
1043953,2016/17,2016-11-18,Manuka Oval,2,35.4,Australia,South Africa,AJ Healy,EA Perry,M Daniels,0,0,,,,,,,,,
1043953,2016/17,2016-11-18,Manuka Oval,2,35.5,Australia,South Africa,AJ Healy,EA Perry,M Daniels,0,0,,,,,,,,,
1043953,2016/17,2016-11-18,Manuka Oval,2,35.6,Australia,South Africa,AJ Healy,EA Perry,M Daniels,0,0,,,,,,,,,
1043953,2016/17,2016-11-18,Manuka Oval,2,36.1,Australia,South Africa,EA Perry,AJ Healy,A Khaka,0,0,,,,,,,,,
1043953,2016/17,2016-11-18,Manuka Oval,2,36.2,Australia,South Africa,EA Perry,AJ Healy,A Khaka,1,0,,,,,,,,,
1043953,2016/17,2016-11-18,Manuka Oval,2,36.3,Australia,South Africa,AJ Healy,EA Perry,A Khaka,1,0,,,,,,,,,
1043953,2016/17,2016-11-18,Manuka Oval,2,36.4,Australia,South Africa,EA Perry,AJ Healy,A Khaka,1,0,,,,,,,,,
1043953,2016/17,2016-11-18,Manuka Oval,2,36.5,Australia,South Africa,AJ Healy,EA Perry,A Khaka,0,1,1,,,,,,,,
1043953,2016/17,2016-11-18,Manuka Oval,2,36.6,Australia,South Africa,AJ Healy,EA Perry,A Khaka,0,0,,,,,,,,,
1043953,2016/17,2016-11-18,Manuka Oval,2,36.7,Australia,South Africa,AJ Healy,EA Perry,A Khaka,0,0,,,,,,,,,
1043953,2016/17,2016-11-18,Manuka Oval,2,37.1,Australia,South Africa,EA Perry,AJ Healy,M Kapp,1,0,,,,,,,,,
1043953,2016/17,2016-11-18,Manuka Oval,2,37.2,Australia,South Africa,AJ Healy,EA Perry,M Kapp,0,5,5,,,,,,,,
1043953,2016/17,2016-11-18,Manuka Oval,2,37.3,Australia,South Africa,AJ Healy,EA Perry,M Kapp,1,0,,,,,,,,,
1043953,2016/17,2016-11-18,Manuka Oval,2,37.4,Australia,South Africa,EA Perry,AJ Healy,M Kapp,1,0,,,,,,,,,
1043953,2016/17,2016-11-18,Manuka Oval,2,37.5,Australia,South Africa,AJ Healy,EA Perry,M Kapp,1,0,,,,,,,,,
1043953,2016/17,2016-11-18,Manuka Oval,2,37.6,Australia,South Africa,EA Perry,AJ Healy,M Kapp,1,0,,,,,,,,,
1043953,2016/17,2016-11-18,Manuka Oval,2,37.7,Australia,South Africa,AJ Healy,EA Perry,M Kapp,4,0,,,,,,,,,
1043953,2016/17,2016-11-18,Manuka Oval,2,38.1,Australia,South Africa,EA Perry,AJ Healy,A Khaka,1,0,,,,,,,,,
1043953,2016/17,2016-11-18,Manuka Oval,2,38.2,Australia,South Africa,AJ Healy,EA Perry,A Khaka,1,0,,,,,,,,,
1043953,2016/17,2016-11-18,Manuka Oval,2,38.3,Australia,South Africa,EA Perry,AJ Healy,A Khaka,1,0,,,,,,,,,
1043953,2016/17,2016-11-18,Manuka Oval,2,38.4,Australia,South Africa,AJ Healy,EA Perry,A Khaka,1,0,,,,,,,,,
1043953,2016/17,2016-11-18,Manuka Oval,2,38.5,Australia,South Africa,EA Perry,AJ Healy,A Khaka,1,0,,,,,,,,,
1043953,2016/17,2016-11-18,Manuka Oval,2,38.6,Australia,South Africa,AJ Healy,EA Perry,A Khaka,1,0,,,,,,,,,
1043953,2016/17,2016-11-18,Manuka Oval,2,39.1,Australia,South Africa,AJ Healy,EA Perry,M Kapp,0,0,,,,,,,,,
1043953,2016/17,2016-11-18,Manuka Oval,2,39.2,Australia,South Africa,AJ Healy,EA Perry,M Kapp,0,0,,,,,,,,,
1043953,2016/17,2016-11-18,Manuka Oval,2,39.3,Australia,South Africa,AJ Healy,EA Perry,M Kapp,0,0,,,,,,,,,
1043953,2016/17,2016-11-18,Manuka Oval,2,39.4,Australia,South Africa,AJ Healy,EA Perry,M Kapp,4,0,,,,,,,,,
1043953,2016/17,2016-11-18,Manuka Oval,2,39.5,Australia,South Africa,AJ Healy,EA Perry,M Kapp,4,0,,,,,,,,,
1043953,2016/17,2016-11-18,Manuka Oval,2,39.6,Australia,South Africa,AJ Healy,EA Perry,M Kapp,0,0,,,,,,,,,
1043953,2016/17,2016-11-18,Manuka Oval,2,40.1,Australia,South Africa,EA Perry,AJ Healy,A Khaka,0,0,,,,,,,,,
1043953,2016/17,2016-11-18,Manuka Oval,2,40.2,Australia,South Africa,EA Perry,AJ Healy,A Khaka,0,0,,,,,,,,,
1043953,2016/17,2016-11-18,Manuka Oval,2,40.3,Australia,South Africa,EA Perry,AJ Healy,A Khaka,4,0,,,,,,,,,
1043953,2016/17,2016-11-18,Manuka Oval,2,40.4,Australia,South Africa,EA Perry,AJ Healy,A Khaka,1,0,,,,,,,,,
1043953,2016/17,2016-11-18,Manuka Oval,2,40.5,Australia,South Africa,AJ Healy,EA Perry,A Khaka,1,0,,,,,,,,,
1043953,2016/17,2016-11-18,Manuka Oval,2,40.6,Australia,South Africa,EA Perry,AJ Healy,A Khaka,0,0,,,,,,,,,
1043953,2016/17,2016-11-18,Manuka Oval,2,41.1,Australia,South Africa,AJ Healy,EA Perry,S Luus,0,0,,,,,,,,,
1043953,2016/17,2016-11-18,Manuka Oval,2,41.2,Australia,South Africa,AJ Healy,EA Perry,S Luus,2,0,,,,,,,,,
1043953,2016/17,2016-11-18,Manuka Oval,2,41.3,Australia,South Africa,AJ Healy,EA Perry,S Luus,0,0,,,,,,,,,
1043953,2016/17,2016-11-18,Manuka Oval,2,41.4,Australia,South Africa,AJ Healy,EA Perry,S Luus,1,0,,,,,,,,,
1043953,2016/17,2016-11-18,Manuka Oval,2,41.5,Australia,South Africa,EA Perry,AJ Healy,S Luus,0,0,,,,,,,,,
1043953,2016/17,2016-11-18,Manuka Oval,2,41.6,Australia,South Africa,EA Perry,AJ Healy,S Luus,2,0,,,,,,,,,
1043953,2016/17,2016-11-18,Manuka Oval,2,42.1,Australia,South Africa,AJ Healy,EA Perry,A Khaka,1,0,,,,,,,,,
1043953,2016/17,2016-11-18,Manuka Oval,2,42.2,Australia,South Africa,EA Perry,AJ Healy,A Khaka,0,0,,,,,,,,,
1043953,2016/17,2016-11-18,Manuka Oval,2,42.3,Australia,South Africa,EA Perry,AJ Healy,A Khaka,0,0,,,,,,,,,
1043953,2016/17,2016-11-18,Manuka Oval,2,42.4,Australia,South Africa,EA Perry,AJ Healy,A Khaka,1,0,,,,,,,,,
1043953,2016/17,2016-11-18,Manuka Oval,2,42.5,Australia,South Africa,AJ Healy,EA Perry,A Khaka,0,0,,,,,,caught,AJ Healy,,
1043953,2016/17,2016-11-18,Manuka Oval,2,42.6,Australia,South Africa,EA Perry,GM Harris,A Khaka,2,0,,,,,,,,,
1043953,2016/17,2016-11-18,Manuka Oval,2,43.1,Australia,South Africa,GM Harris,EA Perry,S Luus,0,0,,,,,,,,,
1043953,2016/17,2016-11-18,Manuka Oval,2,43.2,Australia,South Africa,GM Harris,EA Perry,S Luus,0,0,,,,,,,,,
1043953,2016/17,2016-11-18,Manuka Oval,2,43.3,Australia,South Africa,GM Harris,EA Perry,S Luus,1,0,,,,,,,,,
1043953,2016/17,2016-11-18,Manuka Oval,2,43.4,Australia,South Africa,EA Perry,GM Harris,S Luus,1,0,,,,,,,,,
1043953,2016/17,2016-11-18,Manuka Oval,2,43.5,Australia,South Africa,GM Harris,EA Perry,S Luus,1,0,,,,,,,,,
1043953,2016/17,2016-11-18,Manuka Oval,2,43.6,Australia,South Africa,EA Perry,GM Harris,S Luus,1,0,,,,,,,,,
1043953,2016/17,2016-11-18,Manuka Oval,2,44.1,Australia,South Africa,EA Perry,GM Harris,A Khaka,1,0,,,,,,,,,
1043953,2016/17,2016-11-18,Manuka Oval,2,44.2,Australia,South Africa,GM Harris,EA Perry,A Khaka,0,0,,,,,,,,,
1043953,2016/17,2016-11-18,Manuka Oval,2,44.3,Australia,South Africa,GM Harris,EA Perry,A Khaka,1,0,,,,,,,,,
1043953,2016/17,2016-11-18,Manuka Oval,2,44.4,Australia,South Africa,EA Perry,GM Harris,A Khaka,1,0,,,,,,,,,
1043953,2016/17,2016-11-18,Manuka Oval,2,44.5,Australia,South Africa,GM Harris,EA Perry,A Khaka,1,0,,,,,,,,,
1043953,2016/17,2016-11-18,Manuka Oval,2,44.6,Australia,South Africa,EA Perry,GM Harris,A Khaka,2,0,,,,,,,,,
1043953,2016/17,2016-11-18,Manuka Oval,2,45.1,Australia,South Africa,GM Harris,EA Perry,S Luus,1,0,,,,,,,,,
1043953,2016/17,2016-11-18,Manuka Oval,2,45.2,Australia,South Africa,EA Perry,GM Harris,S Luus,0,0,,,,,,,,,
1043953,2016/17,2016-11-18,Manuka Oval,2,45.3,Australia,South Africa,EA Perry,GM Harris,S Luus,6,0,,,,,,,,,
1043953,2016/17,2016-11-18,Manuka Oval,2,45.4,Australia,South Africa,EA Perry,GM Harris,S Luus,0,0,,,,,,,,,
1043953,2016/17,2016-11-18,Manuka Oval,2,45.5,Australia,South Africa,EA Perry,GM Harris,S Luus,1,0,,,,,,,,,
1043953,2016/17,2016-11-18,Manuka Oval,2,45.6,Australia,South Africa,GM Harris,EA Perry,S Luus,0,0,,,,,,caught,GM Harris,,
1043953,2016/17,2016-11-18,Manuka Oval,2,46.1,Australia,South Africa,EA Perry,ML Schutt,A Khaka,0,0,,,,,,,,,
1043953,2016/17,2016-11-18,Manuka Oval,2,46.2,Australia,South Africa,EA Perry,ML Schutt,A Khaka,0,0,,,,,,,,,
1043953,2016/17,2016-11-18,Manuka Oval,2,46.3,Australia,South Africa,EA Perry,ML Schutt,A Khaka,1,0,,,,,,,,,
1043953,2016/17,2016-11-18,Manuka Oval,2,46.4,Australia,South Africa,ML Schutt,EA Perry,A Khaka,0,0,,,,,,,,,
1043953,2016/17,2016-11-18,Manuka Oval,2,46.5,Australia,South Africa,ML Schutt,EA Perry,A Khaka,0,0,,,,,,,,,
1043953,2016/17,2016-11-18,Manuka Oval,2,46.6,Australia,South Africa,ML Schutt,EA Perry,A Khaka,1,0,,,,,,,,,
1043953,2016/17,2016-11-18,Manuka Oval,2,47.1,Australia,South Africa,ML Schutt,EA Perry,S Luus,1,0,,,,,,,,,
1043953,2016/17,2016-11-18,Manuka Oval,2,47.2,Australia,South Africa,EA Perry,ML Schutt,S Luus,6,0,,,,,,,,,
1043953,2016/17,2016-11-18,Manuka Oval,2,47.3,Australia,South Africa,EA Perry,ML Schutt,S Luus,2,0,,,,,,,,,
1043953,2016/17,2016-11-18,Manuka Oval,2,47.4,Australia,South Africa,EA Perry,ML Schutt,S Luus,0,0,,,,,,,,,
1043953,2016/17,2016-11-18,Manuka Oval,2,47.5,Australia,South Africa,EA Perry,ML Schutt,S Luus,4,0,,,,,,,,,
1043953,2016/17,2016-11-18,Manuka Oval,2,47.6,Australia,South Africa,EA Perry,ML Schutt,S Luus,4,0,,,,,,,,,
1043953,2016/17,2016-11-18,Manuka Oval,2,48.1,Australia,South Africa,ML Schutt,EA Perry,M Kapp,1,0,,,,,,,,,
1043953,2016/17,2016-11-18,Manuka Oval,2,48.2,Australia,South Africa,EA Perry,ML Schutt,M Kapp,1,0,,,,,,,,,
1043953,2016/17,2016-11-18,Manuka Oval,2,48.3,Australia,South Africa,ML Schutt,EA Perry,M Kapp,1,0,,,,,,,,,
1043953,2016/17,2016-11-18,Manuka Oval,2,48.4,Australia,South Africa,EA Perry,ML Schutt,M Kapp,0,0,,,,,,,,,
1043953,2016/17,2016-11-18,Manuka Oval,2,48.5,Australia,South Africa,EA Perry,ML Schutt,M Kapp,1,0,,,,,,,,,
1043953,2016/17,2016-11-18,Manuka Oval,2,48.6,Australia,South Africa,ML Schutt,EA Perry,M Kapp,1,0,,,,,,,,,
1043953,2016/17,2016-11-18,Manuka Oval,2,49.1,Australia,South Africa,ML Schutt,EA Perry,D van Niekerk,0,0,,,,,,stumped,ML Schutt,,
1043953,2016/17,2016-11-18,Manuka Oval,2,49.2,Australia,South Africa,KM Beams,EA Perry,D van Niekerk,1,0,,,,,,,,,
1043953,2016/17,2016-11-18,Manuka Oval,2,49.3,Australia,South Africa,EA Perry,KM Beams,D van Niekerk,1,0,,,,,,,,,
1043953,2016/17,2016-11-18,Manuka Oval,2,49.4,Australia,South Africa,KM Beams,EA Perry,D van Niekerk,1,0,,,,,,,,,
1043953,2016/17,2016-11-18,Manuka Oval,2,49.5,Australia,South Africa,EA Perry,KM Beams,D van Niekerk,4,0,,,,,,,,,
