version,2.1.0
info,balls_per_over,6
info,team,Sri Lanka
info,team,Australia
info,gender,female
info,season,2016
info,date,2016/09/18
info,event,Australia Women in Sri Lanka ODI Series
info,match_number,1
info,venue,Rangiri Dambulla International Stadium
info,city,
info,toss_winner,Sri Lanka
info,toss_decision,bat
info,umpire,RA Kottahachchi
info,umpire,RMPJ Rambukwella
info,reserve_umpire,RD Kottahachchi
info,match_referee,GF Labrooy
info,winner,Australia
info,winner_wickets,4
info,player,Australia,NE Bolton
info,player,Australia,EJ Villani
info,player,Australia,MM Lanning
info,player,Australia,EA Perry
info,player,Australia,AJ Blackwell
info,player,Australia,JL Jonassen
info,player,Australia,AJ Healy
info,player,Australia,EA Osborne
info,player,Australia,ML Schutt
info,player,Australia,KM Beams
info,player,Australia,HL Ferling
info,player,Sri Lanka,AC Jayangani
info,player,Sri Lanka,PM Weerakkody
info,player,Sri Lanka,PRCS Kumarihami
info,player,Sri Lanka,HIS Mendis
info,player,Sri Lanka,MADD Surangika
info,player,Sri Lanka,MDN Hansika
info,player,Sri Lanka,LE Kaushalya
info,player,Sri Lanka,KDU Prabodhani
info,player,Sri Lanka,I Ranaweera
info,player,Sri Lanka,BMSM Kumari
info,player,Sri Lanka,SIP Fernando
info,registry,people,AC Jayangani,ac56b5a7
info,registry,people,AJ Blackwell,b9164a9b
info,registry,people,AJ Healy,321644de
info,registry,people,BMSM Kumari,b55fb828
info,registry,people,EA Osborne,fe731c62
info,registry,people,EA Perry,be150fc8
info,registry,people,EJ Villani,cde96d97
info,registry,people,GF Labrooy,8e088dbc
info,registry,people,HIS Mendis,6edcff70
info,registry,people,HL Ferling,a594a6e0
info,registry,people,I Ranaweera,a61850e6
info,registry,people,JL Jonassen,0475a86b
info,registry,people,KDU Prabodhani,a0fdf513
info,registry,people,KM Beams,fa8f9dc3
info,registry,people,LE Kaushalya,8b552293
info,registry,people,MADD Surangika,3f440bd6
info,registry,people,MDN Hansika,dfc89c58
info,registry,people,ML Schutt,17608a6f
info,registry,people,MM Lanning,27e003ce
info,registry,people,NE Bolton,dd883071
info,registry,people,PM Weerakkody,1b3718d2
info,registry,people,PRCS Kumarihami,a1c4aed5
info,registry,people,RA Kottahachchi,808f2939
info,registry,people,RD Kottahachchi,92e41d14
info,registry,people,RMPJ Rambukwella,13fa6ffc
info,registry,people,SIP Fernando,5838cb64
