match_id,season,start_date,venue,innings,ball,batting_team,bowling_team,striker,non_striker,bowler,runs_off_bat,extras,wides,noballs,byes,legbyes,penalty,wicket_type,player_dismissed,other_wicket_type,other_player_dismissed
1044211,2016,2016-09-27,Sinhalese Sports Club Ground,1,0.1,Sri Lanka,Australia,GWHM Perera,HML Madushani,ML Schutt,0,0,,,,,,,,,
1044211,2016,2016-09-27,Sinhalese Sports Club Ground,1,0.2,Sri Lanka,Australia,GWHM Perera,HML Madushani,ML Schutt,1,0,,,,,,,,,
1044211,2016,2016-09-27,Sinhalese Sports Club Ground,1,0.3,Sri Lanka,Australia,HML Madushani,GWHM Perera,ML Schutt,4,0,,,,,,,,,
1044211,2016,2016-09-27,Sinhalese Sports Club Ground,1,0.4,Sri Lanka,Australia,HML Madushani,GWHM Perera,ML Schutt,0,0,,,,,,,,,
1044211,2016,2016-09-27,Sinhalese Sports Club Ground,1,0.5,Sri Lanka,Australia,HML Madushani,GWHM Perera,ML Schutt,0,0,,,,,,,,,
1044211,2016,2016-09-27,Sinhalese Sports Club Ground,1,0.6,Sri Lanka,Australia,HML Madushani,GWHM Perera,ML Schutt,0,0,,,,,,,,,
1044211,2016,2016-09-27,Sinhalese Sports Club Ground,1,1.1,Sri Lanka,Australia,GWHM Perera,HML Madushani,EA Perry,0,0,,,,,,,,,
1044211,2016,2016-09-27,Sinhalese Sports Club Ground,1,1.2,Sri Lanka,Australia,GWHM Perera,HML Madushani,EA Perry,2,0,,,,,,,,,
1044211,2016,2016-09-27,Sinhalese Sports Club Ground,1,1.3,Sri Lanka,Australia,GWHM Perera,HML Madushani,EA Perry,0,0,,,,,,,,,
1044211,2016,2016-09-27,Sinhalese Sports Club Ground,1,1.4,Sri Lanka,Australia,GWHM Perera,HML Madushani,EA Perry,0,0,,,,,,,,,
1044211,2016,2016-09-27,Sinhalese Sports Club Ground,1,1.5,Sri Lanka,Australia,GWHM Perera,HML Madushani,EA Perry,0,0,,,,,,,,,
1044211,2016,2016-09-27,Sinhalese Sports Club Ground,1,1.6,Sri Lanka,Australia,GWHM Perera,HML Madushani,EA Perry,0,0,,,,,,caught,GWHM Perera,,
1044211,2016,2016-09-27,Sinhalese Sports Club Ground,1,2.1,Sri Lanka,Australia,HML Madushani,AC Jayangani,ML Schutt,0,1,1,,,,,,,,
1044211,2016,2016-09-27,Sinhalese Sports Club Ground,1,2.2,Sri Lanka,Australia,HML Madushani,AC Jayangani,ML Schutt,0,0,,,,,,,,,
1044211,2016,2016-09-27,Sinhalese Sports Club Ground,1,2.3,Sri Lanka,Australia,HML Madushani,AC Jayangani,ML Schutt,0,0,,,,,,,,,
1044211,2016,2016-09-27,Sinhalese Sports Club Ground,1,2.4,Sri Lanka,Australia,HML Madushani,AC Jayangani,ML Schutt,0,0,,,,,,,,,
1044211,2016,2016-09-27,Sinhalese Sports Club Ground,1,2.5,Sri Lanka,Australia,HML Madushani,AC Jayangani,ML Schutt,0,0,,,,,,,,,
1044211,2016,2016-09-27,Sinhalese Sports Club Ground,1,2.6,Sri Lanka,Australia,HML Madushani,AC Jayangani,ML Schutt,1,0,,,,,,,,,
1044211,2016,2016-09-27,Sinhalese Sports Club Ground,1,2.7,Sri Lanka,Australia,AC Jayangani,HML Madushani,ML Schutt,0,0,,,,,,,,,
1044211,2016,2016-09-27,Sinhalese Sports Club Ground,1,3.1,Sri Lanka,Australia,HML Madushani,AC Jayangani,EA Perry,1,0,,,,,,,,,
1044211,2016,2016-09-27,Sinhalese Sports Club Ground,1,3.2,Sri Lanka,Australia,AC Jayangani,HML Madushani,EA Perry,0,0,,,,,,,,,
1044211,2016,2016-09-27,Sinhalese Sports Club Ground,1,3.3,Sri Lanka,Australia,AC Jayangani,HML Madushani,EA Perry,0,0,,,,,,,,,
1044211,2016,2016-09-27,Sinhalese Sports Club Ground,1,3.4,Sri Lanka,Australia,AC Jayangani,HML Madushani,EA Perry,0,0,,,,,,,,,
1044211,2016,2016-09-27,Sinhalese Sports Club Ground,1,3.5,Sri Lanka,Australia,AC Jayangani,HML Madushani,EA Perry,0,0,,,,,,,,,
1044211,2016,2016-09-27,Sinhalese Sports Club Ground,1,3.6,Sri Lanka,Australia,AC Jayangani,HML Madushani,EA Perry,0,0,,,,,,,,,
1044211,2016,2016-09-27,Sinhalese Sports Club Ground,1,4.1,Sri Lanka,Australia,HML Madushani,AC Jayangani,RM Farrell,0,0,,,,,,,,,
1044211,2016,2016-09-27,Sinhalese Sports Club Ground,1,4.2,Sri Lanka,Australia,HML Madushani,AC Jayangani,RM Farrell,0,1,1,,,,,,,,
1044211,2016,2016-09-27,Sinhalese Sports Club Ground,1,4.3,Sri Lanka,Australia,HML Madushani,AC Jayangani,RM Farrell,0,0,,,,,,,,,
1044211,2016,2016-09-27,Sinhalese Sports Club Ground,1,4.4,Sri Lanka,Australia,HML Madushani,AC Jayangani,RM Farrell,1,0,,,,,,,,,
1044211,2016,2016-09-27,Sinhalese Sports Club Ground,1,4.5,Sri Lanka,Australia,AC Jayangani,HML Madushani,RM Farrell,4,0,,,,,,,,,
1044211,2016,2016-09-27,Sinhalese Sports Club Ground,1,4.6,Sri Lanka,Australia,AC Jayangani,HML Madushani,RM Farrell,0,0,,,,,,,,,
1044211,2016,2016-09-27,Sinhalese Sports Club Ground,1,4.7,Sri Lanka,Australia,AC Jayangani,HML Madushani,RM Farrell,0,0,,,,,,,,,
1044211,2016,2016-09-27,Sinhalese Sports Club Ground,1,5.1,Sri Lanka,Australia,HML Madushani,AC Jayangani,JL Jonassen,0,0,,,,,,,,,
1044211,2016,2016-09-27,Sinhalese Sports Club Ground,1,5.2,Sri Lanka,Australia,HML Madushani,AC Jayangani,JL Jonassen,0,0,,,,,,,,,
1044211,2016,2016-09-27,Sinhalese Sports Club Ground,1,5.3,Sri Lanka,Australia,HML Madushani,AC Jayangani,JL Jonassen,0,0,,,,,,,,,
1044211,2016,2016-09-27,Sinhalese Sports Club Ground,1,5.4,Sri Lanka,Australia,HML Madushani,AC Jayangani,JL Jonassen,0,0,,,,,,,,,
1044211,2016,2016-09-27,Sinhalese Sports Club Ground,1,5.5,Sri Lanka,Australia,HML Madushani,AC Jayangani,JL Jonassen,1,0,,,,,,,,,
1044211,2016,2016-09-27,Sinhalese Sports Club Ground,1,5.6,Sri Lanka,Australia,AC Jayangani,HML Madushani,JL Jonassen,0,0,,,,,,run out,AC Jayangani,,
1044211,2016,2016-09-27,Sinhalese Sports Club Ground,1,6.1,Sri Lanka,Australia,HML Madushani,MADD Surangika,RM Farrell,4,0,,,,,,,,,
1044211,2016,2016-09-27,Sinhalese Sports Club Ground,1,6.2,Sri Lanka,Australia,HML Madushani,MADD Surangika,RM Farrell,1,0,,,,,,,,,
1044211,2016,2016-09-27,Sinhalese Sports Club Ground,1,6.3,Sri Lanka,Australia,MADD Surangika,HML Madushani,RM Farrell,1,0,,,,,,,,,
1044211,2016,2016-09-27,Sinhalese Sports Club Ground,1,6.4,Sri Lanka,Australia,HML Madushani,MADD Surangika,RM Farrell,2,0,,,,,,,,,
1044211,2016,2016-09-27,Sinhalese Sports Club Ground,1,6.5,Sri Lanka,Australia,HML Madushani,MADD Surangika,RM Farrell,2,0,,,,,,,,,
1044211,2016,2016-09-27,Sinhalese Sports Club Ground,1,6.6,Sri Lanka,Australia,HML Madushani,MADD Surangika,RM Farrell,0,0,,,,,,,,,
1044211,2016,2016-09-27,Sinhalese Sports Club Ground,1,7.1,Sri Lanka,Australia,MADD Surangika,HML Madushani,JL Jonassen,1,0,,,,,,,,,
1044211,2016,2016-09-27,Sinhalese Sports Club Ground,1,7.2,Sri Lanka,Australia,HML Madushani,MADD Surangika,JL Jonassen,0,0,,,,,,,,,
1044211,2016,2016-09-27,Sinhalese Sports Club Ground,1,7.3,Sri Lanka,Australia,HML Madushani,MADD Surangika,JL Jonassen,0,0,,,,,,bowled,HML Madushani,,
1044211,2016,2016-09-27,Sinhalese Sports Club Ground,1,7.4,Sri Lanka,Australia,PM Weerakkody,MADD Surangika,JL Jonassen,0,0,,,,,,,,,
1044211,2016,2016-09-27,Sinhalese Sports Club Ground,1,7.5,Sri Lanka,Australia,PM Weerakkody,MADD Surangika,JL Jonassen,0,0,,,,,,,,,
1044211,2016,2016-09-27,Sinhalese Sports Club Ground,1,7.6,Sri Lanka,Australia,PM Weerakkody,MADD Surangika,JL Jonassen,0,0,,,,,,,,,
1044211,2016,2016-09-27,Sinhalese Sports Club Ground,1,8.1,Sri Lanka,Australia,MADD Surangika,PM Weerakkody,KM Beams,1,0,,,,,,,,,
1044211,2016,2016-09-27,Sinhalese Sports Club Ground,1,8.2,Sri Lanka,Australia,PM Weerakkody,MADD Surangika,KM Beams,0,0,,,,,,,,,
1044211,2016,2016-09-27,Sinhalese Sports Club Ground,1,8.3,Sri Lanka,Australia,PM Weerakkody,MADD Surangika,KM Beams,0,0,,,,,,,,,
1044211,2016,2016-09-27,Sinhalese Sports Club Ground,1,8.4,Sri Lanka,Australia,PM Weerakkody,MADD Surangika,KM Beams,4,0,,,,,,,,,
1044211,2016,2016-09-27,Sinhalese Sports Club Ground,1,8.5,Sri Lanka,Australia,PM Weerakkody,MADD Surangika,KM Beams,1,0,,,,,,,,,
1044211,2016,2016-09-27,Sinhalese Sports Club Ground,1,8.6,Sri Lanka,Australia,MADD Surangika,PM Weerakkody,KM Beams,0,0,,,,,,,,,
1044211,2016,2016-09-27,Sinhalese Sports Club Ground,1,9.1,Sri Lanka,Australia,PM Weerakkody,MADD Surangika,JL Jonassen,0,0,,,,,,,,,
1044211,2016,2016-09-27,Sinhalese Sports Club Ground,1,9.2,Sri Lanka,Australia,PM Weerakkody,MADD Surangika,JL Jonassen,0,0,,,,,,,,,
1044211,2016,2016-09-27,Sinhalese Sports Club Ground,1,9.3,Sri Lanka,Australia,PM Weerakkody,MADD Surangika,JL Jonassen,1,0,,,,,,,,,
1044211,2016,2016-09-27,Sinhalese Sports Club Ground,1,9.4,Sri Lanka,Australia,MADD Surangika,PM Weerakkody,JL Jonassen,0,0,,,,,,,,,
1044211,2016,2016-09-27,Sinhalese Sports Club Ground,1,9.5,Sri Lanka,Australia,MADD Surangika,PM Weerakkody,JL Jonassen,1,0,,,,,,,,,
1044211,2016,2016-09-27,Sinhalese Sports Club Ground,1,9.6,Sri Lanka,Australia,PM Weerakkody,MADD Surangika,JL Jonassen,1,0,,,,,,,,,
1044211,2016,2016-09-27,Sinhalese Sports Club Ground,1,10.1,Sri Lanka,Australia,PM Weerakkody,MADD Surangika,KM Beams,0,0,,,,,,,,,
1044211,2016,2016-09-27,Sinhalese Sports Club Ground,1,10.2,Sri Lanka,Australia,PM Weerakkody,MADD Surangika,KM Beams,0,0,,,,,,caught,PM Weerakkody,,
1044211,2016,2016-09-27,Sinhalese Sports Club Ground,1,10.3,Sri Lanka,Australia,MADD Surangika,MGMCP Gunawardene,KM Beams,0,0,,,,,,,,,
1044211,2016,2016-09-27,Sinhalese Sports Club Ground,1,10.4,Sri Lanka,Australia,MADD Surangika,MGMCP Gunawardene,KM Beams,0,0,,,,,,,,,
1044211,2016,2016-09-27,Sinhalese Sports Club Ground,1,10.5,Sri Lanka,Australia,MADD Surangika,MGMCP Gunawardene,KM Beams,1,0,,,,,,,,,
1044211,2016,2016-09-27,Sinhalese Sports Club Ground,1,10.6,Sri Lanka,Australia,MGMCP Gunawardene,MADD Surangika,KM Beams,0,0,,,,,,,,,
1044211,2016,2016-09-27,Sinhalese Sports Club Ground,1,11.1,Sri Lanka,Australia,MADD Surangika,MGMCP Gunawardene,JL Jonassen,1,0,,,,,,,,,
1044211,2016,2016-09-27,Sinhalese Sports Club Ground,1,11.2,Sri Lanka,Australia,MGMCP Gunawardene,MADD Surangika,JL Jonassen,0,0,,,,,,,,,
1044211,2016,2016-09-27,Sinhalese Sports Club Ground,1,11.3,Sri Lanka,Australia,MGMCP Gunawardene,MADD Surangika,JL Jonassen,0,0,,,,,,,,,
1044211,2016,2016-09-27,Sinhalese Sports Club Ground,1,11.4,Sri Lanka,Australia,MGMCP Gunawardene,MADD Surangika,JL Jonassen,1,0,,,,,,,,,
1044211,2016,2016-09-27,Sinhalese Sports Club Ground,1,11.5,Sri Lanka,Australia,MADD Surangika,MGMCP Gunawardene,JL Jonassen,0,0,,,,,,run out,MGMCP Gunawardene,,
1044211,2016,2016-09-27,Sinhalese Sports Club Ground,1,11.6,Sri Lanka,Australia,LE Kaushalya,MADD Surangika,JL Jonassen,1,0,,,,,,,,,
1044211,2016,2016-09-27,Sinhalese Sports Club Ground,1,12.1,Sri Lanka,Australia,LE Kaushalya,MADD Surangika,KM Beams,0,0,,,,,,,,,
1044211,2016,2016-09-27,Sinhalese Sports Club Ground,1,12.2,Sri Lanka,Australia,LE Kaushalya,MADD Surangika,KM Beams,0,0,,,,,,,,,
1044211,2016,2016-09-27,Sinhalese Sports Club Ground,1,12.3,Sri Lanka,Australia,LE Kaushalya,MADD Surangika,KM Beams,4,0,,,,,,,,,
1044211,2016,2016-09-27,Sinhalese Sports Club Ground,1,12.4,Sri Lanka,Australia,LE Kaushalya,MADD Surangika,KM Beams,0,0,,,,,,caught,LE Kaushalya,,
1044211,2016,2016-09-27,Sinhalese Sports Club Ground,1,12.5,Sri Lanka,Australia,KADA Kanchana,MADD Surangika,KM Beams,0,0,,,,,,lbw,KADA Kanchana,,
1044211,2016,2016-09-27,Sinhalese Sports Club Ground,1,12.6,Sri Lanka,Australia,KDU Prabodhani,MADD Surangika,KM Beams,0,0,,,,,,,,,
1044211,2016,2016-09-27,Sinhalese Sports Club Ground,1,13.1,Sri Lanka,Australia,MADD Surangika,KDU Prabodhani,EA Osborne,0,0,,,,,,caught and bowled,MADD Surangika,,
1044211,2016,2016-09-27,Sinhalese Sports Club Ground,1,13.2,Sri Lanka,Australia,I Ranaweera,KDU Prabodhani,EA Osborne,1,0,,,,,,,,,
1044211,2016,2016-09-27,Sinhalese Sports Club Ground,1,13.3,Sri Lanka,Australia,KDU Prabodhani,I Ranaweera,EA Osborne,0,0,,,,,,,,,
1044211,2016,2016-09-27,Sinhalese Sports Club Ground,1,13.4,Sri Lanka,Australia,KDU Prabodhani,I Ranaweera,EA Osborne,1,0,,,,,,,,,
1044211,2016,2016-09-27,Sinhalese Sports Club Ground,1,13.5,Sri Lanka,Australia,I Ranaweera,KDU Prabodhani,EA Osborne,0,0,,,,,,,,,
1044211,2016,2016-09-27,Sinhalese Sports Club Ground,1,13.6,Sri Lanka,Australia,I Ranaweera,KDU Prabodhani,EA Osborne,0,0,,,,,,,,,
1044211,2016,2016-09-27,Sinhalese Sports Club Ground,1,14.1,Sri Lanka,Australia,KDU Prabodhani,I Ranaweera,KM Beams,0,0,,,,,,,,,
1044211,2016,2016-09-27,Sinhalese Sports Club Ground,1,14.2,Sri Lanka,Australia,KDU Prabodhani,I Ranaweera,KM Beams,0,0,,,,,,,,,
1044211,2016,2016-09-27,Sinhalese Sports Club Ground,1,14.3,Sri Lanka,Australia,KDU Prabodhani,I Ranaweera,KM Beams,0,0,,,,,,,,,
1044211,2016,2016-09-27,Sinhalese Sports Club Ground,1,14.4,Sri Lanka,Australia,KDU Prabodhani,I Ranaweera,KM Beams,0,0,,,,,,,,,
1044211,2016,2016-09-27,Sinhalese Sports Club Ground,1,14.5,Sri Lanka,Australia,KDU Prabodhani,I Ranaweera,KM Beams,0,0,,,,,,,,,
1044211,2016,2016-09-27,Sinhalese Sports Club Ground,1,14.6,Sri Lanka,Australia,KDU Prabodhani,I Ranaweera,KM Beams,0,0,,,,,,,,,
1044211,2016,2016-09-27,Sinhalese Sports Club Ground,1,15.1,Sri Lanka,Australia,I Ranaweera,KDU Prabodhani,EA Osborne,1,0,,,,,,,,,
1044211,2016,2016-09-27,Sinhalese Sports Club Ground,1,15.2,Sri Lanka,Australia,KDU Prabodhani,I Ranaweera,EA Osborne,0,0,,,,,,,,,
1044211,2016,2016-09-27,Sinhalese Sports Club Ground,1,15.3,Sri Lanka,Australia,KDU Prabodhani,I Ranaweera,EA Osborne,0,0,,,,,,,,,
1044211,2016,2016-09-27,Sinhalese Sports Club Ground,1,15.4,Sri Lanka,Australia,KDU Prabodhani,I Ranaweera,EA Osborne,0,0,,,,,,,,,
1044211,2016,2016-09-27,Sinhalese Sports Club Ground,1,15.5,Sri Lanka,Australia,KDU Prabodhani,I Ranaweera,EA Osborne,0,0,,,,,,,,,
1044211,2016,2016-09-27,Sinhalese Sports Club Ground,1,15.6,Sri Lanka,Australia,KDU Prabodhani,I Ranaweera,EA Osborne,0,0,,,,,,,,,
1044211,2016,2016-09-27,Sinhalese Sports Club Ground,1,16.1,Sri Lanka,Australia,I Ranaweera,KDU Prabodhani,EA Perry,1,0,,,,,,,,,
1044211,2016,2016-09-27,Sinhalese Sports Club Ground,1,16.2,Sri Lanka,Australia,KDU Prabodhani,I Ranaweera,EA Perry,0,0,,,,,,,,,
1044211,2016,2016-09-27,Sinhalese Sports Club Ground,1,16.3,Sri Lanka,Australia,KDU Prabodhani,I Ranaweera,EA Perry,1,0,,,,,,,,,
1044211,2016,2016-09-27,Sinhalese Sports Club Ground,1,16.4,Sri Lanka,Australia,I Ranaweera,KDU Prabodhani,EA Perry,0,0,,,,,,,,,
1044211,2016,2016-09-27,Sinhalese Sports Club Ground,1,16.5,Sri Lanka,Australia,I Ranaweera,KDU Prabodhani,EA Perry,1,0,,,,,,,,,
1044211,2016,2016-09-27,Sinhalese Sports Club Ground,1,16.6,Sri Lanka,Australia,KDU Prabodhani,I Ranaweera,EA Perry,0,0,,,,,,,,,
1044211,2016,2016-09-27,Sinhalese Sports Club Ground,1,17.1,Sri Lanka,Australia,I Ranaweera,KDU Prabodhani,EA Osborne,0,0,,,,,,,,,
1044211,2016,2016-09-27,Sinhalese Sports Club Ground,1,17.2,Sri Lanka,Australia,I Ranaweera,KDU Prabodhani,EA Osborne,0,0,,,,,,,,,
1044211,2016,2016-09-27,Sinhalese Sports Club Ground,1,17.3,Sri Lanka,Australia,I Ranaweera,KDU Prabodhani,EA Osborne,0,0,,,,,,,,,
1044211,2016,2016-09-27,Sinhalese Sports Club Ground,1,17.4,Sri Lanka,Australia,I Ranaweera,KDU Prabodhani,EA Osborne,1,0,,,,,,,,,
1044211,2016,2016-09-27,Sinhalese Sports Club Ground,1,17.5,Sri Lanka,Australia,KDU Prabodhani,I Ranaweera,EA Osborne,0,0,,,,,,,,,
1044211,2016,2016-09-27,Sinhalese Sports Club Ground,1,17.6,Sri Lanka,Australia,KDU Prabodhani,I Ranaweera,EA Osborne,1,0,,,,,,,,,
1044211,2016,2016-09-27,Sinhalese Sports Club Ground,1,18.1,Sri Lanka,Australia,KDU Prabodhani,I Ranaweera,EA Perry,0,0,,,,,,,,,
1044211,2016,2016-09-27,Sinhalese Sports Club Ground,1,18.2,Sri Lanka,Australia,KDU Prabodhani,I Ranaweera,EA Perry,1,0,,,,,,,,,
1044211,2016,2016-09-27,Sinhalese Sports Club Ground,1,18.3,Sri Lanka,Australia,I Ranaweera,KDU Prabodhani,EA Perry,0,0,,,,,,,,,
1044211,2016,2016-09-27,Sinhalese Sports Club Ground,1,18.4,Sri Lanka,Australia,I Ranaweera,KDU Prabodhani,EA Perry,0,0,,,,,,,,,
1044211,2016,2016-09-27,Sinhalese Sports Club Ground,1,18.5,Sri Lanka,Australia,I Ranaweera,KDU Prabodhani,EA Perry,0,0,,,,,,,,,
1044211,2016,2016-09-27,Sinhalese Sports Club Ground,1,18.6,Sri Lanka,Australia,I Ranaweera,KDU Prabodhani,EA Perry,1,0,,,,,,,,,
1044211,2016,2016-09-27,Sinhalese Sports Club Ground,1,19.1,Sri Lanka,Australia,I Ranaweera,KDU Prabodhani,EA Osborne,1,0,,,,,,,,,
1044211,2016,2016-09-27,Sinhalese Sports Club Ground,1,19.2,Sri Lanka,Australia,KDU Prabodhani,I Ranaweera,EA Osborne,0,0,,,,,,,,,
1044211,2016,2016-09-27,Sinhalese Sports Club Ground,1,19.3,Sri Lanka,Australia,KDU Prabodhani,I Ranaweera,EA Osborne,0,0,,,,,,,,,
1044211,2016,2016-09-27,Sinhalese Sports Club Ground,1,19.4,Sri Lanka,Australia,KDU Prabodhani,I Ranaweera,EA Osborne,1,0,,,,,,,,,
1044211,2016,2016-09-27,Sinhalese Sports Club Ground,1,19.5,Sri Lanka,Australia,I Ranaweera,KDU Prabodhani,EA Osborne,1,0,,,,,,,,,
1044211,2016,2016-09-27,Sinhalese Sports Club Ground,1,19.6,Sri Lanka,Australia,KDU Prabodhani,I Ranaweera,EA Osborne,1,0,,,,,,,,,
1044211,2016,2016-09-27,Sinhalese Sports Club Ground,2,0.1,Australia,Sri Lanka,BL Mooney,EJ Villani,KDU Prabodhani,0,0,,,,,,,,,
1044211,2016,2016-09-27,Sinhalese Sports Club Ground,2,0.2,Australia,Sri Lanka,BL Mooney,EJ Villani,KDU Prabodhani,2,0,,,,,,,,,
1044211,2016,2016-09-27,Sinhalese Sports Club Ground,2,0.3,Australia,Sri Lanka,BL Mooney,EJ Villani,KDU Prabodhani,2,0,,,,,,,,,
1044211,2016,2016-09-27,Sinhalese Sports Club Ground,2,0.4,Australia,Sri Lanka,BL Mooney,EJ Villani,KDU Prabodhani,0,0,,,,,,,,,
1044211,2016,2016-09-27,Sinhalese Sports Club Ground,2,0.5,Australia,Sri Lanka,BL Mooney,EJ Villani,KDU Prabodhani,0,0,,,,,,,,,
1044211,2016,2016-09-27,Sinhalese Sports Club Ground,2,0.6,Australia,Sri Lanka,BL Mooney,EJ Villani,KDU Prabodhani,0,0,,,,,,,,,
1044211,2016,2016-09-27,Sinhalese Sports Club Ground,2,1.1,Australia,Sri Lanka,EJ Villani,BL Mooney,AC Jayangani,1,0,,,,,,,,,
1044211,2016,2016-09-27,Sinhalese Sports Club Ground,2,1.2,Australia,Sri Lanka,BL Mooney,EJ Villani,AC Jayangani,0,0,,,,,,,,,
1044211,2016,2016-09-27,Sinhalese Sports Club Ground,2,1.3,Australia,Sri Lanka,BL Mooney,EJ Villani,AC Jayangani,4,0,,,,,,,,,
1044211,2016,2016-09-27,Sinhalese Sports Club Ground,2,1.4,Australia,Sri Lanka,BL Mooney,EJ Villani,AC Jayangani,0,0,,,,,,,,,
1044211,2016,2016-09-27,Sinhalese Sports Club Ground,2,1.5,Australia,Sri Lanka,BL Mooney,EJ Villani,AC Jayangani,1,0,,,,,,,,,
1044211,2016,2016-09-27,Sinhalese Sports Club Ground,2,1.6,Australia,Sri Lanka,EJ Villani,BL Mooney,AC Jayangani,0,0,,,,,,,,,
1044211,2016,2016-09-27,Sinhalese Sports Club Ground,2,2.1,Australia,Sri Lanka,BL Mooney,EJ Villani,BMSM Kumari,1,0,,,,,,,,,
1044211,2016,2016-09-27,Sinhalese Sports Club Ground,2,2.2,Australia,Sri Lanka,EJ Villani,BL Mooney,BMSM Kumari,1,0,,,,,,,,,
1044211,2016,2016-09-27,Sinhalese Sports Club Ground,2,2.3,Australia,Sri Lanka,BL Mooney,EJ Villani,BMSM Kumari,0,0,,,,,,,,,
1044211,2016,2016-09-27,Sinhalese Sports Club Ground,2,2.4,Australia,Sri Lanka,BL Mooney,EJ Villani,BMSM Kumari,0,0,,,,,,,,,
1044211,2016,2016-09-27,Sinhalese Sports Club Ground,2,2.5,Australia,Sri Lanka,BL Mooney,EJ Villani,BMSM Kumari,4,0,,,,,,,,,
1044211,2016,2016-09-27,Sinhalese Sports Club Ground,2,2.6,Australia,Sri Lanka,BL Mooney,EJ Villani,BMSM Kumari,1,0,,,,,,,,,
1044211,2016,2016-09-27,Sinhalese Sports Club Ground,2,3.1,Australia,Sri Lanka,BL Mooney,EJ Villani,MGMCP Gunawardene,3,0,,,,,,,,,
1044211,2016,2016-09-27,Sinhalese Sports Club Ground,2,3.2,Australia,Sri Lanka,EJ Villani,BL Mooney,MGMCP Gunawardene,4,0,,,,,,,,,
1044211,2016,2016-09-27,Sinhalese Sports Club Ground,2,3.3,Australia,Sri Lanka,EJ Villani,BL Mooney,MGMCP Gunawardene,0,0,,,,,,,,,
1044211,2016,2016-09-27,Sinhalese Sports Club Ground,2,3.4,Australia,Sri Lanka,EJ Villani,BL Mooney,MGMCP Gunawardene,4,0,,,,,,,,,
1044211,2016,2016-09-27,Sinhalese Sports Club Ground,2,3.5,Australia,Sri Lanka,EJ Villani,BL Mooney,MGMCP Gunawardene,1,0,,,,,,,,,
1044211,2016,2016-09-27,Sinhalese Sports Club Ground,2,3.6,Australia,Sri Lanka,BL Mooney,EJ Villani,MGMCP Gunawardene,2,0,,,,,,,,,
1044211,2016,2016-09-27,Sinhalese Sports Club Ground,2,4.1,Australia,Sri Lanka,EJ Villani,BL Mooney,I Ranaweera,2,0,,,,,,,,,
1044211,2016,2016-09-27,Sinhalese Sports Club Ground,2,4.2,Australia,Sri Lanka,EJ Villani,BL Mooney,I Ranaweera,4,0,,,,,,,,,
1044211,2016,2016-09-27,Sinhalese Sports Club Ground,2,4.3,Australia,Sri Lanka,EJ Villani,BL Mooney,I Ranaweera,0,0,,,,,,,,,
1044211,2016,2016-09-27,Sinhalese Sports Club Ground,2,4.4,Australia,Sri Lanka,EJ Villani,BL Mooney,I Ranaweera,0,0,,,,,,,,,
1044211,2016,2016-09-27,Sinhalese Sports Club Ground,2,4.5,Australia,Sri Lanka,EJ Villani,BL Mooney,I Ranaweera,6,0,,,,,,,,,
1044211,2016,2016-09-27,Sinhalese Sports Club Ground,2,4.6,Australia,Sri Lanka,EJ Villani,BL Mooney,I Ranaweera,0,0,,,,,,,,,
1044211,2016,2016-09-27,Sinhalese Sports Club Ground,2,5.1,Australia,Sri Lanka,BL Mooney,EJ Villani,LE Kaushalya,0,0,,,,,,,,,
1044211,2016,2016-09-27,Sinhalese Sports Club Ground,2,5.2,Australia,Sri Lanka,BL Mooney,EJ Villani,LE Kaushalya,4,0,,,,,,,,,
1044211,2016,2016-09-27,Sinhalese Sports Club Ground,2,5.3,Australia,Sri Lanka,BL Mooney,EJ Villani,LE Kaushalya,2,0,,,,,,,,,
1044211,2016,2016-09-27,Sinhalese Sports Club Ground,2,5.4,Australia,Sri Lanka,BL Mooney,EJ Villani,LE Kaushalya,1,0,,,,,,,,,
1044211,2016,2016-09-27,Sinhalese Sports Club Ground,2,5.5,Australia,Sri Lanka,EJ Villani,BL Mooney,LE Kaushalya,4,0,,,,,,,,,
1044211,2016,2016-09-27,Sinhalese Sports Club Ground,2,5.6,Australia,Sri Lanka,EJ Villani,BL Mooney,LE Kaushalya,1,0,,,,,,,,,
1044211,2016,2016-09-27,Sinhalese Sports Club Ground,2,6.1,Australia,Sri Lanka,EJ Villani,BL Mooney,AC Jayangani,0,0,,,,,,,,,
1044211,2016,2016-09-27,Sinhalese Sports Club Ground,2,6.2,Australia,Sri Lanka,EJ Villani,BL Mooney,AC Jayangani,0,0,,,,,,,,,
1044211,2016,2016-09-27,Sinhalese Sports Club Ground,2,6.3,Australia,Sri Lanka,EJ Villani,BL Mooney,AC Jayangani,0,0,,,,,,,,,
1044211,2016,2016-09-27,Sinhalese Sports Club Ground,2,6.4,Australia,Sri Lanka,EJ Villani,BL Mooney,AC Jayangani,0,0,,,,,,,,,
1044211,2016,2016-09-27,Sinhalese Sports Club Ground,2,6.5,Australia,Sri Lanka,EJ Villani,BL Mooney,AC Jayangani,0,0,,,,,,,,,
1044211,2016,2016-09-27,Sinhalese Sports Club Ground,2,6.6,Australia,Sri Lanka,EJ Villani,BL Mooney,AC Jayangani,0,0,,,,,,,,,
1044211,2016,2016-09-27,Sinhalese Sports Club Ground,2,7.1,Australia,Sri Lanka,BL Mooney,EJ Villani,BMSM Kumari,0,0,,,,,,,,,
1044211,2016,2016-09-27,Sinhalese Sports Club Ground,2,7.2,Australia,Sri Lanka,BL Mooney,EJ Villani,BMSM Kumari,1,0,,,,,,,,,
1044211,2016,2016-09-27,Sinhalese Sports Club Ground,2,7.3,Australia,Sri Lanka,EJ Villani,BL Mooney,BMSM Kumari,0,0,,,,,,,,,
1044211,2016,2016-09-27,Sinhalese Sports Club Ground,2,7.4,Australia,Sri Lanka,EJ Villani,BL Mooney,BMSM Kumari,1,0,,,,,,,,,
1044211,2016,2016-09-27,Sinhalese Sports Club Ground,2,7.5,Australia,Sri Lanka,BL Mooney,EJ Villani,BMSM Kumari,1,0,,,,,,,,,
1044211,2016,2016-09-27,Sinhalese Sports Club Ground,2,7.6,Australia,Sri Lanka,EJ Villani,BL Mooney,BMSM Kumari,1,0,,,,,,,,,
1044211,2016,2016-09-27,Sinhalese Sports Club Ground,2,8.1,Australia,Sri Lanka,EJ Villani,BL Mooney,AC Jayangani,4,0,,,,,,,,,
