match_id,season,start_date,venue,innings,ball,batting_team,bowling_team,striker,non_striker,bowler,runs_off_bat,extras,wides,noballs,byes,legbyes,penalty,wicket_type,player_dismissed,other_wicket_type,other_player_dismissed
1044203,2016,2016-09-18,Rangiri Dambulla International Stadium,1,0.1,Sri Lanka,Australia,AC Jayangani,PM Weerakkody,HL Ferling,0,0,,,,,,,,,
1044203,2016,2016-09-18,Rangiri Dambulla International Stadium,1,0.2,Sri Lanka,Australia,AC Jayangani,PM Weerakkody,HL Ferling,0,0,,,,,,,,,
1044203,2016,2016-09-18,Rangiri Dambulla International Stadium,1,0.3,Sri Lanka,Australia,AC Jayangani,PM Weerakkody,HL Ferling,0,0,,,,,,,,,
1044203,2016,2016-09-18,Rangiri Dambulla International Stadium,1,0.4,Sri Lanka,Australia,AC Jayangani,PM Weerakkody,HL Ferling,0,0,,,,,,,,,
1044203,2016,2016-09-18,Rangiri Dambulla International Stadium,1,0.5,Sri Lanka,Australia,AC Jayangani,PM Weerakkody,HL Ferling,0,0,,,,,,,,,
1044203,2016,2016-09-18,Rangiri Dambulla International Stadium,1,0.6,Sri Lanka,Australia,AC Jayangani,PM Weerakkody,HL Ferling,0,0,,,,,,,,,
1044203,2016,2016-09-18,Rangiri Dambulla International Stadium,1,1.1,Sri Lanka,Australia,PM Weerakkody,AC Jayangani,ML Schutt,0,0,,,,,,,,,
1044203,2016,2016-09-18,Rangiri Dambulla International Stadium,1,1.2,Sri Lanka,Australia,PM Weerakkody,AC Jayangani,ML Schutt,0,0,,,,,,caught,PM Weerakkody,,
1044203,2016,2016-09-18,Rangiri Dambulla International Stadium,1,1.3,Sri Lanka,Australia,PRCS Kumarihami,AC Jayangani,ML Schutt,0,0,,,,,,caught,PRCS Kumarihami,,
1044203,2016,2016-09-18,Rangiri Dambulla International Stadium,1,1.4,Sri Lanka,Australia,HIS Mendis,AC Jayangani,ML Schutt,0,1,1,,,,,,,,
1044203,2016,2016-09-18,Rangiri Dambulla International Stadium,1,1.5,Sri Lanka,Australia,HIS Mendis,AC Jayangani,ML Schutt,0,0,,,,,,,,,
1044203,2016,2016-09-18,Rangiri Dambulla International Stadium,1,1.6,Sri Lanka,Australia,HIS Mendis,AC Jayangani,ML Schutt,0,0,,,,,,,,,
1044203,2016,2016-09-18,Rangiri Dambulla International Stadium,1,1.7,Sri Lanka,Australia,HIS Mendis,AC Jayangani,ML Schutt,0,0,,,,,,,,,
1044203,2016,2016-09-18,Rangiri Dambulla International Stadium,1,2.1,Sri Lanka,Australia,AC Jayangani,HIS Mendis,HL Ferling,0,0,,,,,,,,,
1044203,2016,2016-09-18,Rangiri Dambulla International Stadium,1,2.2,Sri Lanka,Australia,AC Jayangani,HIS Mendis,HL Ferling,0,0,,,,,,,,,
1044203,2016,2016-09-18,Rangiri Dambulla International Stadium,1,2.3,Sri Lanka,Australia,AC Jayangani,HIS Mendis,HL Ferling,0,1,1,,,,,,,,
1044203,2016,2016-09-18,Rangiri Dambulla International Stadium,1,2.4,Sri Lanka,Australia,AC Jayangani,HIS Mendis,HL Ferling,0,1,1,,,,,,,,
1044203,2016,2016-09-18,Rangiri Dambulla International Stadium,1,2.5,Sri Lanka,Australia,AC Jayangani,HIS Mendis,HL Ferling,0,0,,,,,,caught,AC Jayangani,,
1044203,2016,2016-09-18,Rangiri Dambulla International Stadium,1,2.6,Sri Lanka,Australia,MADD Surangika,HIS Mendis,HL Ferling,0,0,,,,,,,,,
1044203,2016,2016-09-18,Rangiri Dambulla International Stadium,1,2.7,Sri Lanka,Australia,MADD Surangika,HIS Mendis,HL Ferling,0,0,,,,,,,,,
1044203,2016,2016-09-18,Rangiri Dambulla International Stadium,1,2.8,Sri Lanka,Australia,MADD Surangika,HIS Mendis,HL Ferling,0,0,,,,,,,,,
1044203,2016,2016-09-18,Rangiri Dambulla International Stadium,1,3.1,Sri Lanka,Australia,HIS Mendis,MADD Surangika,ML Schutt,0,0,,,,,,,,,
1044203,2016,2016-09-18,Rangiri Dambulla International Stadium,1,3.2,Sri Lanka,Australia,HIS Mendis,MADD Surangika,ML Schutt,0,0,,,,,,,,,
1044203,2016,2016-09-18,Rangiri Dambulla International Stadium,1,3.3,Sri Lanka,Australia,HIS Mendis,MADD Surangika,ML Schutt,0,0,,,,,,,,,
1044203,2016,2016-09-18,Rangiri Dambulla International Stadium,1,3.4,Sri Lanka,Australia,HIS Mendis,MADD Surangika,ML Schutt,0,0,,,,,,,,,
1044203,2016,2016-09-18,Rangiri Dambulla International Stadium,1,3.5,Sri Lanka,Australia,HIS Mendis,MADD Surangika,ML Schutt,0,0,,,,,,,,,
1044203,2016,2016-09-18,Rangiri Dambulla International Stadium,1,3.6,Sri Lanka,Australia,HIS Mendis,MADD Surangika,ML Schutt,0,0,,,,,,,,,
1044203,2016,2016-09-18,Rangiri Dambulla International Stadium,1,4.1,Sri Lanka,Australia,MADD Surangika,HIS Mendis,HL Ferling,0,0,,,,,,bowled,MADD Surangika,,
1044203,2016,2016-09-18,Rangiri Dambulla International Stadium,1,4.2,Sri Lanka,Australia,MDN Hansika,HIS Mendis,HL Ferling,0,0,,,,,,,,,
1044203,2016,2016-09-18,Rangiri Dambulla International Stadium,1,4.3,Sri Lanka,Australia,MDN Hansika,HIS Mendis,HL Ferling,0,0,,,,,,,,,
1044203,2016,2016-09-18,Rangiri Dambulla International Stadium,1,4.4,Sri Lanka,Australia,MDN Hansika,HIS Mendis,HL Ferling,0,0,,,,,,caught,MDN Hansika,,
1044203,2016,2016-09-18,Rangiri Dambulla International Stadium,1,4.5,Sri Lanka,Australia,LE Kaushalya,HIS Mendis,HL Ferling,0,0,,,,,,,,,
1044203,2016,2016-09-18,Rangiri Dambulla International Stadium,1,4.6,Sri Lanka,Australia,LE Kaushalya,HIS Mendis,HL Ferling,0,0,,,,,,,,,
1044203,2016,2016-09-18,Rangiri Dambulla International Stadium,1,5.1,Sri Lanka,Australia,HIS Mendis,LE Kaushalya,ML Schutt,0,0,,,,,,,,,
1044203,2016,2016-09-18,Rangiri Dambulla International Stadium,1,5.2,Sri Lanka,Australia,HIS Mendis,LE Kaushalya,ML Schutt,0,0,,,,,,,,,
1044203,2016,2016-09-18,Rangiri Dambulla International Stadium,1,5.3,Sri Lanka,Australia,HIS Mendis,LE Kaushalya,ML Schutt,0,0,,,,,,,,,
1044203,2016,2016-09-18,Rangiri Dambulla International Stadium,1,5.4,Sri Lanka,Australia,HIS Mendis,LE Kaushalya,ML Schutt,0,0,,,,,,,,,
1044203,2016,2016-09-18,Rangiri Dambulla International Stadium,1,5.5,Sri Lanka,Australia,HIS Mendis,LE Kaushalya,ML Schutt,0,0,,,,,,,,,
1044203,2016,2016-09-18,Rangiri Dambulla International Stadium,1,5.6,Sri Lanka,Australia,HIS Mendis,LE Kaushalya,ML Schutt,0,0,,,,,,,,,
1044203,2016,2016-09-18,Rangiri Dambulla International Stadium,1,6.1,Sri Lanka,Australia,LE Kaushalya,HIS Mendis,HL Ferling,0,0,,,,,,,,,
1044203,2016,2016-09-18,Rangiri Dambulla International Stadium,1,6.2,Sri Lanka,Australia,LE Kaushalya,HIS Mendis,HL Ferling,0,0,,,,,,,,,
1044203,2016,2016-09-18,Rangiri Dambulla International Stadium,1,6.3,Sri Lanka,Australia,LE Kaushalya,HIS Mendis,HL Ferling,0,1,1,,,,,,,,
1044203,2016,2016-09-18,Rangiri Dambulla International Stadium,1,6.4,Sri Lanka,Australia,LE Kaushalya,HIS Mendis,HL Ferling,1,0,,,,,,,,,
1044203,2016,2016-09-18,Rangiri Dambulla International Stadium,1,6.5,Sri Lanka,Australia,HIS Mendis,LE Kaushalya,HL Ferling,0,0,,,,,,,,,
1044203,2016,2016-09-18,Rangiri Dambulla International Stadium,1,6.6,Sri Lanka,Australia,HIS Mendis,LE Kaushalya,HL Ferling,0,0,,,,,,,,,
1044203,2016,2016-09-18,Rangiri Dambulla International Stadium,1,6.7,Sri Lanka,Australia,HIS Mendis,LE Kaushalya,HL Ferling,0,0,,,,,,,,,
1044203,2016,2016-09-18,Rangiri Dambulla International Stadium,1,7.1,Sri Lanka,Australia,LE Kaushalya,HIS Mendis,ML Schutt,0,0,,,,,,,,,
1044203,2016,2016-09-18,Rangiri Dambulla International Stadium,1,7.2,Sri Lanka,Australia,LE Kaushalya,HIS Mendis,ML Schutt,0,0,,,,,,,,,
1044203,2016,2016-09-18,Rangiri Dambulla International Stadium,1,7.3,Sri Lanka,Australia,LE Kaushalya,HIS Mendis,ML Schutt,4,0,,,,,,,,,
1044203,2016,2016-09-18,Rangiri Dambulla International Stadium,1,7.4,Sri Lanka,Australia,LE Kaushalya,HIS Mendis,ML Schutt,0,0,,,,,,,,,
1044203,2016,2016-09-18,Rangiri Dambulla International Stadium,1,7.5,Sri Lanka,Australia,LE Kaushalya,HIS Mendis,ML Schutt,0,0,,,,,,,,,
1044203,2016,2016-09-18,Rangiri Dambulla International Stadium,1,7.6,Sri Lanka,Australia,LE Kaushalya,HIS Mendis,ML Schutt,0,0,,,,,,,,,
1044203,2016,2016-09-18,Rangiri Dambulla International Stadium,1,8.1,Sri Lanka,Australia,HIS Mendis,LE Kaushalya,EA Perry,0,0,,,,,,,,,
1044203,2016,2016-09-18,Rangiri Dambulla International Stadium,1,8.2,Sri Lanka,Australia,HIS Mendis,LE Kaushalya,EA Perry,0,1,,1,,,,,,,
1044203,2016,2016-09-18,Rangiri Dambulla International Stadium,1,8.3,Sri Lanka,Australia,HIS Mendis,LE Kaushalya,EA Perry,1,0,,,,,,,,,
1044203,2016,2016-09-18,Rangiri Dambulla International Stadium,1,8.4,Sri Lanka,Australia,LE Kaushalya,HIS Mendis,EA Perry,4,0,,,,,,,,,
1044203,2016,2016-09-18,Rangiri Dambulla International Stadium,1,8.5,Sri Lanka,Australia,LE Kaushalya,HIS Mendis,EA Perry,0,0,,,,,,,,,
1044203,2016,2016-09-18,Rangiri Dambulla International Stadium,1,8.6,Sri Lanka,Australia,LE Kaushalya,HIS Mendis,EA Perry,0,0,,,,,,,,,
1044203,2016,2016-09-18,Rangiri Dambulla International Stadium,1,8.7,Sri Lanka,Australia,LE Kaushalya,HIS Mendis,EA Perry,0,0,,,,,,,,,
1044203,2016,2016-09-18,Rangiri Dambulla International Stadium,1,9.1,Sri Lanka,Australia,HIS Mendis,LE Kaushalya,KM Beams,0,0,,,,,,,,,
1044203,2016,2016-09-18,Rangiri Dambulla International Stadium,1,9.2,Sri Lanka,Australia,HIS Mendis,LE Kaushalya,KM Beams,0,0,,,,,,,,,
1044203,2016,2016-09-18,Rangiri Dambulla International Stadium,1,9.3,Sri Lanka,Australia,HIS Mendis,LE Kaushalya,KM Beams,0,0,,,,,,,,,
1044203,2016,2016-09-18,Rangiri Dambulla International Stadium,1,9.4,Sri Lanka,Australia,HIS Mendis,LE Kaushalya,KM Beams,0,0,,,,,,,,,
1044203,2016,2016-09-18,Rangiri Dambulla International Stadium,1,9.5,Sri Lanka,Australia,HIS Mendis,LE Kaushalya,KM Beams,0,0,,,,,,,,,
1044203,2016,2016-09-18,Rangiri Dambulla International Stadium,1,9.6,Sri Lanka,Australia,HIS Mendis,LE Kaushalya,KM Beams,0,0,,,,,,,,,
1044203,2016,2016-09-18,Rangiri Dambulla International Stadium,1,10.1,Sri Lanka,Australia,LE Kaushalya,HIS Mendis,EA Perry,0,0,,,,,,,,,
1044203,2016,2016-09-18,Rangiri Dambulla International Stadium,1,10.2,Sri Lanka,Australia,LE Kaushalya,HIS Mendis,EA Perry,4,0,,,,,,,,,
1044203,2016,2016-09-18,Rangiri Dambulla International Stadium,1,10.3,Sri Lanka,Australia,LE Kaushalya,HIS Mendis,EA Perry,0,1,1,,,,,,,,
1044203,2016,2016-09-18,Rangiri Dambulla International Stadium,1,10.4,Sri Lanka,Australia,LE Kaushalya,HIS Mendis,EA Perry,0,0,,,,,,,,,
1044203,2016,2016-09-18,Rangiri Dambulla International Stadium,1,10.5,Sri Lanka,Australia,LE Kaushalya,HIS Mendis,EA Perry,0,0,,,,,,,,,
1044203,2016,2016-09-18,Rangiri Dambulla International Stadium,1,10.6,Sri Lanka,Australia,LE Kaushalya,HIS Mendis,EA Perry,0,0,,,,,,,,,
1044203,2016,2016-09-18,Rangiri Dambulla International Stadium,1,10.7,Sri Lanka,Australia,LE Kaushalya,HIS Mendis,EA Perry,0,0,,,,,,,,,
1044203,2016,2016-09-18,Rangiri Dambulla International Stadium,1,11.1,Sri Lanka,Australia,HIS Mendis,LE Kaushalya,KM Beams,0,0,,,,,,caught,HIS Mendis,,
1044203,2016,2016-09-18,Rangiri Dambulla International Stadium,1,11.2,Sri Lanka,Australia,KDU Prabodhani,LE Kaushalya,KM Beams,0,0,,,,,,,,,
1044203,2016,2016-09-18,Rangiri Dambulla International Stadium,1,11.3,Sri Lanka,Australia,KDU Prabodhani,LE Kaushalya,KM Beams,0,0,,,,,,,,,
1044203,2016,2016-09-18,Rangiri Dambulla International Stadium,1,11.4,Sri Lanka,Australia,KDU Prabodhani,LE Kaushalya,KM Beams,0,0,,,,,,,,,
1044203,2016,2016-09-18,Rangiri Dambulla International Stadium,1,11.5,Sri Lanka,Australia,KDU Prabodhani,LE Kaushalya,KM Beams,0,0,,,,,,,,,
1044203,2016,2016-09-18,Rangiri Dambulla International Stadium,1,11.6,Sri Lanka,Australia,KDU Prabodhani,LE Kaushalya,KM Beams,4,0,,,,,,,,,
1044203,2016,2016-09-18,Rangiri Dambulla International Stadium,1,12.1,Sri Lanka,Australia,LE Kaushalya,KDU Prabodhani,JL Jonassen,0,0,,,,,,,,,
1044203,2016,2016-09-18,Rangiri Dambulla International Stadium,1,12.2,Sri Lanka,Australia,LE Kaushalya,KDU Prabodhani,JL Jonassen,0,4,,,4,,,,,,
1044203,2016,2016-09-18,Rangiri Dambulla International Stadium,1,12.3,Sri Lanka,Australia,LE Kaushalya,KDU Prabodhani,JL Jonassen,0,0,,,,,,,,,
1044203,2016,2016-09-18,Rangiri Dambulla International Stadium,1,12.4,Sri Lanka,Australia,LE Kaushalya,KDU Prabodhani,JL Jonassen,0,0,,,,,,,,,
1044203,2016,2016-09-18,Rangiri Dambulla International Stadium,1,12.5,Sri Lanka,Australia,LE Kaushalya,KDU Prabodhani,JL Jonassen,0,0,,,,,,,,,
1044203,2016,2016-09-18,Rangiri Dambulla International Stadium,1,12.6,Sri Lanka,Australia,LE Kaushalya,KDU Prabodhani,JL Jonassen,0,0,,,,,,,,,
1044203,2016,2016-09-18,Rangiri Dambulla International Stadium,1,13.1,Sri Lanka,Australia,KDU Prabodhani,LE Kaushalya,KM Beams,0,0,,,,,,,,,
1044203,2016,2016-09-18,Rangiri Dambulla International Stadium,1,13.2,Sri Lanka,Australia,KDU Prabodhani,LE Kaushalya,KM Beams,0,0,,,,,,caught,KDU Prabodhani,,
1044203,2016,2016-09-18,Rangiri Dambulla International Stadium,1,13.3,Sri Lanka,Australia,I Ranaweera,LE Kaushalya,KM Beams,0,0,,,,,,,,,
1044203,2016,2016-09-18,Rangiri Dambulla International Stadium,1,13.4,Sri Lanka,Australia,I Ranaweera,LE Kaushalya,KM Beams,0,0,,,,,,,,,
1044203,2016,2016-09-18,Rangiri Dambulla International Stadium,1,13.5,Sri Lanka,Australia,I Ranaweera,LE Kaushalya,KM Beams,0,0,,,,,,,,,
1044203,2016,2016-09-18,Rangiri Dambulla International Stadium,1,13.6,Sri Lanka,Australia,I Ranaweera,LE Kaushalya,KM Beams,0,0,,,,,,,,,
1044203,2016,2016-09-18,Rangiri Dambulla International Stadium,1,14.1,Sri Lanka,Australia,LE Kaushalya,I Ranaweera,JL Jonassen,0,0,,,,,,,,,
1044203,2016,2016-09-18,Rangiri Dambulla International Stadium,1,14.2,Sri Lanka,Australia,LE Kaushalya,I Ranaweera,JL Jonassen,1,0,,,,,,,,,
1044203,2016,2016-09-18,Rangiri Dambulla International Stadium,1,14.3,Sri Lanka,Australia,I Ranaweera,LE Kaushalya,JL Jonassen,0,0,,,,,,,,,
1044203,2016,2016-09-18,Rangiri Dambulla International Stadium,1,14.4,Sri Lanka,Australia,I Ranaweera,LE Kaushalya,JL Jonassen,0,0,,,,,,,,,
1044203,2016,2016-09-18,Rangiri Dambulla International Stadium,1,14.5,Sri Lanka,Australia,I Ranaweera,LE Kaushalya,JL Jonassen,0,0,,,,,,,,,
1044203,2016,2016-09-18,Rangiri Dambulla International Stadium,1,14.6,Sri Lanka,Australia,I Ranaweera,LE Kaushalya,JL Jonassen,0,0,,,,,,,,,
1044203,2016,2016-09-18,Rangiri Dambulla International Stadium,1,15.1,Sri Lanka,Australia,LE Kaushalya,I Ranaweera,KM Beams,0,0,,,,,,,,,
1044203,2016,2016-09-18,Rangiri Dambulla International Stadium,1,15.2,Sri Lanka,Australia,LE Kaushalya,I Ranaweera,KM Beams,0,0,,,,,,,,,
1044203,2016,2016-09-18,Rangiri Dambulla International Stadium,1,15.3,Sri Lanka,Australia,LE Kaushalya,I Ranaweera,KM Beams,0,0,,,,,,,,,
1044203,2016,2016-09-18,Rangiri Dambulla International Stadium,1,15.4,Sri Lanka,Australia,LE Kaushalya,I Ranaweera,KM Beams,0,0,,,,,,,,,
1044203,2016,2016-09-18,Rangiri Dambulla International Stadium,1,15.5,Sri Lanka,Australia,LE Kaushalya,I Ranaweera,KM Beams,0,0,,,,,,,,,
1044203,2016,2016-09-18,Rangiri Dambulla International Stadium,1,15.6,Sri Lanka,Australia,LE Kaushalya,I Ranaweera,KM Beams,0,0,,,,,,,,,
1044203,2016,2016-09-18,Rangiri Dambulla International Stadium,1,16.1,Sri Lanka,Australia,I Ranaweera,LE Kaushalya,JL Jonassen,4,0,,,,,,,,,
1044203,2016,2016-09-18,Rangiri Dambulla International Stadium,1,16.2,Sri Lanka,Australia,I Ranaweera,LE Kaushalya,JL Jonassen,0,0,,,,,,,,,
1044203,2016,2016-09-18,Rangiri Dambulla International Stadium,1,16.3,Sri Lanka,Australia,I Ranaweera,LE Kaushalya,JL Jonassen,0,0,,,,,,,,,
1044203,2016,2016-09-18,Rangiri Dambulla International Stadium,1,16.4,Sri Lanka,Australia,I Ranaweera,LE Kaushalya,JL Jonassen,0,0,,,,,,,,,
1044203,2016,2016-09-18,Rangiri Dambulla International Stadium,1,16.5,Sri Lanka,Australia,I Ranaweera,LE Kaushalya,JL Jonassen,0,1,1,,,,,,,,
1044203,2016,2016-09-18,Rangiri Dambulla International Stadium,1,16.6,Sri Lanka,Australia,I Ranaweera,LE Kaushalya,JL Jonassen,4,0,,,,,,,,,
1044203,2016,2016-09-18,Rangiri Dambulla International Stadium,1,16.7,Sri Lanka,Australia,I Ranaweera,LE Kaushalya,JL Jonassen,0,0,,,,,,,,,
1044203,2016,2016-09-18,Rangiri Dambulla International Stadium,1,17.1,Sri Lanka,Australia,LE Kaushalya,I Ranaweera,KM Beams,0,0,,,,,,caught,LE Kaushalya,,
1044203,2016,2016-09-18,Rangiri Dambulla International Stadium,1,17.2,Sri Lanka,Australia,I Ranaweera,BMSM Kumari,KM Beams,0,0,,,,,,,,,
1044203,2016,2016-09-18,Rangiri Dambulla International Stadium,1,17.3,Sri Lanka,Australia,I Ranaweera,BMSM Kumari,KM Beams,0,0,,,,,,,,,
1044203,2016,2016-09-18,Rangiri Dambulla International Stadium,1,17.4,Sri Lanka,Australia,I Ranaweera,BMSM Kumari,KM Beams,1,0,,,,,,,,,
1044203,2016,2016-09-18,Rangiri Dambulla International Stadium,1,17.5,Sri Lanka,Australia,BMSM Kumari,I Ranaweera,KM Beams,0,0,,,,,,,,,
1044203,2016,2016-09-18,Rangiri Dambulla International Stadium,1,17.6,Sri Lanka,Australia,BMSM Kumari,I Ranaweera,KM Beams,0,2,,,,2,,,,,
1044203,2016,2016-09-18,Rangiri Dambulla International Stadium,1,18.1,Sri Lanka,Australia,I Ranaweera,BMSM Kumari,EA Osborne,2,0,,,,,,,,,
1044203,2016,2016-09-18,Rangiri Dambulla International Stadium,1,18.2,Sri Lanka,Australia,I Ranaweera,BMSM Kumari,EA Osborne,4,0,,,,,,,,,
1044203,2016,2016-09-18,Rangiri Dambulla International Stadium,1,18.3,Sri Lanka,Australia,I Ranaweera,BMSM Kumari,EA Osborne,4,0,,,,,,,,,
1044203,2016,2016-09-18,Rangiri Dambulla International Stadium,1,18.4,Sri Lanka,Australia,I Ranaweera,BMSM Kumari,EA Osborne,0,0,,,,,,,,,
1044203,2016,2016-09-18,Rangiri Dambulla International Stadium,1,18.5,Sri Lanka,Australia,I Ranaweera,BMSM Kumari,EA Osborne,1,0,,,,,,,,,
1044203,2016,2016-09-18,Rangiri Dambulla International Stadium,1,18.6,Sri Lanka,Australia,BMSM Kumari,I Ranaweera,EA Osborne,0,2,2,,,,,,,,
1044203,2016,2016-09-18,Rangiri Dambulla International Stadium,1,18.7,Sri Lanka,Australia,I Ranaweera,BMSM Kumari,EA Osborne,0,0,,,,,,,,,
1044203,2016,2016-09-18,Rangiri Dambulla International Stadium,1,19.1,Sri Lanka,Australia,BMSM Kumari,I Ranaweera,KM Beams,4,0,,,,,,,,,
1044203,2016,2016-09-18,Rangiri Dambulla International Stadium,1,19.2,Sri Lanka,Australia,BMSM Kumari,I Ranaweera,KM Beams,0,0,,,,,,,,,
1044203,2016,2016-09-18,Rangiri Dambulla International Stadium,1,19.3,Sri Lanka,Australia,BMSM Kumari,I Ranaweera,KM Beams,0,0,,,,,,,,,
1044203,2016,2016-09-18,Rangiri Dambulla International Stadium,1,19.4,Sri Lanka,Australia,BMSM Kumari,I Ranaweera,KM Beams,0,0,,,,,,,,,
1044203,2016,2016-09-18,Rangiri Dambulla International Stadium,1,19.5,Sri Lanka,Australia,BMSM Kumari,I Ranaweera,KM Beams,1,0,,,,,,,,,
1044203,2016,2016-09-18,Rangiri Dambulla International Stadium,1,19.6,Sri Lanka,Australia,I Ranaweera,BMSM Kumari,KM Beams,0,0,,,,,,,,,
1044203,2016,2016-09-18,Rangiri Dambulla International Stadium,1,20.1,Sri Lanka,Australia,BMSM Kumari,I Ranaweera,EA Osborne,0,0,,,,,,,,,
1044203,2016,2016-09-18,Rangiri Dambulla International Stadium,1,20.2,Sri Lanka,Australia,BMSM Kumari,I Ranaweera,EA Osborne,0,0,,,,,,,,,
1044203,2016,2016-09-18,Rangiri Dambulla International Stadium,1,20.3,Sri Lanka,Australia,BMSM Kumari,I Ranaweera,EA Osborne,4,0,,,,,,,,,
1044203,2016,2016-09-18,Rangiri Dambulla International Stadium,1,20.4,Sri Lanka,Australia,BMSM Kumari,I Ranaweera,EA Osborne,0,0,,,,,,,,,
1044203,2016,2016-09-18,Rangiri Dambulla International Stadium,1,20.5,Sri Lanka,Australia,BMSM Kumari,I Ranaweera,EA Osborne,0,0,,,,,,caught,BMSM Kumari,,
1044203,2016,2016-09-18,Rangiri Dambulla International Stadium,1,20.6,Sri Lanka,Australia,SIP Fernando,I Ranaweera,EA Osborne,0,0,,,,,,,,,
1044203,2016,2016-09-18,Rangiri Dambulla International Stadium,1,21.1,Sri Lanka,Australia,I Ranaweera,SIP Fernando,KM Beams,0,0,,,,,,,,,
1044203,2016,2016-09-18,Rangiri Dambulla International Stadium,1,21.2,Sri Lanka,Australia,I Ranaweera,SIP Fernando,KM Beams,0,0,,,,,,,,,
1044203,2016,2016-09-18,Rangiri Dambulla International Stadium,1,21.3,Sri Lanka,Australia,I Ranaweera,SIP Fernando,KM Beams,0,0,,,,,,,,,
1044203,2016,2016-09-18,Rangiri Dambulla International Stadium,1,21.4,Sri Lanka,Australia,I Ranaweera,SIP Fernando,KM Beams,1,0,,,,,,,,,
1044203,2016,2016-09-18,Rangiri Dambulla International Stadium,1,21.5,Sri Lanka,Australia,SIP Fernando,I Ranaweera,KM Beams,0,0,,,,,,,,,
1044203,2016,2016-09-18,Rangiri Dambulla International Stadium,1,21.6,Sri Lanka,Australia,SIP Fernando,I Ranaweera,KM Beams,0,0,,,,,,,,,
1044203,2016,2016-09-18,Rangiri Dambulla International Stadium,1,22.1,Sri Lanka,Australia,I Ranaweera,SIP Fernando,EA Osborne,0,0,,,,,,,,,
1044203,2016,2016-09-18,Rangiri Dambulla International Stadium,1,22.2,Sri Lanka,Australia,I Ranaweera,SIP Fernando,EA Osborne,2,0,,,,,,,,,
1044203,2016,2016-09-18,Rangiri Dambulla International Stadium,1,22.3,Sri Lanka,Australia,I Ranaweera,SIP Fernando,EA Osborne,0,0,,,,,,,,,
1044203,2016,2016-09-18,Rangiri Dambulla International Stadium,1,22.4,Sri Lanka,Australia,I Ranaweera,SIP Fernando,EA Osborne,2,0,,,,,,,,,
1044203,2016,2016-09-18,Rangiri Dambulla International Stadium,1,22.5,Sri Lanka,Australia,I Ranaweera,SIP Fernando,EA Osborne,0,0,,,,,,,,,
1044203,2016,2016-09-18,Rangiri Dambulla International Stadium,1,22.6,Sri Lanka,Australia,I Ranaweera,SIP Fernando,EA Osborne,1,0,,,,,,,,,
1044203,2016,2016-09-18,Rangiri Dambulla International Stadium,1,23.1,Sri Lanka,Australia,I Ranaweera,SIP Fernando,KM Beams,0,0,,,,,,,,,
1044203,2016,2016-09-18,Rangiri Dambulla International Stadium,1,23.2,Sri Lanka,Australia,I Ranaweera,SIP Fernando,KM Beams,0,0,,,,,,,,,
1044203,2016,2016-09-18,Rangiri Dambulla International Stadium,1,23.3,Sri Lanka,Australia,I Ranaweera,SIP Fernando,KM Beams,0,0,,,,,,,,,
1044203,2016,2016-09-18,Rangiri Dambulla International Stadium,1,23.4,Sri Lanka,Australia,I Ranaweera,SIP Fernando,KM Beams,4,0,,,,,,,,,
1044203,2016,2016-09-18,Rangiri Dambulla International Stadium,1,23.5,Sri Lanka,Australia,I Ranaweera,SIP Fernando,KM Beams,1,0,,,,,,,,,
1044203,2016,2016-09-18,Rangiri Dambulla International Stadium,1,23.6,Sri Lanka,Australia,SIP Fernando,I Ranaweera,KM Beams,0,0,,,,,,,,,
1044203,2016,2016-09-18,Rangiri Dambulla International Stadium,1,24.1,Sri Lanka,Australia,I Ranaweera,SIP Fernando,EA Osborne,0,0,,,,,,,,,
1044203,2016,2016-09-18,Rangiri Dambulla International Stadium,1,24.2,Sri Lanka,Australia,I Ranaweera,SIP Fernando,EA Osborne,0,0,,,,,,,,,
1044203,2016,2016-09-18,Rangiri Dambulla International Stadium,1,24.3,Sri Lanka,Australia,I Ranaweera,SIP Fernando,EA Osborne,0,1,1,,,,,,,,
1044203,2016,2016-09-18,Rangiri Dambulla International Stadium,1,24.4,Sri Lanka,Australia,I Ranaweera,SIP Fernando,EA Osborne,0,0,,,,,,,,,
1044203,2016,2016-09-18,Rangiri Dambulla International Stadium,1,24.5,Sri Lanka,Australia,I Ranaweera,SIP Fernando,EA Osborne,1,0,,,,,,,,,
1044203,2016,2016-09-18,Rangiri Dambulla International Stadium,1,24.6,Sri Lanka,Australia,SIP Fernando,I Ranaweera,EA Osborne,0,0,,,,,,caught,SIP Fernando,,
1044203,2016,2016-09-18,Rangiri Dambulla International Stadium,2,0.1,Australia,Sri Lanka,NE Bolton,EJ Villani,KDU Prabodhani,0,0,,,,,,,,,
1044203,2016,2016-09-18,Rangiri Dambulla International Stadium,2,0.2,Australia,Sri Lanka,NE Bolton,EJ Villani,KDU Prabodhani,0,0,,,,,,,,,
1044203,2016,2016-09-18,Rangiri Dambulla International Stadium,2,0.3,Australia,Sri Lanka,NE Bolton,EJ Villani,KDU Prabodhani,0,0,,,,,,,,,
1044203,2016,2016-09-18,Rangiri Dambulla International Stadium,2,0.4,Australia,Sri Lanka,NE Bolton,EJ Villani,KDU Prabodhani,0,0,,,,,,,,,
1044203,2016,2016-09-18,Rangiri Dambulla International Stadium,2,0.5,Australia,Sri Lanka,NE Bolton,EJ Villani,KDU Prabodhani,0,0,,,,,,,,,
1044203,2016,2016-09-18,Rangiri Dambulla International Stadium,2,0.6,Australia,Sri Lanka,NE Bolton,EJ Villani,KDU Prabodhani,0,0,,,,,,,,,
1044203,2016,2016-09-18,Rangiri Dambulla International Stadium,2,1.1,Australia,Sri Lanka,EJ Villani,NE Bolton,LE Kaushalya,0,0,,,,,,lbw,EJ Villani,,
1044203,2016,2016-09-18,Rangiri Dambulla International Stadium,2,1.2,Australia,Sri Lanka,MM Lanning,NE Bolton,LE Kaushalya,1,0,,,,,,,,,
1044203,2016,2016-09-18,Rangiri Dambulla International Stadium,2,1.3,Australia,Sri Lanka,NE Bolton,MM Lanning,LE Kaushalya,2,0,,,,,,,,,
1044203,2016,2016-09-18,Rangiri Dambulla International Stadium,2,1.4,Australia,Sri Lanka,NE Bolton,MM Lanning,LE Kaushalya,4,0,,,,,,,,,
1044203,2016,2016-09-18,Rangiri Dambulla International Stadium,2,1.5,Australia,Sri Lanka,NE Bolton,MM Lanning,LE Kaushalya,0,0,,,,,,,,,
1044203,2016,2016-09-18,Rangiri Dambulla International Stadium,2,1.6,Australia,Sri Lanka,NE Bolton,MM Lanning,LE Kaushalya,2,0,,,,,,,,,
1044203,2016,2016-09-18,Rangiri Dambulla International Stadium,2,2.1,Australia,Sri Lanka,MM Lanning,NE Bolton,KDU Prabodhani,0,0,,,,,,,,,
1044203,2016,2016-09-18,Rangiri Dambulla International Stadium,2,2.2,Australia,Sri Lanka,MM Lanning,NE Bolton,KDU Prabodhani,1,0,,,,,,,,,
1044203,2016,2016-09-18,Rangiri Dambulla International Stadium,2,2.3,Australia,Sri Lanka,NE Bolton,MM Lanning,KDU Prabodhani,0,0,,,,,,,,,
1044203,2016,2016-09-18,Rangiri Dambulla International Stadium,2,2.4,Australia,Sri Lanka,NE Bolton,MM Lanning,KDU Prabodhani,0,0,,,,,,,,,
1044203,2016,2016-09-18,Rangiri Dambulla International Stadium,2,2.5,Australia,Sri Lanka,NE Bolton,MM Lanning,KDU Prabodhani,0,0,,,,,,,,,
1044203,2016,2016-09-18,Rangiri Dambulla International Stadium,2,2.6,Australia,Sri Lanka,NE Bolton,MM Lanning,KDU Prabodhani,0,0,,,,,,,,,
1044203,2016,2016-09-18,Rangiri Dambulla International Stadium,2,3.1,Australia,Sri Lanka,MM Lanning,NE Bolton,BMSM Kumari,0,0,,,,,,,,,
1044203,2016,2016-09-18,Rangiri Dambulla International Stadium,2,3.2,Australia,Sri Lanka,MM Lanning,NE Bolton,BMSM Kumari,0,0,,,,,,,,,
1044203,2016,2016-09-18,Rangiri Dambulla International Stadium,2,3.3,Australia,Sri Lanka,MM Lanning,NE Bolton,BMSM Kumari,4,0,,,,,,,,,
1044203,2016,2016-09-18,Rangiri Dambulla International Stadium,2,3.4,Australia,Sri Lanka,MM Lanning,NE Bolton,BMSM Kumari,1,0,,,,,,,,,
1044203,2016,2016-09-18,Rangiri Dambulla International Stadium,2,3.5,Australia,Sri Lanka,NE Bolton,MM Lanning,BMSM Kumari,0,0,,,,,,,,,
1044203,2016,2016-09-18,Rangiri Dambulla International Stadium,2,3.6,Australia,Sri Lanka,NE Bolton,MM Lanning,BMSM Kumari,0,0,,,,,,,,,
1044203,2016,2016-09-18,Rangiri Dambulla International Stadium,2,4.1,Australia,Sri Lanka,MM Lanning,NE Bolton,KDU Prabodhani,0,0,,,,,,,,,
1044203,2016,2016-09-18,Rangiri Dambulla International Stadium,2,4.2,Australia,Sri Lanka,MM Lanning,NE Bolton,KDU Prabodhani,0,0,,,,,,,,,
1044203,2016,2016-09-18,Rangiri Dambulla International Stadium,2,4.3,Australia,Sri Lanka,MM Lanning,NE Bolton,KDU Prabodhani,0,0,,,,,,,,,
1044203,2016,2016-09-18,Rangiri Dambulla International Stadium,2,4.4,Australia,Sri Lanka,MM Lanning,NE Bolton,KDU Prabodhani,4,0,,,,,,,,,
1044203,2016,2016-09-18,Rangiri Dambulla International Stadium,2,4.5,Australia,Sri Lanka,MM Lanning,NE Bolton,KDU Prabodhani,4,0,,,,,,,,,
1044203,2016,2016-09-18,Rangiri Dambulla International Stadium,2,4.6,Australia,Sri Lanka,MM Lanning,NE Bolton,KDU Prabodhani,0,0,,,,,,,,,
1044203,2016,2016-09-18,Rangiri Dambulla International Stadium,2,5.1,Australia,Sri Lanka,NE Bolton,MM Lanning,BMSM Kumari,2,0,,,,,,,,,
1044203,2016,2016-09-18,Rangiri Dambulla International Stadium,2,5.2,Australia,Sri Lanka,NE Bolton,MM Lanning,BMSM Kumari,0,0,,,,,,,,,
1044203,2016,2016-09-18,Rangiri Dambulla International Stadium,2,5.3,Australia,Sri Lanka,NE Bolton,MM Lanning,BMSM Kumari,0,0,,,,,,,,,
1044203,2016,2016-09-18,Rangiri Dambulla International Stadium,2,5.4,Australia,Sri Lanka,NE Bolton,MM Lanning,BMSM Kumari,0,0,,,,,,,,,
1044203,2016,2016-09-18,Rangiri Dambulla International Stadium,2,5.5,Australia,Sri Lanka,NE Bolton,MM Lanning,BMSM Kumari,1,0,,,,,,,,,
1044203,2016,2016-09-18,Rangiri Dambulla International Stadium,2,5.6,Australia,Sri Lanka,MM Lanning,NE Bolton,BMSM Kumari,2,0,,,,,,,,,
1044203,2016,2016-09-18,Rangiri Dambulla International Stadium,2,6.1,Australia,Sri Lanka,NE Bolton,MM Lanning,KDU Prabodhani,0,0,,,,,,,,,
1044203,2016,2016-09-18,Rangiri Dambulla International Stadium,2,6.2,Australia,Sri Lanka,NE Bolton,MM Lanning,KDU Prabodhani,5,0,,,,,,,,,
1044203,2016,2016-09-18,Rangiri Dambulla International Stadium,2,6.3,Australia,Sri Lanka,MM Lanning,NE Bolton,KDU Prabodhani,0,0,,,,,,,,,
1044203,2016,2016-09-18,Rangiri Dambulla International Stadium,2,6.4,Australia,Sri Lanka,MM Lanning,NE Bolton,KDU Prabodhani,1,0,,,,,,,,,
1044203,2016,2016-09-18,Rangiri Dambulla International Stadium,2,6.5,Australia,Sri Lanka,NE Bolton,MM Lanning,KDU Prabodhani,0,0,,,,,,,,,
1044203,2016,2016-09-18,Rangiri Dambulla International Stadium,2,6.6,Australia,Sri Lanka,NE Bolton,MM Lanning,KDU Prabodhani,0,0,,,,,,,,,
1044203,2016,2016-09-18,Rangiri Dambulla International Stadium,2,7.1,Australia,Sri Lanka,MM Lanning,NE Bolton,BMSM Kumari,4,0,,,,,,,,,
1044203,2016,2016-09-18,Rangiri Dambulla International Stadium,2,7.2,Australia,Sri Lanka,MM Lanning,NE Bolton,BMSM Kumari,0,0,,,,,,,,,
1044203,2016,2016-09-18,Rangiri Dambulla International Stadium,2,7.3,Australia,Sri Lanka,MM Lanning,NE Bolton,BMSM Kumari,4,0,,,,,,,,,
1044203,2016,2016-09-18,Rangiri Dambulla International Stadium,2,7.4,Australia,Sri Lanka,MM Lanning,NE Bolton,BMSM Kumari,1,0,,,,,,,,,
1044203,2016,2016-09-18,Rangiri Dambulla International Stadium,2,7.5,Australia,Sri Lanka,NE Bolton,MM Lanning,BMSM Kumari,0,0,,,,,,,,,
1044203,2016,2016-09-18,Rangiri Dambulla International Stadium,2,7.6,Australia,Sri Lanka,NE Bolton,MM Lanning,BMSM Kumari,1,0,,,,,,,,,
1044203,2016,2016-09-18,Rangiri Dambulla International Stadium,2,8.1,Australia,Sri Lanka,NE Bolton,MM Lanning,I Ranaweera,0,0,,,,,,,,,
1044203,2016,2016-09-18,Rangiri Dambulla International Stadium,2,8.2,Australia,Sri Lanka,NE Bolton,MM Lanning,I Ranaweera,1,0,,,,,,,,,
1044203,2016,2016-09-18,Rangiri Dambulla International Stadium,2,8.3,Australia,Sri Lanka,MM Lanning,NE Bolton,I Ranaweera,0,0,,,,,,caught,MM Lanning,,
1044203,2016,2016-09-18,Rangiri Dambulla International Stadium,2,8.4,Australia,Sri Lanka,EA Perry,NE Bolton,I Ranaweera,4,0,,,,,,,,,
1044203,2016,2016-09-18,Rangiri Dambulla International Stadium,2,8.5,Australia,Sri Lanka,EA Perry,NE Bolton,I Ranaweera,0,0,,,,,,,,,
1044203,2016,2016-09-18,Rangiri Dambulla International Stadium,2,8.6,Australia,Sri Lanka,EA Perry,NE Bolton,I Ranaweera,0,0,,,,,,stumped,EA Perry,,
1044203,2016,2016-09-18,Rangiri Dambulla International Stadium,2,9.1,Australia,Sri Lanka,NE Bolton,AJ Blackwell,SIP Fernando,0,0,,,,,,,,,
1044203,2016,2016-09-18,Rangiri Dambulla International Stadium,2,9.2,Australia,Sri Lanka,NE Bolton,AJ Blackwell,SIP Fernando,1,0,,,,,,,,,
1044203,2016,2016-09-18,Rangiri Dambulla International Stadium,2,9.3,Australia,Sri Lanka,AJ Blackwell,NE Bolton,SIP Fernando,0,0,,,,,,caught,AJ Blackwell,,
1044203,2016,2016-09-18,Rangiri Dambulla International Stadium,2,9.4,Australia,Sri Lanka,JL Jonassen,NE Bolton,SIP Fernando,0,0,,,,,,,,,
1044203,2016,2016-09-18,Rangiri Dambulla International Stadium,2,9.5,Australia,Sri Lanka,JL Jonassen,NE Bolton,SIP Fernando,0,0,,,,,,,,,
1044203,2016,2016-09-18,Rangiri Dambulla International Stadium,2,9.6,Australia,Sri Lanka,JL Jonassen,NE Bolton,SIP Fernando,0,0,,,,,,,,,
1044203,2016,2016-09-18,Rangiri Dambulla International Stadium,2,10.1,Australia,Sri Lanka,NE Bolton,JL Jonassen,I Ranaweera,0,0,,,,,,,,,
1044203,2016,2016-09-18,Rangiri Dambulla International Stadium,2,10.2,Australia,Sri Lanka,NE Bolton,JL Jonassen,I Ranaweera,0,0,,,,,,,,,
1044203,2016,2016-09-18,Rangiri Dambulla International Stadium,2,10.3,Australia,Sri Lanka,NE Bolton,JL Jonassen,I Ranaweera,0,0,,,,,,stumped,NE Bolton,,
1044203,2016,2016-09-18,Rangiri Dambulla International Stadium,2,10.4,Australia,Sri Lanka,AJ Healy,JL Jonassen,I Ranaweera,0,0,,,,,,,,,
1044203,2016,2016-09-18,Rangiri Dambulla International Stadium,2,10.5,Australia,Sri Lanka,AJ Healy,JL Jonassen,I Ranaweera,4,0,,,,,,,,,
1044203,2016,2016-09-18,Rangiri Dambulla International Stadium,2,10.6,Australia,Sri Lanka,AJ Healy,JL Jonassen,I Ranaweera,0,0,,,,,,,,,
1044203,2016,2016-09-18,Rangiri Dambulla International Stadium,2,11.1,Australia,Sri Lanka,JL Jonassen,AJ Healy,SIP Fernando,6,0,,,,,,,,,
1044203,2016,2016-09-18,Rangiri Dambulla International Stadium,2,11.2,Australia,Sri Lanka,JL Jonassen,AJ Healy,SIP Fernando,0,1,1,,,,,,,,
1044203,2016,2016-09-18,Rangiri Dambulla International Stadium,2,11.3,Australia,Sri Lanka,JL Jonassen,AJ Healy,SIP Fernando,0,0,,,,,,,,,
1044203,2016,2016-09-18,Rangiri Dambulla International Stadium,2,11.4,Australia,Sri Lanka,JL Jonassen,AJ Healy,SIP Fernando,0,0,,,,,,,,,
1044203,2016,2016-09-18,Rangiri Dambulla International Stadium,2,11.5,Australia,Sri Lanka,JL Jonassen,AJ Healy,SIP Fernando,0,0,,,,,,,,,
1044203,2016,2016-09-18,Rangiri Dambulla International Stadium,2,11.6,Australia,Sri Lanka,JL Jonassen,AJ Healy,SIP Fernando,0,0,,,,,,,,,
1044203,2016,2016-09-18,Rangiri Dambulla International Stadium,2,11.7,Australia,Sri Lanka,JL Jonassen,AJ Healy,SIP Fernando,0,0,,,,,,,,,
1044203,2016,2016-09-18,Rangiri Dambulla International Stadium,2,12.1,Australia,Sri Lanka,AJ Healy,JL Jonassen,I Ranaweera,1,0,,,,,,,,,
1044203,2016,2016-09-18,Rangiri Dambulla International Stadium,2,12.2,Australia,Sri Lanka,JL Jonassen,AJ Healy,I Ranaweera,2,0,,,,,,,,,
1044203,2016,2016-09-18,Rangiri Dambulla International Stadium,2,12.3,Australia,Sri Lanka,JL Jonassen,AJ Healy,I Ranaweera,0,0,,,,,,,,,
1044203,2016,2016-09-18,Rangiri Dambulla International Stadium,2,12.4,Australia,Sri Lanka,JL Jonassen,AJ Healy,I Ranaweera,0,0,,,,,,,,,
1044203,2016,2016-09-18,Rangiri Dambulla International Stadium,2,12.5,Australia,Sri Lanka,JL Jonassen,AJ Healy,I Ranaweera,2,0,,,,,,,,,
1044203,2016,2016-09-18,Rangiri Dambulla International Stadium,2,12.6,Australia,Sri Lanka,JL Jonassen,AJ Healy,I Ranaweera,0,0,,,,,,,,,
1044203,2016,2016-09-18,Rangiri Dambulla International Stadium,2,13.1,Australia,Sri Lanka,AJ Healy,JL Jonassen,SIP Fernando,0,0,,,,,,,,,
1044203,2016,2016-09-18,Rangiri Dambulla International Stadium,2,13.2,Australia,Sri Lanka,AJ Healy,JL Jonassen,SIP Fernando,0,0,,,,,,,,,
1044203,2016,2016-09-18,Rangiri Dambulla International Stadium,2,13.3,Australia,Sri Lanka,AJ Healy,JL Jonassen,SIP Fernando,0,0,,,,,,,,,
1044203,2016,2016-09-18,Rangiri Dambulla International Stadium,2,13.4,Australia,Sri Lanka,AJ Healy,JL Jonassen,SIP Fernando,0,0,,,,,,,,,
1044203,2016,2016-09-18,Rangiri Dambulla International Stadium,2,13.5,Australia,Sri Lanka,AJ Healy,JL Jonassen,SIP Fernando,1,0,,,,,,,,,
1044203,2016,2016-09-18,Rangiri Dambulla International Stadium,2,13.6,Australia,Sri Lanka,JL Jonassen,AJ Healy,SIP Fernando,0,0,,,,,,,,,
1044203,2016,2016-09-18,Rangiri Dambulla International Stadium,2,14.1,Australia,Sri Lanka,AJ Healy,JL Jonassen,I Ranaweera,4,0,,,,,,,,,
1044203,2016,2016-09-18,Rangiri Dambulla International Stadium,2,14.2,Australia,Sri Lanka,AJ Healy,JL Jonassen,I Ranaweera,0,0,,,,,,,,,
1044203,2016,2016-09-18,Rangiri Dambulla International Stadium,2,14.3,Australia,Sri Lanka,AJ Healy,JL Jonassen,I Ranaweera,0,0,,,,,,,,,
1044203,2016,2016-09-18,Rangiri Dambulla International Stadium,2,14.4,Australia,Sri Lanka,AJ Healy,JL Jonassen,I Ranaweera,0,0,,,,,,,,,
1044203,2016,2016-09-18,Rangiri Dambulla International Stadium,2,14.5,Australia,Sri Lanka,AJ Healy,JL Jonassen,I Ranaweera,2,0,,,,,,,,,
1044203,2016,2016-09-18,Rangiri Dambulla International Stadium,2,14.6,Australia,Sri Lanka,AJ Healy,JL Jonassen,I Ranaweera,0,0,,,,,,,,,
1044203,2016,2016-09-18,Rangiri Dambulla International Stadium,2,15.1,Australia,Sri Lanka,JL Jonassen,AJ Healy,AC Jayangani,0,0,,,,,,,,,
1044203,2016,2016-09-18,Rangiri Dambulla International Stadium,2,15.2,Australia,Sri Lanka,JL Jonassen,AJ Healy,AC Jayangani,2,0,,,,,,,,,
1044203,2016,2016-09-18,Rangiri Dambulla International Stadium,2,15.3,Australia,Sri Lanka,JL Jonassen,AJ Healy,AC Jayangani,0,0,,,,,,caught,JL Jonassen,,
1044203,2016,2016-09-18,Rangiri Dambulla International Stadium,2,15.4,Australia,Sri Lanka,EA Osborne,AJ Healy,AC Jayangani,4,0,,,,,,,,,
