match_id,season,start_date,venue,innings,ball,batting_team,bowling_team,striker,non_striker,bowler,runs_off_bat,extras,wides,noballs,byes,legbyes,penalty,wicket_type,player_dismissed,other_wicket_type,other_player_dismissed
1046687,2016,2016-08-17,Skarpnack 2,1,0.1,Israel,Spain,SRM Arachichige,M Hoffman,Tanveer Iqbal,0,0,,,,,,,,,
1046687,2016,2016-08-17,Skarpnack 2,1,0.2,Israel,Spain,SRM Arachichige,M Hoffman,Tanveer Iqbal,0,0,,,,,,,,,
1046687,2016,2016-08-17,Skarpnack 2,1,0.3,Israel,Spain,SRM Arachichige,M Hoffman,Tanveer Iqbal,0,0,,,,,,,,,
1046687,2016,2016-08-17,Skarpnack 2,1,0.4,Israel,Spain,SRM Arachichige,M Hoffman,Tanveer Iqbal,0,0,,,,,,caught,SRM Arachichige,,
1046687,2016,2016-08-17,Skarpnack 2,1,0.5,Israel,Spain,Emanuel Solomon,M Hoffman,Tanveer Iqbal,0,1,,,1,,,,,,
1046687,2016,2016-08-17,Skarpnack 2,1,0.6,Israel,Spain,M Hoffman,Emanuel Solomon,Tanveer Iqbal,0,0,,,,,,,,,
1046687,2016,2016-08-17,Skarpnack 2,1,1.1,Israel,Spain,Emanuel Solomon,M Hoffman,Atif Mehmood,0,1,,,,1,,,,,
1046687,2016,2016-08-17,Skarpnack 2,1,1.2,Israel,Spain,M Hoffman,Emanuel Solomon,Atif Mehmood,0,0,,,,,,,,,
1046687,2016,2016-08-17,Skarpnack 2,1,1.3,Israel,Spain,M Hoffman,Emanuel Solomon,Atif Mehmood,0,0,,,,,,,,,
1046687,2016,2016-08-17,Skarpnack 2,1,1.4,Israel,Spain,M Hoffman,Emanuel Solomon,Atif Mehmood,2,0,,,,,,,,,
1046687,2016,2016-08-17,Skarpnack 2,1,1.5,Israel,Spain,M Hoffman,Emanuel Solomon,Atif Mehmood,0,1,1,,,,,,,,
1046687,2016,2016-08-17,Skarpnack 2,1,1.6,Israel,Spain,M Hoffman,Emanuel Solomon,Atif Mehmood,0,0,,,,,,,,,
1046687,2016,2016-08-17,Skarpnack 2,1,1.7,Israel,Spain,M Hoffman,Emanuel Solomon,Atif Mehmood,0,0,,,,,,,,,
1046687,2016,2016-08-17,Skarpnack 2,1,2.1,Israel,Spain,Emanuel Solomon,M Hoffman,Tanveer Iqbal,4,0,,,,,,,,,
1046687,2016,2016-08-17,Skarpnack 2,1,2.2,Israel,Spain,Emanuel Solomon,M Hoffman,Tanveer Iqbal,1,0,,,,,,,,,
1046687,2016,2016-08-17,Skarpnack 2,1,2.3,Israel,Spain,M Hoffman,Emanuel Solomon,Tanveer Iqbal,0,1,1,,,,,,,,
1046687,2016,2016-08-17,Skarpnack 2,1,2.4,Israel,Spain,M Hoffman,Emanuel Solomon,Tanveer Iqbal,1,0,,,,,,,,,
1046687,2016,2016-08-17,Skarpnack 2,1,2.5,Israel,Spain,Emanuel Solomon,M Hoffman,Tanveer Iqbal,0,0,,,,,,,,,
1046687,2016,2016-08-17,Skarpnack 2,1,2.6,Israel,Spain,Emanuel Solomon,M Hoffman,Tanveer Iqbal,2,0,,,,,,,,,
1046687,2016,2016-08-17,Skarpnack 2,1,2.7,Israel,Spain,Emanuel Solomon,M Hoffman,Tanveer Iqbal,1,0,,,,,,,,,
1046687,2016,2016-08-17,Skarpnack 2,1,3.1,Israel,Spain,Emanuel Solomon,M Hoffman,Atif Mehmood,0,0,,,,,,,,,
1046687,2016,2016-08-17,Skarpnack 2,1,3.2,Israel,Spain,Emanuel Solomon,M Hoffman,Atif Mehmood,0,0,,,,,,bowled,Emanuel Solomon,,
1046687,2016,2016-08-17,Skarpnack 2,1,3.3,Israel,Spain,E Kahamker,M Hoffman,Atif Mehmood,0,0,,,,,,,,,
1046687,2016,2016-08-17,Skarpnack 2,1,3.4,Israel,Spain,E Kahamker,M Hoffman,Atif Mehmood,0,0,,,,,,,,,
1046687,2016,2016-08-17,Skarpnack 2,1,3.5,Israel,Spain,E Kahamker,M Hoffman,Atif Mehmood,0,0,,,,,,,,,
1046687,2016,2016-08-17,Skarpnack 2,1,3.6,Israel,Spain,E Kahamker,M Hoffman,Atif Mehmood,0,0,,,,,,,,,
1046687,2016,2016-08-17,Skarpnack 2,1,4.1,Israel,Spain,M Hoffman,E Kahamker,Tanveer Iqbal,0,0,,,,,,,,,
1046687,2016,2016-08-17,Skarpnack 2,1,4.2,Israel,Spain,M Hoffman,E Kahamker,Tanveer Iqbal,0,0,,,,,,,,,
1046687,2016,2016-08-17,Skarpnack 2,1,4.3,Israel,Spain,M Hoffman,E Kahamker,Tanveer Iqbal,0,0,,,,,,,,,
1046687,2016,2016-08-17,Skarpnack 2,1,4.4,Israel,Spain,M Hoffman,E Kahamker,Tanveer Iqbal,1,0,,,,,,,,,
1046687,2016,2016-08-17,Skarpnack 2,1,4.5,Israel,Spain,E Kahamker,M Hoffman,Tanveer Iqbal,0,0,,,,,,,,,
1046687,2016,2016-08-17,Skarpnack 2,1,4.6,Israel,Spain,E Kahamker,M Hoffman,Tanveer Iqbal,0,0,,,,,,,,,
1046687,2016,2016-08-17,Skarpnack 2,1,5.1,Israel,Spain,M Hoffman,E Kahamker,Atif Mehmood,1,0,,,,,,,,,
1046687,2016,2016-08-17,Skarpnack 2,1,5.2,Israel,Spain,E Kahamker,M Hoffman,Atif Mehmood,0,0,,,,,,caught,E Kahamker,,
1046687,2016,2016-08-17,Skarpnack 2,1,5.3,Israel,Spain,M Hoffman,J Evans,Atif Mehmood,0,0,,,,,,,,,
1046687,2016,2016-08-17,Skarpnack 2,1,5.4,Israel,Spain,M Hoffman,J Evans,Atif Mehmood,1,0,,,,,,,,,
1046687,2016,2016-08-17,Skarpnack 2,1,5.5,Israel,Spain,J Evans,M Hoffman,Atif Mehmood,1,0,,,,,,,,,
1046687,2016,2016-08-17,Skarpnack 2,1,5.6,Israel,Spain,M Hoffman,J Evans,Atif Mehmood,0,0,,,,,,,,,
1046687,2016,2016-08-17,Skarpnack 2,1,6.1,Israel,Spain,J Evans,M Hoffman,Tanveer Iqbal,0,0,,,,,,,,,
1046687,2016,2016-08-17,Skarpnack 2,1,6.2,Israel,Spain,J Evans,M Hoffman,Tanveer Iqbal,0,0,,,,,,,,,
1046687,2016,2016-08-17,Skarpnack 2,1,6.3,Israel,Spain,J Evans,M Hoffman,Tanveer Iqbal,1,0,,,,,,,,,
1046687,2016,2016-08-17,Skarpnack 2,1,6.4,Israel,Spain,M Hoffman,J Evans,Tanveer Iqbal,1,0,,,,,,,,,
1046687,2016,2016-08-17,Skarpnack 2,1,6.5,Israel,Spain,J Evans,M Hoffman,Tanveer Iqbal,0,0,,,,,,,,,
1046687,2016,2016-08-17,Skarpnack 2,1,6.6,Israel,Spain,J Evans,M Hoffman,Tanveer Iqbal,0,0,,,,,,,,,
1046687,2016,2016-08-17,Skarpnack 2,1,7.1,Israel,Spain,M Hoffman,J Evans,Atif Mehmood,1,0,,,,,,,,,
1046687,2016,2016-08-17,Skarpnack 2,1,7.2,Israel,Spain,J Evans,M Hoffman,Atif Mehmood,1,0,,,,,,,,,
1046687,2016,2016-08-17,Skarpnack 2,1,7.3,Israel,Spain,M Hoffman,J Evans,Atif Mehmood,1,0,,,,,,,,,
1046687,2016,2016-08-17,Skarpnack 2,1,7.4,Israel,Spain,J Evans,M Hoffman,Atif Mehmood,0,0,,,,,,,,,
1046687,2016,2016-08-17,Skarpnack 2,1,7.5,Israel,Spain,J Evans,M Hoffman,Atif Mehmood,1,0,,,,,,,,,
1046687,2016,2016-08-17,Skarpnack 2,1,7.6,Israel,Spain,M Hoffman,J Evans,Atif Mehmood,0,0,,,,,,,,,
1046687,2016,2016-08-17,Skarpnack 2,1,8.1,Israel,Spain,J Evans,M Hoffman,Farzan Afzal,1,0,,,,,,,,,
1046687,2016,2016-08-17,Skarpnack 2,1,8.2,Israel,Spain,M Hoffman,J Evans,Farzan Afzal,0,0,,,,,,,,,
1046687,2016,2016-08-17,Skarpnack 2,1,8.3,Israel,Spain,M Hoffman,J Evans,Farzan Afzal,1,0,,,,,,,,,
1046687,2016,2016-08-17,Skarpnack 2,1,8.4,Israel,Spain,J Evans,M Hoffman,Farzan Afzal,1,0,,,,,,,,,
1046687,2016,2016-08-17,Skarpnack 2,1,8.5,Israel,Spain,M Hoffman,J Evans,Farzan Afzal,0,1,1,,,,,,,,
1046687,2016,2016-08-17,Skarpnack 2,1,8.6,Israel,Spain,M Hoffman,J Evans,Farzan Afzal,1,0,,,,,,,,,
1046687,2016,2016-08-17,Skarpnack 2,1,8.7,Israel,Spain,J Evans,M Hoffman,Farzan Afzal,4,0,,,,,,,,,
1046687,2016,2016-08-17,Skarpnack 2,1,9.1,Israel,Spain,M Hoffman,J Evans,Talat Nadeem,0,0,,,,,,,,,
1046687,2016,2016-08-17,Skarpnack 2,1,9.2,Israel,Spain,M Hoffman,J Evans,Talat Nadeem,0,0,,,,,,caught,M Hoffman,,
1046687,2016,2016-08-17,Skarpnack 2,1,9.3,Israel,Spain,J Evans,E Solomon,Talat Nadeem,4,0,,,,,,,,,
1046687,2016,2016-08-17,Skarpnack 2,1,9.4,Israel,Spain,J Evans,E Solomon,Talat Nadeem,2,0,,,,,,,,,
1046687,2016,2016-08-17,Skarpnack 2,1,9.5,Israel,Spain,J Evans,E Solomon,Talat Nadeem,1,0,,,,,,,,,
1046687,2016,2016-08-17,Skarpnack 2,1,9.6,Israel,Spain,E Solomon,J Evans,Talat Nadeem,1,0,,,,,,,,,
1046687,2016,2016-08-17,Skarpnack 2,1,10.1,Israel,Spain,E Solomon,J Evans,Farzan Afzal,0,0,,,,,,caught,E Solomon,,
1046687,2016,2016-08-17,Skarpnack 2,1,10.2,Israel,Spain,Y Razpurker,J Evans,Farzan Afzal,0,0,,,,,,,,,
1046687,2016,2016-08-17,Skarpnack 2,1,10.3,Israel,Spain,Y Razpurker,J Evans,Farzan Afzal,1,0,,,,,,,,,
1046687,2016,2016-08-17,Skarpnack 2,1,10.4,Israel,Spain,J Evans,Y Razpurker,Farzan Afzal,1,0,,,,,,,,,
1046687,2016,2016-08-17,Skarpnack 2,1,10.5,Israel,Spain,Y Razpurker,J Evans,Farzan Afzal,0,0,,,,,,,,,
1046687,2016,2016-08-17,Skarpnack 2,1,10.6,Israel,Spain,Y Razpurker,J Evans,Farzan Afzal,0,0,,,,,,,,,
1046687,2016,2016-08-17,Skarpnack 2,1,11.1,Israel,Spain,J Evans,Y Razpurker,Talat Nadeem,4,0,,,,,,,,,
1046687,2016,2016-08-17,Skarpnack 2,1,11.2,Israel,Spain,J Evans,Y Razpurker,Talat Nadeem,1,0,,,,,,,,,
1046687,2016,2016-08-17,Skarpnack 2,1,11.3,Israel,Spain,Y Razpurker,J Evans,Talat Nadeem,1,0,,,,,,,,,
1046687,2016,2016-08-17,Skarpnack 2,1,11.4,Israel,Spain,J Evans,Y Razpurker,Talat Nadeem,0,0,,,,,,,,,
1046687,2016,2016-08-17,Skarpnack 2,1,11.5,Israel,Spain,J Evans,Y Razpurker,Talat Nadeem,2,0,,,,,,,,,
1046687,2016,2016-08-17,Skarpnack 2,1,11.6,Israel,Spain,J Evans,Y Razpurker,Talat Nadeem,0,0,,,,,,caught,J Evans,,
1046687,2016,2016-08-17,Skarpnack 2,1,12.1,Israel,Spain,R Schachat,Y Razpurker,Kuldeep Lal,0,0,,,,,,,,,
1046687,2016,2016-08-17,Skarpnack 2,1,12.2,Israel,Spain,R Schachat,Y Razpurker,Kuldeep Lal,1,0,,,,,,,,,
1046687,2016,2016-08-17,Skarpnack 2,1,12.3,Israel,Spain,Y Razpurker,R Schachat,Kuldeep Lal,1,0,,,,,,,,,
1046687,2016,2016-08-17,Skarpnack 2,1,12.4,Israel,Spain,R Schachat,Y Razpurker,Kuldeep Lal,1,0,,,,,,,,,
1046687,2016,2016-08-17,Skarpnack 2,1,12.5,Israel,Spain,Y Razpurker,R Schachat,Kuldeep Lal,1,0,,,,,,,,,
1046687,2016,2016-08-17,Skarpnack 2,1,12.6,Israel,Spain,R Schachat,Y Razpurker,Kuldeep Lal,1,0,,,,,,,,,
1046687,2016,2016-08-17,Skarpnack 2,1,13.1,Israel,Spain,R Schachat,Y Razpurker,Talat Nadeem,0,0,,,,,,,,,
1046687,2016,2016-08-17,Skarpnack 2,1,13.2,Israel,Spain,R Schachat,Y Razpurker,Talat Nadeem,1,0,,,,,,,,,
1046687,2016,2016-08-17,Skarpnack 2,1,13.3,Israel,Spain,Y Razpurker,R Schachat,Talat Nadeem,0,0,,,,,,,,,
1046687,2016,2016-08-17,Skarpnack 2,1,13.4,Israel,Spain,Y Razpurker,R Schachat,Talat Nadeem,0,0,,,,,,,,,
1046687,2016,2016-08-17,Skarpnack 2,1,13.5,Israel,Spain,Y Razpurker,R Schachat,Talat Nadeem,1,0,,,,,,,,,
1046687,2016,2016-08-17,Skarpnack 2,1,13.6,Israel,Spain,R Schachat,Y Razpurker,Talat Nadeem,0,0,,,,,,,,,
1046687,2016,2016-08-17,Skarpnack 2,1,14.1,Israel,Spain,Y Razpurker,R Schachat,Kuldeep Lal,0,0,,,,,,,,,
1046687,2016,2016-08-17,Skarpnack 2,1,14.2,Israel,Spain,Y Razpurker,R Schachat,Kuldeep Lal,0,0,,,,,,bowled,Y Razpurker,,
1046687,2016,2016-08-17,Skarpnack 2,1,14.3,Israel,Spain,S Bangera,R Schachat,Kuldeep Lal,1,0,,,,,,,,,
1046687,2016,2016-08-17,Skarpnack 2,1,14.4,Israel,Spain,R Schachat,S Bangera,Kuldeep Lal,1,0,,,,,,,,,
1046687,2016,2016-08-17,Skarpnack 2,1,14.5,Israel,Spain,S Bangera,R Schachat,Kuldeep Lal,1,0,,,,,,,,,
1046687,2016,2016-08-17,Skarpnack 2,1,14.6,Israel,Spain,R Schachat,S Bangera,Kuldeep Lal,0,0,,,,,,bowled,R Schachat,,
1046687,2016,2016-08-17,Skarpnack 2,1,15.1,Israel,Spain,S Bangera,N Dokarker,R Panchal,0,0,,,,,,,,,
1046687,2016,2016-08-17,Skarpnack 2,1,15.2,Israel,Spain,S Bangera,N Dokarker,R Panchal,0,0,,,,,,,,,
1046687,2016,2016-08-17,Skarpnack 2,1,15.3,Israel,Spain,S Bangera,N Dokarker,R Panchal,1,0,,,,,,,,,
1046687,2016,2016-08-17,Skarpnack 2,1,15.4,Israel,Spain,N Dokarker,S Bangera,R Panchal,0,0,,,,,,,,,
1046687,2016,2016-08-17,Skarpnack 2,1,15.5,Israel,Spain,N Dokarker,S Bangera,R Panchal,0,1,1,,,,,,,,
1046687,2016,2016-08-17,Skarpnack 2,1,15.6,Israel,Spain,N Dokarker,S Bangera,R Panchal,0,1,1,,,,,,,,
1046687,2016,2016-08-17,Skarpnack 2,1,15.7,Israel,Spain,N Dokarker,S Bangera,R Panchal,1,0,,,,,,,,,
1046687,2016,2016-08-17,Skarpnack 2,1,15.8,Israel,Spain,S Bangera,N Dokarker,R Panchal,0,0,,,,,,,,,
1046687,2016,2016-08-17,Skarpnack 2,1,16.1,Israel,Spain,N Dokarker,S Bangera,Kuldeep Lal,0,0,,,,,,,,,
1046687,2016,2016-08-17,Skarpnack 2,1,16.2,Israel,Spain,N Dokarker,S Bangera,Kuldeep Lal,1,0,,,,,,,,,
1046687,2016,2016-08-17,Skarpnack 2,1,16.3,Israel,Spain,S Bangera,N Dokarker,Kuldeep Lal,1,0,,,,,,,,,
1046687,2016,2016-08-17,Skarpnack 2,1,16.4,Israel,Spain,N Dokarker,S Bangera,Kuldeep Lal,0,0,,,,,,caught,N Dokarker,,
1046687,2016,2016-08-17,Skarpnack 2,1,16.5,Israel,Spain,S Bangera,D Massil,Kuldeep Lal,0,0,,,,,,,,,
1046687,2016,2016-08-17,Skarpnack 2,1,16.6,Israel,Spain,S Bangera,D Massil,Kuldeep Lal,0,1,1,,,,,,,,
1046687,2016,2016-08-17,Skarpnack 2,1,16.7,Israel,Spain,S Bangera,D Massil,Kuldeep Lal,1,0,,,,,,,,,
1046687,2016,2016-08-17,Skarpnack 2,1,17.1,Israel,Spain,S Bangera,D Massil,Farzan Afzal,1,0,,,,,,,,,
1046687,2016,2016-08-17,Skarpnack 2,1,17.2,Israel,Spain,D Massil,S Bangera,Farzan Afzal,1,0,,,,,,,,,
1046687,2016,2016-08-17,Skarpnack 2,1,17.3,Israel,Spain,S Bangera,D Massil,Farzan Afzal,4,0,,,,,,,,,
1046687,2016,2016-08-17,Skarpnack 2,1,17.4,Israel,Spain,S Bangera,D Massil,Farzan Afzal,4,0,,,,,,,,,
1046687,2016,2016-08-17,Skarpnack 2,1,17.5,Israel,Spain,S Bangera,D Massil,Farzan Afzal,2,0,,,,,,,,,
1046687,2016,2016-08-17,Skarpnack 2,1,17.6,Israel,Spain,S Bangera,D Massil,Farzan Afzal,1,0,,,,,,,,,
1046687,2016,2016-08-17,Skarpnack 2,2,0.1,Spain,Israel,M Armghan Khan,Awais Ahmed,D Massil,0,1,1,,,,,,,,
1046687,2016,2016-08-17,Skarpnack 2,2,0.2,Spain,Israel,M Armghan Khan,Awais Ahmed,D Massil,0,1,1,,,,,,,,
1046687,2016,2016-08-17,Skarpnack 2,2,0.3,Spain,Israel,M Armghan Khan,Awais Ahmed,D Massil,2,0,,,,,,,,,
1046687,2016,2016-08-17,Skarpnack 2,2,0.4,Spain,Israel,M Armghan Khan,Awais Ahmed,D Massil,0,0,,,,,,,,,
1046687,2016,2016-08-17,Skarpnack 2,2,0.5,Spain,Israel,M Armghan Khan,Awais Ahmed,D Massil,1,0,,,,,,,,,
1046687,2016,2016-08-17,Skarpnack 2,2,0.6,Spain,Israel,Awais Ahmed,M Armghan Khan,D Massil,0,0,,,,,,,,,
1046687,2016,2016-08-17,Skarpnack 2,2,0.7,Spain,Israel,Awais Ahmed,M Armghan Khan,D Massil,0,0,,,,,,,,,
1046687,2016,2016-08-17,Skarpnack 2,2,0.8,Spain,Israel,Awais Ahmed,M Armghan Khan,D Massil,0,0,,,,,,,,,
1046687,2016,2016-08-17,Skarpnack 2,2,1.1,Spain,Israel,M Armghan Khan,Awais Ahmed,SRM Arachichige,4,0,,,,,,,,,
1046687,2016,2016-08-17,Skarpnack 2,2,1.2,Spain,Israel,M Armghan Khan,Awais Ahmed,SRM Arachichige,1,0,,,,,,,,,
1046687,2016,2016-08-17,Skarpnack 2,2,1.3,Spain,Israel,Awais Ahmed,M Armghan Khan,SRM Arachichige,0,0,,,,,,caught,Awais Ahmed,,
1046687,2016,2016-08-17,Skarpnack 2,2,1.4,Spain,Israel,Nisar Ahmed,M Armghan Khan,SRM Arachichige,0,0,,,,,,,,,
1046687,2016,2016-08-17,Skarpnack 2,2,1.5,Spain,Israel,Nisar Ahmed,M Armghan Khan,SRM Arachichige,0,0,,,,,,,,,
1046687,2016,2016-08-17,Skarpnack 2,2,1.6,Spain,Israel,Nisar Ahmed,M Armghan Khan,SRM Arachichige,0,1,1,,,,,,,,
1046687,2016,2016-08-17,Skarpnack 2,2,1.7,Spain,Israel,Nisar Ahmed,M Armghan Khan,SRM Arachichige,0,0,,,,,,,,,
1046687,2016,2016-08-17,Skarpnack 2,2,2.1,Spain,Israel,M Armghan Khan,Nisar Ahmed,E Kahamker,1,0,,,,,,,,,
1046687,2016,2016-08-17,Skarpnack 2,2,2.2,Spain,Israel,Nisar Ahmed,M Armghan Khan,E Kahamker,0,0,,,,,,,,,
1046687,2016,2016-08-17,Skarpnack 2,2,2.3,Spain,Israel,Nisar Ahmed,M Armghan Khan,E Kahamker,0,0,,,,,,,,,
1046687,2016,2016-08-17,Skarpnack 2,2,2.4,Spain,Israel,Nisar Ahmed,M Armghan Khan,E Kahamker,1,0,,,,,,,,,
1046687,2016,2016-08-17,Skarpnack 2,2,2.5,Spain,Israel,M Armghan Khan,Nisar Ahmed,E Kahamker,0,0,,,,,,,,,
1046687,2016,2016-08-17,Skarpnack 2,2,2.6,Spain,Israel,M Armghan Khan,Nisar Ahmed,E Kahamker,0,0,,,,,,,,,
1046687,2016,2016-08-17,Skarpnack 2,2,3.1,Spain,Israel,Nisar Ahmed,M Armghan Khan,Y Razpurker,0,0,,,,,,,,,
1046687,2016,2016-08-17,Skarpnack 2,2,3.2,Spain,Israel,Nisar Ahmed,M Armghan Khan,Y Razpurker,0,0,,,,,,,,,
1046687,2016,2016-08-17,Skarpnack 2,2,3.3,Spain,Israel,Nisar Ahmed,M Armghan Khan,Y Razpurker,0,0,,,,,,,,,
1046687,2016,2016-08-17,Skarpnack 2,2,3.4,Spain,Israel,Nisar Ahmed,M Armghan Khan,Y Razpurker,1,0,,,,,,,,,
1046687,2016,2016-08-17,Skarpnack 2,2,3.5,Spain,Israel,M Armghan Khan,Nisar Ahmed,Y Razpurker,0,0,,,,,,,,,
1046687,2016,2016-08-17,Skarpnack 2,2,3.6,Spain,Israel,M Armghan Khan,Nisar Ahmed,Y Razpurker,1,0,,,,,,,,,
1046687,2016,2016-08-17,Skarpnack 2,2,4.1,Spain,Israel,M Armghan Khan,Nisar Ahmed,E Kahamker,4,0,,,,,,,,,
1046687,2016,2016-08-17,Skarpnack 2,2,4.2,Spain,Israel,M Armghan Khan,Nisar Ahmed,E Kahamker,0,0,,,,,,caught,M Armghan Khan,,
1046687,2016,2016-08-17,Skarpnack 2,2,4.3,Spain,Israel,C Munoz-Mills,Nisar Ahmed,E Kahamker,0,0,,,,,,,,,
1046687,2016,2016-08-17,Skarpnack 2,2,4.4,Spain,Israel,C Munoz-Mills,Nisar Ahmed,E Kahamker,4,0,,,,,,,,,
1046687,2016,2016-08-17,Skarpnack 2,2,4.5,Spain,Israel,C Munoz-Mills,Nisar Ahmed,E Kahamker,0,0,,,,,,,,,
1046687,2016,2016-08-17,Skarpnack 2,2,4.6,Spain,Israel,C Munoz-Mills,Nisar Ahmed,E Kahamker,2,0,,,,,,,,,
1046687,2016,2016-08-17,Skarpnack 2,2,5.1,Spain,Israel,Nisar Ahmed,C Munoz-Mills,Y Razpurker,1,0,,,,,,,,,
1046687,2016,2016-08-17,Skarpnack 2,2,5.2,Spain,Israel,C Munoz-Mills,Nisar Ahmed,Y Razpurker,0,0,,,,,,,,,
1046687,2016,2016-08-17,Skarpnack 2,2,5.3,Spain,Israel,C Munoz-Mills,Nisar Ahmed,Y Razpurker,6,0,,,,,,,,,
1046687,2016,2016-08-17,Skarpnack 2,2,5.4,Spain,Israel,C Munoz-Mills,Nisar Ahmed,Y Razpurker,2,0,,,,,,,,,
1046687,2016,2016-08-17,Skarpnack 2,2,5.5,Spain,Israel,C Munoz-Mills,Nisar Ahmed,Y Razpurker,0,0,,,,,,,,,
1046687,2016,2016-08-17,Skarpnack 2,2,5.6,Spain,Israel,C Munoz-Mills,Nisar Ahmed,Y Razpurker,0,0,,,,,,,,,
1046687,2016,2016-08-17,Skarpnack 2,2,6.1,Spain,Israel,Nisar Ahmed,C Munoz-Mills,J Evans,1,0,,,,,,,,,
1046687,2016,2016-08-17,Skarpnack 2,2,6.2,Spain,Israel,C Munoz-Mills,Nisar Ahmed,J Evans,0,3,3,,,,,,,,
1046687,2016,2016-08-17,Skarpnack 2,2,6.3,Spain,Israel,C Munoz-Mills,Nisar Ahmed,J Evans,0,0,,,,,,,,,
1046687,2016,2016-08-17,Skarpnack 2,2,6.4,Spain,Israel,C Munoz-Mills,Nisar Ahmed,J Evans,0,0,,,,,,,,,
1046687,2016,2016-08-17,Skarpnack 2,2,6.5,Spain,Israel,C Munoz-Mills,Nisar Ahmed,J Evans,0,0,,,,,,,,,
1046687,2016,2016-08-17,Skarpnack 2,2,6.6,Spain,Israel,C Munoz-Mills,Nisar Ahmed,J Evans,1,0,,,,,,,,,
1046687,2016,2016-08-17,Skarpnack 2,2,6.7,Spain,Israel,Nisar Ahmed,C Munoz-Mills,J Evans,0,0,,,,,,,,,
1046687,2016,2016-08-17,Skarpnack 2,2,7.1,Spain,Israel,C Munoz-Mills,Nisar Ahmed,R Schachat,4,0,,,,,,,,,
1046687,2016,2016-08-17,Skarpnack 2,2,7.2,Spain,Israel,C Munoz-Mills,Nisar Ahmed,R Schachat,0,1,1,,,,,,,,
1046687,2016,2016-08-17,Skarpnack 2,2,7.3,Spain,Israel,C Munoz-Mills,Nisar Ahmed,R Schachat,0,0,,,,,,,,,
1046687,2016,2016-08-17,Skarpnack 2,2,7.4,Spain,Israel,C Munoz-Mills,Nisar Ahmed,R Schachat,0,0,,,,,,,,,
1046687,2016,2016-08-17,Skarpnack 2,2,7.5,Spain,Israel,C Munoz-Mills,Nisar Ahmed,R Schachat,0,1,1,,,,,,,,
1046687,2016,2016-08-17,Skarpnack 2,2,7.6,Spain,Israel,C Munoz-Mills,Nisar Ahmed,R Schachat,1,0,,,,,,,,,
1046687,2016,2016-08-17,Skarpnack 2,2,7.7,Spain,Israel,Nisar Ahmed,C Munoz-Mills,R Schachat,1,0,,,,,,,,,
1046687,2016,2016-08-17,Skarpnack 2,2,7.8,Spain,Israel,C Munoz-Mills,Nisar Ahmed,R Schachat,0,0,,,,,,,,,
1046687,2016,2016-08-17,Skarpnack 2,2,8.1,Spain,Israel,Nisar Ahmed,C Munoz-Mills,J Evans,1,0,,,,,,,,,
1046687,2016,2016-08-17,Skarpnack 2,2,8.2,Spain,Israel,C Munoz-Mills,Nisar Ahmed,J Evans,6,0,,,,,,,,,
1046687,2016,2016-08-17,Skarpnack 2,2,8.3,Spain,Israel,C Munoz-Mills,Nisar Ahmed,J Evans,1,0,,,,,,,,,
1046687,2016,2016-08-17,Skarpnack 2,2,8.4,Spain,Israel,Nisar Ahmed,C Munoz-Mills,J Evans,1,0,,,,,,,,,
1046687,2016,2016-08-17,Skarpnack 2,2,8.5,Spain,Israel,C Munoz-Mills,Nisar Ahmed,J Evans,1,0,,,,,,,,,
1046687,2016,2016-08-17,Skarpnack 2,2,8.6,Spain,Israel,Nisar Ahmed,C Munoz-Mills,J Evans,0,0,,,,,,,,,
1046687,2016,2016-08-17,Skarpnack 2,2,9.1,Spain,Israel,C Munoz-Mills,Nisar Ahmed,R Schachat,1,0,,,,,,,,,
1046687,2016,2016-08-17,Skarpnack 2,2,9.2,Spain,Israel,Nisar Ahmed,C Munoz-Mills,R Schachat,2,0,,,,,,,,,
1046687,2016,2016-08-17,Skarpnack 2,2,9.3,Spain,Israel,Nisar Ahmed,C Munoz-Mills,R Schachat,0,0,,,,,,,,,
1046687,2016,2016-08-17,Skarpnack 2,2,9.4,Spain,Israel,Nisar Ahmed,C Munoz-Mills,R Schachat,0,0,,,,,,,,,
1046687,2016,2016-08-17,Skarpnack 2,2,9.5,Spain,Israel,Nisar Ahmed,C Munoz-Mills,R Schachat,0,0,,,,,,,,,
1046687,2016,2016-08-17,Skarpnack 2,2,9.6,Spain,Israel,Nisar Ahmed,C Munoz-Mills,R Schachat,1,0,,,,,,,,,
1046687,2016,2016-08-17,Skarpnack 2,2,10.1,Spain,Israel,Nisar Ahmed,C Munoz-Mills,J Evans,1,0,,,,,,,,,
1046687,2016,2016-08-17,Skarpnack 2,2,10.2,Spain,Israel,C Munoz-Mills,Nisar Ahmed,J Evans,0,0,,,,,,caught,C Munoz-Mills,,
1046687,2016,2016-08-17,Skarpnack 2,2,10.3,Spain,Israel,Farzan Afzal,Nisar Ahmed,J Evans,0,0,,,,,,,,,
1046687,2016,2016-08-17,Skarpnack 2,2,10.4,Spain,Israel,Farzan Afzal,Nisar Ahmed,J Evans,1,0,,,,,,,,,
1046687,2016,2016-08-17,Skarpnack 2,2,10.5,Spain,Israel,Nisar Ahmed,Farzan Afzal,J Evans,0,0,,,,,,,,,
1046687,2016,2016-08-17,Skarpnack 2,2,10.6,Spain,Israel,Nisar Ahmed,Farzan Afzal,J Evans,2,0,,,,,,,,,
1046687,2016,2016-08-17,Skarpnack 2,2,11.1,Spain,Israel,Farzan Afzal,Nisar Ahmed,R Schachat,1,0,,,,,,,,,
1046687,2016,2016-08-17,Skarpnack 2,2,11.2,Spain,Israel,Nisar Ahmed,Farzan Afzal,R Schachat,1,0,,,,,,,,,
1046687,2016,2016-08-17,Skarpnack 2,2,11.3,Spain,Israel,Farzan Afzal,Nisar Ahmed,R Schachat,1,0,,,,,,,,,
1046687,2016,2016-08-17,Skarpnack 2,2,11.4,Spain,Israel,Nisar Ahmed,Farzan Afzal,R Schachat,4,0,,,,,,,,,
1046687,2016,2016-08-17,Skarpnack 2,2,11.5,Spain,Israel,Nisar Ahmed,Farzan Afzal,R Schachat,1,0,,,,,,,,,
1046687,2016,2016-08-17,Skarpnack 2,2,11.6,Spain,Israel,Farzan Afzal,Nisar Ahmed,R Schachat,1,0,,,,,,,,,
1046687,2016,2016-08-17,Skarpnack 2,2,12.1,Spain,Israel,Farzan Afzal,Nisar Ahmed,J Evans,1,0,,,,,,,,,
1046687,2016,2016-08-17,Skarpnack 2,2,12.2,Spain,Israel,Nisar Ahmed,Farzan Afzal,J Evans,1,0,,,,,,,,,
1046687,2016,2016-08-17,Skarpnack 2,2,12.3,Spain,Israel,Farzan Afzal,Nisar Ahmed,J Evans,4,0,,,,,,,,,
1046687,2016,2016-08-17,Skarpnack 2,2,12.4,Spain,Israel,Farzan Afzal,Nisar Ahmed,J Evans,4,0,,,,,,,,,
