match_id,season,start_date,venue,innings,ball,batting_team,bowling_team,striker,non_striker,bowler,runs_off_bat,extras,wides,noballs,byes,legbyes,penalty,wicket_type,player_dismissed,other_wicket_type,other_player_dismissed
1046681,2016,2016-08-17,Skarpnack 2,1,0.1,Germany,Isle of Man,A Sarma,Mudassar Muhammad,MJ Ansell,1,0,,,,,,,,,
1046681,2016,2016-08-17,Skarpnack 2,1,0.2,Germany,Isle of Man,Mudassar Muhammad,A Sarma,MJ Ansell,4,0,,,,,,,,,
1046681,2016,2016-08-17,Skarpnack 2,1,0.3,Germany,Isle of Man,Mudassar Muhammad,A Sarma,MJ Ansell,1,0,,,,,,,,,
1046681,2016,2016-08-17,Skarpnack 2,1,0.4,Germany,Isle of Man,A Sarma,Mudassar Muhammad,MJ Ansell,2,0,,,,,,,,,
1046681,2016,2016-08-17,Skarpnack 2,1,0.5,Germany,Isle of Man,A Sarma,Mudassar Muhammad,MJ Ansell,0,0,,,,,,,,,
1046681,2016,2016-08-17,Skarpnack 2,1,0.6,Germany,Isle of Man,A Sarma,Mudassar Muhammad,MJ Ansell,0,0,,,,,,,,,
1046681,2016,2016-08-17,Skarpnack 2,1,1.1,Germany,Isle of Man,Mudassar Muhammad,A Sarma,A van den Berg,0,0,,,,,,,,,
1046681,2016,2016-08-17,Skarpnack 2,1,1.2,Germany,Isle of Man,Mudassar Muhammad,A Sarma,A van den Berg,0,0,,,,,,caught,Mudassar Muhammad,,
1046681,2016,2016-08-17,Skarpnack 2,1,1.3,Germany,Isle of Man,A Sarma,R Pillai,A van den Berg,0,0,,,,,,,,,
1046681,2016,2016-08-17,Skarpnack 2,1,1.4,Germany,Isle of Man,A Sarma,R Pillai,A van den Berg,4,0,,,,,,,,,
1046681,2016,2016-08-17,Skarpnack 2,1,1.5,Germany,Isle of Man,A Sarma,R Pillai,A van den Berg,1,0,,,,,,,,,
1046681,2016,2016-08-17,Skarpnack 2,1,1.6,Germany,Isle of Man,R Pillai,A Sarma,A van den Berg,0,0,,,,,,,,,
1046681,2016,2016-08-17,Skarpnack 2,1,2.1,Germany,Isle of Man,A Sarma,R Pillai,MJ Ansell,1,0,,,,,,,,,
1046681,2016,2016-08-17,Skarpnack 2,1,2.2,Germany,Isle of Man,R Pillai,A Sarma,MJ Ansell,0,0,,,,,,,,,
1046681,2016,2016-08-17,Skarpnack 2,1,2.3,Germany,Isle of Man,R Pillai,A Sarma,MJ Ansell,0,0,,,,,,,,,
1046681,2016,2016-08-17,Skarpnack 2,1,2.4,Germany,Isle of Man,R Pillai,A Sarma,MJ Ansell,1,0,,,,,,,,,
1046681,2016,2016-08-17,Skarpnack 2,1,2.5,Germany,Isle of Man,A Sarma,R Pillai,MJ Ansell,0,0,,,,,,,,,
1046681,2016,2016-08-17,Skarpnack 2,1,2.6,Germany,Isle of Man,A Sarma,R Pillai,MJ Ansell,6,0,,,,,,,,,
1046681,2016,2016-08-17,Skarpnack 2,1,3.1,Germany,Isle of Man,R Pillai,A Sarma,A van den Berg,0,0,,,,,,,,,
1046681,2016,2016-08-17,Skarpnack 2,1,3.2,Germany,Isle of Man,R Pillai,A Sarma,A van den Berg,0,1,1,,,,,,,,
1046681,2016,2016-08-17,Skarpnack 2,1,3.3,Germany,Isle of Man,R Pillai,A Sarma,A van den Berg,0,0,,,,,,,,,
1046681,2016,2016-08-17,Skarpnack 2,1,3.4,Germany,Isle of Man,R Pillai,A Sarma,A van den Berg,1,0,,,,,,,,,
1046681,2016,2016-08-17,Skarpnack 2,1,3.5,Germany,Isle of Man,A Sarma,R Pillai,A van den Berg,0,0,,,,,,,,,
1046681,2016,2016-08-17,Skarpnack 2,1,3.6,Germany,Isle of Man,A Sarma,R Pillai,A van den Berg,1,0,,,,,,,,,
1046681,2016,2016-08-17,Skarpnack 2,1,3.7,Germany,Isle of Man,R Pillai,A Sarma,A van den Berg,0,0,,,,,,,,,
1046681,2016,2016-08-17,Skarpnack 2,1,4.1,Germany,Isle of Man,A Sarma,R Pillai,K Cawte,1,0,,,,,,,,,
1046681,2016,2016-08-17,Skarpnack 2,1,4.2,Germany,Isle of Man,R Pillai,A Sarma,K Cawte,1,0,,,,,,,,,
1046681,2016,2016-08-17,Skarpnack 2,1,4.3,Germany,Isle of Man,A Sarma,R Pillai,K Cawte,0,5,5,,,,,,,,
1046681,2016,2016-08-17,Skarpnack 2,1,4.4,Germany,Isle of Man,A Sarma,R Pillai,K Cawte,0,0,,,,,,caught,A Sarma,,
1046681,2016,2016-08-17,Skarpnack 2,1,4.5,Germany,Isle of Man,R Pillai,D Weston,K Cawte,1,0,,,,,,,,,
1046681,2016,2016-08-17,Skarpnack 2,1,4.6,Germany,Isle of Man,D Weston,R Pillai,K Cawte,4,0,,,,,,,,,
1046681,2016,2016-08-17,Skarpnack 2,1,4.7,Germany,Isle of Man,D Weston,R Pillai,K Cawte,0,1,1,,,,,,,,
1046681,2016,2016-08-17,Skarpnack 2,1,4.8,Germany,Isle of Man,D Weston,R Pillai,K Cawte,1,0,,,,,,,,,
1046681,2016,2016-08-17,Skarpnack 2,1,5.1,Germany,Isle of Man,D Weston,R Pillai,A van den Berg,0,0,,,,,,,,,
1046681,2016,2016-08-17,Skarpnack 2,1,5.2,Germany,Isle of Man,D Weston,R Pillai,A van den Berg,4,0,,,,,,,,,
1046681,2016,2016-08-17,Skarpnack 2,1,5.3,Germany,Isle of Man,D Weston,R Pillai,A van den Berg,4,0,,,,,,,,,
1046681,2016,2016-08-17,Skarpnack 2,1,5.4,Germany,Isle of Man,D Weston,R Pillai,A van den Berg,0,0,,,,,,,,,
1046681,2016,2016-08-17,Skarpnack 2,1,5.5,Germany,Isle of Man,D Weston,R Pillai,A van den Berg,6,0,,,,,,,,,
1046681,2016,2016-08-17,Skarpnack 2,1,5.6,Germany,Isle of Man,D Weston,R Pillai,A van den Berg,1,0,,,,,,,,,
1046681,2016,2016-08-17,Skarpnack 2,1,6.1,Germany,Isle of Man,D Weston,R Pillai,DJ Hawke,1,0,,,,,,,,,
1046681,2016,2016-08-17,Skarpnack 2,1,6.2,Germany,Isle of Man,R Pillai,D Weston,DJ Hawke,0,0,,,,,,,,,
1046681,2016,2016-08-17,Skarpnack 2,1,6.3,Germany,Isle of Man,R Pillai,D Weston,DJ Hawke,1,0,,,,,,,,,
1046681,2016,2016-08-17,Skarpnack 2,1,6.4,Germany,Isle of Man,D Weston,R Pillai,DJ Hawke,0,0,,,,,,caught,D Weston,,
1046681,2016,2016-08-17,Skarpnack 2,1,6.5,Germany,Isle of Man,B Ess,R Pillai,DJ Hawke,0,0,,,,,,,,,
1046681,2016,2016-08-17,Skarpnack 2,1,6.6,Germany,Isle of Man,B Ess,R Pillai,DJ Hawke,1,0,,,,,,,,,
1046681,2016,2016-08-17,Skarpnack 2,1,7.1,Germany,Isle of Man,B Ess,R Pillai,S Mills,0,1,1,,,,,,,,
1046681,2016,2016-08-17,Skarpnack 2,1,7.2,Germany,Isle of Man,B Ess,R Pillai,S Mills,0,0,,,,,,stumped,B Ess,,
1046681,2016,2016-08-17,Skarpnack 2,1,7.3,Germany,Isle of Man,Sajid Liaqat,R Pillai,S Mills,1,0,,,,,,,,,
1046681,2016,2016-08-17,Skarpnack 2,1,7.4,Germany,Isle of Man,R Pillai,Sajid Liaqat,S Mills,1,0,,,,,,,,,
1046681,2016,2016-08-17,Skarpnack 2,1,7.5,Germany,Isle of Man,Sajid Liaqat,R Pillai,S Mills,0,0,,,,,,,,,
1046681,2016,2016-08-17,Skarpnack 2,1,7.6,Germany,Isle of Man,Sajid Liaqat,R Pillai,S Mills,0,1,,,,1,,,,,
1046681,2016,2016-08-17,Skarpnack 2,1,7.7,Germany,Isle of Man,R Pillai,Sajid Liaqat,S Mills,1,0,,,,,,,,,
1046681,2016,2016-08-17,Skarpnack 2,1,8.1,Germany,Isle of Man,R Pillai,Sajid Liaqat,DJ Hawke,1,0,,,,,,,,,
1046681,2016,2016-08-17,Skarpnack 2,1,8.2,Germany,Isle of Man,Sajid Liaqat,R Pillai,DJ Hawke,1,0,,,,,,,,,
1046681,2016,2016-08-17,Skarpnack 2,1,8.3,Germany,Isle of Man,R Pillai,Sajid Liaqat,DJ Hawke,1,0,,,,,,,,,
1046681,2016,2016-08-17,Skarpnack 2,1,8.4,Germany,Isle of Man,Sajid Liaqat,R Pillai,DJ Hawke,0,1,1,,,,,,,,
1046681,2016,2016-08-17,Skarpnack 2,1,8.5,Germany,Isle of Man,Sajid Liaqat,R Pillai,DJ Hawke,0,1,1,,,,,,,,
1046681,2016,2016-08-17,Skarpnack 2,1,8.6,Germany,Isle of Man,Sajid Liaqat,R Pillai,DJ Hawke,0,0,,,,,,,,,
1046681,2016,2016-08-17,Skarpnack 2,1,8.7,Germany,Isle of Man,Sajid Liaqat,R Pillai,DJ Hawke,1,0,,,,,,,,,
1046681,2016,2016-08-17,Skarpnack 2,1,8.8,Germany,Isle of Man,R Pillai,Sajid Liaqat,DJ Hawke,1,0,,,,,,,,,
1046681,2016,2016-08-17,Skarpnack 2,1,9.1,Germany,Isle of Man,R Pillai,Sajid Liaqat,S Mills,0,0,,,,,,,,,
1046681,2016,2016-08-17,Skarpnack 2,1,9.2,Germany,Isle of Man,R Pillai,Sajid Liaqat,S Mills,1,0,,,,,,,,,
1046681,2016,2016-08-17,Skarpnack 2,1,9.3,Germany,Isle of Man,Sajid Liaqat,R Pillai,S Mills,1,0,,,,,,,,,
1046681,2016,2016-08-17,Skarpnack 2,1,9.4,Germany,Isle of Man,R Pillai,Sajid Liaqat,S Mills,1,0,,,,,,,,,
1046681,2016,2016-08-17,Skarpnack 2,1,9.5,Germany,Isle of Man,Sajid Liaqat,R Pillai,S Mills,1,0,,,,,,,,,
1046681,2016,2016-08-17,Skarpnack 2,1,9.6,Germany,Isle of Man,R Pillai,Sajid Liaqat,S Mills,1,0,,,,,,,,,
1046681,2016,2016-08-17,Skarpnack 2,1,10.1,Germany,Isle of Man,R Pillai,Sajid Liaqat,K Cawte,1,0,,,,,,,,,
1046681,2016,2016-08-17,Skarpnack 2,1,10.2,Germany,Isle of Man,Sajid Liaqat,R Pillai,K Cawte,1,0,,,,,,,,,
1046681,2016,2016-08-17,Skarpnack 2,1,10.3,Germany,Isle of Man,R Pillai,Sajid Liaqat,K Cawte,1,0,,,,,,,,,
1046681,2016,2016-08-17,Skarpnack 2,1,10.4,Germany,Isle of Man,Sajid Liaqat,R Pillai,K Cawte,0,0,,,,,,,,,
1046681,2016,2016-08-17,Skarpnack 2,1,10.5,Germany,Isle of Man,Sajid Liaqat,R Pillai,K Cawte,0,1,,,1,,,,,,
1046681,2016,2016-08-17,Skarpnack 2,1,10.6,Germany,Isle of Man,R Pillai,Sajid Liaqat,K Cawte,0,0,,,,,,,,,
1046681,2016,2016-08-17,Skarpnack 2,1,11.1,Germany,Isle of Man,Sajid Liaqat,R Pillai,S Mills,6,0,,,,,,,,,
1046681,2016,2016-08-17,Skarpnack 2,1,11.2,Germany,Isle of Man,Sajid Liaqat,R Pillai,S Mills,1,0,,,,,,,,,
1046681,2016,2016-08-17,Skarpnack 2,1,11.3,Germany,Isle of Man,R Pillai,Sajid Liaqat,S Mills,1,0,,,,,,,,,
1046681,2016,2016-08-17,Skarpnack 2,1,11.4,Germany,Isle of Man,Sajid Liaqat,R Pillai,S Mills,1,0,,,,,,,,,
1046681,2016,2016-08-17,Skarpnack 2,1,11.5,Germany,Isle of Man,R Pillai,Sajid Liaqat,S Mills,1,0,,,,,,,,,
1046681,2016,2016-08-17,Skarpnack 2,1,11.6,Germany,Isle of Man,Sajid Liaqat,R Pillai,S Mills,2,0,,,,,,,,,
1046681,2016,2016-08-17,Skarpnack 2,1,12.1,Germany,Isle of Man,R Pillai,Sajid Liaqat,K Cawte,1,0,,,,,,,,,
1046681,2016,2016-08-17,Skarpnack 2,1,12.2,Germany,Isle of Man,Sajid Liaqat,R Pillai,K Cawte,0,0,,,,,,,,,
1046681,2016,2016-08-17,Skarpnack 2,1,12.3,Germany,Isle of Man,Sajid Liaqat,R Pillai,K Cawte,1,0,,,,,,,,,
1046681,2016,2016-08-17,Skarpnack 2,1,12.4,Germany,Isle of Man,R Pillai,Sajid Liaqat,K Cawte,1,0,,,,,,,,,
1046681,2016,2016-08-17,Skarpnack 2,1,12.5,Germany,Isle of Man,Sajid Liaqat,R Pillai,K Cawte,1,0,,,,,,,,,
1046681,2016,2016-08-17,Skarpnack 2,1,12.6,Germany,Isle of Man,R Pillai,Sajid Liaqat,K Cawte,0,0,,,,,,,,,
1046681,2016,2016-08-17,Skarpnack 2,1,13.1,Germany,Isle of Man,Sajid Liaqat,R Pillai,S Mills,1,0,,,,,,,,,
1046681,2016,2016-08-17,Skarpnack 2,1,13.2,Germany,Isle of Man,R Pillai,Sajid Liaqat,S Mills,0,0,,,,,,,,,
1046681,2016,2016-08-17,Skarpnack 2,1,13.3,Germany,Isle of Man,R Pillai,Sajid Liaqat,S Mills,0,0,,,,,,,,,
1046681,2016,2016-08-17,Skarpnack 2,1,13.4,Germany,Isle of Man,R Pillai,Sajid Liaqat,S Mills,1,0,,,,,,,,,
1046681,2016,2016-08-17,Skarpnack 2,1,13.5,Germany,Isle of Man,Sajid Liaqat,R Pillai,S Mills,0,0,,,,,,,,,
1046681,2016,2016-08-17,Skarpnack 2,1,13.6,Germany,Isle of Man,Sajid Liaqat,R Pillai,S Mills,0,0,,,,,,,,,
1046681,2016,2016-08-17,Skarpnack 2,1,14.1,Germany,Isle of Man,R Pillai,Sajid Liaqat,K Cawte,0,0,,,,,,stumped,R Pillai,,
1046681,2016,2016-08-17,Skarpnack 2,1,14.2,Germany,Isle of Man,Khaled Khan,Sajid Liaqat,K Cawte,1,0,,,,,,,,,
1046681,2016,2016-08-17,Skarpnack 2,1,14.3,Germany,Isle of Man,Sajid Liaqat,Khaled Khan,K Cawte,1,0,,,,,,,,,
1046681,2016,2016-08-17,Skarpnack 2,1,14.4,Germany,Isle of Man,Khaled Khan,Sajid Liaqat,K Cawte,1,0,,,,,,,,,
1046681,2016,2016-08-17,Skarpnack 2,1,14.5,Germany,Isle of Man,Sajid Liaqat,Khaled Khan,K Cawte,0,1,,,,1,,,,,
1046681,2016,2016-08-17,Skarpnack 2,1,14.6,Germany,Isle of Man,Khaled Khan,Sajid Liaqat,K Cawte,0,0,,,,,,,,,
1046681,2016,2016-08-17,Skarpnack 2,1,15.1,Germany,Isle of Man,Sajid Liaqat,Khaled Khan,MJ Ansell,0,0,,,,,,,,,
1046681,2016,2016-08-17,Skarpnack 2,1,15.2,Germany,Isle of Man,Sajid Liaqat,Khaled Khan,MJ Ansell,1,0,,,,,,,,,
1046681,2016,2016-08-17,Skarpnack 2,1,15.3,Germany,Isle of Man,Khaled Khan,Sajid Liaqat,MJ Ansell,1,0,,,,,,,,,
1046681,2016,2016-08-17,Skarpnack 2,1,15.4,Germany,Isle of Man,Sajid Liaqat,Khaled Khan,MJ Ansell,6,0,,,,,,,,,
1046681,2016,2016-08-17,Skarpnack 2,1,15.5,Germany,Isle of Man,Sajid Liaqat,Khaled Khan,MJ Ansell,0,0,,,,,,caught,Sajid Liaqat,,
1046681,2016,2016-08-17,Skarpnack 2,1,15.6,Germany,Isle of Man,Khaled Khan,Asad Mohammad,MJ Ansell,1,0,,,,,,,,,
1046681,2016,2016-08-17,Skarpnack 2,1,16.1,Germany,Isle of Man,Khaled Khan,Asad Mohammad,DJ Hawke,2,0,,,,,,,,,
1046681,2016,2016-08-17,Skarpnack 2,1,16.2,Germany,Isle of Man,Khaled Khan,Asad Mohammad,DJ Hawke,1,0,,,,,,,,,
1046681,2016,2016-08-17,Skarpnack 2,1,16.3,Germany,Isle of Man,Asad Mohammad,Khaled Khan,DJ Hawke,1,0,,,,,,,,,
1046681,2016,2016-08-17,Skarpnack 2,1,16.4,Germany,Isle of Man,Khaled Khan,Asad Mohammad,DJ Hawke,2,0,,,,,,,,,
1046681,2016,2016-08-17,Skarpnack 2,1,16.5,Germany,Isle of Man,Khaled Khan,Asad Mohammad,DJ Hawke,1,0,,,,,,,,,
1046681,2016,2016-08-17,Skarpnack 2,1,16.6,Germany,Isle of Man,Asad Mohammad,Khaled Khan,DJ Hawke,6,0,,,,,,,,,
1046681,2016,2016-08-17,Skarpnack 2,1,17.1,Germany,Isle of Man,Khaled Khan,Asad Mohammad,MJ Ansell,0,0,,,,,,,,,
1046681,2016,2016-08-17,Skarpnack 2,1,17.2,Germany,Isle of Man,Khaled Khan,Asad Mohammad,MJ Ansell,6,0,,,,,,,,,
1046681,2016,2016-08-17,Skarpnack 2,1,17.3,Germany,Isle of Man,Khaled Khan,Asad Mohammad,MJ Ansell,4,0,,,,,,,,,
1046681,2016,2016-08-17,Skarpnack 2,1,17.4,Germany,Isle of Man,Khaled Khan,Asad Mohammad,MJ Ansell,1,0,,,,,,,,,
1046681,2016,2016-08-17,Skarpnack 2,1,17.5,Germany,Isle of Man,Asad Mohammad,Khaled Khan,MJ Ansell,1,0,,,,,,,,,
1046681,2016,2016-08-17,Skarpnack 2,1,17.6,Germany,Isle of Man,Khaled Khan,Asad Mohammad,MJ Ansell,0,0,,,,,,,,,
1046681,2016,2016-08-17,Skarpnack 2,1,18.1,Germany,Isle of Man,Asad Mohammad,Khaled Khan,DJ Hawke,0,1,,,1,,,,,,
1046681,2016,2016-08-17,Skarpnack 2,1,18.2,Germany,Isle of Man,Khaled Khan,Asad Mohammad,DJ Hawke,1,0,,,,,,,,,
1046681,2016,2016-08-17,Skarpnack 2,1,18.3,Germany,Isle of Man,Asad Mohammad,Khaled Khan,DJ Hawke,6,0,,,,,,,,,
1046681,2016,2016-08-17,Skarpnack 2,1,18.4,Germany,Isle of Man,Asad Mohammad,Khaled Khan,DJ Hawke,4,0,,,,,,,,,
1046681,2016,2016-08-17,Skarpnack 2,1,18.5,Germany,Isle of Man,Asad Mohammad,Khaled Khan,DJ Hawke,6,0,,,,,,,,,
1046681,2016,2016-08-17,Skarpnack 2,1,18.6,Germany,Isle of Man,Asad Mohammad,Khaled Khan,DJ Hawke,6,0,,,,,,,,,
1046681,2016,2016-08-17,Skarpnack 2,1,19.1,Germany,Isle of Man,Khaled Khan,Asad Mohammad,A van den Berg,0,0,,,,,,,,,
1046681,2016,2016-08-17,Skarpnack 2,1,19.2,Germany,Isle of Man,Khaled Khan,Asad Mohammad,A van den Berg,6,0,,,,,,,,,
1046681,2016,2016-08-17,Skarpnack 2,1,19.3,Germany,Isle of Man,Khaled Khan,Asad Mohammad,A van den Berg,0,0,,,,,,caught,Khaled Khan,,
1046681,2016,2016-08-17,Skarpnack 2,1,19.4,Germany,Isle of Man,Asad Mohammad,Ahmed Wardak,A van den Berg,2,0,,,,,,,,,
1046681,2016,2016-08-17,Skarpnack 2,1,19.5,Germany,Isle of Man,Asad Mohammad,Ahmed Wardak,A van den Berg,0,0,,,,,,bowled,Asad Mohammad,,
1046681,2016,2016-08-17,Skarpnack 2,1,19.6,Germany,Isle of Man,Kashif Hussain,Ahmed Wardak,A van den Berg,1,0,,,,,,,,,
1046681,2016,2016-08-17,Skarpnack 2,2,0.1,Isle of Man,Germany,A McAuley,OJ Webster,Ahmed Wardak,0,0,,,,,,,,,
1046681,2016,2016-08-17,Skarpnack 2,2,0.2,Isle of Man,Germany,A McAuley,OJ Webster,Ahmed Wardak,0,0,,,,,,,,,
1046681,2016,2016-08-17,Skarpnack 2,2,0.3,Isle of Man,Germany,A McAuley,OJ Webster,Ahmed Wardak,2,0,,,,,,,,,
1046681,2016,2016-08-17,Skarpnack 2,2,0.4,Isle of Man,Germany,A McAuley,OJ Webster,Ahmed Wardak,0,0,,,,,,,,,
1046681,2016,2016-08-17,Skarpnack 2,2,0.5,Isle of Man,Germany,A McAuley,OJ Webster,Ahmed Wardak,0,0,,,,,,,,,
1046681,2016,2016-08-17,Skarpnack 2,2,0.6,Isle of Man,Germany,A McAuley,OJ Webster,Ahmed Wardak,0,0,,,,,,,,,
1046681,2016,2016-08-17,Skarpnack 2,2,1.1,Isle of Man,Germany,OJ Webster,A McAuley,Khaled Khan,0,1,1,,,,,,,,
1046681,2016,2016-08-17,Skarpnack 2,2,1.2,Isle of Man,Germany,OJ Webster,A McAuley,Khaled Khan,0,0,,,,,,caught,OJ Webster,,
1046681,2016,2016-08-17,Skarpnack 2,2,1.3,Isle of Man,Germany,A McAuley,P Littlejohns,Khaled Khan,0,0,,,,,,,,,
1046681,2016,2016-08-17,Skarpnack 2,2,1.4,Isle of Man,Germany,A McAuley,P Littlejohns,Khaled Khan,4,0,,,,,,,,,
1046681,2016,2016-08-17,Skarpnack 2,2,1.5,Isle of Man,Germany,A McAuley,P Littlejohns,Khaled Khan,0,0,,,,,,bowled,A McAuley,,
1046681,2016,2016-08-17,Skarpnack 2,2,1.6,Isle of Man,Germany,D Kniveton,P Littlejohns,Khaled Khan,0,0,,,,,,,,,
1046681,2016,2016-08-17,Skarpnack 2,2,1.7,Isle of Man,Germany,D Kniveton,P Littlejohns,Khaled Khan,0,0,,,,,,,,,
1046681,2016,2016-08-17,Skarpnack 2,2,2.1,Isle of Man,Germany,P Littlejohns,D Kniveton,Ahmed Wardak,0,0,,,,,,,,,
1046681,2016,2016-08-17,Skarpnack 2,2,2.2,Isle of Man,Germany,P Littlejohns,D Kniveton,Ahmed Wardak,0,0,,,,,,,,,
1046681,2016,2016-08-17,Skarpnack 2,2,2.3,Isle of Man,Germany,P Littlejohns,D Kniveton,Ahmed Wardak,0,0,,,,,,,,,
1046681,2016,2016-08-17,Skarpnack 2,2,2.4,Isle of Man,Germany,P Littlejohns,D Kniveton,Ahmed Wardak,1,0,,,,,,,,,
1046681,2016,2016-08-17,Skarpnack 2,2,2.5,Isle of Man,Germany,D Kniveton,P Littlejohns,Ahmed Wardak,0,0,,,,,,,,,
1046681,2016,2016-08-17,Skarpnack 2,2,2.6,Isle of Man,Germany,D Kniveton,P Littlejohns,Ahmed Wardak,0,0,,,,,,,,,
1046681,2016,2016-08-17,Skarpnack 2,2,3.1,Isle of Man,Germany,P Littlejohns,D Kniveton,Khaled Khan,0,0,,,,,,,,,
1046681,2016,2016-08-17,Skarpnack 2,2,3.2,Isle of Man,Germany,P Littlejohns,D Kniveton,Khaled Khan,6,0,,,,,,,,,
1046681,2016,2016-08-17,Skarpnack 2,2,3.3,Isle of Man,Germany,P Littlejohns,D Kniveton,Khaled Khan,1,0,,,,,,,,,
1046681,2016,2016-08-17,Skarpnack 2,2,3.4,Isle of Man,Germany,D Kniveton,P Littlejohns,Khaled Khan,0,0,,,,,,,,,
1046681,2016,2016-08-17,Skarpnack 2,2,3.5,Isle of Man,Germany,D Kniveton,P Littlejohns,Khaled Khan,1,0,,,,,,,,,
1046681,2016,2016-08-17,Skarpnack 2,2,3.6,Isle of Man,Germany,P Littlejohns,D Kniveton,Khaled Khan,0,0,,,,,,,,,
1046681,2016,2016-08-17,Skarpnack 2,2,4.1,Isle of Man,Germany,D Kniveton,P Littlejohns,Ahmed Wardak,0,0,,,,,,,,,
1046681,2016,2016-08-17,Skarpnack 2,2,4.2,Isle of Man,Germany,D Kniveton,P Littlejohns,Ahmed Wardak,0,0,,,,,,,,,
1046681,2016,2016-08-17,Skarpnack 2,2,4.3,Isle of Man,Germany,D Kniveton,P Littlejohns,Ahmed Wardak,1,0,,,,,,,,,
1046681,2016,2016-08-17,Skarpnack 2,2,4.4,Isle of Man,Germany,P Littlejohns,D Kniveton,Ahmed Wardak,0,0,,,,,,,,,
1046681,2016,2016-08-17,Skarpnack 2,2,4.5,Isle of Man,Germany,P Littlejohns,D Kniveton,Ahmed Wardak,0,0,,,,,,,,,
1046681,2016,2016-08-17,Skarpnack 2,2,4.6,Isle of Man,Germany,P Littlejohns,D Kniveton,Ahmed Wardak,0,0,,,,,,,,,
1046681,2016,2016-08-17,Skarpnack 2,2,5.1,Isle of Man,Germany,D Kniveton,P Littlejohns,Khaled Khan,0,0,,,,,,,,,
1046681,2016,2016-08-17,Skarpnack 2,2,5.2,Isle of Man,Germany,D Kniveton,P Littlejohns,Khaled Khan,0,0,,,,,,,,,
1046681,2016,2016-08-17,Skarpnack 2,2,5.3,Isle of Man,Germany,D Kniveton,P Littlejohns,Khaled Khan,1,0,,,,,,,,,
1046681,2016,2016-08-17,Skarpnack 2,2,5.4,Isle of Man,Germany,P Littlejohns,D Kniveton,Khaled Khan,1,0,,,,,,,,,
1046681,2016,2016-08-17,Skarpnack 2,2,5.5,Isle of Man,Germany,D Kniveton,P Littlejohns,Khaled Khan,1,0,,,,,,,,,
1046681,2016,2016-08-17,Skarpnack 2,2,5.6,Isle of Man,Germany,P Littlejohns,D Kniveton,Khaled Khan,6,0,,,,,,,,,
1046681,2016,2016-08-17,Skarpnack 2,2,6.1,Isle of Man,Germany,D Kniveton,P Littlejohns,Mudassar Muhammad,1,0,,,,,,,,,
1046681,2016,2016-08-17,Skarpnack 2,2,6.2,Isle of Man,Germany,P Littlejohns,D Kniveton,Mudassar Muhammad,0,0,,,,,,,,,
1046681,2016,2016-08-17,Skarpnack 2,2,6.3,Isle of Man,Germany,P Littlejohns,D Kniveton,Mudassar Muhammad,0,0,,,,,,lbw,P Littlejohns,,
1046681,2016,2016-08-17,Skarpnack 2,2,6.4,Isle of Man,Germany,C Hawke,D Kniveton,Mudassar Muhammad,0,0,,,,,,,,,
1046681,2016,2016-08-17,Skarpnack 2,2,6.5,Isle of Man,Germany,C Hawke,D Kniveton,Mudassar Muhammad,1,0,,,,,,,,,
1046681,2016,2016-08-17,Skarpnack 2,2,6.6,Isle of Man,Germany,D Kniveton,C Hawke,Mudassar Muhammad,0,5,5,,,,,,,,
1046681,2016,2016-08-17,Skarpnack 2,2,6.7,Isle of Man,Germany,D Kniveton,C Hawke,Mudassar Muhammad,1,0,,,,,,,,,
1046681,2016,2016-08-17,Skarpnack 2,2,7.1,Isle of Man,Germany,D Kniveton,C Hawke,ME Latif,1,0,,,,,,,,,
1046681,2016,2016-08-17,Skarpnack 2,2,7.2,Isle of Man,Germany,C Hawke,D Kniveton,ME Latif,0,0,,,,,,,,,
1046681,2016,2016-08-17,Skarpnack 2,2,7.3,Isle of Man,Germany,C Hawke,D Kniveton,ME Latif,1,0,,,,,,,,,
1046681,2016,2016-08-17,Skarpnack 2,2,7.4,Isle of Man,Germany,D Kniveton,C Hawke,ME Latif,1,0,,,,,,,,,
1046681,2016,2016-08-17,Skarpnack 2,2,7.5,Isle of Man,Germany,C Hawke,D Kniveton,ME Latif,0,0,,,,,,bowled,C Hawke,,
1046681,2016,2016-08-17,Skarpnack 2,2,7.6,Isle of Man,Germany,AM Killey,D Kniveton,ME Latif,0,1,,,,1,,,,,
1046681,2016,2016-08-17,Skarpnack 2,2,8.1,Isle of Man,Germany,AM Killey,D Kniveton,Mudassar Muhammad,0,0,,,,,,,,,
1046681,2016,2016-08-17,Skarpnack 2,2,8.2,Isle of Man,Germany,AM Killey,D Kniveton,Mudassar Muhammad,1,0,,,,,,,,,
1046681,2016,2016-08-17,Skarpnack 2,2,8.3,Isle of Man,Germany,D Kniveton,AM Killey,Mudassar Muhammad,0,0,,,,,,,,,
1046681,2016,2016-08-17,Skarpnack 2,2,8.4,Isle of Man,Germany,D Kniveton,AM Killey,Mudassar Muhammad,0,0,,,,,,,,,
1046681,2016,2016-08-17,Skarpnack 2,2,8.5,Isle of Man,Germany,D Kniveton,AM Killey,Mudassar Muhammad,1,0,,,,,,,,,
1046681,2016,2016-08-17,Skarpnack 2,2,8.6,Isle of Man,Germany,AM Killey,D Kniveton,Mudassar Muhammad,1,0,,,,,,,,,
1046681,2016,2016-08-17,Skarpnack 2,2,9.1,Isle of Man,Germany,AM Killey,D Kniveton,ME Latif,4,0,,,,,,,,,
1046681,2016,2016-08-17,Skarpnack 2,2,9.2,Isle of Man,Germany,AM Killey,D Kniveton,ME Latif,2,0,,,,,,,,,
1046681,2016,2016-08-17,Skarpnack 2,2,9.3,Isle of Man,Germany,AM Killey,D Kniveton,ME Latif,0,0,,,,,,,,,
1046681,2016,2016-08-17,Skarpnack 2,2,9.4,Isle of Man,Germany,AM Killey,D Kniveton,ME Latif,0,0,,,,,,,,,
1046681,2016,2016-08-17,Skarpnack 2,2,9.5,Isle of Man,Germany,AM Killey,D Kniveton,ME Latif,0,0,,,,,,,,,
1046681,2016,2016-08-17,Skarpnack 2,2,9.6,Isle of Man,Germany,AM Killey,D Kniveton,ME Latif,1,0,,,,,,,,,
1046681,2016,2016-08-17,Skarpnack 2,2,10.1,Isle of Man,Germany,AM Killey,D Kniveton,Mudassar Muhammad,0,0,,,,,,caught and bowled,AM Killey,,
1046681,2016,2016-08-17,Skarpnack 2,2,10.2,Isle of Man,Germany,DJ Hawke,D Kniveton,Mudassar Muhammad,0,0,,,,,,,,,
1046681,2016,2016-08-17,Skarpnack 2,2,10.3,Isle of Man,Germany,DJ Hawke,D Kniveton,Mudassar Muhammad,2,0,,,,,,,,,
1046681,2016,2016-08-17,Skarpnack 2,2,10.4,Isle of Man,Germany,DJ Hawke,D Kniveton,Mudassar Muhammad,0,0,,,,,,,,,
1046681,2016,2016-08-17,Skarpnack 2,2,10.5,Isle of Man,Germany,DJ Hawke,D Kniveton,Mudassar Muhammad,0,0,,,,,,,,,
1046681,2016,2016-08-17,Skarpnack 2,2,10.6,Isle of Man,Germany,DJ Hawke,D Kniveton,Mudassar Muhammad,0,0,,,,,,,,,
1046681,2016,2016-08-17,Skarpnack 2,2,11.1,Isle of Man,Germany,D Kniveton,DJ Hawke,ME Latif,0,0,,,,,,,,,
1046681,2016,2016-08-17,Skarpnack 2,2,11.2,Isle of Man,Germany,D Kniveton,DJ Hawke,ME Latif,2,0,,,,,,,,,
1046681,2016,2016-08-17,Skarpnack 2,2,11.3,Isle of Man,Germany,D Kniveton,DJ Hawke,ME Latif,4,0,,,,,,,,,
1046681,2016,2016-08-17,Skarpnack 2,2,11.4,Isle of Man,Germany,D Kniveton,DJ Hawke,ME Latif,0,0,,,,,,,,,
1046681,2016,2016-08-17,Skarpnack 2,2,11.5,Isle of Man,Germany,D Kniveton,DJ Hawke,ME Latif,1,0,,,,,,,,,
1046681,2016,2016-08-17,Skarpnack 2,2,11.6,Isle of Man,Germany,DJ Hawke,D Kniveton,ME Latif,1,0,,,,,,,,,
1046681,2016,2016-08-17,Skarpnack 2,2,12.1,Isle of Man,Germany,DJ Hawke,D Kniveton,Mudassar Muhammad,1,0,,,,,,,,,
1046681,2016,2016-08-17,Skarpnack 2,2,12.2,Isle of Man,Germany,D Kniveton,DJ Hawke,Mudassar Muhammad,0,0,,,,,,caught,D Kniveton,,
1046681,2016,2016-08-17,Skarpnack 2,2,12.3,Isle of Man,Germany,DJ Hawke,MJ Ansell,Mudassar Muhammad,0,0,,,,,,,,,
1046681,2016,2016-08-17,Skarpnack 2,2,12.4,Isle of Man,Germany,DJ Hawke,MJ Ansell,Mudassar Muhammad,0,0,,,,,,,,,
1046681,2016,2016-08-17,Skarpnack 2,2,12.5,Isle of Man,Germany,DJ Hawke,MJ Ansell,Mudassar Muhammad,1,0,,,,,,,,,
1046681,2016,2016-08-17,Skarpnack 2,2,13.1,Isle of Man,Germany,DJ Hawke,MJ Ansell,Asad Mohammad,0,0,,,,,,,,,
1046681,2016,2016-08-17,Skarpnack 2,2,13.2,Isle of Man,Germany,DJ Hawke,MJ Ansell,Asad Mohammad,0,0,,,,,,run out,MJ Ansell,,
1046681,2016,2016-08-17,Skarpnack 2,2,13.3,Isle of Man,Germany,S Mills,DJ Hawke,Asad Mohammad,0,0,,,,,,,,,
1046681,2016,2016-08-17,Skarpnack 2,2,13.4,Isle of Man,Germany,S Mills,DJ Hawke,Asad Mohammad,1,0,,,,,,,,,
1046681,2016,2016-08-17,Skarpnack 2,2,13.5,Isle of Man,Germany,DJ Hawke,S Mills,Asad Mohammad,1,0,,,,,,,,,
1046681,2016,2016-08-17,Skarpnack 2,2,13.6,Isle of Man,Germany,S Mills,DJ Hawke,Asad Mohammad,0,0,,,,,,,,,
1046681,2016,2016-08-17,Skarpnack 2,2,14.1,Isle of Man,Germany,DJ Hawke,S Mills,Ahmed Wardak,1,0,,,,,,,,,
1046681,2016,2016-08-17,Skarpnack 2,2,14.2,Isle of Man,Germany,S Mills,DJ Hawke,Ahmed Wardak,0,0,,,,,,run out,DJ Hawke,,
1046681,2016,2016-08-17,Skarpnack 2,2,14.3,Isle of Man,Germany,K Cawte,S Mills,Ahmed Wardak,0,0,,,,,,,,,
1046681,2016,2016-08-17,Skarpnack 2,2,14.4,Isle of Man,Germany,K Cawte,S Mills,Ahmed Wardak,0,0,,,,,,,,,
1046681,2016,2016-08-17,Skarpnack 2,2,14.5,Isle of Man,Germany,K Cawte,S Mills,Ahmed Wardak,1,0,,,,,,,,,
1046681,2016,2016-08-17,Skarpnack 2,2,14.6,Isle of Man,Germany,S Mills,K Cawte,Ahmed Wardak,0,0,,,,,,bowled,S Mills,,
1046681,2016,2016-08-17,Skarpnack 2,2,15.1,Isle of Man,Germany,K Cawte,A van den Berg,Asad Mohammad,1,0,,,,,,,,,
1046681,2016,2016-08-17,Skarpnack 2,2,15.2,Isle of Man,Germany,A van den Berg,K Cawte,Asad Mohammad,0,0,,,,,,,,,
1046681,2016,2016-08-17,Skarpnack 2,2,15.3,Isle of Man,Germany,A van den Berg,K Cawte,Asad Mohammad,0,0,,,,,,,,,
1046681,2016,2016-08-17,Skarpnack 2,2,15.4,Isle of Man,Germany,A van den Berg,K Cawte,Asad Mohammad,1,0,,,,,,,,,
1046681,2016,2016-08-17,Skarpnack 2,2,15.5,Isle of Man,Germany,K Cawte,A van den Berg,Asad Mohammad,0,0,,,,,,bowled,K Cawte,,
