match_id,season,start_date,venue,innings,ball,batting_team,bowling_team,striker,non_striker,bowler,runs_off_bat,extras,wides,noballs,byes,legbyes,penalty,wicket_type,player_dismissed,other_wicket_type,other_player_dismissed
1050225,2016/17,2016-10-02,Sharjah Cricket Stadium,1,0.1,Pakistan,West Indies,Azhar Ali,Sharjeel Khan,JO Holder,0,0,,,,,,,,,
1050225,2016/17,2016-10-02,Sharjah Cricket Stadium,1,0.2,Pakistan,West Indies,Azhar Ali,Sharjeel Khan,JO Holder,0,0,,,,,,,,,
1050225,2016/17,2016-10-02,Sharjah Cricket Stadium,1,0.3,Pakistan,West Indies,Azhar Ali,Sharjeel Khan,JO Holder,0,0,,,,,,,,,
1050225,2016/17,2016-10-02,Sharjah Cricket Stadium,1,0.4,Pakistan,West Indies,Azhar Ali,Sharjeel Khan,JO Holder,0,0,,,,,,,,,
1050225,2016/17,2016-10-02,Sharjah Cricket Stadium,1,0.5,Pakistan,West Indies,Azhar Ali,Sharjeel Khan,JO Holder,0,0,,,,,,,,,
1050225,2016/17,2016-10-02,Sharjah Cricket Stadium,1,0.6,Pakistan,West Indies,Azhar Ali,Sharjeel Khan,JO Holder,1,0,,,,,,,,,
1050225,2016/17,2016-10-02,Sharjah Cricket Stadium,1,1.1,Pakistan,West Indies,Azhar Ali,Sharjeel Khan,AS Joseph,0,0,,,,,,,,,
1050225,2016/17,2016-10-02,Sharjah Cricket Stadium,1,1.2,Pakistan,West Indies,Azhar Ali,Sharjeel Khan,AS Joseph,0,1,1,,,,,,,,
1050225,2016/17,2016-10-02,Sharjah Cricket Stadium,1,1.3,Pakistan,West Indies,Azhar Ali,Sharjeel Khan,AS Joseph,0,0,,,,,,,,,
1050225,2016/17,2016-10-02,Sharjah Cricket Stadium,1,1.4,Pakistan,West Indies,Azhar Ali,Sharjeel Khan,AS Joseph,0,0,,,,,,,,,
1050225,2016/17,2016-10-02,Sharjah Cricket Stadium,1,1.5,Pakistan,West Indies,Azhar Ali,Sharjeel Khan,AS Joseph,1,0,,,,,,,,,
1050225,2016/17,2016-10-02,Sharjah Cricket Stadium,1,1.6,Pakistan,West Indies,Sharjeel Khan,Azhar Ali,AS Joseph,0,0,,,,,,,,,
1050225,2016/17,2016-10-02,Sharjah Cricket Stadium,1,1.7,Pakistan,West Indies,Sharjeel Khan,Azhar Ali,AS Joseph,4,0,,,,,,,,,
1050225,2016/17,2016-10-02,Sharjah Cricket Stadium,1,2.1,Pakistan,West Indies,Azhar Ali,Sharjeel Khan,JO Holder,0,5,5,,,,,,,,
1050225,2016/17,2016-10-02,Sharjah Cricket Stadium,1,2.2,Pakistan,West Indies,Azhar Ali,Sharjeel Khan,JO Holder,1,0,,,,,,,,,
1050225,2016/17,2016-10-02,Sharjah Cricket Stadium,1,2.3,Pakistan,West Indies,Sharjeel Khan,Azhar Ali,JO Holder,1,0,,,,,,,,,
1050225,2016/17,2016-10-02,Sharjah Cricket Stadium,1,2.4,Pakistan,West Indies,Azhar Ali,Sharjeel Khan,JO Holder,3,0,,,,,,,,,
1050225,2016/17,2016-10-02,Sharjah Cricket Stadium,1,2.5,Pakistan,West Indies,Sharjeel Khan,Azhar Ali,JO Holder,2,0,,,,,,,,,
1050225,2016/17,2016-10-02,Sharjah Cricket Stadium,1,2.6,Pakistan,West Indies,Sharjeel Khan,Azhar Ali,JO Holder,4,0,,,,,,,,,
1050225,2016/17,2016-10-02,Sharjah Cricket Stadium,1,2.7,Pakistan,West Indies,Sharjeel Khan,Azhar Ali,JO Holder,6,0,,,,,,,,,
1050225,2016/17,2016-10-02,Sharjah Cricket Stadium,1,3.1,Pakistan,West Indies,Azhar Ali,Sharjeel Khan,AS Joseph,0,1,,,,1,,,,,
1050225,2016/17,2016-10-02,Sharjah Cricket Stadium,1,3.2,Pakistan,West Indies,Sharjeel Khan,Azhar Ali,AS Joseph,1,0,,,,,,,,,
1050225,2016/17,2016-10-02,Sharjah Cricket Stadium,1,3.3,Pakistan,West Indies,Azhar Ali,Sharjeel Khan,AS Joseph,0,0,,,,,,,,,
1050225,2016/17,2016-10-02,Sharjah Cricket Stadium,1,3.4,Pakistan,West Indies,Azhar Ali,Sharjeel Khan,AS Joseph,1,0,,,,,,,,,
1050225,2016/17,2016-10-02,Sharjah Cricket Stadium,1,3.5,Pakistan,West Indies,Sharjeel Khan,Azhar Ali,AS Joseph,1,0,,,,,,,,,
1050225,2016/17,2016-10-02,Sharjah Cricket Stadium,1,3.6,Pakistan,West Indies,Azhar Ali,Sharjeel Khan,AS Joseph,1,0,,,,,,,,,
1050225,2016/17,2016-10-02,Sharjah Cricket Stadium,1,4.1,Pakistan,West Indies,Azhar Ali,Sharjeel Khan,JO Holder,1,0,,,,,,,,,
1050225,2016/17,2016-10-02,Sharjah Cricket Stadium,1,4.2,Pakistan,West Indies,Sharjeel Khan,Azhar Ali,JO Holder,0,0,,,,,,,,,
1050225,2016/17,2016-10-02,Sharjah Cricket Stadium,1,4.3,Pakistan,West Indies,Sharjeel Khan,Azhar Ali,JO Holder,4,0,,,,,,,,,
1050225,2016/17,2016-10-02,Sharjah Cricket Stadium,1,4.4,Pakistan,West Indies,Sharjeel Khan,Azhar Ali,JO Holder,1,0,,,,,,,,,
1050225,2016/17,2016-10-02,Sharjah Cricket Stadium,1,4.5,Pakistan,West Indies,Azhar Ali,Sharjeel Khan,JO Holder,0,0,,,,,,lbw,Azhar Ali,,
1050225,2016/17,2016-10-02,Sharjah Cricket Stadium,1,4.6,Pakistan,West Indies,Babar Azam,Sharjeel Khan,JO Holder,0,0,,,,,,,,,
1050225,2016/17,2016-10-02,Sharjah Cricket Stadium,1,5.1,Pakistan,West Indies,Sharjeel Khan,Babar Azam,AS Joseph,0,0,,,,,,caught,Sharjeel Khan,,
1050225,2016/17,2016-10-02,Sharjah Cricket Stadium,1,5.2,Pakistan,West Indies,Shoaib Malik,Babar Azam,AS Joseph,0,1,1,,,,,,,,
1050225,2016/17,2016-10-02,Sharjah Cricket Stadium,1,5.3,Pakistan,West Indies,Shoaib Malik,Babar Azam,AS Joseph,0,0,,,,,,,,,
1050225,2016/17,2016-10-02,Sharjah Cricket Stadium,1,5.4,Pakistan,West Indies,Shoaib Malik,Babar Azam,AS Joseph,0,0,,,,,,,,,
1050225,2016/17,2016-10-02,Sharjah Cricket Stadium,1,5.5,Pakistan,West Indies,Shoaib Malik,Babar Azam,AS Joseph,1,0,,,,,,,,,
1050225,2016/17,2016-10-02,Sharjah Cricket Stadium,1,5.6,Pakistan,West Indies,Babar Azam,Shoaib Malik,AS Joseph,0,0,,,,,,,,,
1050225,2016/17,2016-10-02,Sharjah Cricket Stadium,1,5.7,Pakistan,West Indies,Babar Azam,Shoaib Malik,AS Joseph,1,0,,,,,,,,,
1050225,2016/17,2016-10-02,Sharjah Cricket Stadium,1,6.1,Pakistan,West Indies,Babar Azam,Shoaib Malik,JO Holder,0,0,,,,,,,,,
1050225,2016/17,2016-10-02,Sharjah Cricket Stadium,1,6.2,Pakistan,West Indies,Babar Azam,Shoaib Malik,JO Holder,0,0,,,,,,,,,
1050225,2016/17,2016-10-02,Sharjah Cricket Stadium,1,6.3,Pakistan,West Indies,Babar Azam,Shoaib Malik,JO Holder,0,0,,,,,,,,,
1050225,2016/17,2016-10-02,Sharjah Cricket Stadium,1,6.4,Pakistan,West Indies,Babar Azam,Shoaib Malik,JO Holder,0,0,,,,,,,,,
1050225,2016/17,2016-10-02,Sharjah Cricket Stadium,1,6.5,Pakistan,West Indies,Babar Azam,Shoaib Malik,JO Holder,0,0,,,,,,,,,
1050225,2016/17,2016-10-02,Sharjah Cricket Stadium,1,6.6,Pakistan,West Indies,Babar Azam,Shoaib Malik,JO Holder,0,0,,,,,,,,,
1050225,2016/17,2016-10-02,Sharjah Cricket Stadium,1,7.1,Pakistan,West Indies,Shoaib Malik,Babar Azam,AS Joseph,1,0,,,,,,,,,
1050225,2016/17,2016-10-02,Sharjah Cricket Stadium,1,7.2,Pakistan,West Indies,Babar Azam,Shoaib Malik,AS Joseph,1,0,,,,,,,,,
1050225,2016/17,2016-10-02,Sharjah Cricket Stadium,1,7.3,Pakistan,West Indies,Shoaib Malik,Babar Azam,AS Joseph,0,0,,,,,,,,,
1050225,2016/17,2016-10-02,Sharjah Cricket Stadium,1,7.4,Pakistan,West Indies,Shoaib Malik,Babar Azam,AS Joseph,0,0,,,,,,,,,
1050225,2016/17,2016-10-02,Sharjah Cricket Stadium,1,7.5,Pakistan,West Indies,Shoaib Malik,Babar Azam,AS Joseph,0,0,,,,,,,,,
1050225,2016/17,2016-10-02,Sharjah Cricket Stadium,1,7.6,Pakistan,West Indies,Shoaib Malik,Babar Azam,AS Joseph,0,0,,,,,,,,,
1050225,2016/17,2016-10-02,Sharjah Cricket Stadium,1,8.1,Pakistan,West Indies,Babar Azam,Shoaib Malik,JO Holder,4,0,,,,,,,,,
1050225,2016/17,2016-10-02,Sharjah Cricket Stadium,1,8.2,Pakistan,West Indies,Babar Azam,Shoaib Malik,JO Holder,0,0,,,,,,,,,
1050225,2016/17,2016-10-02,Sharjah Cricket Stadium,1,8.3,Pakistan,West Indies,Babar Azam,Shoaib Malik,JO Holder,0,0,,,,,,,,,
1050225,2016/17,2016-10-02,Sharjah Cricket Stadium,1,8.4,Pakistan,West Indies,Babar Azam,Shoaib Malik,JO Holder,0,0,,,,,,,,,
1050225,2016/17,2016-10-02,Sharjah Cricket Stadium,1,8.5,Pakistan,West Indies,Babar Azam,Shoaib Malik,JO Holder,1,0,,,,,,,,,
1050225,2016/17,2016-10-02,Sharjah Cricket Stadium,1,8.6,Pakistan,West Indies,Shoaib Malik,Babar Azam,JO Holder,0,0,,,,,,,,,
1050225,2016/17,2016-10-02,Sharjah Cricket Stadium,1,9.1,Pakistan,West Indies,Babar Azam,Shoaib Malik,AS Joseph,1,0,,,,,,,,,
1050225,2016/17,2016-10-02,Sharjah Cricket Stadium,1,9.2,Pakistan,West Indies,Shoaib Malik,Babar Azam,AS Joseph,0,0,,,,,,,,,
1050225,2016/17,2016-10-02,Sharjah Cricket Stadium,1,9.3,Pakistan,West Indies,Shoaib Malik,Babar Azam,AS Joseph,1,0,,,,,,,,,
1050225,2016/17,2016-10-02,Sharjah Cricket Stadium,1,9.4,Pakistan,West Indies,Babar Azam,Shoaib Malik,AS Joseph,1,0,,,,,,,,,
1050225,2016/17,2016-10-02,Sharjah Cricket Stadium,1,9.5,Pakistan,West Indies,Shoaib Malik,Babar Azam,AS Joseph,1,0,,,,,,,,,
1050225,2016/17,2016-10-02,Sharjah Cricket Stadium,1,9.6,Pakistan,West Indies,Babar Azam,Shoaib Malik,AS Joseph,1,0,,,,,,,,,
1050225,2016/17,2016-10-02,Sharjah Cricket Stadium,1,10.1,Pakistan,West Indies,Babar Azam,Shoaib Malik,CR Brathwaite,4,0,,,,,,,,,
1050225,2016/17,2016-10-02,Sharjah Cricket Stadium,1,10.2,Pakistan,West Indies,Babar Azam,Shoaib Malik,CR Brathwaite,0,0,,,,,,,,,
1050225,2016/17,2016-10-02,Sharjah Cricket Stadium,1,10.3,Pakistan,West Indies,Babar Azam,Shoaib Malik,CR Brathwaite,1,0,,,,,,,,,
1050225,2016/17,2016-10-02,Sharjah Cricket Stadium,1,10.4,Pakistan,West Indies,Shoaib Malik,Babar Azam,CR Brathwaite,0,0,,,,,,,,,
1050225,2016/17,2016-10-02,Sharjah Cricket Stadium,1,10.5,Pakistan,West Indies,Shoaib Malik,Babar Azam,CR Brathwaite,1,0,,,,,,,,,
1050225,2016/17,2016-10-02,Sharjah Cricket Stadium,1,10.6,Pakistan,West Indies,Babar Azam,Shoaib Malik,CR Brathwaite,0,0,,,,,,,,,
1050225,2016/17,2016-10-02,Sharjah Cricket Stadium,1,11.1,Pakistan,West Indies,Shoaib Malik,Babar Azam,SP Narine,1,0,,,,,,,,,
1050225,2016/17,2016-10-02,Sharjah Cricket Stadium,1,11.2,Pakistan,West Indies,Babar Azam,Shoaib Malik,SP Narine,1,0,,,,,,,,,
1050225,2016/17,2016-10-02,Sharjah Cricket Stadium,1,11.3,Pakistan,West Indies,Shoaib Malik,Babar Azam,SP Narine,1,0,,,,,,,,,
1050225,2016/17,2016-10-02,Sharjah Cricket Stadium,1,11.4,Pakistan,West Indies,Babar Azam,Shoaib Malik,SP Narine,1,0,,,,,,,,,
1050225,2016/17,2016-10-02,Sharjah Cricket Stadium,1,11.5,Pakistan,West Indies,Shoaib Malik,Babar Azam,SP Narine,0,0,,,,,,,,,
1050225,2016/17,2016-10-02,Sharjah Cricket Stadium,1,11.6,Pakistan,West Indies,Shoaib Malik,Babar Azam,SP Narine,0,0,,,,,,,,,
1050225,2016/17,2016-10-02,Sharjah Cricket Stadium,1,12.1,Pakistan,West Indies,Babar Azam,Shoaib Malik,CR Brathwaite,0,0,,,,,,,,,
1050225,2016/17,2016-10-02,Sharjah Cricket Stadium,1,12.2,Pakistan,West Indies,Babar Azam,Shoaib Malik,CR Brathwaite,0,0,,,,,,,,,
1050225,2016/17,2016-10-02,Sharjah Cricket Stadium,1,12.3,Pakistan,West Indies,Babar Azam,Shoaib Malik,CR Brathwaite,0,0,,,,,,,,,
1050225,2016/17,2016-10-02,Sharjah Cricket Stadium,1,12.4,Pakistan,West Indies,Babar Azam,Shoaib Malik,CR Brathwaite,1,0,,,,,,,,,
1050225,2016/17,2016-10-02,Sharjah Cricket Stadium,1,12.5,Pakistan,West Indies,Shoaib Malik,Babar Azam,CR Brathwaite,0,0,,,,,,,,,
1050225,2016/17,2016-10-02,Sharjah Cricket Stadium,1,12.6,Pakistan,West Indies,Shoaib Malik,Babar Azam,CR Brathwaite,6,0,,,,,,,,,
1050225,2016/17,2016-10-02,Sharjah Cricket Stadium,1,13.1,Pakistan,West Indies,Babar Azam,Shoaib Malik,SP Narine,1,0,,,,,,,,,
1050225,2016/17,2016-10-02,Sharjah Cricket Stadium,1,13.2,Pakistan,West Indies,Shoaib Malik,Babar Azam,SP Narine,0,0,,,,,,,,,
1050225,2016/17,2016-10-02,Sharjah Cricket Stadium,1,13.3,Pakistan,West Indies,Shoaib Malik,Babar Azam,SP Narine,2,0,,,,,,,,,
1050225,2016/17,2016-10-02,Sharjah Cricket Stadium,1,13.4,Pakistan,West Indies,Shoaib Malik,Babar Azam,SP Narine,0,0,,,,,,,,,
1050225,2016/17,2016-10-02,Sharjah Cricket Stadium,1,13.5,Pakistan,West Indies,Shoaib Malik,Babar Azam,SP Narine,1,0,,,,,,,,,
1050225,2016/17,2016-10-02,Sharjah Cricket Stadium,1,13.6,Pakistan,West Indies,Babar Azam,Shoaib Malik,SP Narine,1,0,,,,,,,,,
1050225,2016/17,2016-10-02,Sharjah Cricket Stadium,1,14.1,Pakistan,West Indies,Babar Azam,Shoaib Malik,CR Brathwaite,1,0,,,,,,,,,
1050225,2016/17,2016-10-02,Sharjah Cricket Stadium,1,14.2,Pakistan,West Indies,Shoaib Malik,Babar Azam,CR Brathwaite,2,0,,,,,,,,,
1050225,2016/17,2016-10-02,Sharjah Cricket Stadium,1,14.3,Pakistan,West Indies,Shoaib Malik,Babar Azam,CR Brathwaite,4,0,,,,,,,,,
1050225,2016/17,2016-10-02,Sharjah Cricket Stadium,1,14.4,Pakistan,West Indies,Shoaib Malik,Babar Azam,CR Brathwaite,1,0,,,,,,,,,
1050225,2016/17,2016-10-02,Sharjah Cricket Stadium,1,14.5,Pakistan,West Indies,Babar Azam,Shoaib Malik,CR Brathwaite,1,0,,,,,,,,,
1050225,2016/17,2016-10-02,Sharjah Cricket Stadium,1,14.6,Pakistan,West Indies,Shoaib Malik,Babar Azam,CR Brathwaite,1,0,,,,,,,,,
1050225,2016/17,2016-10-02,Sharjah Cricket Stadium,1,15.1,Pakistan,West Indies,Shoaib Malik,Babar Azam,SP Narine,1,0,,,,,,,,,
1050225,2016/17,2016-10-02,Sharjah Cricket Stadium,1,15.2,Pakistan,West Indies,Babar Azam,Shoaib Malik,SP Narine,0,0,,,,,,,,,
1050225,2016/17,2016-10-02,Sharjah Cricket Stadium,1,15.3,Pakistan,West Indies,Babar Azam,Shoaib Malik,SP Narine,0,0,,,,,,,,,
1050225,2016/17,2016-10-02,Sharjah Cricket Stadium,1,15.4,Pakistan,West Indies,Babar Azam,Shoaib Malik,SP Narine,0,0,,,,,,,,,
1050225,2016/17,2016-10-02,Sharjah Cricket Stadium,1,15.5,Pakistan,West Indies,Babar Azam,Shoaib Malik,SP Narine,0,0,,,,,,,,,
1050225,2016/17,2016-10-02,Sharjah Cricket Stadium,1,15.6,Pakistan,West Indies,Babar Azam,Shoaib Malik,SP Narine,1,0,,,,,,,,,
1050225,2016/17,2016-10-02,Sharjah Cricket Stadium,1,16.1,Pakistan,West Indies,Babar Azam,Shoaib Malik,CR Brathwaite,0,0,,,,,,,,,
1050225,2016/17,2016-10-02,Sharjah Cricket Stadium,1,16.2,Pakistan,West Indies,Babar Azam,Shoaib Malik,CR Brathwaite,0,0,,,,,,,,,
1050225,2016/17,2016-10-02,Sharjah Cricket Stadium,1,16.3,Pakistan,West Indies,Babar Azam,Shoaib Malik,CR Brathwaite,4,0,,,,,,,,,
1050225,2016/17,2016-10-02,Sharjah Cricket Stadium,1,16.4,Pakistan,West Indies,Babar Azam,Shoaib Malik,CR Brathwaite,1,0,,,,,,,,,
1050225,2016/17,2016-10-02,Sharjah Cricket Stadium,1,16.5,Pakistan,West Indies,Shoaib Malik,Babar Azam,CR Brathwaite,1,0,,,,,,,,,
1050225,2016/17,2016-10-02,Sharjah Cricket Stadium,1,16.6,Pakistan,West Indies,Babar Azam,Shoaib Malik,CR Brathwaite,1,0,,,,,,,,,
1050225,2016/17,2016-10-02,Sharjah Cricket Stadium,1,17.1,Pakistan,West Indies,Babar Azam,Shoaib Malik,SP Narine,1,0,,,,,,,,,
1050225,2016/17,2016-10-02,Sharjah Cricket Stadium,1,17.2,Pakistan,West Indies,Shoaib Malik,Babar Azam,SP Narine,0,0,,,,,,,,,
1050225,2016/17,2016-10-02,Sharjah Cricket Stadium,1,17.3,Pakistan,West Indies,Shoaib Malik,Babar Azam,SP Narine,0,0,,,,,,,,,
1050225,2016/17,2016-10-02,Sharjah Cricket Stadium,1,17.4,Pakistan,West Indies,Shoaib Malik,Babar Azam,SP Narine,1,0,,,,,,,,,
1050225,2016/17,2016-10-02,Sharjah Cricket Stadium,1,17.5,Pakistan,West Indies,Babar Azam,Shoaib Malik,SP Narine,0,0,,,,,,,,,
1050225,2016/17,2016-10-02,Sharjah Cricket Stadium,1,17.6,Pakistan,West Indies,Babar Azam,Shoaib Malik,SP Narine,1,0,,,,,,,,,
1050225,2016/17,2016-10-02,Sharjah Cricket Stadium,1,18.1,Pakistan,West Indies,Babar Azam,Shoaib Malik,SJ Benn,1,0,,,,,,,,,
1050225,2016/17,2016-10-02,Sharjah Cricket Stadium,1,18.2,Pakistan,West Indies,Shoaib Malik,Babar Azam,SJ Benn,6,0,,,,,,,,,
1050225,2016/17,2016-10-02,Sharjah Cricket Stadium,1,18.3,Pakistan,West Indies,Shoaib Malik,Babar Azam,SJ Benn,0,0,,,,,,,,,
1050225,2016/17,2016-10-02,Sharjah Cricket Stadium,1,18.4,Pakistan,West Indies,Shoaib Malik,Babar Azam,SJ Benn,0,0,,,,,,,,,
1050225,2016/17,2016-10-02,Sharjah Cricket Stadium,1,18.5,Pakistan,West Indies,Shoaib Malik,Babar Azam,SJ Benn,0,0,,,,,,,,,
1050225,2016/17,2016-10-02,Sharjah Cricket Stadium,1,18.6,Pakistan,West Indies,Shoaib Malik,Babar Azam,SJ Benn,1,0,,,,,,,,,
1050225,2016/17,2016-10-02,Sharjah Cricket Stadium,1,19.1,Pakistan,West Indies,Shoaib Malik,Babar Azam,KC Brathwaite,0,0,,,,,,,,,
1050225,2016/17,2016-10-02,Sharjah Cricket Stadium,1,19.2,Pakistan,West Indies,Shoaib Malik,Babar Azam,KC Brathwaite,1,0,,,,,,,,,
1050225,2016/17,2016-10-02,Sharjah Cricket Stadium,1,19.3,Pakistan,West Indies,Babar Azam,Shoaib Malik,KC Brathwaite,1,0,,,,,,,,,
1050225,2016/17,2016-10-02,Sharjah Cricket Stadium,1,19.4,Pakistan,West Indies,Shoaib Malik,Babar Azam,KC Brathwaite,0,0,,,,,,,,,
1050225,2016/17,2016-10-02,Sharjah Cricket Stadium,1,19.5,Pakistan,West Indies,Shoaib Malik,Babar Azam,KC Brathwaite,0,0,,,,,,,,,
1050225,2016/17,2016-10-02,Sharjah Cricket Stadium,1,19.6,Pakistan,West Indies,Shoaib Malik,Babar Azam,KC Brathwaite,1,0,,,,,,,,,
1050225,2016/17,2016-10-02,Sharjah Cricket Stadium,1,20.1,Pakistan,West Indies,Shoaib Malik,Babar Azam,SJ Benn,0,0,,,,,,,,,
1050225,2016/17,2016-10-02,Sharjah Cricket Stadium,1,20.2,Pakistan,West Indies,Shoaib Malik,Babar Azam,SJ Benn,6,0,,,,,,,,,
1050225,2016/17,2016-10-02,Sharjah Cricket Stadium,1,20.3,Pakistan,West Indies,Shoaib Malik,Babar Azam,SJ Benn,0,0,,,,,,,,,
1050225,2016/17,2016-10-02,Sharjah Cricket Stadium,1,20.4,Pakistan,West Indies,Shoaib Malik,Babar Azam,SJ Benn,0,0,,,,,,,,,
1050225,2016/17,2016-10-02,Sharjah Cricket Stadium,1,20.5,Pakistan,West Indies,Shoaib Malik,Babar Azam,SJ Benn,0,0,,,,,,,,,
1050225,2016/17,2016-10-02,Sharjah Cricket Stadium,1,20.6,Pakistan,West Indies,Shoaib Malik,Babar Azam,SJ Benn,0,0,,,,,,,,,
1050225,2016/17,2016-10-02,Sharjah Cricket Stadium,1,21.1,Pakistan,West Indies,Babar Azam,Shoaib Malik,KC Brathwaite,2,0,,,,,,,,,
1050225,2016/17,2016-10-02,Sharjah Cricket Stadium,1,21.2,Pakistan,West Indies,Babar Azam,Shoaib Malik,KC Brathwaite,1,0,,,,,,,,,
1050225,2016/17,2016-10-02,Sharjah Cricket Stadium,1,21.3,Pakistan,West Indies,Shoaib Malik,Babar Azam,KC Brathwaite,0,0,,,,,,,,,
1050225,2016/17,2016-10-02,Sharjah Cricket Stadium,1,21.4,Pakistan,West Indies,Shoaib Malik,Babar Azam,KC Brathwaite,1,0,,,,,,,,,
1050225,2016/17,2016-10-02,Sharjah Cricket Stadium,1,21.5,Pakistan,West Indies,Babar Azam,Shoaib Malik,KC Brathwaite,4,0,,,,,,,,,
1050225,2016/17,2016-10-02,Sharjah Cricket Stadium,1,21.6,Pakistan,West Indies,Babar Azam,Shoaib Malik,KC Brathwaite,0,0,,,,,,,,,
1050225,2016/17,2016-10-02,Sharjah Cricket Stadium,1,22.1,Pakistan,West Indies,Shoaib Malik,Babar Azam,SJ Benn,1,0,,,,,,,,,
1050225,2016/17,2016-10-02,Sharjah Cricket Stadium,1,22.2,Pakistan,West Indies,Babar Azam,Shoaib Malik,SJ Benn,4,0,,,,,,,,,
1050225,2016/17,2016-10-02,Sharjah Cricket Stadium,1,22.3,Pakistan,West Indies,Babar Azam,Shoaib Malik,SJ Benn,0,0,,,,,,,,,
1050225,2016/17,2016-10-02,Sharjah Cricket Stadium,1,22.4,Pakistan,West Indies,Babar Azam,Shoaib Malik,SJ Benn,0,0,,,,,,,,,
1050225,2016/17,2016-10-02,Sharjah Cricket Stadium,1,22.5,Pakistan,West Indies,Babar Azam,Shoaib Malik,SJ Benn,0,0,,,,,,,,,
1050225,2016/17,2016-10-02,Sharjah Cricket Stadium,1,22.6,Pakistan,West Indies,Babar Azam,Shoaib Malik,SJ Benn,1,0,,,,,,,,,
1050225,2016/17,2016-10-02,Sharjah Cricket Stadium,1,23.1,Pakistan,West Indies,Babar Azam,Shoaib Malik,KC Brathwaite,2,0,,,,,,,,,
1050225,2016/17,2016-10-02,Sharjah Cricket Stadium,1,23.2,Pakistan,West Indies,Babar Azam,Shoaib Malik,KC Brathwaite,1,0,,,,,,,,,
1050225,2016/17,2016-10-02,Sharjah Cricket Stadium,1,23.3,Pakistan,West Indies,Shoaib Malik,Babar Azam,KC Brathwaite,1,0,,,,,,,,,
1050225,2016/17,2016-10-02,Sharjah Cricket Stadium,1,23.4,Pakistan,West Indies,Babar Azam,Shoaib Malik,KC Brathwaite,1,0,,,,,,,,,
1050225,2016/17,2016-10-02,Sharjah Cricket Stadium,1,23.5,Pakistan,West Indies,Shoaib Malik,Babar Azam,KC Brathwaite,1,0,,,,,,,,,
1050225,2016/17,2016-10-02,Sharjah Cricket Stadium,1,23.6,Pakistan,West Indies,Babar Azam,Shoaib Malik,KC Brathwaite,1,0,,,,,,,,,
1050225,2016/17,2016-10-02,Sharjah Cricket Stadium,1,24.1,Pakistan,West Indies,Babar Azam,Shoaib Malik,SJ Benn,0,0,,,,,,,,,
1050225,2016/17,2016-10-02,Sharjah Cricket Stadium,1,24.2,Pakistan,West Indies,Babar Azam,Shoaib Malik,SJ Benn,0,0,,,,,,,,,
1050225,2016/17,2016-10-02,Sharjah Cricket Stadium,1,24.3,Pakistan,West Indies,Babar Azam,Shoaib Malik,SJ Benn,1,0,,,,,,,,,
1050225,2016/17,2016-10-02,Sharjah Cricket Stadium,1,24.4,Pakistan,West Indies,Shoaib Malik,Babar Azam,SJ Benn,0,0,,,,,,,,,
1050225,2016/17,2016-10-02,Sharjah Cricket Stadium,1,24.5,Pakistan,West Indies,Shoaib Malik,Babar Azam,SJ Benn,4,0,,,,,,,,,
1050225,2016/17,2016-10-02,Sharjah Cricket Stadium,1,24.6,Pakistan,West Indies,Shoaib Malik,Babar Azam,SJ Benn,0,0,,,,,,,,,
1050225,2016/17,2016-10-02,Sharjah Cricket Stadium,1,25.1,Pakistan,West Indies,Babar Azam,Shoaib Malik,AS Joseph,1,0,,,,,,,,,
1050225,2016/17,2016-10-02,Sharjah Cricket Stadium,1,25.2,Pakistan,West Indies,Shoaib Malik,Babar Azam,AS Joseph,1,0,,,,,,,,,
1050225,2016/17,2016-10-02,Sharjah Cricket Stadium,1,25.3,Pakistan,West Indies,Babar Azam,Shoaib Malik,AS Joseph,1,0,,,,,,,,,
1050225,2016/17,2016-10-02,Sharjah Cricket Stadium,1,25.4,Pakistan,West Indies,Shoaib Malik,Babar Azam,AS Joseph,0,1,1,,,,,,,,
1050225,2016/17,2016-10-02,Sharjah Cricket Stadium,1,25.5,Pakistan,West Indies,Shoaib Malik,Babar Azam,AS Joseph,1,0,,,,,,,,,
1050225,2016/17,2016-10-02,Sharjah Cricket Stadium,1,25.6,Pakistan,West Indies,Babar Azam,Shoaib Malik,AS Joseph,1,0,,,,,,,,,
1050225,2016/17,2016-10-02,Sharjah Cricket Stadium,1,25.7,Pakistan,West Indies,Shoaib Malik,Babar Azam,AS Joseph,0,0,,,,,,,,,
1050225,2016/17,2016-10-02,Sharjah Cricket Stadium,1,26.1,Pakistan,West Indies,Babar Azam,Shoaib Malik,SJ Benn,1,0,,,,,,,,,
1050225,2016/17,2016-10-02,Sharjah Cricket Stadium,1,26.2,Pakistan,West Indies,Shoaib Malik,Babar Azam,SJ Benn,0,0,,,,,,,,,
1050225,2016/17,2016-10-02,Sharjah Cricket Stadium,1,26.3,Pakistan,West Indies,Shoaib Malik,Babar Azam,SJ Benn,6,0,,,,,,,,,
1050225,2016/17,2016-10-02,Sharjah Cricket Stadium,1,26.4,Pakistan,West Indies,Shoaib Malik,Babar Azam,SJ Benn,6,0,,,,,,,,,
1050225,2016/17,2016-10-02,Sharjah Cricket Stadium,1,26.5,Pakistan,West Indies,Shoaib Malik,Babar Azam,SJ Benn,6,0,,,,,,,,,
1050225,2016/17,2016-10-02,Sharjah Cricket Stadium,1,26.6,Pakistan,West Indies,Shoaib Malik,Babar Azam,SJ Benn,1,0,,,,,,,,,
1050225,2016/17,2016-10-02,Sharjah Cricket Stadium,1,27.1,Pakistan,West Indies,Shoaib Malik,Babar Azam,AS Joseph,1,0,,,,,,,,,
1050225,2016/17,2016-10-02,Sharjah Cricket Stadium,1,27.2,Pakistan,West Indies,Babar Azam,Shoaib Malik,AS Joseph,1,0,,,,,,,,,
1050225,2016/17,2016-10-02,Sharjah Cricket Stadium,1,27.3,Pakistan,West Indies,Shoaib Malik,Babar Azam,AS Joseph,1,0,,,,,,,,,
1050225,2016/17,2016-10-02,Sharjah Cricket Stadium,1,27.4,Pakistan,West Indies,Babar Azam,Shoaib Malik,AS Joseph,0,0,,,,,,,,,
1050225,2016/17,2016-10-02,Sharjah Cricket Stadium,1,27.5,Pakistan,West Indies,Babar Azam,Shoaib Malik,AS Joseph,2,0,,,,,,,,,
1050225,2016/17,2016-10-02,Sharjah Cricket Stadium,1,27.6,Pakistan,West Indies,Babar Azam,Shoaib Malik,AS Joseph,0,0,,,,,,,,,
1050225,2016/17,2016-10-02,Sharjah Cricket Stadium,1,28.1,Pakistan,West Indies,Shoaib Malik,Babar Azam,JO Holder,0,0,,,,,,,,,
1050225,2016/17,2016-10-02,Sharjah Cricket Stadium,1,28.2,Pakistan,West Indies,Shoaib Malik,Babar Azam,JO Holder,1,0,,,,,,,,,
1050225,2016/17,2016-10-02,Sharjah Cricket Stadium,1,28.3,Pakistan,West Indies,Babar Azam,Shoaib Malik,JO Holder,4,0,,,,,,,,,
1050225,2016/17,2016-10-02,Sharjah Cricket Stadium,1,28.4,Pakistan,West Indies,Babar Azam,Shoaib Malik,JO Holder,0,0,,,,,,,,,
1050225,2016/17,2016-10-02,Sharjah Cricket Stadium,1,28.5,Pakistan,West Indies,Babar Azam,Shoaib Malik,JO Holder,1,0,,,,,,,,,
1050225,2016/17,2016-10-02,Sharjah Cricket Stadium,1,28.6,Pakistan,West Indies,Shoaib Malik,Babar Azam,JO Holder,1,0,,,,,,,,,
1050225,2016/17,2016-10-02,Sharjah Cricket Stadium,1,29.1,Pakistan,West Indies,Shoaib Malik,Babar Azam,SP Narine,1,0,,,,,,,,,
1050225,2016/17,2016-10-02,Sharjah Cricket Stadium,1,29.2,Pakistan,West Indies,Babar Azam,Shoaib Malik,SP Narine,1,0,,,,,,,,,
1050225,2016/17,2016-10-02,Sharjah Cricket Stadium,1,29.3,Pakistan,West Indies,Shoaib Malik,Babar Azam,SP Narine,2,0,,,,,,,,,
1050225,2016/17,2016-10-02,Sharjah Cricket Stadium,1,29.4,Pakistan,West Indies,Shoaib Malik,Babar Azam,SP Narine,1,0,,,,,,,,,
1050225,2016/17,2016-10-02,Sharjah Cricket Stadium,1,29.5,Pakistan,West Indies,Babar Azam,Shoaib Malik,SP Narine,1,0,,,,,,,,,
1050225,2016/17,2016-10-02,Sharjah Cricket Stadium,1,29.6,Pakistan,West Indies,Shoaib Malik,Babar Azam,SP Narine,0,0,,,,,,,,,
1050225,2016/17,2016-10-02,Sharjah Cricket Stadium,1,30.1,Pakistan,West Indies,Babar Azam,Shoaib Malik,JO Holder,0,0,,,,,,,,,
1050225,2016/17,2016-10-02,Sharjah Cricket Stadium,1,30.2,Pakistan,West Indies,Babar Azam,Shoaib Malik,JO Holder,1,0,,,,,,,,,
1050225,2016/17,2016-10-02,Sharjah Cricket Stadium,1,30.3,Pakistan,West Indies,Shoaib Malik,Babar Azam,JO Holder,2,0,,,,,,,,,
1050225,2016/17,2016-10-02,Sharjah Cricket Stadium,1,30.4,Pakistan,West Indies,Shoaib Malik,Babar Azam,JO Holder,0,0,,,,,,,,,
1050225,2016/17,2016-10-02,Sharjah Cricket Stadium,1,30.5,Pakistan,West Indies,Shoaib Malik,Babar Azam,JO Holder,2,0,,,,,,,,,
1050225,2016/17,2016-10-02,Sharjah Cricket Stadium,1,30.6,Pakistan,West Indies,Shoaib Malik,Babar Azam,JO Holder,0,0,,,,,,,,,
1050225,2016/17,2016-10-02,Sharjah Cricket Stadium,1,31.1,Pakistan,West Indies,Babar Azam,Shoaib Malik,SP Narine,0,0,,,,,,,,,
1050225,2016/17,2016-10-02,Sharjah Cricket Stadium,1,31.2,Pakistan,West Indies,Babar Azam,Shoaib Malik,SP Narine,1,0,,,,,,,,,
1050225,2016/17,2016-10-02,Sharjah Cricket Stadium,1,31.3,Pakistan,West Indies,Shoaib Malik,Babar Azam,SP Narine,1,0,,,,,,,,,
1050225,2016/17,2016-10-02,Sharjah Cricket Stadium,1,31.4,Pakistan,West Indies,Babar Azam,Shoaib Malik,SP Narine,0,0,,,,,,,,,
1050225,2016/17,2016-10-02,Sharjah Cricket Stadium,1,31.5,Pakistan,West Indies,Babar Azam,Shoaib Malik,SP Narine,4,0,,,,,,,,,
1050225,2016/17,2016-10-02,Sharjah Cricket Stadium,1,31.6,Pakistan,West Indies,Babar Azam,Shoaib Malik,SP Narine,1,0,,,,,,,,,
1050225,2016/17,2016-10-02,Sharjah Cricket Stadium,1,32.1,Pakistan,West Indies,Babar Azam,Shoaib Malik,KA Pollard,1,0,,,,,,,,,
1050225,2016/17,2016-10-02,Sharjah Cricket Stadium,1,32.2,Pakistan,West Indies,Shoaib Malik,Babar Azam,KA Pollard,1,0,,,,,,,,,
1050225,2016/17,2016-10-02,Sharjah Cricket Stadium,1,32.3,Pakistan,West Indies,Babar Azam,Shoaib Malik,KA Pollard,1,0,,,,,,,,,
1050225,2016/17,2016-10-02,Sharjah Cricket Stadium,1,32.4,Pakistan,West Indies,Shoaib Malik,Babar Azam,KA Pollard,1,0,,,,,,,,,
1050225,2016/17,2016-10-02,Sharjah Cricket Stadium,1,32.5,Pakistan,West Indies,Babar Azam,Shoaib Malik,KA Pollard,0,0,,,,,,,,,
1050225,2016/17,2016-10-02,Sharjah Cricket Stadium,1,32.6,Pakistan,West Indies,Babar Azam,Shoaib Malik,KA Pollard,1,0,,,,,,,,,
1050225,2016/17,2016-10-02,Sharjah Cricket Stadium,1,33.1,Pakistan,West Indies,Babar Azam,Shoaib Malik,SP Narine,1,0,,,,,,,,,
1050225,2016/17,2016-10-02,Sharjah Cricket Stadium,1,33.2,Pakistan,West Indies,Shoaib Malik,Babar Azam,SP Narine,0,1,1,,,,,,,,
1050225,2016/17,2016-10-02,Sharjah Cricket Stadium,1,33.3,Pakistan,West Indies,Shoaib Malik,Babar Azam,SP Narine,4,0,,,,,,,,,
1050225,2016/17,2016-10-02,Sharjah Cricket Stadium,1,33.4,Pakistan,West Indies,Shoaib Malik,Babar Azam,SP Narine,0,0,,,,,,,,,
1050225,2016/17,2016-10-02,Sharjah Cricket Stadium,1,33.5,Pakistan,West Indies,Shoaib Malik,Babar Azam,SP Narine,0,0,,,,,,caught,Shoaib Malik,,
1050225,2016/17,2016-10-02,Sharjah Cricket Stadium,1,33.6,Pakistan,West Indies,Sarfraz Ahmed,Babar Azam,SP Narine,1,0,,,,,,,,,
1050225,2016/17,2016-10-02,Sharjah Cricket Stadium,1,33.7,Pakistan,West Indies,Babar Azam,Sarfraz Ahmed,SP Narine,1,0,,,,,,,,,
1050225,2016/17,2016-10-02,Sharjah Cricket Stadium,1,34.1,Pakistan,West Indies,Babar Azam,Sarfraz Ahmed,SJ Benn,4,0,,,,,,,,,
1050225,2016/17,2016-10-02,Sharjah Cricket Stadium,1,34.2,Pakistan,West Indies,Babar Azam,Sarfraz Ahmed,SJ Benn,1,0,,,,,,,,,
1050225,2016/17,2016-10-02,Sharjah Cricket Stadium,1,34.3,Pakistan,West Indies,Sarfraz Ahmed,Babar Azam,SJ Benn,0,0,,,,,,,,,
1050225,2016/17,2016-10-02,Sharjah Cricket Stadium,1,34.4,Pakistan,West Indies,Sarfraz Ahmed,Babar Azam,SJ Benn,0,0,,,,,,,,,
1050225,2016/17,2016-10-02,Sharjah Cricket Stadium,1,34.5,Pakistan,West Indies,Sarfraz Ahmed,Babar Azam,SJ Benn,0,0,,,,,,,,,
1050225,2016/17,2016-10-02,Sharjah Cricket Stadium,1,34.6,Pakistan,West Indies,Sarfraz Ahmed,Babar Azam,SJ Benn,1,0,,,,,,,,,
1050225,2016/17,2016-10-02,Sharjah Cricket Stadium,1,35.1,Pakistan,West Indies,Sarfraz Ahmed,Babar Azam,SP Narine,1,0,,,,,,,,,
1050225,2016/17,2016-10-02,Sharjah Cricket Stadium,1,35.2,Pakistan,West Indies,Babar Azam,Sarfraz Ahmed,SP Narine,1,0,,,,,,,,,
1050225,2016/17,2016-10-02,Sharjah Cricket Stadium,1,35.3,Pakistan,West Indies,Sarfraz Ahmed,Babar Azam,SP Narine,0,0,,,,,,,,,
1050225,2016/17,2016-10-02,Sharjah Cricket Stadium,1,35.4,Pakistan,West Indies,Sarfraz Ahmed,Babar Azam,SP Narine,1,0,,,,,,,,,
1050225,2016/17,2016-10-02,Sharjah Cricket Stadium,1,35.5,Pakistan,West Indies,Babar Azam,Sarfraz Ahmed,SP Narine,1,0,,,,,,,,,
1050225,2016/17,2016-10-02,Sharjah Cricket Stadium,1,35.6,Pakistan,West Indies,Sarfraz Ahmed,Babar Azam,SP Narine,0,0,,,,,,,,,
1050225,2016/17,2016-10-02,Sharjah Cricket Stadium,1,36.1,Pakistan,West Indies,Babar Azam,Sarfraz Ahmed,SJ Benn,1,0,,,,,,,,,
1050225,2016/17,2016-10-02,Sharjah Cricket Stadium,1,36.2,Pakistan,West Indies,Sarfraz Ahmed,Babar Azam,SJ Benn,0,0,,,,,,,,,
1050225,2016/17,2016-10-02,Sharjah Cricket Stadium,1,36.3,Pakistan,West Indies,Sarfraz Ahmed,Babar Azam,SJ Benn,2,0,,,,,,,,,
1050225,2016/17,2016-10-02,Sharjah Cricket Stadium,1,36.4,Pakistan,West Indies,Sarfraz Ahmed,Babar Azam,SJ Benn,1,0,,,,,,,,,
1050225,2016/17,2016-10-02,Sharjah Cricket Stadium,1,36.5,Pakistan,West Indies,Babar Azam,Sarfraz Ahmed,SJ Benn,0,0,,,,,,,,,
1050225,2016/17,2016-10-02,Sharjah Cricket Stadium,1,36.6,Pakistan,West Indies,Babar Azam,Sarfraz Ahmed,SJ Benn,1,0,,,,,,,,,
1050225,2016/17,2016-10-02,Sharjah Cricket Stadium,1,37.1,Pakistan,West Indies,Babar Azam,Sarfraz Ahmed,CR Brathwaite,1,0,,,,,,,,,
1050225,2016/17,2016-10-02,Sharjah Cricket Stadium,1,37.2,Pakistan,West Indies,Sarfraz Ahmed,Babar Azam,CR Brathwaite,1,0,,,,,,,,,
1050225,2016/17,2016-10-02,Sharjah Cricket Stadium,1,37.3,Pakistan,West Indies,Babar Azam,Sarfraz Ahmed,CR Brathwaite,0,0,,,,,,,,,
1050225,2016/17,2016-10-02,Sharjah Cricket Stadium,1,37.4,Pakistan,West Indies,Babar Azam,Sarfraz Ahmed,CR Brathwaite,0,0,,,,,,,,,
1050225,2016/17,2016-10-02,Sharjah Cricket Stadium,1,37.5,Pakistan,West Indies,Babar Azam,Sarfraz Ahmed,CR Brathwaite,2,0,,,,,,,,,
1050225,2016/17,2016-10-02,Sharjah Cricket Stadium,1,37.6,Pakistan,West Indies,Babar Azam,Sarfraz Ahmed,CR Brathwaite,1,0,,,,,,,,,
1050225,2016/17,2016-10-02,Sharjah Cricket Stadium,1,38.1,Pakistan,West Indies,Babar Azam,Sarfraz Ahmed,SJ Benn,1,0,,,,,,,,,
1050225,2016/17,2016-10-02,Sharjah Cricket Stadium,1,38.2,Pakistan,West Indies,Sarfraz Ahmed,Babar Azam,SJ Benn,1,0,,,,,,,,,
1050225,2016/17,2016-10-02,Sharjah Cricket Stadium,1,38.3,Pakistan,West Indies,Babar Azam,Sarfraz Ahmed,SJ Benn,1,0,,,,,,,,,
1050225,2016/17,2016-10-02,Sharjah Cricket Stadium,1,38.4,Pakistan,West Indies,Sarfraz Ahmed,Babar Azam,SJ Benn,1,0,,,,,,,,,
1050225,2016/17,2016-10-02,Sharjah Cricket Stadium,1,38.5,Pakistan,West Indies,Babar Azam,Sarfraz Ahmed,SJ Benn,0,0,,,,,,,,,
1050225,2016/17,2016-10-02,Sharjah Cricket Stadium,1,38.6,Pakistan,West Indies,Babar Azam,Sarfraz Ahmed,SJ Benn,1,0,,,,,,,,,
1050225,2016/17,2016-10-02,Sharjah Cricket Stadium,1,39.1,Pakistan,West Indies,Babar Azam,Sarfraz Ahmed,CR Brathwaite,1,0,,,,,,,,,
1050225,2016/17,2016-10-02,Sharjah Cricket Stadium,1,39.2,Pakistan,West Indies,Sarfraz Ahmed,Babar Azam,CR Brathwaite,0,0,,,,,,,,,
1050225,2016/17,2016-10-02,Sharjah Cricket Stadium,1,39.3,Pakistan,West Indies,Sarfraz Ahmed,Babar Azam,CR Brathwaite,1,0,,,,,,,,,
1050225,2016/17,2016-10-02,Sharjah Cricket Stadium,1,39.4,Pakistan,West Indies,Babar Azam,Sarfraz Ahmed,CR Brathwaite,1,0,,,,,,,,,
1050225,2016/17,2016-10-02,Sharjah Cricket Stadium,1,39.5,Pakistan,West Indies,Sarfraz Ahmed,Babar Azam,CR Brathwaite,0,0,,,,,,,,,
1050225,2016/17,2016-10-02,Sharjah Cricket Stadium,1,39.6,Pakistan,West Indies,Sarfraz Ahmed,Babar Azam,CR Brathwaite,1,0,,,,,,,,,
1050225,2016/17,2016-10-02,Sharjah Cricket Stadium,1,40.1,Pakistan,West Indies,Sarfraz Ahmed,Babar Azam,KA Pollard,1,0,,,,,,,,,
1050225,2016/17,2016-10-02,Sharjah Cricket Stadium,1,40.2,Pakistan,West Indies,Babar Azam,Sarfraz Ahmed,KA Pollard,1,0,,,,,,,,,
1050225,2016/17,2016-10-02,Sharjah Cricket Stadium,1,40.3,Pakistan,West Indies,Sarfraz Ahmed,Babar Azam,KA Pollard,1,0,,,,,,,,,
1050225,2016/17,2016-10-02,Sharjah Cricket Stadium,1,40.4,Pakistan,West Indies,Babar Azam,Sarfraz Ahmed,KA Pollard,2,0,,,,,,,,,
1050225,2016/17,2016-10-02,Sharjah Cricket Stadium,1,40.5,Pakistan,West Indies,Babar Azam,Sarfraz Ahmed,KA Pollard,1,0,,,,,,,,,
1050225,2016/17,2016-10-02,Sharjah Cricket Stadium,1,40.6,Pakistan,West Indies,Sarfraz Ahmed,Babar Azam,KA Pollard,0,0,,,,,,,,,
1050225,2016/17,2016-10-02,Sharjah Cricket Stadium,1,41.1,Pakistan,West Indies,Babar Azam,Sarfraz Ahmed,CR Brathwaite,1,0,,,,,,,,,
1050225,2016/17,2016-10-02,Sharjah Cricket Stadium,1,41.2,Pakistan,West Indies,Sarfraz Ahmed,Babar Azam,CR Brathwaite,1,0,,,,,,,,,
1050225,2016/17,2016-10-02,Sharjah Cricket Stadium,1,41.3,Pakistan,West Indies,Babar Azam,Sarfraz Ahmed,CR Brathwaite,6,0,,,,,,,,,
1050225,2016/17,2016-10-02,Sharjah Cricket Stadium,1,41.4,Pakistan,West Indies,Babar Azam,Sarfraz Ahmed,CR Brathwaite,1,0,,,,,,,,,
1050225,2016/17,2016-10-02,Sharjah Cricket Stadium,1,41.5,Pakistan,West Indies,Sarfraz Ahmed,Babar Azam,CR Brathwaite,1,0,,,,,,,,,
1050225,2016/17,2016-10-02,Sharjah Cricket Stadium,1,41.6,Pakistan,West Indies,Babar Azam,Sarfraz Ahmed,CR Brathwaite,1,0,,,,,,,,,
1050225,2016/17,2016-10-02,Sharjah Cricket Stadium,1,42.1,Pakistan,West Indies,Babar Azam,Sarfraz Ahmed,KA Pollard,2,0,,,,,,,,,
1050225,2016/17,2016-10-02,Sharjah Cricket Stadium,1,42.2,Pakistan,West Indies,Babar Azam,Sarfraz Ahmed,KA Pollard,1,0,,,,,,,,,
1050225,2016/17,2016-10-02,Sharjah Cricket Stadium,1,42.3,Pakistan,West Indies,Sarfraz Ahmed,Babar Azam,KA Pollard,1,0,,,,,,,,,
1050225,2016/17,2016-10-02,Sharjah Cricket Stadium,1,42.4,Pakistan,West Indies,Babar Azam,Sarfraz Ahmed,KA Pollard,1,0,,,,,,,,,
1050225,2016/17,2016-10-02,Sharjah Cricket Stadium,1,42.5,Pakistan,West Indies,Sarfraz Ahmed,Babar Azam,KA Pollard,1,0,,,,,,,,,
1050225,2016/17,2016-10-02,Sharjah Cricket Stadium,1,42.6,Pakistan,West Indies,Babar Azam,Sarfraz Ahmed,KA Pollard,1,0,,,,,,,,,
1050225,2016/17,2016-10-02,Sharjah Cricket Stadium,1,43.1,Pakistan,West Indies,Babar Azam,Sarfraz Ahmed,CR Brathwaite,1,0,,,,,,,,,
1050225,2016/17,2016-10-02,Sharjah Cricket Stadium,1,43.2,Pakistan,West Indies,Sarfraz Ahmed,Babar Azam,CR Brathwaite,4,0,,,,,,,,,
1050225,2016/17,2016-10-02,Sharjah Cricket Stadium,1,43.3,Pakistan,West Indies,Sarfraz Ahmed,Babar Azam,CR Brathwaite,0,1,,,,1,,,,,
1050225,2016/17,2016-10-02,Sharjah Cricket Stadium,1,43.4,Pakistan,West Indies,Babar Azam,Sarfraz Ahmed,CR Brathwaite,4,0,,,,,,,,,
1050225,2016/17,2016-10-02,Sharjah Cricket Stadium,1,43.5,Pakistan,West Indies,Babar Azam,Sarfraz Ahmed,CR Brathwaite,0,0,,,,,,,,,
1050225,2016/17,2016-10-02,Sharjah Cricket Stadium,1,43.6,Pakistan,West Indies,Babar Azam,Sarfraz Ahmed,CR Brathwaite,1,0,,,,,,,,,
1050225,2016/17,2016-10-02,Sharjah Cricket Stadium,1,44.1,Pakistan,West Indies,Babar Azam,Sarfraz Ahmed,KA Pollard,2,0,,,,,,,,,
1050225,2016/17,2016-10-02,Sharjah Cricket Stadium,1,44.2,Pakistan,West Indies,Babar Azam,Sarfraz Ahmed,KA Pollard,1,0,,,,,,,,,
1050225,2016/17,2016-10-02,Sharjah Cricket Stadium,1,44.3,Pakistan,West Indies,Sarfraz Ahmed,Babar Azam,KA Pollard,0,0,,,,,,,,,
1050225,2016/17,2016-10-02,Sharjah Cricket Stadium,1,44.4,Pakistan,West Indies,Sarfraz Ahmed,Babar Azam,KA Pollard,1,0,,,,,,,,,
1050225,2016/17,2016-10-02,Sharjah Cricket Stadium,1,44.5,Pakistan,West Indies,Babar Azam,Sarfraz Ahmed,KA Pollard,1,0,,,,,,,,,
1050225,2016/17,2016-10-02,Sharjah Cricket Stadium,1,44.6,Pakistan,West Indies,Sarfraz Ahmed,Babar Azam,KA Pollard,2,0,,,,,,,,,
1050225,2016/17,2016-10-02,Sharjah Cricket Stadium,1,45.1,Pakistan,West Indies,Babar Azam,Sarfraz Ahmed,AS Joseph,0,0,,,,,,caught,Babar Azam,,
1050225,2016/17,2016-10-02,Sharjah Cricket Stadium,1,45.2,Pakistan,West Indies,Imad Wasim,Sarfraz Ahmed,AS Joseph,1,0,,,,,,,,,
1050225,2016/17,2016-10-02,Sharjah Cricket Stadium,1,45.3,Pakistan,West Indies,Sarfraz Ahmed,Imad Wasim,AS Joseph,0,0,,,,,,,,,
1050225,2016/17,2016-10-02,Sharjah Cricket Stadium,1,45.4,Pakistan,West Indies,Sarfraz Ahmed,Imad Wasim,AS Joseph,2,0,,,,,,,,,
1050225,2016/17,2016-10-02,Sharjah Cricket Stadium,1,45.5,Pakistan,West Indies,Sarfraz Ahmed,Imad Wasim,AS Joseph,1,0,,,,,,,,,
1050225,2016/17,2016-10-02,Sharjah Cricket Stadium,1,45.6,Pakistan,West Indies,Imad Wasim,Sarfraz Ahmed,AS Joseph,1,0,,,,,,,,,
1050225,2016/17,2016-10-02,Sharjah Cricket Stadium,1,46.1,Pakistan,West Indies,Imad Wasim,Sarfraz Ahmed,KA Pollard,1,0,,,,,,,,,
1050225,2016/17,2016-10-02,Sharjah Cricket Stadium,1,46.2,Pakistan,West Indies,Sarfraz Ahmed,Imad Wasim,KA Pollard,4,0,,,,,,,,,
1050225,2016/17,2016-10-02,Sharjah Cricket Stadium,1,46.3,Pakistan,West Indies,Sarfraz Ahmed,Imad Wasim,KA Pollard,2,0,,,,,,,,,
1050225,2016/17,2016-10-02,Sharjah Cricket Stadium,1,46.4,Pakistan,West Indies,Sarfraz Ahmed,Imad Wasim,KA Pollard,4,0,,,,,,,,,
1050225,2016/17,2016-10-02,Sharjah Cricket Stadium,1,46.5,Pakistan,West Indies,Sarfraz Ahmed,Imad Wasim,KA Pollard,4,0,,,,,,,,,
1050225,2016/17,2016-10-02,Sharjah Cricket Stadium,1,46.6,Pakistan,West Indies,Sarfraz Ahmed,Imad Wasim,KA Pollard,4,0,,,,,,,,,
1050225,2016/17,2016-10-02,Sharjah Cricket Stadium,1,47.1,Pakistan,West Indies,Imad Wasim,Sarfraz Ahmed,AS Joseph,2,0,,,,,,,,,
1050225,2016/17,2016-10-02,Sharjah Cricket Stadium,1,47.2,Pakistan,West Indies,Imad Wasim,Sarfraz Ahmed,AS Joseph,1,0,,,,,,,,,
1050225,2016/17,2016-10-02,Sharjah Cricket Stadium,1,47.3,Pakistan,West Indies,Sarfraz Ahmed,Imad Wasim,AS Joseph,0,1,1,,,,,,,,
1050225,2016/17,2016-10-02,Sharjah Cricket Stadium,1,47.4,Pakistan,West Indies,Sarfraz Ahmed,Imad Wasim,AS Joseph,1,0,,,,,,,,,
1050225,2016/17,2016-10-02,Sharjah Cricket Stadium,1,47.5,Pakistan,West Indies,Imad Wasim,Sarfraz Ahmed,AS Joseph,4,0,,,,,,,,,
1050225,2016/17,2016-10-02,Sharjah Cricket Stadium,1,47.6,Pakistan,West Indies,Imad Wasim,Sarfraz Ahmed,AS Joseph,1,0,,,,,,,,,
1050225,2016/17,2016-10-02,Sharjah Cricket Stadium,1,47.7,Pakistan,West Indies,Sarfraz Ahmed,Imad Wasim,AS Joseph,0,1,1,,,,,,,,
1050225,2016/17,2016-10-02,Sharjah Cricket Stadium,1,47.8,Pakistan,West Indies,Sarfraz Ahmed,Imad Wasim,AS Joseph,0,1,1,,,,,,,,
1050225,2016/17,2016-10-02,Sharjah Cricket Stadium,1,47.9,Pakistan,West Indies,Sarfraz Ahmed,Imad Wasim,AS Joseph,1,0,,,,,,,,,
1050225,2016/17,2016-10-02,Sharjah Cricket Stadium,1,48.1,Pakistan,West Indies,Sarfraz Ahmed,Imad Wasim,JO Holder,1,0,,,,,,,,,
1050225,2016/17,2016-10-02,Sharjah Cricket Stadium,1,48.2,Pakistan,West Indies,Imad Wasim,Sarfraz Ahmed,JO Holder,0,0,,,,,,,,,
1050225,2016/17,2016-10-02,Sharjah Cricket Stadium,1,48.3,Pakistan,West Indies,Imad Wasim,Sarfraz Ahmed,JO Holder,0,0,,,,,,bowled,Imad Wasim,,
1050225,2016/17,2016-10-02,Sharjah Cricket Stadium,1,48.4,Pakistan,West Indies,Mohammad Rizwan,Sarfraz Ahmed,JO Holder,2,0,,,,,,,,,
1050225,2016/17,2016-10-02,Sharjah Cricket Stadium,1,48.5,Pakistan,West Indies,Mohammad Rizwan,Sarfraz Ahmed,JO Holder,1,0,,,,,,,,,
1050225,2016/17,2016-10-02,Sharjah Cricket Stadium,1,48.6,Pakistan,West Indies,Sarfraz Ahmed,Mohammad Rizwan,JO Holder,1,0,,,,,,,,,
1050225,2016/17,2016-10-02,Sharjah Cricket Stadium,1,49.1,Pakistan,West Indies,Sarfraz Ahmed,Mohammad Rizwan,AS Joseph,1,0,,,,,,,,,
1050225,2016/17,2016-10-02,Sharjah Cricket Stadium,1,49.2,Pakistan,West Indies,Mohammad Rizwan,Sarfraz Ahmed,AS Joseph,2,0,,,,,,,,,
1050225,2016/17,2016-10-02,Sharjah Cricket Stadium,1,49.3,Pakistan,West Indies,Mohammad Rizwan,Sarfraz Ahmed,AS Joseph,1,0,,,,,,,,,
1050225,2016/17,2016-10-02,Sharjah Cricket Stadium,1,49.4,Pakistan,West Indies,Sarfraz Ahmed,Mohammad Rizwan,AS Joseph,4,0,,,,,,,,,
1050225,2016/17,2016-10-02,Sharjah Cricket Stadium,1,49.5,Pakistan,West Indies,Sarfraz Ahmed,Mohammad Rizwan,AS Joseph,4,0,,,,,,,,,
1050225,2016/17,2016-10-02,Sharjah Cricket Stadium,1,49.6,Pakistan,West Indies,Sarfraz Ahmed,Mohammad Rizwan,AS Joseph,1,0,,,,,,,,,
1050225,2016/17,2016-10-02,Sharjah Cricket Stadium,2,0.1,West Indies,Pakistan,J Charles,KC Brathwaite,Imad Wasim,0,0,,,,,,,,,
1050225,2016/17,2016-10-02,Sharjah Cricket Stadium,2,0.2,West Indies,Pakistan,J Charles,KC Brathwaite,Imad Wasim,0,0,,,,,,,,,
1050225,2016/17,2016-10-02,Sharjah Cricket Stadium,2,0.3,West Indies,Pakistan,J Charles,KC Brathwaite,Imad Wasim,1,0,,,,,,,,,
1050225,2016/17,2016-10-02,Sharjah Cricket Stadium,2,0.4,West Indies,Pakistan,KC Brathwaite,J Charles,Imad Wasim,0,0,,,,,,,,,
1050225,2016/17,2016-10-02,Sharjah Cricket Stadium,2,0.5,West Indies,Pakistan,KC Brathwaite,J Charles,Imad Wasim,1,0,,,,,,,,,
1050225,2016/17,2016-10-02,Sharjah Cricket Stadium,2,0.6,West Indies,Pakistan,J Charles,KC Brathwaite,Imad Wasim,1,0,,,,,,,,,
1050225,2016/17,2016-10-02,Sharjah Cricket Stadium,2,1.1,West Indies,Pakistan,J Charles,KC Brathwaite,Mohammad Amir,0,0,,,,,,,,,
1050225,2016/17,2016-10-02,Sharjah Cricket Stadium,2,1.2,West Indies,Pakistan,J Charles,KC Brathwaite,Mohammad Amir,0,0,,,,,,,,,
1050225,2016/17,2016-10-02,Sharjah Cricket Stadium,2,1.3,West Indies,Pakistan,J Charles,KC Brathwaite,Mohammad Amir,0,0,,,,,,,,,
1050225,2016/17,2016-10-02,Sharjah Cricket Stadium,2,1.4,West Indies,Pakistan,J Charles,KC Brathwaite,Mohammad Amir,0,0,,,,,,caught,J Charles,,
1050225,2016/17,2016-10-02,Sharjah Cricket Stadium,2,1.5,West Indies,Pakistan,DM Bravo,KC Brathwaite,Mohammad Amir,0,1,1,,,,,,,,
1050225,2016/17,2016-10-02,Sharjah Cricket Stadium,2,1.6,West Indies,Pakistan,DM Bravo,KC Brathwaite,Mohammad Amir,0,0,,,,,,,,,
1050225,2016/17,2016-10-02,Sharjah Cricket Stadium,2,1.7,West Indies,Pakistan,DM Bravo,KC Brathwaite,Mohammad Amir,0,0,,,,,,,,,
1050225,2016/17,2016-10-02,Sharjah Cricket Stadium,2,2.1,West Indies,Pakistan,KC Brathwaite,DM Bravo,Imad Wasim,0,0,,,,,,,,,
1050225,2016/17,2016-10-02,Sharjah Cricket Stadium,2,2.2,West Indies,Pakistan,KC Brathwaite,DM Bravo,Imad Wasim,0,0,,,,,,,,,
1050225,2016/17,2016-10-02,Sharjah Cricket Stadium,2,2.3,West Indies,Pakistan,KC Brathwaite,DM Bravo,Imad Wasim,0,0,,,,,,,,,
1050225,2016/17,2016-10-02,Sharjah Cricket Stadium,2,2.4,West Indies,Pakistan,KC Brathwaite,DM Bravo,Imad Wasim,0,0,,,,,,,,,
1050225,2016/17,2016-10-02,Sharjah Cricket Stadium,2,2.5,West Indies,Pakistan,KC Brathwaite,DM Bravo,Imad Wasim,1,0,,,,,,,,,
1050225,2016/17,2016-10-02,Sharjah Cricket Stadium,2,2.6,West Indies,Pakistan,DM Bravo,KC Brathwaite,Imad Wasim,4,0,,,,,,,,,
1050225,2016/17,2016-10-02,Sharjah Cricket Stadium,2,3.1,West Indies,Pakistan,KC Brathwaite,DM Bravo,Mohammad Amir,1,0,,,,,,,,,
1050225,2016/17,2016-10-02,Sharjah Cricket Stadium,2,3.2,West Indies,Pakistan,DM Bravo,KC Brathwaite,Mohammad Amir,1,0,,,,,,,,,
1050225,2016/17,2016-10-02,Sharjah Cricket Stadium,2,3.3,West Indies,Pakistan,KC Brathwaite,DM Bravo,Mohammad Amir,1,0,,,,,,,,,
1050225,2016/17,2016-10-02,Sharjah Cricket Stadium,2,3.4,West Indies,Pakistan,DM Bravo,KC Brathwaite,Mohammad Amir,0,0,,,,,,,,,
1050225,2016/17,2016-10-02,Sharjah Cricket Stadium,2,3.5,West Indies,Pakistan,DM Bravo,KC Brathwaite,Mohammad Amir,1,0,,,,,,,,,
1050225,2016/17,2016-10-02,Sharjah Cricket Stadium,2,3.6,West Indies,Pakistan,KC Brathwaite,DM Bravo,Mohammad Amir,1,0,,,,,,,,,
1050225,2016/17,2016-10-02,Sharjah Cricket Stadium,2,4.1,West Indies,Pakistan,KC Brathwaite,DM Bravo,Imad Wasim,0,0,,,,,,,,,
1050225,2016/17,2016-10-02,Sharjah Cricket Stadium,2,4.2,West Indies,Pakistan,KC Brathwaite,DM Bravo,Imad Wasim,0,0,,,,,,,,,
1050225,2016/17,2016-10-02,Sharjah Cricket Stadium,2,4.3,West Indies,Pakistan,KC Brathwaite,DM Bravo,Imad Wasim,0,0,,,,,,,,,
1050225,2016/17,2016-10-02,Sharjah Cricket Stadium,2,4.4,West Indies,Pakistan,KC Brathwaite,DM Bravo,Imad Wasim,0,0,,,,,,,,,
1050225,2016/17,2016-10-02,Sharjah Cricket Stadium,2,4.5,West Indies,Pakistan,KC Brathwaite,DM Bravo,Imad Wasim,2,0,,,,,,,,,
1050225,2016/17,2016-10-02,Sharjah Cricket Stadium,2,4.6,West Indies,Pakistan,KC Brathwaite,DM Bravo,Imad Wasim,1,0,,,,,,,,,
1050225,2016/17,2016-10-02,Sharjah Cricket Stadium,2,5.1,West Indies,Pakistan,KC Brathwaite,DM Bravo,Mohammad Amir,0,0,,,,,,,,,
1050225,2016/17,2016-10-02,Sharjah Cricket Stadium,2,5.2,West Indies,Pakistan,KC Brathwaite,DM Bravo,Mohammad Amir,4,0,,,,,,,,,
1050225,2016/17,2016-10-02,Sharjah Cricket Stadium,2,5.3,West Indies,Pakistan,KC Brathwaite,DM Bravo,Mohammad Amir,0,0,,,,,,,,,
1050225,2016/17,2016-10-02,Sharjah Cricket Stadium,2,5.4,West Indies,Pakistan,KC Brathwaite,DM Bravo,Mohammad Amir,0,0,,,,,,,,,
1050225,2016/17,2016-10-02,Sharjah Cricket Stadium,2,5.5,West Indies,Pakistan,KC Brathwaite,DM Bravo,Mohammad Amir,1,0,,,,,,,,,
1050225,2016/17,2016-10-02,Sharjah Cricket Stadium,2,5.6,West Indies,Pakistan,DM Bravo,KC Brathwaite,Mohammad Amir,0,0,,,,,,,,,
1050225,2016/17,2016-10-02,Sharjah Cricket Stadium,2,6.1,West Indies,Pakistan,KC Brathwaite,DM Bravo,Imad Wasim,0,0,,,,,,,,,
1050225,2016/17,2016-10-02,Sharjah Cricket Stadium,2,6.2,West Indies,Pakistan,KC Brathwaite,DM Bravo,Imad Wasim,0,0,,,,,,,,,
1050225,2016/17,2016-10-02,Sharjah Cricket Stadium,2,6.3,West Indies,Pakistan,KC Brathwaite,DM Bravo,Imad Wasim,1,0,,,,,,,,,
1050225,2016/17,2016-10-02,Sharjah Cricket Stadium,2,6.4,West Indies,Pakistan,DM Bravo,KC Brathwaite,Imad Wasim,1,0,,,,,,,,,
1050225,2016/17,2016-10-02,Sharjah Cricket Stadium,2,6.5,West Indies,Pakistan,KC Brathwaite,DM Bravo,Imad Wasim,2,0,,,,,,,,,
1050225,2016/17,2016-10-02,Sharjah Cricket Stadium,2,6.6,West Indies,Pakistan,KC Brathwaite,DM Bravo,Imad Wasim,1,0,,,,,,,,,
1050225,2016/17,2016-10-02,Sharjah Cricket Stadium,2,7.1,West Indies,Pakistan,KC Brathwaite,DM Bravo,Mohammad Amir,1,0,,,,,,,,,
1050225,2016/17,2016-10-02,Sharjah Cricket Stadium,2,7.2,West Indies,Pakistan,DM Bravo,KC Brathwaite,Mohammad Amir,0,0,,,,,,,,,
1050225,2016/17,2016-10-02,Sharjah Cricket Stadium,2,7.3,West Indies,Pakistan,DM Bravo,KC Brathwaite,Mohammad Amir,4,0,,,,,,,,,
1050225,2016/17,2016-10-02,Sharjah Cricket Stadium,2,7.4,West Indies,Pakistan,DM Bravo,KC Brathwaite,Mohammad Amir,0,0,,,,,,,,,
1050225,2016/17,2016-10-02,Sharjah Cricket Stadium,2,7.5,West Indies,Pakistan,DM Bravo,KC Brathwaite,Mohammad Amir,4,0,,,,,,,,,
1050225,2016/17,2016-10-02,Sharjah Cricket Stadium,2,7.6,West Indies,Pakistan,DM Bravo,KC Brathwaite,Mohammad Amir,0,0,,,,,,,,,
1050225,2016/17,2016-10-02,Sharjah Cricket Stadium,2,8.1,West Indies,Pakistan,KC Brathwaite,DM Bravo,Hasan Ali,1,0,,,,,,,,,
1050225,2016/17,2016-10-02,Sharjah Cricket Stadium,2,8.2,West Indies,Pakistan,DM Bravo,KC Brathwaite,Hasan Ali,4,0,,,,,,,,,
1050225,2016/17,2016-10-02,Sharjah Cricket Stadium,2,8.3,West Indies,Pakistan,DM Bravo,KC Brathwaite,Hasan Ali,0,0,,,,,,,,,
1050225,2016/17,2016-10-02,Sharjah Cricket Stadium,2,8.4,West Indies,Pakistan,DM Bravo,KC Brathwaite,Hasan Ali,0,0,,,,,,,,,
1050225,2016/17,2016-10-02,Sharjah Cricket Stadium,2,8.5,West Indies,Pakistan,DM Bravo,KC Brathwaite,Hasan Ali,0,0,,,,,,,,,
1050225,2016/17,2016-10-02,Sharjah Cricket Stadium,2,8.6,West Indies,Pakistan,DM Bravo,KC Brathwaite,Hasan Ali,0,2,2,,,,,,,,
1050225,2016/17,2016-10-02,Sharjah Cricket Stadium,2,8.7,West Indies,Pakistan,KC Brathwaite,DM Bravo,Hasan Ali,0,0,,,,,,,,,
1050225,2016/17,2016-10-02,Sharjah Cricket Stadium,2,9.1,West Indies,Pakistan,DM Bravo,KC Brathwaite,Wahab Riaz,0,0,,,,,,,,,
1050225,2016/17,2016-10-02,Sharjah Cricket Stadium,2,9.2,West Indies,Pakistan,DM Bravo,KC Brathwaite,Wahab Riaz,0,0,,,,,,,,,
1050225,2016/17,2016-10-02,Sharjah Cricket Stadium,2,9.3,West Indies,Pakistan,DM Bravo,KC Brathwaite,Wahab Riaz,1,0,,,,,,,,,
1050225,2016/17,2016-10-02,Sharjah Cricket Stadium,2,9.4,West Indies,Pakistan,KC Brathwaite,DM Bravo,Wahab Riaz,0,1,1,,,,,,,,
1050225,2016/17,2016-10-02,Sharjah Cricket Stadium,2,9.5,West Indies,Pakistan,KC Brathwaite,DM Bravo,Wahab Riaz,0,0,,,,,,,,,
1050225,2016/17,2016-10-02,Sharjah Cricket Stadium,2,9.6,West Indies,Pakistan,KC Brathwaite,DM Bravo,Wahab Riaz,1,0,,,,,,,,,
1050225,2016/17,2016-10-02,Sharjah Cricket Stadium,2,9.7,West Indies,Pakistan,DM Bravo,KC Brathwaite,Wahab Riaz,0,0,,,,,,,,,
1050225,2016/17,2016-10-02,Sharjah Cricket Stadium,2,10.1,West Indies,Pakistan,KC Brathwaite,DM Bravo,Hasan Ali,0,0,,,,,,,,,
1050225,2016/17,2016-10-02,Sharjah Cricket Stadium,2,10.2,West Indies,Pakistan,KC Brathwaite,DM Bravo,Hasan Ali,1,0,,,,,,,,,
1050225,2016/17,2016-10-02,Sharjah Cricket Stadium,2,10.3,West Indies,Pakistan,DM Bravo,KC Brathwaite,Hasan Ali,1,0,,,,,,,,,
1050225,2016/17,2016-10-02,Sharjah Cricket Stadium,2,10.4,West Indies,Pakistan,KC Brathwaite,DM Bravo,Hasan Ali,0,0,,,,,,,,,
1050225,2016/17,2016-10-02,Sharjah Cricket Stadium,2,10.5,West Indies,Pakistan,KC Brathwaite,DM Bravo,Hasan Ali,1,0,,,,,,,,,
1050225,2016/17,2016-10-02,Sharjah Cricket Stadium,2,10.6,West Indies,Pakistan,DM Bravo,KC Brathwaite,Hasan Ali,0,2,,,,2,,,,,
1050225,2016/17,2016-10-02,Sharjah Cricket Stadium,2,11.1,West Indies,Pakistan,KC Brathwaite,DM Bravo,Wahab Riaz,1,0,,,,,,,,,
1050225,2016/17,2016-10-02,Sharjah Cricket Stadium,2,11.2,West Indies,Pakistan,DM Bravo,KC Brathwaite,Wahab Riaz,1,0,,,,,,,,,
1050225,2016/17,2016-10-02,Sharjah Cricket Stadium,2,11.3,West Indies,Pakistan,KC Brathwaite,DM Bravo,Wahab Riaz,1,0,,,,,,,,,
1050225,2016/17,2016-10-02,Sharjah Cricket Stadium,2,11.4,West Indies,Pakistan,DM Bravo,KC Brathwaite,Wahab Riaz,0,0,,,,,,,,,
1050225,2016/17,2016-10-02,Sharjah Cricket Stadium,2,11.5,West Indies,Pakistan,DM Bravo,KC Brathwaite,Wahab Riaz,1,0,,,,,,,,,
1050225,2016/17,2016-10-02,Sharjah Cricket Stadium,2,11.6,West Indies,Pakistan,KC Brathwaite,DM Bravo,Wahab Riaz,0,0,,,,,,,,,
1050225,2016/17,2016-10-02,Sharjah Cricket Stadium,2,12.1,West Indies,Pakistan,DM Bravo,KC Brathwaite,Hasan Ali,0,0,,,,,,,,,
1050225,2016/17,2016-10-02,Sharjah Cricket Stadium,2,12.2,West Indies,Pakistan,DM Bravo,KC Brathwaite,Hasan Ali,0,0,,,,,,,,,
1050225,2016/17,2016-10-02,Sharjah Cricket Stadium,2,12.3,West Indies,Pakistan,DM Bravo,KC Brathwaite,Hasan Ali,0,0,,,,,,,,,
1050225,2016/17,2016-10-02,Sharjah Cricket Stadium,2,12.4,West Indies,Pakistan,DM Bravo,KC Brathwaite,Hasan Ali,2,0,,,,,,,,,
1050225,2016/17,2016-10-02,Sharjah Cricket Stadium,2,12.5,West Indies,Pakistan,DM Bravo,KC Brathwaite,Hasan Ali,0,0,,,,,,,,,
1050225,2016/17,2016-10-02,Sharjah Cricket Stadium,2,12.6,West Indies,Pakistan,DM Bravo,KC Brathwaite,Hasan Ali,4,0,,,,,,,,,
1050225,2016/17,2016-10-02,Sharjah Cricket Stadium,2,13.1,West Indies,Pakistan,KC Brathwaite,DM Bravo,Wahab Riaz,0,0,,,,,,,,,
1050225,2016/17,2016-10-02,Sharjah Cricket Stadium,2,13.2,West Indies,Pakistan,KC Brathwaite,DM Bravo,Wahab Riaz,4,0,,,,,,,,,
1050225,2016/17,2016-10-02,Sharjah Cricket Stadium,2,13.3,West Indies,Pakistan,KC Brathwaite,DM Bravo,Wahab Riaz,0,0,,,,,,,,,
1050225,2016/17,2016-10-02,Sharjah Cricket Stadium,2,13.4,West Indies,Pakistan,KC Brathwaite,DM Bravo,Wahab Riaz,0,0,,,,,,,,,
1050225,2016/17,2016-10-02,Sharjah Cricket Stadium,2,13.5,West Indies,Pakistan,KC Brathwaite,DM Bravo,Wahab Riaz,0,0,,,,,,,,,
1050225,2016/17,2016-10-02,Sharjah Cricket Stadium,2,13.6,West Indies,Pakistan,KC Brathwaite,DM Bravo,Wahab Riaz,0,0,,,,,,,,,
1050225,2016/17,2016-10-02,Sharjah Cricket Stadium,2,14.1,West Indies,Pakistan,DM Bravo,KC Brathwaite,Hasan Ali,2,0,,,,,,,,,
1050225,2016/17,2016-10-02,Sharjah Cricket Stadium,2,14.2,West Indies,Pakistan,DM Bravo,KC Brathwaite,Hasan Ali,0,0,,,,,,,,,
1050225,2016/17,2016-10-02,Sharjah Cricket Stadium,2,14.3,West Indies,Pakistan,DM Bravo,KC Brathwaite,Hasan Ali,0,0,,,,,,,,,
1050225,2016/17,2016-10-02,Sharjah Cricket Stadium,2,14.4,West Indies,Pakistan,DM Bravo,KC Brathwaite,Hasan Ali,0,0,,,,,,,,,
1050225,2016/17,2016-10-02,Sharjah Cricket Stadium,2,14.5,West Indies,Pakistan,DM Bravo,KC Brathwaite,Hasan Ali,1,0,,,,,,,,,
1050225,2016/17,2016-10-02,Sharjah Cricket Stadium,2,14.6,West Indies,Pakistan,KC Brathwaite,DM Bravo,Hasan Ali,1,0,,,,,,,,,
1050225,2016/17,2016-10-02,Sharjah Cricket Stadium,2,15.1,West Indies,Pakistan,KC Brathwaite,DM Bravo,Shoaib Malik,0,1,,,,1,,,,,
1050225,2016/17,2016-10-02,Sharjah Cricket Stadium,2,15.2,West Indies,Pakistan,DM Bravo,KC Brathwaite,Shoaib Malik,0,0,,,,,,,,,
1050225,2016/17,2016-10-02,Sharjah Cricket Stadium,2,15.3,West Indies,Pakistan,DM Bravo,KC Brathwaite,Shoaib Malik,0,0,,,,,,,,,
1050225,2016/17,2016-10-02,Sharjah Cricket Stadium,2,15.4,West Indies,Pakistan,DM Bravo,KC Brathwaite,Shoaib Malik,0,0,,,,,,,,,
1050225,2016/17,2016-10-02,Sharjah Cricket Stadium,2,15.5,West Indies,Pakistan,DM Bravo,KC Brathwaite,Shoaib Malik,0,0,,,,,,,,,
1050225,2016/17,2016-10-02,Sharjah Cricket Stadium,2,15.6,West Indies,Pakistan,DM Bravo,KC Brathwaite,Shoaib Malik,0,0,,,,,,,,,
1050225,2016/17,2016-10-02,Sharjah Cricket Stadium,2,16.1,West Indies,Pakistan,KC Brathwaite,DM Bravo,Mohammad Nawaz (3),0,0,,,,,,,,,
1050225,2016/17,2016-10-02,Sharjah Cricket Stadium,2,16.2,West Indies,Pakistan,KC Brathwaite,DM Bravo,Mohammad Nawaz (3),0,0,,,,,,,,,
1050225,2016/17,2016-10-02,Sharjah Cricket Stadium,2,16.3,West Indies,Pakistan,KC Brathwaite,DM Bravo,Mohammad Nawaz (3),0,0,,,,,,,,,
1050225,2016/17,2016-10-02,Sharjah Cricket Stadium,2,16.4,West Indies,Pakistan,KC Brathwaite,DM Bravo,Mohammad Nawaz (3),0,0,,,,,,,,,
1050225,2016/17,2016-10-02,Sharjah Cricket Stadium,2,16.5,West Indies,Pakistan,KC Brathwaite,DM Bravo,Mohammad Nawaz (3),1,0,,,,,,,,,
1050225,2016/17,2016-10-02,Sharjah Cricket Stadium,2,16.6,West Indies,Pakistan,DM Bravo,KC Brathwaite,Mohammad Nawaz (3),0,0,,,,,,,,,
1050225,2016/17,2016-10-02,Sharjah Cricket Stadium,2,17.1,West Indies,Pakistan,KC Brathwaite,DM Bravo,Shoaib Malik,0,0,,,,,,,,,
1050225,2016/17,2016-10-02,Sharjah Cricket Stadium,2,17.2,West Indies,Pakistan,KC Brathwaite,DM Bravo,Shoaib Malik,1,0,,,,,,,,,
1050225,2016/17,2016-10-02,Sharjah Cricket Stadium,2,17.3,West Indies,Pakistan,DM Bravo,KC Brathwaite,Shoaib Malik,1,0,,,,,,,,,
1050225,2016/17,2016-10-02,Sharjah Cricket Stadium,2,17.4,West Indies,Pakistan,KC Brathwaite,DM Bravo,Shoaib Malik,0,0,,,,,,,,,
1050225,2016/17,2016-10-02,Sharjah Cricket Stadium,2,17.5,West Indies,Pakistan,KC Brathwaite,DM Bravo,Shoaib Malik,0,0,,,,,,,,,
1050225,2016/17,2016-10-02,Sharjah Cricket Stadium,2,17.6,West Indies,Pakistan,KC Brathwaite,DM Bravo,Shoaib Malik,0,0,,,,,,,,,
1050225,2016/17,2016-10-02,Sharjah Cricket Stadium,2,18.1,West Indies,Pakistan,DM Bravo,KC Brathwaite,Mohammad Nawaz (3),2,0,,,,,,,,,
1050225,2016/17,2016-10-02,Sharjah Cricket Stadium,2,18.2,West Indies,Pakistan,DM Bravo,KC Brathwaite,Mohammad Nawaz (3),0,0,,,,,,,,,
1050225,2016/17,2016-10-02,Sharjah Cricket Stadium,2,18.3,West Indies,Pakistan,DM Bravo,KC Brathwaite,Mohammad Nawaz (3),1,0,,,,,,,,,
1050225,2016/17,2016-10-02,Sharjah Cricket Stadium,2,18.4,West Indies,Pakistan,KC Brathwaite,DM Bravo,Mohammad Nawaz (3),1,0,,,,,,,,,
1050225,2016/17,2016-10-02,Sharjah Cricket Stadium,2,18.5,West Indies,Pakistan,DM Bravo,KC Brathwaite,Mohammad Nawaz (3),0,0,,,,,,,,,
1050225,2016/17,2016-10-02,Sharjah Cricket Stadium,2,18.6,West Indies,Pakistan,DM Bravo,KC Brathwaite,Mohammad Nawaz (3),0,0,,,,,,,,,
1050225,2016/17,2016-10-02,Sharjah Cricket Stadium,2,19.1,West Indies,Pakistan,KC Brathwaite,DM Bravo,Shoaib Malik,0,0,,,,,,,,,
1050225,2016/17,2016-10-02,Sharjah Cricket Stadium,2,19.2,West Indies,Pakistan,KC Brathwaite,DM Bravo,Shoaib Malik,0,0,,,,,,,,,
1050225,2016/17,2016-10-02,Sharjah Cricket Stadium,2,19.3,West Indies,Pakistan,KC Brathwaite,DM Bravo,Shoaib Malik,4,0,,,,,,,,,
1050225,2016/17,2016-10-02,Sharjah Cricket Stadium,2,19.4,West Indies,Pakistan,KC Brathwaite,DM Bravo,Shoaib Malik,1,0,,,,,,,,,
1050225,2016/17,2016-10-02,Sharjah Cricket Stadium,2,19.5,West Indies,Pakistan,DM Bravo,KC Brathwaite,Shoaib Malik,1,0,,,,,,,,,
1050225,2016/17,2016-10-02,Sharjah Cricket Stadium,2,19.6,West Indies,Pakistan,KC Brathwaite,DM Bravo,Shoaib Malik,1,0,,,,,,,,,
1050225,2016/17,2016-10-02,Sharjah Cricket Stadium,2,20.1,West Indies,Pakistan,KC Brathwaite,DM Bravo,Mohammad Nawaz (3),0,0,,,,,,,,,
1050225,2016/17,2016-10-02,Sharjah Cricket Stadium,2,20.2,West Indies,Pakistan,KC Brathwaite,DM Bravo,Mohammad Nawaz (3),1,0,,,,,,,,,
1050225,2016/17,2016-10-02,Sharjah Cricket Stadium,2,20.3,West Indies,Pakistan,DM Bravo,KC Brathwaite,Mohammad Nawaz (3),0,1,1,,,,,,,,
1050225,2016/17,2016-10-02,Sharjah Cricket Stadium,2,20.4,West Indies,Pakistan,DM Bravo,KC Brathwaite,Mohammad Nawaz (3),6,0,,,,,,,,,
1050225,2016/17,2016-10-02,Sharjah Cricket Stadium,2,20.5,West Indies,Pakistan,DM Bravo,KC Brathwaite,Mohammad Nawaz (3),0,0,,,,,,,,,
1050225,2016/17,2016-10-02,Sharjah Cricket Stadium,2,20.6,West Indies,Pakistan,DM Bravo,KC Brathwaite,Mohammad Nawaz (3),0,0,,,,,,,,,
1050225,2016/17,2016-10-02,Sharjah Cricket Stadium,2,20.7,West Indies,Pakistan,DM Bravo,KC Brathwaite,Mohammad Nawaz (3),0,0,,,,,,,,,
1050225,2016/17,2016-10-02,Sharjah Cricket Stadium,2,21.1,West Indies,Pakistan,KC Brathwaite,DM Bravo,Shoaib Malik,0,0,,,,,,,,,
1050225,2016/17,2016-10-02,Sharjah Cricket Stadium,2,21.2,West Indies,Pakistan,KC Brathwaite,DM Bravo,Shoaib Malik,0,0,,,,,,run out,KC Brathwaite,,
1050225,2016/17,2016-10-02,Sharjah Cricket Stadium,2,21.3,West Indies,Pakistan,MN Samuels,DM Bravo,Shoaib Malik,0,0,,,,,,,,,
1050225,2016/17,2016-10-02,Sharjah Cricket Stadium,2,21.4,West Indies,Pakistan,MN Samuels,DM Bravo,Shoaib Malik,0,0,,,,,,,,,
1050225,2016/17,2016-10-02,Sharjah Cricket Stadium,2,21.5,West Indies,Pakistan,MN Samuels,DM Bravo,Shoaib Malik,0,0,,,,,,,,,
1050225,2016/17,2016-10-02,Sharjah Cricket Stadium,2,21.6,West Indies,Pakistan,MN Samuels,DM Bravo,Shoaib Malik,0,0,,,,,,,,,
1050225,2016/17,2016-10-02,Sharjah Cricket Stadium,2,22.1,West Indies,Pakistan,DM Bravo,MN Samuels,Mohammad Nawaz (3),1,0,,,,,,,,,
1050225,2016/17,2016-10-02,Sharjah Cricket Stadium,2,22.2,West Indies,Pakistan,MN Samuels,DM Bravo,Mohammad Nawaz (3),0,0,,,,,,,,,
1050225,2016/17,2016-10-02,Sharjah Cricket Stadium,2,22.3,West Indies,Pakistan,MN Samuels,DM Bravo,Mohammad Nawaz (3),0,0,,,,,,,,,
1050225,2016/17,2016-10-02,Sharjah Cricket Stadium,2,22.4,West Indies,Pakistan,MN Samuels,DM Bravo,Mohammad Nawaz (3),0,0,,,,,,,,,
1050225,2016/17,2016-10-02,Sharjah Cricket Stadium,2,22.5,West Indies,Pakistan,MN Samuels,DM Bravo,Mohammad Nawaz (3),1,0,,,,,,,,,
1050225,2016/17,2016-10-02,Sharjah Cricket Stadium,2,22.6,West Indies,Pakistan,DM Bravo,MN Samuels,Mohammad Nawaz (3),6,0,,,,,,,,,
1050225,2016/17,2016-10-02,Sharjah Cricket Stadium,2,23.1,West Indies,Pakistan,MN Samuels,DM Bravo,Shoaib Malik,1,0,,,,,,,,,
1050225,2016/17,2016-10-02,Sharjah Cricket Stadium,2,23.2,West Indies,Pakistan,DM Bravo,MN Samuels,Shoaib Malik,0,0,,,,,,,,,
1050225,2016/17,2016-10-02,Sharjah Cricket Stadium,2,23.3,West Indies,Pakistan,DM Bravo,MN Samuels,Shoaib Malik,1,0,,,,,,,,,
1050225,2016/17,2016-10-02,Sharjah Cricket Stadium,2,23.4,West Indies,Pakistan,MN Samuels,DM Bravo,Shoaib Malik,4,0,,,,,,,,,
1050225,2016/17,2016-10-02,Sharjah Cricket Stadium,2,23.5,West Indies,Pakistan,MN Samuels,DM Bravo,Shoaib Malik,1,0,,,,,,,,,
1050225,2016/17,2016-10-02,Sharjah Cricket Stadium,2,23.6,West Indies,Pakistan,DM Bravo,MN Samuels,Shoaib Malik,0,0,,,,,,,,,
1050225,2016/17,2016-10-02,Sharjah Cricket Stadium,2,24.1,West Indies,Pakistan,MN Samuels,DM Bravo,Imad Wasim,0,0,,,,,,,,,
1050225,2016/17,2016-10-02,Sharjah Cricket Stadium,2,24.2,West Indies,Pakistan,MN Samuels,DM Bravo,Imad Wasim,0,0,,,,,,,,,
1050225,2016/17,2016-10-02,Sharjah Cricket Stadium,2,24.3,West Indies,Pakistan,MN Samuels,DM Bravo,Imad Wasim,1,0,,,,,,,,,
1050225,2016/17,2016-10-02,Sharjah Cricket Stadium,2,24.4,West Indies,Pakistan,DM Bravo,MN Samuels,Imad Wasim,0,1,,,,1,,,,,
1050225,2016/17,2016-10-02,Sharjah Cricket Stadium,2,24.5,West Indies,Pakistan,MN Samuels,DM Bravo,Imad Wasim,0,0,,,,,,,,,
1050225,2016/17,2016-10-02,Sharjah Cricket Stadium,2,24.6,West Indies,Pakistan,MN Samuels,DM Bravo,Imad Wasim,1,0,,,,,,,,,
1050225,2016/17,2016-10-02,Sharjah Cricket Stadium,2,25.1,West Indies,Pakistan,MN Samuels,DM Bravo,Mohammad Amir,1,0,,,,,,,,,
1050225,2016/17,2016-10-02,Sharjah Cricket Stadium,2,25.2,West Indies,Pakistan,DM Bravo,MN Samuels,Mohammad Amir,0,0,,,,,,,,,
1050225,2016/17,2016-10-02,Sharjah Cricket Stadium,2,25.3,West Indies,Pakistan,DM Bravo,MN Samuels,Mohammad Amir,0,0,,,,,,,,,
1050225,2016/17,2016-10-02,Sharjah Cricket Stadium,2,25.4,West Indies,Pakistan,DM Bravo,MN Samuels,Mohammad Amir,1,0,,,,,,,,,
1050225,2016/17,2016-10-02,Sharjah Cricket Stadium,2,25.5,West Indies,Pakistan,MN Samuels,DM Bravo,Mohammad Amir,1,0,,,,,,,,,
1050225,2016/17,2016-10-02,Sharjah Cricket Stadium,2,25.6,West Indies,Pakistan,DM Bravo,MN Samuels,Mohammad Amir,0,0,,,,,,,,,
1050225,2016/17,2016-10-02,Sharjah Cricket Stadium,2,26.1,West Indies,Pakistan,MN Samuels,DM Bravo,Imad Wasim,1,0,,,,,,,,,
1050225,2016/17,2016-10-02,Sharjah Cricket Stadium,2,26.2,West Indies,Pakistan,DM Bravo,MN Samuels,Imad Wasim,0,0,,,,,,,,,
1050225,2016/17,2016-10-02,Sharjah Cricket Stadium,2,26.3,West Indies,Pakistan,DM Bravo,MN Samuels,Imad Wasim,0,0,,,,,,,,,
1050225,2016/17,2016-10-02,Sharjah Cricket Stadium,2,26.4,West Indies,Pakistan,DM Bravo,MN Samuels,Imad Wasim,0,0,,,,,,,,,
1050225,2016/17,2016-10-02,Sharjah Cricket Stadium,2,26.5,West Indies,Pakistan,DM Bravo,MN Samuels,Imad Wasim,6,0,,,,,,,,,
1050225,2016/17,2016-10-02,Sharjah Cricket Stadium,2,26.6,West Indies,Pakistan,DM Bravo,MN Samuels,Imad Wasim,1,0,,,,,,,,,
1050225,2016/17,2016-10-02,Sharjah Cricket Stadium,2,27.1,West Indies,Pakistan,DM Bravo,MN Samuels,Mohammad Amir,1,0,,,,,,,,,
1050225,2016/17,2016-10-02,Sharjah Cricket Stadium,2,27.2,West Indies,Pakistan,MN Samuels,DM Bravo,Mohammad Amir,1,0,,,,,,,,,
1050225,2016/17,2016-10-02,Sharjah Cricket Stadium,2,27.3,West Indies,Pakistan,DM Bravo,MN Samuels,Mohammad Amir,0,0,,,,,,,,,
1050225,2016/17,2016-10-02,Sharjah Cricket Stadium,2,27.4,West Indies,Pakistan,DM Bravo,MN Samuels,Mohammad Amir,0,0,,,,,,,,,
1050225,2016/17,2016-10-02,Sharjah Cricket Stadium,2,27.5,West Indies,Pakistan,DM Bravo,MN Samuels,Mohammad Amir,1,0,,,,,,,,,
1050225,2016/17,2016-10-02,Sharjah Cricket Stadium,2,27.6,West Indies,Pakistan,MN Samuels,DM Bravo,Mohammad Amir,0,1,1,,,,,,,,
1050225,2016/17,2016-10-02,Sharjah Cricket Stadium,2,27.7,West Indies,Pakistan,MN Samuels,DM Bravo,Mohammad Amir,1,0,,,,,,,,,
1050225,2016/17,2016-10-02,Sharjah Cricket Stadium,2,28.1,West Indies,Pakistan,MN Samuels,DM Bravo,Hasan Ali,0,0,,,,,,,,,
1050225,2016/17,2016-10-02,Sharjah Cricket Stadium,2,28.2,West Indies,Pakistan,MN Samuels,DM Bravo,Hasan Ali,1,0,,,,,,,,,
1050225,2016/17,2016-10-02,Sharjah Cricket Stadium,2,28.3,West Indies,Pakistan,DM Bravo,MN Samuels,Hasan Ali,0,0,,,,,,run out,DM Bravo,,
1050225,2016/17,2016-10-02,Sharjah Cricket Stadium,2,28.4,West Indies,Pakistan,MN Samuels,D Ramdin,Hasan Ali,0,0,,,,,,,,,
1050225,2016/17,2016-10-02,Sharjah Cricket Stadium,2,28.5,West Indies,Pakistan,MN Samuels,D Ramdin,Hasan Ali,2,0,,,,,,,,,
1050225,2016/17,2016-10-02,Sharjah Cricket Stadium,2,28.6,West Indies,Pakistan,MN Samuels,D Ramdin,Hasan Ali,0,0,,,,,,,,,
1050225,2016/17,2016-10-02,Sharjah Cricket Stadium,2,29.1,West Indies,Pakistan,D Ramdin,MN Samuels,Mohammad Nawaz (3),1,0,,,,,,,,,
1050225,2016/17,2016-10-02,Sharjah Cricket Stadium,2,29.2,West Indies,Pakistan,MN Samuels,D Ramdin,Mohammad Nawaz (3),1,0,,,,,,,,,
1050225,2016/17,2016-10-02,Sharjah Cricket Stadium,2,29.3,West Indies,Pakistan,D Ramdin,MN Samuels,Mohammad Nawaz (3),1,0,,,,,,,,,
1050225,2016/17,2016-10-02,Sharjah Cricket Stadium,2,29.4,West Indies,Pakistan,MN Samuels,D Ramdin,Mohammad Nawaz (3),1,0,,,,,,,,,
1050225,2016/17,2016-10-02,Sharjah Cricket Stadium,2,29.5,West Indies,Pakistan,D Ramdin,MN Samuels,Mohammad Nawaz (3),1,0,,,,,,,,,
1050225,2016/17,2016-10-02,Sharjah Cricket Stadium,2,29.6,West Indies,Pakistan,MN Samuels,D Ramdin,Mohammad Nawaz (3),1,0,,,,,,,,,
1050225,2016/17,2016-10-02,Sharjah Cricket Stadium,2,30.1,West Indies,Pakistan,MN Samuels,D Ramdin,Hasan Ali,0,0,,,,,,,,,
1050225,2016/17,2016-10-02,Sharjah Cricket Stadium,2,30.2,West Indies,Pakistan,MN Samuels,D Ramdin,Hasan Ali,1,0,,,,,,,,,
1050225,2016/17,2016-10-02,Sharjah Cricket Stadium,2,30.3,West Indies,Pakistan,D Ramdin,MN Samuels,Hasan Ali,1,0,,,,,,,,,
1050225,2016/17,2016-10-02,Sharjah Cricket Stadium,2,30.4,West Indies,Pakistan,MN Samuels,D Ramdin,Hasan Ali,4,0,,,,,,,,,
1050225,2016/17,2016-10-02,Sharjah Cricket Stadium,2,30.5,West Indies,Pakistan,MN Samuels,D Ramdin,Hasan Ali,0,0,,,,,,,,,
1050225,2016/17,2016-10-02,Sharjah Cricket Stadium,2,30.6,West Indies,Pakistan,MN Samuels,D Ramdin,Hasan Ali,0,0,,,,,,,,,
1050225,2016/17,2016-10-02,Sharjah Cricket Stadium,2,31.1,West Indies,Pakistan,D Ramdin,MN Samuels,Mohammad Nawaz (3),0,0,,,,,,,,,
1050225,2016/17,2016-10-02,Sharjah Cricket Stadium,2,31.2,West Indies,Pakistan,D Ramdin,MN Samuels,Mohammad Nawaz (3),1,0,,,,,,,,,
1050225,2016/17,2016-10-02,Sharjah Cricket Stadium,2,31.3,West Indies,Pakistan,MN Samuels,D Ramdin,Mohammad Nawaz (3),4,0,,,,,,,,,
1050225,2016/17,2016-10-02,Sharjah Cricket Stadium,2,31.4,West Indies,Pakistan,MN Samuels,D Ramdin,Mohammad Nawaz (3),1,0,,,,,,,,,
1050225,2016/17,2016-10-02,Sharjah Cricket Stadium,2,31.5,West Indies,Pakistan,D Ramdin,MN Samuels,Mohammad Nawaz (3),2,0,,,,,,,,,
1050225,2016/17,2016-10-02,Sharjah Cricket Stadium,2,31.6,West Indies,Pakistan,D Ramdin,MN Samuels,Mohammad Nawaz (3),0,0,,,,,,,,,
1050225,2016/17,2016-10-02,Sharjah Cricket Stadium,2,32.1,West Indies,Pakistan,MN Samuels,D Ramdin,Imad Wasim,1,0,,,,,,,,,
1050225,2016/17,2016-10-02,Sharjah Cricket Stadium,2,32.2,West Indies,Pakistan,D Ramdin,MN Samuels,Imad Wasim,1,0,,,,,,,,,
1050225,2016/17,2016-10-02,Sharjah Cricket Stadium,2,32.3,West Indies,Pakistan,MN Samuels,D Ramdin,Imad Wasim,6,0,,,,,,,,,
1050225,2016/17,2016-10-02,Sharjah Cricket Stadium,2,32.4,West Indies,Pakistan,MN Samuels,D Ramdin,Imad Wasim,1,0,,,,,,,,,
1050225,2016/17,2016-10-02,Sharjah Cricket Stadium,2,32.5,West Indies,Pakistan,D Ramdin,MN Samuels,Imad Wasim,1,0,,,,,,,,,
1050225,2016/17,2016-10-02,Sharjah Cricket Stadium,2,32.6,West Indies,Pakistan,MN Samuels,D Ramdin,Imad Wasim,6,0,,,,,,,,,
1050225,2016/17,2016-10-02,Sharjah Cricket Stadium,2,33.1,West Indies,Pakistan,D Ramdin,MN Samuels,Wahab Riaz,0,0,,,,,,,,,
1050225,2016/17,2016-10-02,Sharjah Cricket Stadium,2,33.2,West Indies,Pakistan,D Ramdin,MN Samuels,Wahab Riaz,0,0,,,,,,,,,
1050225,2016/17,2016-10-02,Sharjah Cricket Stadium,2,33.3,West Indies,Pakistan,D Ramdin,MN Samuels,Wahab Riaz,1,0,,,,,,,,,
1050225,2016/17,2016-10-02,Sharjah Cricket Stadium,2,33.4,West Indies,Pakistan,MN Samuels,D Ramdin,Wahab Riaz,1,0,,,,,,,,,
1050225,2016/17,2016-10-02,Sharjah Cricket Stadium,2,33.5,West Indies,Pakistan,D Ramdin,MN Samuels,Wahab Riaz,0,0,,,,,,,,,
1050225,2016/17,2016-10-02,Sharjah Cricket Stadium,2,33.6,West Indies,Pakistan,D Ramdin,MN Samuels,Wahab Riaz,1,0,,,,,,,,,
1050225,2016/17,2016-10-02,Sharjah Cricket Stadium,2,34.1,West Indies,Pakistan,D Ramdin,MN Samuels,Imad Wasim,2,0,,,,,,,,,
1050225,2016/17,2016-10-02,Sharjah Cricket Stadium,2,34.2,West Indies,Pakistan,D Ramdin,MN Samuels,Imad Wasim,1,0,,,,,,,,,
1050225,2016/17,2016-10-02,Sharjah Cricket Stadium,2,34.3,West Indies,Pakistan,MN Samuels,D Ramdin,Imad Wasim,1,0,,,,,,,,,
1050225,2016/17,2016-10-02,Sharjah Cricket Stadium,2,34.4,West Indies,Pakistan,D Ramdin,MN Samuels,Imad Wasim,0,0,,,,,,,,,
1050225,2016/17,2016-10-02,Sharjah Cricket Stadium,2,34.5,West Indies,Pakistan,D Ramdin,MN Samuels,Imad Wasim,1,0,,,,,,,,,
1050225,2016/17,2016-10-02,Sharjah Cricket Stadium,2,34.6,West Indies,Pakistan,MN Samuels,D Ramdin,Imad Wasim,1,0,,,,,,,,,
1050225,2016/17,2016-10-02,Sharjah Cricket Stadium,2,35.1,West Indies,Pakistan,MN Samuels,D Ramdin,Wahab Riaz,2,0,,,,,,,,,
1050225,2016/17,2016-10-02,Sharjah Cricket Stadium,2,35.2,West Indies,Pakistan,MN Samuels,D Ramdin,Wahab Riaz,1,0,,,,,,,,,
1050225,2016/17,2016-10-02,Sharjah Cricket Stadium,2,35.3,West Indies,Pakistan,D Ramdin,MN Samuels,Wahab Riaz,2,0,,,,,,,,,
1050225,2016/17,2016-10-02,Sharjah Cricket Stadium,2,35.4,West Indies,Pakistan,D Ramdin,MN Samuels,Wahab Riaz,2,0,,,,,,,,,
1050225,2016/17,2016-10-02,Sharjah Cricket Stadium,2,35.5,West Indies,Pakistan,D Ramdin,MN Samuels,Wahab Riaz,1,0,,,,,,,,,
1050225,2016/17,2016-10-02,Sharjah Cricket Stadium,2,35.6,West Indies,Pakistan,MN Samuels,D Ramdin,Wahab Riaz,1,0,,,,,,,,,
1050225,2016/17,2016-10-02,Sharjah Cricket Stadium,2,36.1,West Indies,Pakistan,MN Samuels,D Ramdin,Hasan Ali,1,0,,,,,,,,,
1050225,2016/17,2016-10-02,Sharjah Cricket Stadium,2,36.2,West Indies,Pakistan,D Ramdin,MN Samuels,Hasan Ali,1,0,,,,,,,,,
1050225,2016/17,2016-10-02,Sharjah Cricket Stadium,2,36.3,West Indies,Pakistan,MN Samuels,D Ramdin,Hasan Ali,0,0,,,,,,,,,
1050225,2016/17,2016-10-02,Sharjah Cricket Stadium,2,36.4,West Indies,Pakistan,MN Samuels,D Ramdin,Hasan Ali,4,0,,,,,,,,,
1050225,2016/17,2016-10-02,Sharjah Cricket Stadium,2,36.5,West Indies,Pakistan,MN Samuels,D Ramdin,Hasan Ali,1,0,,,,,,,,,
1050225,2016/17,2016-10-02,Sharjah Cricket Stadium,2,36.6,West Indies,Pakistan,D Ramdin,MN Samuels,Hasan Ali,4,0,,,,,,,,,
1050225,2016/17,2016-10-02,Sharjah Cricket Stadium,2,37.1,West Indies,Pakistan,MN Samuels,D Ramdin,Wahab Riaz,0,0,,,,,,,,,
1050225,2016/17,2016-10-02,Sharjah Cricket Stadium,2,37.2,West Indies,Pakistan,MN Samuels,D Ramdin,Wahab Riaz,0,0,,,,,,bowled,MN Samuels,,
1050225,2016/17,2016-10-02,Sharjah Cricket Stadium,2,37.3,West Indies,Pakistan,KA Pollard,D Ramdin,Wahab Riaz,0,1,,,,1,,,,,
1050225,2016/17,2016-10-02,Sharjah Cricket Stadium,2,37.4,West Indies,Pakistan,D Ramdin,KA Pollard,Wahab Riaz,1,0,,,,,,,,,
1050225,2016/17,2016-10-02,Sharjah Cricket Stadium,2,37.5,West Indies,Pakistan,KA Pollard,D Ramdin,Wahab Riaz,0,0,,,,,,,,,
1050225,2016/17,2016-10-02,Sharjah Cricket Stadium,2,37.6,West Indies,Pakistan,KA Pollard,D Ramdin,Wahab Riaz,1,0,,,,,,,,,
1050225,2016/17,2016-10-02,Sharjah Cricket Stadium,2,38.1,West Indies,Pakistan,KA Pollard,D Ramdin,Hasan Ali,0,1,,,,1,,,,,
1050225,2016/17,2016-10-02,Sharjah Cricket Stadium,2,38.2,West Indies,Pakistan,D Ramdin,KA Pollard,Hasan Ali,1,0,,,,,,,,,
1050225,2016/17,2016-10-02,Sharjah Cricket Stadium,2,38.3,West Indies,Pakistan,KA Pollard,D Ramdin,Hasan Ali,1,0,,,,,,,,,
1050225,2016/17,2016-10-02,Sharjah Cricket Stadium,2,38.4,West Indies,Pakistan,D Ramdin,KA Pollard,Hasan Ali,1,0,,,,,,,,,
1050225,2016/17,2016-10-02,Sharjah Cricket Stadium,2,38.5,West Indies,Pakistan,KA Pollard,D Ramdin,Hasan Ali,1,0,,,,,,,,,
1050225,2016/17,2016-10-02,Sharjah Cricket Stadium,2,38.6,West Indies,Pakistan,D Ramdin,KA Pollard,Hasan Ali,6,0,,,,,,,,,
1050225,2016/17,2016-10-02,Sharjah Cricket Stadium,2,39.1,West Indies,Pakistan,KA Pollard,D Ramdin,Wahab Riaz,0,1,,,,1,,,,,
1050225,2016/17,2016-10-02,Sharjah Cricket Stadium,2,39.2,West Indies,Pakistan,D Ramdin,KA Pollard,Wahab Riaz,0,0,,,,,,bowled,D Ramdin,,
1050225,2016/17,2016-10-02,Sharjah Cricket Stadium,2,39.3,West Indies,Pakistan,CR Brathwaite,KA Pollard,Wahab Riaz,0,1,1,,,,,,,,
1050225,2016/17,2016-10-02,Sharjah Cricket Stadium,2,39.4,West Indies,Pakistan,CR Brathwaite,KA Pollard,Wahab Riaz,0,1,1,,,,,,,,
1050225,2016/17,2016-10-02,Sharjah Cricket Stadium,2,39.5,West Indies,Pakistan,CR Brathwaite,KA Pollard,Wahab Riaz,0,0,,,,,,,,,
1050225,2016/17,2016-10-02,Sharjah Cricket Stadium,2,39.6,West Indies,Pakistan,CR Brathwaite,KA Pollard,Wahab Riaz,4,0,,,,,,,,,
1050225,2016/17,2016-10-02,Sharjah Cricket Stadium,2,39.7,West Indies,Pakistan,CR Brathwaite,KA Pollard,Wahab Riaz,1,0,,,,,,,,,
1050225,2016/17,2016-10-02,Sharjah Cricket Stadium,2,39.8,West Indies,Pakistan,KA Pollard,CR Brathwaite,Wahab Riaz,1,0,,,,,,,,,
1050225,2016/17,2016-10-02,Sharjah Cricket Stadium,2,40.1,West Indies,Pakistan,KA Pollard,CR Brathwaite,Hasan Ali,1,0,,,,,,,,,
1050225,2016/17,2016-10-02,Sharjah Cricket Stadium,2,40.2,West Indies,Pakistan,CR Brathwaite,KA Pollard,Hasan Ali,1,0,,,,,,,,,
1050225,2016/17,2016-10-02,Sharjah Cricket Stadium,2,40.3,West Indies,Pakistan,KA Pollard,CR Brathwaite,Hasan Ali,1,0,,,,,,,,,
1050225,2016/17,2016-10-02,Sharjah Cricket Stadium,2,40.4,West Indies,Pakistan,CR Brathwaite,KA Pollard,Hasan Ali,1,0,,,,,,,,,
1050225,2016/17,2016-10-02,Sharjah Cricket Stadium,2,40.5,West Indies,Pakistan,KA Pollard,CR Brathwaite,Hasan Ali,1,0,,,,,,,,,
1050225,2016/17,2016-10-02,Sharjah Cricket Stadium,2,40.6,West Indies,Pakistan,CR Brathwaite,KA Pollard,Hasan Ali,1,0,,,,,,,,,
1050225,2016/17,2016-10-02,Sharjah Cricket Stadium,2,41.1,West Indies,Pakistan,CR Brathwaite,KA Pollard,Mohammad Amir,0,1,,,,1,,,,,
1050225,2016/17,2016-10-02,Sharjah Cricket Stadium,2,41.2,West Indies,Pakistan,KA Pollard,CR Brathwaite,Mohammad Amir,1,0,,,,,,,,,
1050225,2016/17,2016-10-02,Sharjah Cricket Stadium,2,41.3,West Indies,Pakistan,CR Brathwaite,KA Pollard,Mohammad Amir,4,0,,,,,,,,,
1050225,2016/17,2016-10-02,Sharjah Cricket Stadium,2,41.4,West Indies,Pakistan,CR Brathwaite,KA Pollard,Mohammad Amir,0,0,,,,,,,,,
1050225,2016/17,2016-10-02,Sharjah Cricket Stadium,2,41.5,West Indies,Pakistan,CR Brathwaite,KA Pollard,Mohammad Amir,2,0,,,,,,,,,
1050225,2016/17,2016-10-02,Sharjah Cricket Stadium,2,41.6,West Indies,Pakistan,CR Brathwaite,KA Pollard,Mohammad Amir,0,0,,,,,,,,,
1050225,2016/17,2016-10-02,Sharjah Cricket Stadium,2,42.1,West Indies,Pakistan,KA Pollard,CR Brathwaite,Wahab Riaz,0,0,,,,,,run out,CR Brathwaite,,
1050225,2016/17,2016-10-02,Sharjah Cricket Stadium,2,42.2,West Indies,Pakistan,KA Pollard,JO Holder,Wahab Riaz,1,0,,,,,,,,,
1050225,2016/17,2016-10-02,Sharjah Cricket Stadium,2,42.3,West Indies,Pakistan,JO Holder,KA Pollard,Wahab Riaz,0,0,,,,,,,,,
1050225,2016/17,2016-10-02,Sharjah Cricket Stadium,2,42.4,West Indies,Pakistan,JO Holder,KA Pollard,Wahab Riaz,1,0,,,,,,,,,
1050225,2016/17,2016-10-02,Sharjah Cricket Stadium,2,42.5,West Indies,Pakistan,KA Pollard,JO Holder,Wahab Riaz,0,0,,,,,,,,,
1050225,2016/17,2016-10-02,Sharjah Cricket Stadium,2,42.6,West Indies,Pakistan,KA Pollard,JO Holder,Wahab Riaz,0,0,,,,,,,,,
1050225,2016/17,2016-10-02,Sharjah Cricket Stadium,2,43.1,West Indies,Pakistan,JO Holder,KA Pollard,Imad Wasim,4,0,,,,,,,,,
1050225,2016/17,2016-10-02,Sharjah Cricket Stadium,2,43.2,West Indies,Pakistan,JO Holder,KA Pollard,Imad Wasim,1,0,,,,,,,,,
1050225,2016/17,2016-10-02,Sharjah Cricket Stadium,2,43.3,West Indies,Pakistan,KA Pollard,JO Holder,Imad Wasim,2,0,,,,,,,,,
1050225,2016/17,2016-10-02,Sharjah Cricket Stadium,2,43.4,West Indies,Pakistan,KA Pollard,JO Holder,Imad Wasim,1,0,,,,,,,,,
1050225,2016/17,2016-10-02,Sharjah Cricket Stadium,2,43.5,West Indies,Pakistan,JO Holder,KA Pollard,Imad Wasim,2,0,,,,,,,,,
1050225,2016/17,2016-10-02,Sharjah Cricket Stadium,2,43.6,West Indies,Pakistan,JO Holder,KA Pollard,Imad Wasim,1,0,,,,,,,,,
1050225,2016/17,2016-10-02,Sharjah Cricket Stadium,2,44.1,West Indies,Pakistan,JO Holder,KA Pollard,Wahab Riaz,0,0,,,,,,,,,
1050225,2016/17,2016-10-02,Sharjah Cricket Stadium,2,44.2,West Indies,Pakistan,JO Holder,KA Pollard,Wahab Riaz,0,0,,,,,,,,,
1050225,2016/17,2016-10-02,Sharjah Cricket Stadium,2,44.3,West Indies,Pakistan,JO Holder,KA Pollard,Wahab Riaz,1,0,,,,,,,,,
1050225,2016/17,2016-10-02,Sharjah Cricket Stadium,2,44.4,West Indies,Pakistan,KA Pollard,JO Holder,Wahab Riaz,1,0,,,,,,,,,
1050225,2016/17,2016-10-02,Sharjah Cricket Stadium,2,44.5,West Indies,Pakistan,JO Holder,KA Pollard,Wahab Riaz,4,0,,,,,,,,,
1050225,2016/17,2016-10-02,Sharjah Cricket Stadium,2,44.6,West Indies,Pakistan,JO Holder,KA Pollard,Wahab Riaz,1,0,,,,,,,,,
1050225,2016/17,2016-10-02,Sharjah Cricket Stadium,2,45.1,West Indies,Pakistan,JO Holder,KA Pollard,Mohammad Amir,1,0,,,,,,,,,
1050225,2016/17,2016-10-02,Sharjah Cricket Stadium,2,45.2,West Indies,Pakistan,KA Pollard,JO Holder,Mohammad Amir,0,0,,,,,,,,,
1050225,2016/17,2016-10-02,Sharjah Cricket Stadium,2,45.3,West Indies,Pakistan,KA Pollard,JO Holder,Mohammad Amir,1,0,,,,,,,,,
1050225,2016/17,2016-10-02,Sharjah Cricket Stadium,2,45.4,West Indies,Pakistan,JO Holder,KA Pollard,Mohammad Amir,4,0,,,,,,,,,
1050225,2016/17,2016-10-02,Sharjah Cricket Stadium,2,45.5,West Indies,Pakistan,JO Holder,KA Pollard,Mohammad Amir,1,0,,,,,,,,,
1050225,2016/17,2016-10-02,Sharjah Cricket Stadium,2,45.6,West Indies,Pakistan,KA Pollard,JO Holder,Mohammad Amir,0,0,,,,,,,,,
1050225,2016/17,2016-10-02,Sharjah Cricket Stadium,2,46.1,West Indies,Pakistan,JO Holder,KA Pollard,Wahab Riaz,0,0,,,,,,,,,
1050225,2016/17,2016-10-02,Sharjah Cricket Stadium,2,46.2,West Indies,Pakistan,JO Holder,KA Pollard,Wahab Riaz,4,0,,,,,,,,,
1050225,2016/17,2016-10-02,Sharjah Cricket Stadium,2,46.3,West Indies,Pakistan,JO Holder,KA Pollard,Wahab Riaz,1,0,,,,,,,,,
1050225,2016/17,2016-10-02,Sharjah Cricket Stadium,2,46.4,West Indies,Pakistan,KA Pollard,JO Holder,Wahab Riaz,0,0,,,,,,,,,
1050225,2016/17,2016-10-02,Sharjah Cricket Stadium,2,46.5,West Indies,Pakistan,KA Pollard,JO Holder,Wahab Riaz,1,0,,,,,,,,,
1050225,2016/17,2016-10-02,Sharjah Cricket Stadium,2,46.6,West Indies,Pakistan,JO Holder,KA Pollard,Wahab Riaz,0,0,,,,,,,,,
1050225,2016/17,2016-10-02,Sharjah Cricket Stadium,2,47.1,West Indies,Pakistan,KA Pollard,JO Holder,Mohammad Amir,4,0,,,,,,,,,
1050225,2016/17,2016-10-02,Sharjah Cricket Stadium,2,47.2,West Indies,Pakistan,KA Pollard,JO Holder,Mohammad Amir,1,0,,,,,,,,,
1050225,2016/17,2016-10-02,Sharjah Cricket Stadium,2,47.3,West Indies,Pakistan,JO Holder,KA Pollard,Mohammad Amir,0,0,,,,,,,,,
1050225,2016/17,2016-10-02,Sharjah Cricket Stadium,2,47.4,West Indies,Pakistan,JO Holder,KA Pollard,Mohammad Amir,1,0,,,,,,,,,
1050225,2016/17,2016-10-02,Sharjah Cricket Stadium,2,47.5,West Indies,Pakistan,KA Pollard,JO Holder,Mohammad Amir,1,0,,,,,,,,,
1050225,2016/17,2016-10-02,Sharjah Cricket Stadium,2,47.6,West Indies,Pakistan,JO Holder,KA Pollard,Mohammad Amir,0,0,,,,,,,,,
1050225,2016/17,2016-10-02,Sharjah Cricket Stadium,2,48.1,West Indies,Pakistan,KA Pollard,JO Holder,Imad Wasim,1,0,,,,,,,,,
1050225,2016/17,2016-10-02,Sharjah Cricket Stadium,2,48.2,West Indies,Pakistan,JO Holder,KA Pollard,Imad Wasim,1,0,,,,,,,,,
1050225,2016/17,2016-10-02,Sharjah Cricket Stadium,2,48.3,West Indies,Pakistan,KA Pollard,JO Holder,Imad Wasim,0,0,,,,,,caught,KA Pollard,,
1050225,2016/17,2016-10-02,Sharjah Cricket Stadium,2,48.4,West Indies,Pakistan,JO Holder,SP Narine,Imad Wasim,1,0,,,,,,,,,
1050225,2016/17,2016-10-02,Sharjah Cricket Stadium,2,48.5,West Indies,Pakistan,SP Narine,JO Holder,Imad Wasim,0,0,,,,,,,,,
1050225,2016/17,2016-10-02,Sharjah Cricket Stadium,2,48.6,West Indies,Pakistan,SP Narine,JO Holder,Imad Wasim,0,0,,,,,,,,,
1050225,2016/17,2016-10-02,Sharjah Cricket Stadium,2,49.1,West Indies,Pakistan,JO Holder,SP Narine,Mohammad Nawaz (3),0,0,,,,,,,,,
1050225,2016/17,2016-10-02,Sharjah Cricket Stadium,2,49.2,West Indies,Pakistan,JO Holder,SP Narine,Mohammad Nawaz (3),1,0,,,,,,,,,
1050225,2016/17,2016-10-02,Sharjah Cricket Stadium,2,49.3,West Indies,Pakistan,SP Narine,JO Holder,Mohammad Nawaz (3),0,1,1,,,,,,,,
1050225,2016/17,2016-10-02,Sharjah Cricket Stadium,2,49.4,West Indies,Pakistan,SP Narine,JO Holder,Mohammad Nawaz (3),0,0,,,,,,,,,
1050225,2016/17,2016-10-02,Sharjah Cricket Stadium,2,49.5,West Indies,Pakistan,SP Narine,JO Holder,Mohammad Nawaz (3),1,0,,,,,,,,,
1050225,2016/17,2016-10-02,Sharjah Cricket Stadium,2,49.6,West Indies,Pakistan,JO Holder,SP Narine,Mohammad Nawaz (3),1,0,,,,,,,,,
1050225,2016/17,2016-10-02,Sharjah Cricket Stadium,2,49.7,West Indies,Pakistan,SP Narine,JO Holder,Mohammad Nawaz (3),0,0,,,,,,,,,
