match_id,season,start_date,venue,innings,ball,batting_team,bowling_team,striker,non_striker,bowler,runs_off_bat,extras,wides,noballs,byes,legbyes,penalty,wicket_type,player_dismissed,other_wicket_type,other_player_dismissed
1156661,2018,2018-09-01,Sportpark Thurlede,1,0.1,Belgium,Jersey,Aziz Mohammad,Shaheryar Butt,EJB Miles,0,1,,,,1,,,,,
1156661,2018,2018-09-01,Sportpark Thurlede,1,0.2,Belgium,Jersey,Shaheryar Butt,Aziz Mohammad,EJB Miles,0,0,,,,,,,,,
1156661,2018,2018-09-01,Sportpark Thurlede,1,0.3,Belgium,Jersey,Shaheryar Butt,Aziz Mohammad,EJB Miles,0,0,,,,,,,,,
1156661,2018,2018-09-01,Sportpark Thurlede,1,0.4,Belgium,Jersey,Shaheryar Butt,Aziz Mohammad,EJB Miles,0,0,,,,,,,,,
1156661,2018,2018-09-01,Sportpark Thurlede,1,0.5,Belgium,Jersey,Shaheryar Butt,Aziz Mohammad,EJB Miles,0,0,,,,,,,,,
1156661,2018,2018-09-01,Sportpark Thurlede,1,0.6,Belgium,Jersey,Shaheryar Butt,Aziz Mohammad,EJB Miles,0,0,,,,,,,,,
1156661,2018,2018-09-01,Sportpark Thurlede,1,1.1,Belgium,Jersey,Aziz Mohammad,Shaheryar Butt,CW Perchard,1,0,,,,,,,,,
1156661,2018,2018-09-01,Sportpark Thurlede,1,1.2,Belgium,Jersey,Shaheryar Butt,Aziz Mohammad,CW Perchard,0,0,,,,,,,,,
1156661,2018,2018-09-01,Sportpark Thurlede,1,1.3,Belgium,Jersey,Shaheryar Butt,Aziz Mohammad,CW Perchard,0,0,,,,,,,,,
1156661,2018,2018-09-01,Sportpark Thurlede,1,1.4,Belgium,Jersey,Shaheryar Butt,Aziz Mohammad,CW Perchard,1,0,,,,,,,,,
1156661,2018,2018-09-01,Sportpark Thurlede,1,1.5,Belgium,Jersey,Aziz Mohammad,Shaheryar Butt,CW Perchard,0,1,1,,,,,,,,
1156661,2018,2018-09-01,Sportpark Thurlede,1,1.6,Belgium,Jersey,Aziz Mohammad,Shaheryar Butt,CW Perchard,0,0,,,,,,,,,
1156661,2018,2018-09-01,Sportpark Thurlede,1,1.7,Belgium,Jersey,Aziz Mohammad,Shaheryar Butt,CW Perchard,1,0,,,,,,,,,
1156661,2018,2018-09-01,Sportpark Thurlede,1,2.1,Belgium,Jersey,Aziz Mohammad,Shaheryar Butt,J Sumerauer,0,0,,,,,,,,,
1156661,2018,2018-09-01,Sportpark Thurlede,1,2.2,Belgium,Jersey,Aziz Mohammad,Shaheryar Butt,J Sumerauer,0,0,,,,,,,,,
1156661,2018,2018-09-01,Sportpark Thurlede,1,2.3,Belgium,Jersey,Aziz Mohammad,Shaheryar Butt,J Sumerauer,0,0,,,,,,,,,
1156661,2018,2018-09-01,Sportpark Thurlede,1,2.4,Belgium,Jersey,Aziz Mohammad,Shaheryar Butt,J Sumerauer,2,0,,,,,,,,,
1156661,2018,2018-09-01,Sportpark Thurlede,1,2.5,Belgium,Jersey,Aziz Mohammad,Shaheryar Butt,J Sumerauer,0,0,,,,,,,,,
1156661,2018,2018-09-01,Sportpark Thurlede,1,2.6,Belgium,Jersey,Aziz Mohammad,Shaheryar Butt,J Sumerauer,2,0,,,,,,,,,
1156661,2018,2018-09-01,Sportpark Thurlede,1,3.1,Belgium,Jersey,Shaheryar Butt,Aziz Mohammad,EJB Miles,2,0,,,,,,,,,
1156661,2018,2018-09-01,Sportpark Thurlede,1,3.2,Belgium,Jersey,Shaheryar Butt,Aziz Mohammad,EJB Miles,1,0,,,,,,,,,
1156661,2018,2018-09-01,Sportpark Thurlede,1,3.3,Belgium,Jersey,Aziz Mohammad,Shaheryar Butt,EJB Miles,0,0,,,,,,,,,
1156661,2018,2018-09-01,Sportpark Thurlede,1,3.4,Belgium,Jersey,Aziz Mohammad,Shaheryar Butt,EJB Miles,0,0,,,,,,,,,
1156661,2018,2018-09-01,Sportpark Thurlede,1,3.5,Belgium,Jersey,Aziz Mohammad,Shaheryar Butt,EJB Miles,2,0,,,,,,,,,
1156661,2018,2018-09-01,Sportpark Thurlede,1,3.6,Belgium,Jersey,Aziz Mohammad,Shaheryar Butt,EJB Miles,4,0,,,,,,,,,
1156661,2018,2018-09-01,Sportpark Thurlede,1,4.1,Belgium,Jersey,Shaheryar Butt,Aziz Mohammad,J Sumerauer,0,1,,,,1,,,,,
1156661,2018,2018-09-01,Sportpark Thurlede,1,4.2,Belgium,Jersey,Aziz Mohammad,Shaheryar Butt,J Sumerauer,1,0,,,,,,,,,
1156661,2018,2018-09-01,Sportpark Thurlede,1,4.3,Belgium,Jersey,Shaheryar Butt,Aziz Mohammad,J Sumerauer,0,0,,,,,,,,,
1156661,2018,2018-09-01,Sportpark Thurlede,1,4.4,Belgium,Jersey,Shaheryar Butt,Aziz Mohammad,J Sumerauer,0,0,,,,,,,,,
1156661,2018,2018-09-01,Sportpark Thurlede,1,4.5,Belgium,Jersey,Shaheryar Butt,Aziz Mohammad,J Sumerauer,0,0,,,,,,,,,
1156661,2018,2018-09-01,Sportpark Thurlede,1,4.6,Belgium,Jersey,Shaheryar Butt,Aziz Mohammad,J Sumerauer,0,0,,,,,,,,,
1156661,2018,2018-09-01,Sportpark Thurlede,1,5.1,Belgium,Jersey,Aziz Mohammad,Shaheryar Butt,CW Perchard,1,0,,,,,,,,,
1156661,2018,2018-09-01,Sportpark Thurlede,1,5.2,Belgium,Jersey,Shaheryar Butt,Aziz Mohammad,CW Perchard,0,0,,,,,,,,,
1156661,2018,2018-09-01,Sportpark Thurlede,1,5.3,Belgium,Jersey,Shaheryar Butt,Aziz Mohammad,CW Perchard,1,0,,,,,,,,,
1156661,2018,2018-09-01,Sportpark Thurlede,1,5.4,Belgium,Jersey,Aziz Mohammad,Shaheryar Butt,CW Perchard,0,0,,,,,,,,,
1156661,2018,2018-09-01,Sportpark Thurlede,1,5.5,Belgium,Jersey,Aziz Mohammad,Shaheryar Butt,CW Perchard,0,0,,,,,,caught,Aziz Mohammad,,
1156661,2018,2018-09-01,Sportpark Thurlede,1,5.6,Belgium,Jersey,Shaheryar Butt,A Raza,CW Perchard,0,0,,,,,,,,,
1156661,2018,2018-09-01,Sportpark Thurlede,1,6.1,Belgium,Jersey,A Raza,Shaheryar Butt,BDH Stevens,0,0,,,,,,,,,
1156661,2018,2018-09-01,Sportpark Thurlede,1,6.2,Belgium,Jersey,A Raza,Shaheryar Butt,BDH Stevens,0,0,,,,,,,,,
1156661,2018,2018-09-01,Sportpark Thurlede,1,6.3,Belgium,Jersey,A Raza,Shaheryar Butt,BDH Stevens,0,0,,,,,,,,,
1156661,2018,2018-09-01,Sportpark Thurlede,1,6.4,Belgium,Jersey,A Raza,Shaheryar Butt,BDH Stevens,1,0,,,,,,,,,
1156661,2018,2018-09-01,Sportpark Thurlede,1,6.5,Belgium,Jersey,Shaheryar Butt,A Raza,BDH Stevens,0,0,,,,,,,,,
1156661,2018,2018-09-01,Sportpark Thurlede,1,6.6,Belgium,Jersey,Shaheryar Butt,A Raza,BDH Stevens,0,0,,,,,,caught,Shaheryar Butt,,
1156661,2018,2018-09-01,Sportpark Thurlede,1,7.1,Belgium,Jersey,A Raza,F Khaliq,B Ward,0,0,,,,,,,,,
1156661,2018,2018-09-01,Sportpark Thurlede,1,7.2,Belgium,Jersey,A Raza,F Khaliq,B Ward,6,0,,,,,,,,,
1156661,2018,2018-09-01,Sportpark Thurlede,1,7.3,Belgium,Jersey,A Raza,F Khaliq,B Ward,1,0,,,,,,,,,
1156661,2018,2018-09-01,Sportpark Thurlede,1,7.4,Belgium,Jersey,F Khaliq,A Raza,B Ward,1,0,,,,,,,,,
1156661,2018,2018-09-01,Sportpark Thurlede,1,7.5,Belgium,Jersey,A Raza,F Khaliq,B Ward,0,0,,,,,,,,,
1156661,2018,2018-09-01,Sportpark Thurlede,1,7.6,Belgium,Jersey,A Raza,F Khaliq,B Ward,1,0,,,,,,,,,
1156661,2018,2018-09-01,Sportpark Thurlede,1,8.1,Belgium,Jersey,A Raza,F Khaliq,B Kynman,0,0,,,,,,caught,A Raza,,
1156661,2018,2018-09-01,Sportpark Thurlede,1,8.2,Belgium,Jersey,F Khaliq,Mamoon Latif,B Kynman,0,0,,,,,,,,,
1156661,2018,2018-09-01,Sportpark Thurlede,1,8.3,Belgium,Jersey,F Khaliq,Mamoon Latif,B Kynman,1,0,,,,,,,,,
1156661,2018,2018-09-01,Sportpark Thurlede,1,8.4,Belgium,Jersey,Mamoon Latif,F Khaliq,B Kynman,0,0,,,,,,,,,
1156661,2018,2018-09-01,Sportpark Thurlede,1,8.5,Belgium,Jersey,Mamoon Latif,F Khaliq,B Kynman,1,0,,,,,,,,,
1156661,2018,2018-09-01,Sportpark Thurlede,1,8.6,Belgium,Jersey,F Khaliq,Mamoon Latif,B Kynman,1,0,,,,,,,,,
1156661,2018,2018-09-01,Sportpark Thurlede,1,9.1,Belgium,Jersey,F Khaliq,Mamoon Latif,BDH Stevens,0,1,1,,,,,,,,
1156661,2018,2018-09-01,Sportpark Thurlede,1,9.2,Belgium,Jersey,F Khaliq,Mamoon Latif,BDH Stevens,0,0,,,,,,bowled,F Khaliq,,
1156661,2018,2018-09-01,Sportpark Thurlede,1,9.3,Belgium,Jersey,Ashiqullah Said,Mamoon Latif,BDH Stevens,0,0,,,,,,,,,
1156661,2018,2018-09-01,Sportpark Thurlede,1,9.4,Belgium,Jersey,Ashiqullah Said,Mamoon Latif,BDH Stevens,1,0,,,,,,,,,
1156661,2018,2018-09-01,Sportpark Thurlede,1,9.5,Belgium,Jersey,Mamoon Latif,Ashiqullah Said,BDH Stevens,0,0,,,,,,,,,
1156661,2018,2018-09-01,Sportpark Thurlede,1,9.6,Belgium,Jersey,Mamoon Latif,Ashiqullah Said,BDH Stevens,1,0,,,,,,,,,
1156661,2018,2018-09-01,Sportpark Thurlede,1,9.7,Belgium,Jersey,Ashiqullah Said,Mamoon Latif,BDH Stevens,0,0,,,,,,,,,
1156661,2018,2018-09-01,Sportpark Thurlede,1,10.1,Belgium,Jersey,Mamoon Latif,Ashiqullah Said,B Kynman,0,0,,,,,,,,,
1156661,2018,2018-09-01,Sportpark Thurlede,1,10.2,Belgium,Jersey,Mamoon Latif,Ashiqullah Said,B Kynman,1,0,,,,,,,,,
1156661,2018,2018-09-01,Sportpark Thurlede,1,10.3,Belgium,Jersey,Ashiqullah Said,Mamoon Latif,B Kynman,0,0,,,,,,run out,Ashiqullah Said,,
1156661,2018,2018-09-01,Sportpark Thurlede,1,10.4,Belgium,Jersey,S Jamil,Mamoon Latif,B Kynman,0,0,,,,,,,,,
1156661,2018,2018-09-01,Sportpark Thurlede,1,10.5,Belgium,Jersey,S Jamil,Mamoon Latif,B Kynman,0,0,,,,,,lbw,S Jamil,,
1156661,2018,2018-09-01,Sportpark Thurlede,1,10.6,Belgium,Jersey,Abdul Rashid Karim,Mamoon Latif,B Kynman,1,0,,,,,,,,,
1156661,2018,2018-09-01,Sportpark Thurlede,1,11.1,Belgium,Jersey,Abdul Rashid Karim,Mamoon Latif,BDH Stevens,0,0,,,,,,,,,
1156661,2018,2018-09-01,Sportpark Thurlede,1,11.2,Belgium,Jersey,Abdul Rashid Karim,Mamoon Latif,BDH Stevens,1,0,,,,,,,,,
1156661,2018,2018-09-01,Sportpark Thurlede,1,11.3,Belgium,Jersey,Mamoon Latif,Abdul Rashid Karim,BDH Stevens,0,0,,,,,,,,,
1156661,2018,2018-09-01,Sportpark Thurlede,1,11.4,Belgium,Jersey,Mamoon Latif,Abdul Rashid Karim,BDH Stevens,0,0,,,,,,bowled,Mamoon Latif,,
1156661,2018,2018-09-01,Sportpark Thurlede,1,11.5,Belgium,Jersey,Sheraz Sheikh,Abdul Rashid Karim,BDH Stevens,0,0,,,,,,,,,
1156661,2018,2018-09-01,Sportpark Thurlede,1,11.6,Belgium,Jersey,Sheraz Sheikh,Abdul Rashid Karim,BDH Stevens,1,0,,,,,,,,,
1156661,2018,2018-09-01,Sportpark Thurlede,1,12.1,Belgium,Jersey,Sheraz Sheikh,Abdul Rashid Karim,B Kynman,0,0,,,,,,,,,
1156661,2018,2018-09-01,Sportpark Thurlede,1,12.2,Belgium,Jersey,Sheraz Sheikh,Abdul Rashid Karim,B Kynman,0,0,,,,,,,,,
1156661,2018,2018-09-01,Sportpark Thurlede,1,12.3,Belgium,Jersey,Sheraz Sheikh,Abdul Rashid Karim,B Kynman,0,0,,,,,,,,,
1156661,2018,2018-09-01,Sportpark Thurlede,1,12.4,Belgium,Jersey,Sheraz Sheikh,Abdul Rashid Karim,B Kynman,0,0,,,,,,,,,
1156661,2018,2018-09-01,Sportpark Thurlede,1,12.5,Belgium,Jersey,Sheraz Sheikh,Abdul Rashid Karim,B Kynman,1,0,,,,,,,,,
1156661,2018,2018-09-01,Sportpark Thurlede,1,12.6,Belgium,Jersey,Abdul Rashid Karim,Sheraz Sheikh,B Kynman,0,0,,,,,,,,,
1156661,2018,2018-09-01,Sportpark Thurlede,1,13.1,Belgium,Jersey,Sheraz Sheikh,Abdul Rashid Karim,CW Perchard,0,0,,,,,,,,,
1156661,2018,2018-09-01,Sportpark Thurlede,1,13.2,Belgium,Jersey,Sheraz Sheikh,Abdul Rashid Karim,CW Perchard,1,0,,,,,,,,,
1156661,2018,2018-09-01,Sportpark Thurlede,1,13.3,Belgium,Jersey,Abdul Rashid Karim,Sheraz Sheikh,CW Perchard,1,0,,,,,,,,,
1156661,2018,2018-09-01,Sportpark Thurlede,1,13.4,Belgium,Jersey,Sheraz Sheikh,Abdul Rashid Karim,CW Perchard,1,0,,,,,,,,,
1156661,2018,2018-09-01,Sportpark Thurlede,1,13.5,Belgium,Jersey,Abdul Rashid Karim,Sheraz Sheikh,CW Perchard,0,0,,,,,,,,,
1156661,2018,2018-09-01,Sportpark Thurlede,1,13.6,Belgium,Jersey,Abdul Rashid Karim,Sheraz Sheikh,CW Perchard,0,0,,,,,,,,,
1156661,2018,2018-09-01,Sportpark Thurlede,1,14.1,Belgium,Jersey,Sheraz Sheikh,Abdul Rashid Karim,J Sumerauer,1,0,,,,,,,,,
1156661,2018,2018-09-01,Sportpark Thurlede,1,14.2,Belgium,Jersey,Abdul Rashid Karim,Sheraz Sheikh,J Sumerauer,0,1,1,,,,,,,,
1156661,2018,2018-09-01,Sportpark Thurlede,1,14.3,Belgium,Jersey,Abdul Rashid Karim,Sheraz Sheikh,J Sumerauer,6,0,,,,,,,,,
1156661,2018,2018-09-01,Sportpark Thurlede,1,14.4,Belgium,Jersey,Abdul Rashid Karim,Sheraz Sheikh,J Sumerauer,0,0,,,,,,,,,
1156661,2018,2018-09-01,Sportpark Thurlede,1,14.5,Belgium,Jersey,Abdul Rashid Karim,Sheraz Sheikh,J Sumerauer,2,0,,,,,,,,,
1156661,2018,2018-09-01,Sportpark Thurlede,1,14.6,Belgium,Jersey,Abdul Rashid Karim,Sheraz Sheikh,J Sumerauer,1,0,,,,,,,,,
1156661,2018,2018-09-01,Sportpark Thurlede,1,14.7,Belgium,Jersey,Sheraz Sheikh,Abdul Rashid Karim,J Sumerauer,0,0,,,,,,,,,
1156661,2018,2018-09-01,Sportpark Thurlede,1,15.1,Belgium,Jersey,Abdul Rashid Karim,Sheraz Sheikh,BDH Stevens,0,2,2,,,,,,,,
1156661,2018,2018-09-01,Sportpark Thurlede,1,15.2,Belgium,Jersey,Sheraz Sheikh,Abdul Rashid Karim,BDH Stevens,1,0,,,,,,,,,
1156661,2018,2018-09-01,Sportpark Thurlede,1,15.3,Belgium,Jersey,Abdul Rashid Karim,Sheraz Sheikh,BDH Stevens,0,0,,,,,,,,,
1156661,2018,2018-09-01,Sportpark Thurlede,1,15.4,Belgium,Jersey,Abdul Rashid Karim,Sheraz Sheikh,BDH Stevens,0,0,,,,,,,,,
1156661,2018,2018-09-01,Sportpark Thurlede,1,15.5,Belgium,Jersey,Abdul Rashid Karim,Sheraz Sheikh,BDH Stevens,1,0,,,,,,,,,
1156661,2018,2018-09-01,Sportpark Thurlede,1,15.6,Belgium,Jersey,Sheraz Sheikh,Abdul Rashid Karim,BDH Stevens,0,0,,,,,,caught,Sheraz Sheikh,,
1156661,2018,2018-09-01,Sportpark Thurlede,1,15.7,Belgium,Jersey,Saber Zakhil,Abdul Rashid Karim,BDH Stevens,0,0,,,,,,,,,
1156661,2018,2018-09-01,Sportpark Thurlede,1,16.1,Belgium,Jersey,Abdul Rashid Karim,Saber Zakhil,B Kynman,1,0,,,,,,,,,
1156661,2018,2018-09-01,Sportpark Thurlede,1,16.2,Belgium,Jersey,Saber Zakhil,Abdul Rashid Karim,B Kynman,0,0,,,,,,,,,
1156661,2018,2018-09-01,Sportpark Thurlede,1,16.3,Belgium,Jersey,Saber Zakhil,Abdul Rashid Karim,B Kynman,1,0,,,,,,,,,
1156661,2018,2018-09-01,Sportpark Thurlede,1,16.4,Belgium,Jersey,Abdul Rashid Karim,Saber Zakhil,B Kynman,6,0,,,,,,,,,
1156661,2018,2018-09-01,Sportpark Thurlede,1,16.5,Belgium,Jersey,Abdul Rashid Karim,Saber Zakhil,B Kynman,1,0,,,,,,,,,
1156661,2018,2018-09-01,Sportpark Thurlede,1,16.6,Belgium,Jersey,Saber Zakhil,Abdul Rashid Karim,B Kynman,2,0,,,,,,,,,
1156661,2018,2018-09-01,Sportpark Thurlede,1,17.1,Belgium,Jersey,Abdul Rashid Karim,Saber Zakhil,CW Perchard,1,0,,,,,,,,,
1156661,2018,2018-09-01,Sportpark Thurlede,1,17.2,Belgium,Jersey,Saber Zakhil,Abdul Rashid Karim,CW Perchard,1,0,,,,,,,,,
1156661,2018,2018-09-01,Sportpark Thurlede,1,17.3,Belgium,Jersey,Abdul Rashid Karim,Saber Zakhil,CW Perchard,0,0,,,,,,caught,Abdul Rashid Karim,,
1156661,2018,2018-09-01,Sportpark Thurlede,1,17.4,Belgium,Jersey,Reyhan Faiz,Saber Zakhil,CW Perchard,0,0,,,,,,,,,
1156661,2018,2018-09-01,Sportpark Thurlede,1,17.5,Belgium,Jersey,Reyhan Faiz,Saber Zakhil,CW Perchard,0,0,,,,,,,,,
1156661,2018,2018-09-01,Sportpark Thurlede,1,17.6,Belgium,Jersey,Reyhan Faiz,Saber Zakhil,CW Perchard,0,0,,,,,,,,,
1156661,2018,2018-09-01,Sportpark Thurlede,1,18.1,Belgium,Jersey,Saber Zakhil,Reyhan Faiz,J Sumerauer,0,0,,,,,,,,,
1156661,2018,2018-09-01,Sportpark Thurlede,1,18.2,Belgium,Jersey,Saber Zakhil,Reyhan Faiz,J Sumerauer,0,0,,,,,,,,,
1156661,2018,2018-09-01,Sportpark Thurlede,1,18.3,Belgium,Jersey,Saber Zakhil,Reyhan Faiz,J Sumerauer,0,0,,,,,,,,,
1156661,2018,2018-09-01,Sportpark Thurlede,1,18.4,Belgium,Jersey,Saber Zakhil,Reyhan Faiz,J Sumerauer,6,0,,,,,,,,,
1156661,2018,2018-09-01,Sportpark Thurlede,1,18.5,Belgium,Jersey,Saber Zakhil,Reyhan Faiz,J Sumerauer,6,0,,,,,,,,,
1156661,2018,2018-09-01,Sportpark Thurlede,1,18.6,Belgium,Jersey,Saber Zakhil,Reyhan Faiz,J Sumerauer,0,0,,,,,,,,,
1156661,2018,2018-09-01,Sportpark Thurlede,1,19.1,Belgium,Jersey,Reyhan Faiz,Saber Zakhil,EJB Miles,1,0,,,,,,,,,
1156661,2018,2018-09-01,Sportpark Thurlede,1,19.2,Belgium,Jersey,Saber Zakhil,Reyhan Faiz,EJB Miles,2,0,,,,,,,,,
1156661,2018,2018-09-01,Sportpark Thurlede,1,19.3,Belgium,Jersey,Saber Zakhil,Reyhan Faiz,EJB Miles,0,0,,,,,,,,,
1156661,2018,2018-09-01,Sportpark Thurlede,1,19.4,Belgium,Jersey,Saber Zakhil,Reyhan Faiz,EJB Miles,0,0,,,,,,,,,
1156661,2018,2018-09-01,Sportpark Thurlede,1,19.5,Belgium,Jersey,Saber Zakhil,Reyhan Faiz,EJB Miles,0,0,,,,,,caught,Saber Zakhil,,
1156661,2018,2018-09-01,Sportpark Thurlede,2,0.1,Jersey,Belgium,B Ward,C Bisson,F Khaliq,2,0,,,,,,,,,
1156661,2018,2018-09-01,Sportpark Thurlede,2,0.2,Jersey,Belgium,B Ward,C Bisson,F Khaliq,0,0,,,,,,,,,
1156661,2018,2018-09-01,Sportpark Thurlede,2,0.3,Jersey,Belgium,B Ward,C Bisson,F Khaliq,0,0,,,,,,bowled,B Ward,,
1156661,2018,2018-09-01,Sportpark Thurlede,2,0.4,Jersey,Belgium,BDH Stevens,C Bisson,F Khaliq,0,0,,,,,,,,,
1156661,2018,2018-09-01,Sportpark Thurlede,2,0.5,Jersey,Belgium,BDH Stevens,C Bisson,F Khaliq,3,0,,,,,,,,,
1156661,2018,2018-09-01,Sportpark Thurlede,2,0.6,Jersey,Belgium,C Bisson,BDH Stevens,F Khaliq,1,0,,,,,,,,,
1156661,2018,2018-09-01,Sportpark Thurlede,2,1.1,Jersey,Belgium,C Bisson,BDH Stevens,Ashiqullah Said,0,1,,1,,,,,,,
1156661,2018,2018-09-01,Sportpark Thurlede,2,1.2,Jersey,Belgium,C Bisson,BDH Stevens,Ashiqullah Said,0,0,,,,,,,,,
1156661,2018,2018-09-01,Sportpark Thurlede,2,1.3,Jersey,Belgium,C Bisson,BDH Stevens,Ashiqullah Said,0,0,,,,,,,,,
1156661,2018,2018-09-01,Sportpark Thurlede,2,1.4,Jersey,Belgium,C Bisson,BDH Stevens,Ashiqullah Said,0,1,1,,,,,,,,
1156661,2018,2018-09-01,Sportpark Thurlede,2,1.5,Jersey,Belgium,C Bisson,BDH Stevens,Ashiqullah Said,0,0,,,,,,,,,
1156661,2018,2018-09-01,Sportpark Thurlede,2,1.6,Jersey,Belgium,C Bisson,BDH Stevens,Ashiqullah Said,0,0,,,,,,,,,
1156661,2018,2018-09-01,Sportpark Thurlede,2,1.7,Jersey,Belgium,C Bisson,BDH Stevens,Ashiqullah Said,4,0,,,,,,,,,
1156661,2018,2018-09-01,Sportpark Thurlede,2,1.8,Jersey,Belgium,C Bisson,BDH Stevens,Ashiqullah Said,0,0,,,,,,,,,
1156661,2018,2018-09-01,Sportpark Thurlede,2,2.1,Jersey,Belgium,BDH Stevens,C Bisson,F Khaliq,0,0,,,,,,,,,
1156661,2018,2018-09-01,Sportpark Thurlede,2,2.2,Jersey,Belgium,BDH Stevens,C Bisson,F Khaliq,0,0,,,,,,,,,
1156661,2018,2018-09-01,Sportpark Thurlede,2,2.3,Jersey,Belgium,BDH Stevens,C Bisson,F Khaliq,0,0,,,,,,,,,
1156661,2018,2018-09-01,Sportpark Thurlede,2,2.4,Jersey,Belgium,BDH Stevens,C Bisson,F Khaliq,4,0,,,,,,,,,
1156661,2018,2018-09-01,Sportpark Thurlede,2,2.5,Jersey,Belgium,BDH Stevens,C Bisson,F Khaliq,6,0,,,,,,,,,
1156661,2018,2018-09-01,Sportpark Thurlede,2,2.6,Jersey,Belgium,BDH Stevens,C Bisson,F Khaliq,0,0,,,,,,,,,
1156661,2018,2018-09-01,Sportpark Thurlede,2,3.1,Jersey,Belgium,C Bisson,BDH Stevens,Aziz Mohammad,2,0,,,,,,,,,
1156661,2018,2018-09-01,Sportpark Thurlede,2,3.2,Jersey,Belgium,C Bisson,BDH Stevens,Aziz Mohammad,6,1,,1,,,,,,,
1156661,2018,2018-09-01,Sportpark Thurlede,2,3.3,Jersey,Belgium,C Bisson,BDH Stevens,Aziz Mohammad,4,0,,,,,,,,,
1156661,2018,2018-09-01,Sportpark Thurlede,2,3.4,Jersey,Belgium,C Bisson,BDH Stevens,Aziz Mohammad,0,0,,,,,,,,,
1156661,2018,2018-09-01,Sportpark Thurlede,2,3.5,Jersey,Belgium,C Bisson,BDH Stevens,Aziz Mohammad,2,0,,,,,,,,,
1156661,2018,2018-09-01,Sportpark Thurlede,2,3.6,Jersey,Belgium,C Bisson,BDH Stevens,Aziz Mohammad,1,0,,,,,,,,,
1156661,2018,2018-09-01,Sportpark Thurlede,2,3.7,Jersey,Belgium,BDH Stevens,JW Jenner,Aziz Mohammad,0,1,,,1,,,,,,
1156661,2018,2018-09-01,Sportpark Thurlede,2,4.1,Jersey,Belgium,BDH Stevens,JW Jenner,Reyhan Faiz,4,0,,,,,,,,,
1156661,2018,2018-09-01,Sportpark Thurlede,2,4.2,Jersey,Belgium,BDH Stevens,JW Jenner,Reyhan Faiz,4,1,,1,,,,,,,
1156661,2018,2018-09-01,Sportpark Thurlede,2,4.3,Jersey,Belgium,BDH Stevens,JW Jenner,Reyhan Faiz,0,0,,,,,,,,,
1156661,2018,2018-09-01,Sportpark Thurlede,2,4.4,Jersey,Belgium,BDH Stevens,JW Jenner,Reyhan Faiz,0,0,,,,,,lbw,BDH Stevens,,
1156661,2018,2018-09-01,Sportpark Thurlede,2,4.5,Jersey,Belgium,H Carlyon,JW Jenner,Reyhan Faiz,0,0,,,,,,,,,
1156661,2018,2018-09-01,Sportpark Thurlede,2,4.6,Jersey,Belgium,H Carlyon,JW Jenner,Reyhan Faiz,1,0,,,,,,,,,
1156661,2018,2018-09-01,Sportpark Thurlede,2,4.7,Jersey,Belgium,JW Jenner,H Carlyon,Reyhan Faiz,4,0,,,,,,,,,
1156661,2018,2018-09-01,Sportpark Thurlede,2,5.1,Jersey,Belgium,H Carlyon,JW Jenner,Sheraz Sheikh,1,0,,,,,,,,,
1156661,2018,2018-09-01,Sportpark Thurlede,2,5.2,Jersey,Belgium,JW Jenner,H Carlyon,Sheraz Sheikh,1,0,,,,,,,,,
1156661,2018,2018-09-01,Sportpark Thurlede,2,5.3,Jersey,Belgium,H Carlyon,JW Jenner,Sheraz Sheikh,2,0,,,,,,,,,
1156661,2018,2018-09-01,Sportpark Thurlede,2,5.4,Jersey,Belgium,H Carlyon,JW Jenner,Sheraz Sheikh,2,0,,,,,,,,,
1156661,2018,2018-09-01,Sportpark Thurlede,2,5.5,Jersey,Belgium,H Carlyon,JW Jenner,Sheraz Sheikh,0,0,,,,,,,,,
1156661,2018,2018-09-01,Sportpark Thurlede,2,5.6,Jersey,Belgium,H Carlyon,JW Jenner,Sheraz Sheikh,0,0,,,,,,,,,
1156661,2018,2018-09-01,Sportpark Thurlede,2,6.1,Jersey,Belgium,JW Jenner,H Carlyon,S Jamil,0,0,,,,,,,,,
1156661,2018,2018-09-01,Sportpark Thurlede,2,6.2,Jersey,Belgium,JW Jenner,H Carlyon,S Jamil,2,0,,,,,,,,,
1156661,2018,2018-09-01,Sportpark Thurlede,2,6.3,Jersey,Belgium,JW Jenner,H Carlyon,S Jamil,0,1,1,,,,,,,,
1156661,2018,2018-09-01,Sportpark Thurlede,2,6.4,Jersey,Belgium,JW Jenner,H Carlyon,S Jamil,0,0,,,,,,,,,
1156661,2018,2018-09-01,Sportpark Thurlede,2,6.5,Jersey,Belgium,JW Jenner,H Carlyon,S Jamil,1,0,,,,,,,,,
1156661,2018,2018-09-01,Sportpark Thurlede,2,6.6,Jersey,Belgium,H Carlyon,JW Jenner,S Jamil,0,0,,,,,,,,,
1156661,2018,2018-09-01,Sportpark Thurlede,2,6.7,Jersey,Belgium,H Carlyon,JW Jenner,S Jamil,1,0,,,,,,,,,
1156661,2018,2018-09-01,Sportpark Thurlede,2,7.1,Jersey,Belgium,H Carlyon,JW Jenner,Sheraz Sheikh,1,0,,,,,,,,,
1156661,2018,2018-09-01,Sportpark Thurlede,2,7.2,Jersey,Belgium,JW Jenner,H Carlyon,Sheraz Sheikh,0,0,,,,,,,,,
1156661,2018,2018-09-01,Sportpark Thurlede,2,7.3,Jersey,Belgium,JW Jenner,H Carlyon,Sheraz Sheikh,0,0,,,,,,,,,
1156661,2018,2018-09-01,Sportpark Thurlede,2,7.4,Jersey,Belgium,JW Jenner,H Carlyon,Sheraz Sheikh,0,0,,,,,,,,,
1156661,2018,2018-09-01,Sportpark Thurlede,2,7.5,Jersey,Belgium,JW Jenner,H Carlyon,Sheraz Sheikh,0,0,,,,,,,,,
1156661,2018,2018-09-01,Sportpark Thurlede,2,7.6,Jersey,Belgium,JW Jenner,H Carlyon,Sheraz Sheikh,0,0,,,,,,,,,
1156661,2018,2018-09-01,Sportpark Thurlede,2,8.1,Jersey,Belgium,H Carlyon,JW Jenner,S Jamil,1,0,,,,,,,,,
1156661,2018,2018-09-01,Sportpark Thurlede,2,8.2,Jersey,Belgium,JW Jenner,H Carlyon,S Jamil,0,0,,,,,,,,,
1156661,2018,2018-09-01,Sportpark Thurlede,2,8.3,Jersey,Belgium,JW Jenner,H Carlyon,S Jamil,1,0,,,,,,,,,
1156661,2018,2018-09-01,Sportpark Thurlede,2,8.4,Jersey,Belgium,H Carlyon,JW Jenner,S Jamil,0,0,,,,,,,,,
1156661,2018,2018-09-01,Sportpark Thurlede,2,8.5,Jersey,Belgium,H Carlyon,JW Jenner,S Jamil,1,0,,,,,,,,,
1156661,2018,2018-09-01,Sportpark Thurlede,2,8.6,Jersey,Belgium,JW Jenner,H Carlyon,S Jamil,4,0,,,,,,,,,
1156661,2018,2018-09-01,Sportpark Thurlede,2,9.1,Jersey,Belgium,H Carlyon,JW Jenner,Sheraz Sheikh,3,0,,,,,,,,,
1156661,2018,2018-09-01,Sportpark Thurlede,2,9.2,Jersey,Belgium,JW Jenner,H Carlyon,Sheraz Sheikh,0,0,,,,,,,,,
1156661,2018,2018-09-01,Sportpark Thurlede,2,9.3,Jersey,Belgium,JW Jenner,H Carlyon,Sheraz Sheikh,0,0,,,,,,,,,
1156661,2018,2018-09-01,Sportpark Thurlede,2,9.4,Jersey,Belgium,JW Jenner,H Carlyon,Sheraz Sheikh,3,0,,,,,,,,,
1156661,2018,2018-09-01,Sportpark Thurlede,2,9.5,Jersey,Belgium,H Carlyon,JW Jenner,Sheraz Sheikh,0,1,1,,,,,,,,
1156661,2018,2018-09-01,Sportpark Thurlede,2,9.6,Jersey,Belgium,H Carlyon,JW Jenner,Sheraz Sheikh,0,0,,,,,,,,,
1156661,2018,2018-09-01,Sportpark Thurlede,2,9.7,Jersey,Belgium,H Carlyon,JW Jenner,Sheraz Sheikh,1,0,,,,,,,,,
1156661,2018,2018-09-01,Sportpark Thurlede,2,10.1,Jersey,Belgium,H Carlyon,JW Jenner,Mamoon Latif,4,0,,,,,,,,,
1156661,2018,2018-09-01,Sportpark Thurlede,2,10.2,Jersey,Belgium,H Carlyon,JW Jenner,Mamoon Latif,1,0,,,,,,,,,
