match_id,season,start_date,venue,innings,ball,batting_team,bowling_team,striker,non_striker,bowler,runs_off_bat,extras,wides,noballs,byes,legbyes,penalty,wicket_type,player_dismissed,other_wicket_type,other_player_dismissed
1156664,2018,2018-09-02,Hazelaarweg,1,0.1,Belgium,Spain,Aziz Mohammad,Mamoon Latif,C Munoz-Mills,1,0,,,,,,,,,
1156664,2018,2018-09-02,Hazelaarweg,1,0.2,Belgium,Spain,Mamoon Latif,Aziz Mohammad,C Munoz-Mills,0,0,,,,,,,,,
1156664,2018,2018-09-02,Hazelaarweg,1,0.3,Belgium,Spain,Mamoon Latif,Aziz Mohammad,C Munoz-Mills,0,0,,,,,,,,,
1156664,2018,2018-09-02,Hazelaarweg,1,0.4,Belgium,Spain,Mamoon Latif,Aziz Mohammad,C Munoz-Mills,0,0,,,,,,,,,
1156664,2018,2018-09-02,Hazelaarweg,1,0.5,Belgium,Spain,Mamoon Latif,Aziz Mohammad,C Munoz-Mills,4,0,,,,,,,,,
1156664,2018,2018-09-02,Hazelaarweg,1,0.6,Belgium,Spain,Mamoon Latif,Aziz Mohammad,C Munoz-Mills,0,0,,,,,,,,,
1156664,2018,2018-09-02,Hazelaarweg,1,1.1,Belgium,Spain,Aziz Mohammad,Mamoon Latif,R Panchal,0,0,,,,,,,,,
1156664,2018,2018-09-02,Hazelaarweg,1,1.2,Belgium,Spain,Aziz Mohammad,Mamoon Latif,R Panchal,1,0,,,,,,,,,
1156664,2018,2018-09-02,Hazelaarweg,1,1.3,Belgium,Spain,Mamoon Latif,Aziz Mohammad,R Panchal,1,0,,,,,,,,,
1156664,2018,2018-09-02,Hazelaarweg,1,1.4,Belgium,Spain,Aziz Mohammad,Mamoon Latif,R Panchal,0,0,,,,,,,,,
1156664,2018,2018-09-02,Hazelaarweg,1,1.5,Belgium,Spain,Aziz Mohammad,Mamoon Latif,R Panchal,4,0,,,,,,,,,
1156664,2018,2018-09-02,Hazelaarweg,1,1.6,Belgium,Spain,Aziz Mohammad,Mamoon Latif,R Panchal,1,0,,,,,,,,,
1156664,2018,2018-09-02,Hazelaarweg,1,2.1,Belgium,Spain,Aziz Mohammad,Mamoon Latif,C Munoz-Mills,0,1,1,,,,,,,,
1156664,2018,2018-09-02,Hazelaarweg,1,2.2,Belgium,Spain,Aziz Mohammad,Mamoon Latif,C Munoz-Mills,0,0,,,,,,,,,
1156664,2018,2018-09-02,Hazelaarweg,1,2.3,Belgium,Spain,Aziz Mohammad,Mamoon Latif,C Munoz-Mills,0,0,,,,,,,,,
1156664,2018,2018-09-02,Hazelaarweg,1,2.4,Belgium,Spain,Aziz Mohammad,Mamoon Latif,C Munoz-Mills,1,0,,,,,,,,,
1156664,2018,2018-09-02,Hazelaarweg,1,2.5,Belgium,Spain,Mamoon Latif,Aziz Mohammad,C Munoz-Mills,0,0,,,,,,caught,Mamoon Latif,,
1156664,2018,2018-09-02,Hazelaarweg,1,2.6,Belgium,Spain,A Raza,Aziz Mohammad,C Munoz-Mills,1,0,,,,,,,,,
1156664,2018,2018-09-02,Hazelaarweg,1,2.7,Belgium,Spain,Aziz Mohammad,A Raza,C Munoz-Mills,0,0,,,,,,,,,
1156664,2018,2018-09-02,Hazelaarweg,1,3.1,Belgium,Spain,A Raza,Aziz Mohammad,R Panchal,1,0,,,,,,,,,
1156664,2018,2018-09-02,Hazelaarweg,1,3.2,Belgium,Spain,Aziz Mohammad,A Raza,R Panchal,0,0,,,,,,,,,
1156664,2018,2018-09-02,Hazelaarweg,1,3.3,Belgium,Spain,Aziz Mohammad,A Raza,R Panchal,4,0,,,,,,,,,
1156664,2018,2018-09-02,Hazelaarweg,1,3.4,Belgium,Spain,Aziz Mohammad,A Raza,R Panchal,2,0,,,,,,,,,
1156664,2018,2018-09-02,Hazelaarweg,1,3.5,Belgium,Spain,Aziz Mohammad,A Raza,R Panchal,0,0,,,,,,,,,
1156664,2018,2018-09-02,Hazelaarweg,1,3.6,Belgium,Spain,Aziz Mohammad,A Raza,R Panchal,4,0,,,,,,,,,
1156664,2018,2018-09-02,Hazelaarweg,1,4.1,Belgium,Spain,A Raza,Aziz Mohammad,C Munoz-Mills,1,0,,,,,,,,,
1156664,2018,2018-09-02,Hazelaarweg,1,4.2,Belgium,Spain,Aziz Mohammad,A Raza,C Munoz-Mills,4,0,,,,,,,,,
1156664,2018,2018-09-02,Hazelaarweg,1,4.3,Belgium,Spain,Aziz Mohammad,A Raza,C Munoz-Mills,0,0,,,,,,,,,
1156664,2018,2018-09-02,Hazelaarweg,1,4.4,Belgium,Spain,Aziz Mohammad,A Raza,C Munoz-Mills,4,0,,,,,,,,,
1156664,2018,2018-09-02,Hazelaarweg,1,4.5,Belgium,Spain,Aziz Mohammad,A Raza,C Munoz-Mills,6,0,,,,,,,,,
1156664,2018,2018-09-02,Hazelaarweg,1,4.6,Belgium,Spain,Aziz Mohammad,A Raza,C Munoz-Mills,1,0,,,,,,,,,
1156664,2018,2018-09-02,Hazelaarweg,1,5.1,Belgium,Spain,Aziz Mohammad,A Raza,Yasir Ali,0,0,,,,,,,,,
1156664,2018,2018-09-02,Hazelaarweg,1,5.2,Belgium,Spain,Aziz Mohammad,A Raza,Yasir Ali,0,0,,,,,,,,,
1156664,2018,2018-09-02,Hazelaarweg,1,5.3,Belgium,Spain,Aziz Mohammad,A Raza,Yasir Ali,0,0,,,,,,bowled,Aziz Mohammad,,
1156664,2018,2018-09-02,Hazelaarweg,1,5.4,Belgium,Spain,F Khaliq,A Raza,Yasir Ali,1,0,,,,,,,,,
1156664,2018,2018-09-02,Hazelaarweg,1,5.5,Belgium,Spain,A Raza,F Khaliq,Yasir Ali,0,0,,,,,,stumped,A Raza,,
1156664,2018,2018-09-02,Hazelaarweg,1,5.6,Belgium,Spain,Shaheryar Butt,F Khaliq,Yasir Ali,0,0,,,,,,,,,
1156664,2018,2018-09-02,Hazelaarweg,1,6.1,Belgium,Spain,F Khaliq,Shaheryar Butt,Zulqarnain Haider (2),0,0,,,,,,,,,
1156664,2018,2018-09-02,Hazelaarweg,1,6.2,Belgium,Spain,F Khaliq,Shaheryar Butt,Zulqarnain Haider (2),1,0,,,,,,,,,
1156664,2018,2018-09-02,Hazelaarweg,1,6.3,Belgium,Spain,Shaheryar Butt,F Khaliq,Zulqarnain Haider (2),0,0,,,,,,,,,
1156664,2018,2018-09-02,Hazelaarweg,1,6.4,Belgium,Spain,Shaheryar Butt,F Khaliq,Zulqarnain Haider (2),0,0,,,,,,,,,
1156664,2018,2018-09-02,Hazelaarweg,1,6.5,Belgium,Spain,Shaheryar Butt,F Khaliq,Zulqarnain Haider (2),1,0,,,,,,,,,
1156664,2018,2018-09-02,Hazelaarweg,1,6.6,Belgium,Spain,F Khaliq,Shaheryar Butt,Zulqarnain Haider (2),1,0,,,,,,,,,
1156664,2018,2018-09-02,Hazelaarweg,1,7.1,Belgium,Spain,F Khaliq,Shaheryar Butt,Yasir Ali,0,0,,,,,,,,,
1156664,2018,2018-09-02,Hazelaarweg,1,7.2,Belgium,Spain,F Khaliq,Shaheryar Butt,Yasir Ali,0,1,1,,,,,,,,
1156664,2018,2018-09-02,Hazelaarweg,1,7.3,Belgium,Spain,F Khaliq,Shaheryar Butt,Yasir Ali,1,0,,,,,,,,,
1156664,2018,2018-09-02,Hazelaarweg,1,7.4,Belgium,Spain,Shaheryar Butt,F Khaliq,Yasir Ali,1,0,,,,,,,,,
1156664,2018,2018-09-02,Hazelaarweg,1,7.5,Belgium,Spain,F Khaliq,Shaheryar Butt,Yasir Ali,0,0,,,,,,,,,
1156664,2018,2018-09-02,Hazelaarweg,1,7.6,Belgium,Spain,F Khaliq,Shaheryar Butt,Yasir Ali,1,0,,,,,,,,,
1156664,2018,2018-09-02,Hazelaarweg,1,7.7,Belgium,Spain,Shaheryar Butt,F Khaliq,Yasir Ali,0,2,2,,,,,,,,
1156664,2018,2018-09-02,Hazelaarweg,1,7.8,Belgium,Spain,F Khaliq,Shaheryar Butt,Yasir Ali,0,0,,,,,,,,,
1156664,2018,2018-09-02,Hazelaarweg,1,8.1,Belgium,Spain,Shaheryar Butt,F Khaliq,Zulqarnain Haider (2),0,0,,,,,,,,,
1156664,2018,2018-09-02,Hazelaarweg,1,8.2,Belgium,Spain,Shaheryar Butt,F Khaliq,Zulqarnain Haider (2),0,0,,,,,,,,,
1156664,2018,2018-09-02,Hazelaarweg,1,8.3,Belgium,Spain,Shaheryar Butt,F Khaliq,Zulqarnain Haider (2),0,0,,,,,,,,,
1156664,2018,2018-09-02,Hazelaarweg,1,8.4,Belgium,Spain,Shaheryar Butt,F Khaliq,Zulqarnain Haider (2),1,0,,,,,,,,,
1156664,2018,2018-09-02,Hazelaarweg,1,8.5,Belgium,Spain,F Khaliq,Shaheryar Butt,Zulqarnain Haider (2),1,0,,,,,,,,,
1156664,2018,2018-09-02,Hazelaarweg,1,8.6,Belgium,Spain,Shaheryar Butt,F Khaliq,Zulqarnain Haider (2),0,0,,,,,,,,,
1156664,2018,2018-09-02,Hazelaarweg,1,9.1,Belgium,Spain,F Khaliq,Shaheryar Butt,Yasir Ali,1,0,,,,,,,,,
1156664,2018,2018-09-02,Hazelaarweg,1,9.2,Belgium,Spain,Shaheryar Butt,F Khaliq,Yasir Ali,1,0,,,,,,,,,
1156664,2018,2018-09-02,Hazelaarweg,1,9.3,Belgium,Spain,F Khaliq,Shaheryar Butt,Yasir Ali,1,0,,,,,,,,,
1156664,2018,2018-09-02,Hazelaarweg,1,9.4,Belgium,Spain,Shaheryar Butt,F Khaliq,Yasir Ali,6,0,,,,,,,,,
1156664,2018,2018-09-02,Hazelaarweg,1,9.5,Belgium,Spain,Shaheryar Butt,F Khaliq,Yasir Ali,1,0,,,,,,,,,
1156664,2018,2018-09-02,Hazelaarweg,1,9.6,Belgium,Spain,F Khaliq,Shaheryar Butt,Yasir Ali,1,0,,,,,,,,,
1156664,2018,2018-09-02,Hazelaarweg,1,10.1,Belgium,Spain,F Khaliq,Shaheryar Butt,Zulqarnain Haider (2),1,0,,,,,,,,,
1156664,2018,2018-09-02,Hazelaarweg,1,10.2,Belgium,Spain,Shaheryar Butt,F Khaliq,Zulqarnain Haider (2),0,0,,,,,,,,,
1156664,2018,2018-09-02,Hazelaarweg,1,10.3,Belgium,Spain,Shaheryar Butt,F Khaliq,Zulqarnain Haider (2),1,0,,,,,,,,,
1156664,2018,2018-09-02,Hazelaarweg,1,10.4,Belgium,Spain,F Khaliq,Shaheryar Butt,Zulqarnain Haider (2),0,0,,,,,,,,,
1156664,2018,2018-09-02,Hazelaarweg,1,10.5,Belgium,Spain,F Khaliq,Shaheryar Butt,Zulqarnain Haider (2),1,0,,,,,,,,,
1156664,2018,2018-09-02,Hazelaarweg,1,10.6,Belgium,Spain,Shaheryar Butt,F Khaliq,Zulqarnain Haider (2),1,0,,,,,,,,,
1156664,2018,2018-09-02,Hazelaarweg,1,11.1,Belgium,Spain,Shaheryar Butt,F Khaliq,J Roper,0,2,2,,,,,,,,
1156664,2018,2018-09-02,Hazelaarweg,1,11.2,Belgium,Spain,F Khaliq,Shaheryar Butt,J Roper,1,0,,,,,,,,,
1156664,2018,2018-09-02,Hazelaarweg,1,11.3,Belgium,Spain,Shaheryar Butt,F Khaliq,J Roper,0,0,,,,,,,,,
1156664,2018,2018-09-02,Hazelaarweg,1,11.4,Belgium,Spain,Shaheryar Butt,F Khaliq,J Roper,0,0,,,,,,,,,
1156664,2018,2018-09-02,Hazelaarweg,1,11.5,Belgium,Spain,Shaheryar Butt,F Khaliq,J Roper,1,0,,,,,,,,,
1156664,2018,2018-09-02,Hazelaarweg,1,11.6,Belgium,Spain,F Khaliq,Shaheryar Butt,J Roper,0,0,,,,,,,,,
1156664,2018,2018-09-02,Hazelaarweg,1,11.7,Belgium,Spain,F Khaliq,Shaheryar Butt,J Roper,0,0,,,,,,caught,F Khaliq,,
1156664,2018,2018-09-02,Hazelaarweg,1,12.1,Belgium,Spain,Abdul Rashid Karim,Shaheryar Butt,Zulqarnain Haider (2),0,0,,,,,,,,,
1156664,2018,2018-09-02,Hazelaarweg,1,12.2,Belgium,Spain,Abdul Rashid Karim,Shaheryar Butt,Zulqarnain Haider (2),0,0,,,,,,,,,
1156664,2018,2018-09-02,Hazelaarweg,1,12.3,Belgium,Spain,Abdul Rashid Karim,Shaheryar Butt,Zulqarnain Haider (2),0,0,,,,,,,,,
1156664,2018,2018-09-02,Hazelaarweg,1,12.4,Belgium,Spain,Abdul Rashid Karim,Shaheryar Butt,Zulqarnain Haider (2),0,0,,,,,,,,,
1156664,2018,2018-09-02,Hazelaarweg,1,12.5,Belgium,Spain,Abdul Rashid Karim,Shaheryar Butt,Zulqarnain Haider (2),1,0,,,,,,,,,
1156664,2018,2018-09-02,Hazelaarweg,1,12.6,Belgium,Spain,Shaheryar Butt,Abdul Rashid Karim,Zulqarnain Haider (2),0,1,,,,1,,,,,
1156664,2018,2018-09-02,Hazelaarweg,1,13.1,Belgium,Spain,Shaheryar Butt,Abdul Rashid Karim,J Roper,1,0,,,,,,,,,
1156664,2018,2018-09-02,Hazelaarweg,1,13.2,Belgium,Spain,Abdul Rashid Karim,Shaheryar Butt,J Roper,1,0,,,,,,,,,
1156664,2018,2018-09-02,Hazelaarweg,1,13.3,Belgium,Spain,Shaheryar Butt,Abdul Rashid Karim,J Roper,1,0,,,,,,,,,
1156664,2018,2018-09-02,Hazelaarweg,1,13.4,Belgium,Spain,Abdul Rashid Karim,Shaheryar Butt,J Roper,4,0,,,,,,,,,
1156664,2018,2018-09-02,Hazelaarweg,1,13.5,Belgium,Spain,Abdul Rashid Karim,Shaheryar Butt,J Roper,0,0,,,,,,,,,
1156664,2018,2018-09-02,Hazelaarweg,1,13.6,Belgium,Spain,Abdul Rashid Karim,Shaheryar Butt,J Roper,0,0,,,,,,,,,
1156664,2018,2018-09-02,Hazelaarweg,1,14.1,Belgium,Spain,Shaheryar Butt,Abdul Rashid Karim,KTJD Perman,0,1,1,,,,,,,,
1156664,2018,2018-09-02,Hazelaarweg,1,14.2,Belgium,Spain,Shaheryar Butt,Abdul Rashid Karim,KTJD Perman,2,0,,,,,,,,,
1156664,2018,2018-09-02,Hazelaarweg,1,14.3,Belgium,Spain,Shaheryar Butt,Abdul Rashid Karim,KTJD Perman,0,0,,,,,,,,,
1156664,2018,2018-09-02,Hazelaarweg,1,14.4,Belgium,Spain,Shaheryar Butt,Abdul Rashid Karim,KTJD Perman,4,0,,,,,,,,,
1156664,2018,2018-09-02,Hazelaarweg,1,14.5,Belgium,Spain,Shaheryar Butt,Abdul Rashid Karim,KTJD Perman,0,0,,,,,,,,,
1156664,2018,2018-09-02,Hazelaarweg,1,14.6,Belgium,Spain,Shaheryar Butt,Abdul Rashid Karim,KTJD Perman,1,0,,,,,,,,,
1156664,2018,2018-09-02,Hazelaarweg,1,14.7,Belgium,Spain,Abdul Rashid Karim,Shaheryar Butt,KTJD Perman,0,0,,,,,,bowled,Abdul Rashid Karim,,
1156664,2018,2018-09-02,Hazelaarweg,1,15.1,Belgium,Spain,Shaheryar Butt,S Mehta,Atif Mehmood,0,1,1,,,,,,,,
1156664,2018,2018-09-02,Hazelaarweg,1,15.2,Belgium,Spain,Shaheryar Butt,S Mehta,Atif Mehmood,1,0,,,,,,,,,
1156664,2018,2018-09-02,Hazelaarweg,1,15.3,Belgium,Spain,S Mehta,Shaheryar Butt,Atif Mehmood,0,0,,,,,,,,,
1156664,2018,2018-09-02,Hazelaarweg,1,15.4,Belgium,Spain,S Mehta,Shaheryar Butt,Atif Mehmood,1,0,,,,,,,,,
1156664,2018,2018-09-02,Hazelaarweg,1,15.5,Belgium,Spain,Shaheryar Butt,S Mehta,Atif Mehmood,4,0,,,,,,,,,
1156664,2018,2018-09-02,Hazelaarweg,1,15.6,Belgium,Spain,Shaheryar Butt,S Mehta,Atif Mehmood,1,0,,,,,,,,,
1156664,2018,2018-09-02,Hazelaarweg,1,15.7,Belgium,Spain,S Mehta,Shaheryar Butt,Atif Mehmood,1,0,,,,,,,,,
1156664,2018,2018-09-02,Hazelaarweg,1,16.1,Belgium,Spain,S Mehta,Shaheryar Butt,KTJD Perman,1,0,,,,,,,,,
1156664,2018,2018-09-02,Hazelaarweg,1,16.2,Belgium,Spain,Shaheryar Butt,S Mehta,KTJD Perman,1,0,,,,,,,,,
1156664,2018,2018-09-02,Hazelaarweg,1,16.3,Belgium,Spain,S Mehta,Shaheryar Butt,KTJD Perman,0,0,,,,,,,,,
1156664,2018,2018-09-02,Hazelaarweg,1,16.4,Belgium,Spain,S Mehta,Shaheryar Butt,KTJD Perman,1,0,,,,,,,,,
1156664,2018,2018-09-02,Hazelaarweg,1,16.5,Belgium,Spain,Shaheryar Butt,S Mehta,KTJD Perman,2,0,,,,,,,,,
1156664,2018,2018-09-02,Hazelaarweg,1,16.6,Belgium,Spain,Shaheryar Butt,S Mehta,KTJD Perman,1,0,,,,,,,,,
1156664,2018,2018-09-02,Hazelaarweg,1,17.1,Belgium,Spain,Shaheryar Butt,S Mehta,Atif Mehmood,0,0,,,,,,,,,
1156664,2018,2018-09-02,Hazelaarweg,1,17.2,Belgium,Spain,Shaheryar Butt,S Mehta,Atif Mehmood,1,0,,,,,,,,,
1156664,2018,2018-09-02,Hazelaarweg,1,17.3,Belgium,Spain,S Mehta,Shaheryar Butt,Atif Mehmood,4,0,,,,,,,,,
1156664,2018,2018-09-02,Hazelaarweg,1,17.4,Belgium,Spain,S Mehta,Shaheryar Butt,Atif Mehmood,1,0,,,,,,,,,
1156664,2018,2018-09-02,Hazelaarweg,1,17.5,Belgium,Spain,Shaheryar Butt,S Mehta,Atif Mehmood,1,0,,,,,,,,,
1156664,2018,2018-09-02,Hazelaarweg,1,17.6,Belgium,Spain,S Mehta,Shaheryar Butt,Atif Mehmood,0,0,,,,,,,,,
1156664,2018,2018-09-02,Hazelaarweg,1,18.1,Belgium,Spain,Shaheryar Butt,S Mehta,KTJD Perman,1,0,,,,,,,,,
1156664,2018,2018-09-02,Hazelaarweg,1,18.2,Belgium,Spain,R Ravindran,Shaheryar Butt,KTJD Perman,1,0,,,,,,,,,
1156664,2018,2018-09-02,Hazelaarweg,1,18.3,Belgium,Spain,Shaheryar Butt,R Ravindran,KTJD Perman,2,0,,,,,,,,,
1156664,2018,2018-09-02,Hazelaarweg,1,18.4,Belgium,Spain,Shaheryar Butt,R Ravindran,KTJD Perman,0,0,,,,,,,,,
1156664,2018,2018-09-02,Hazelaarweg,1,18.5,Belgium,Spain,Shaheryar Butt,R Ravindran,KTJD Perman,0,0,,,,,,,,,
1156664,2018,2018-09-02,Hazelaarweg,1,18.6,Belgium,Spain,Shaheryar Butt,R Ravindran,KTJD Perman,2,0,,,,,,,,,
1156664,2018,2018-09-02,Hazelaarweg,1,19.1,Belgium,Spain,R Ravindran,Shaheryar Butt,J Roper,1,0,,,,,,,,,
1156664,2018,2018-09-02,Hazelaarweg,1,19.2,Belgium,Spain,Shaheryar Butt,R Ravindran,J Roper,1,0,,,,,,,,,
1156664,2018,2018-09-02,Hazelaarweg,1,19.3,Belgium,Spain,R Ravindran,Shaheryar Butt,J Roper,0,0,,,,,,,,,
1156664,2018,2018-09-02,Hazelaarweg,1,19.4,Belgium,Spain,R Ravindran,Shaheryar Butt,J Roper,1,0,,,,,,,,,
1156664,2018,2018-09-02,Hazelaarweg,1,19.5,Belgium,Spain,Shaheryar Butt,R Ravindran,J Roper,4,0,,,,,,,,,
1156664,2018,2018-09-02,Hazelaarweg,1,19.6,Belgium,Spain,Shaheryar Butt,R Ravindran,J Roper,1,0,,,,,,,,,
1156664,2018,2018-09-02,Hazelaarweg,2,0.1,Spain,Belgium,Atif Mehmood,R Panchal,F Khaliq,1,0,,,,,,,,,
1156664,2018,2018-09-02,Hazelaarweg,2,0.2,Spain,Belgium,R Panchal,Atif Mehmood,F Khaliq,1,0,,,,,,,,,
1156664,2018,2018-09-02,Hazelaarweg,2,0.3,Spain,Belgium,Atif Mehmood,R Panchal,F Khaliq,0,5,5,,,,,,,,
1156664,2018,2018-09-02,Hazelaarweg,2,0.4,Spain,Belgium,Atif Mehmood,R Panchal,F Khaliq,0,0,,,,,,,,,
1156664,2018,2018-09-02,Hazelaarweg,2,0.5,Spain,Belgium,Atif Mehmood,R Panchal,F Khaliq,0,0,,,,,,,,,
1156664,2018,2018-09-02,Hazelaarweg,2,0.6,Spain,Belgium,Atif Mehmood,R Panchal,F Khaliq,0,0,,,,,,,,,
1156664,2018,2018-09-02,Hazelaarweg,2,0.7,Spain,Belgium,Atif Mehmood,R Panchal,F Khaliq,2,0,,,,,,,,,
1156664,2018,2018-09-02,Hazelaarweg,2,1.1,Spain,Belgium,R Panchal,Atif Mehmood,R Ravindran,0,0,,,,,,,,,
1156664,2018,2018-09-02,Hazelaarweg,2,1.2,Spain,Belgium,R Panchal,Atif Mehmood,R Ravindran,1,0,,,,,,,,,
1156664,2018,2018-09-02,Hazelaarweg,2,1.3,Spain,Belgium,Atif Mehmood,R Panchal,R Ravindran,0,0,,,,,,,,,
1156664,2018,2018-09-02,Hazelaarweg,2,1.4,Spain,Belgium,Atif Mehmood,R Panchal,R Ravindran,0,0,,,,,,,,,
1156664,2018,2018-09-02,Hazelaarweg,2,1.5,Spain,Belgium,Atif Mehmood,R Panchal,R Ravindran,4,0,,,,,,,,,
1156664,2018,2018-09-02,Hazelaarweg,2,1.6,Spain,Belgium,Atif Mehmood,R Panchal,R Ravindran,0,0,,,,,,,,,
1156664,2018,2018-09-02,Hazelaarweg,2,2.1,Spain,Belgium,R Panchal,Atif Mehmood,F Khaliq,4,0,,,,,,,,,
1156664,2018,2018-09-02,Hazelaarweg,2,2.2,Spain,Belgium,R Panchal,Atif Mehmood,F Khaliq,1,0,,,,,,,,,
1156664,2018,2018-09-02,Hazelaarweg,2,2.3,Spain,Belgium,Atif Mehmood,R Panchal,F Khaliq,6,0,,,,,,,,,
1156664,2018,2018-09-02,Hazelaarweg,2,2.4,Spain,Belgium,Atif Mehmood,R Panchal,F Khaliq,0,0,,,,,,,,,
1156664,2018,2018-09-02,Hazelaarweg,2,2.5,Spain,Belgium,Atif Mehmood,R Panchal,F Khaliq,0,0,,,,,,,,,
1156664,2018,2018-09-02,Hazelaarweg,2,2.6,Spain,Belgium,Atif Mehmood,R Panchal,F Khaliq,2,0,,,,,,,,,
1156664,2018,2018-09-02,Hazelaarweg,2,3.1,Spain,Belgium,R Panchal,Atif Mehmood,R Ravindran,1,0,,,,,,,,,
1156664,2018,2018-09-02,Hazelaarweg,2,3.2,Spain,Belgium,Atif Mehmood,R Panchal,R Ravindran,0,0,,,,,,caught,Atif Mehmood,,
1156664,2018,2018-09-02,Hazelaarweg,2,3.3,Spain,Belgium,Yasir Ali,R Panchal,R Ravindran,0,0,,,,,,,,,
1156664,2018,2018-09-02,Hazelaarweg,2,3.4,Spain,Belgium,Yasir Ali,R Panchal,R Ravindran,0,0,,,,,,,,,
1156664,2018,2018-09-02,Hazelaarweg,2,3.5,Spain,Belgium,Yasir Ali,R Panchal,R Ravindran,0,0,,,,,,,,,
1156664,2018,2018-09-02,Hazelaarweg,2,3.6,Spain,Belgium,Yasir Ali,R Panchal,R Ravindran,1,0,,,,,,,,,
1156664,2018,2018-09-02,Hazelaarweg,2,4.1,Spain,Belgium,Yasir Ali,R Panchal,Sheraz Sheikh,2,0,,,,,,,,,
1156664,2018,2018-09-02,Hazelaarweg,2,4.2,Spain,Belgium,Yasir Ali,R Panchal,Sheraz Sheikh,0,0,,,,,,,,,
1156664,2018,2018-09-02,Hazelaarweg,2,4.3,Spain,Belgium,Yasir Ali,R Panchal,Sheraz Sheikh,1,0,,,,,,,,,
1156664,2018,2018-09-02,Hazelaarweg,2,4.4,Spain,Belgium,R Panchal,Yasir Ali,Sheraz Sheikh,1,0,,,,,,,,,
1156664,2018,2018-09-02,Hazelaarweg,2,4.5,Spain,Belgium,Yasir Ali,R Panchal,Sheraz Sheikh,0,0,,,,,,,,,
1156664,2018,2018-09-02,Hazelaarweg,2,4.6,Spain,Belgium,Yasir Ali,R Panchal,Sheraz Sheikh,0,0,,,,,,,,,
1156664,2018,2018-09-02,Hazelaarweg,2,5.1,Spain,Belgium,R Panchal,Yasir Ali,R Ravindran,1,0,,,,,,,,,
1156664,2018,2018-09-02,Hazelaarweg,2,5.2,Spain,Belgium,Yasir Ali,R Panchal,R Ravindran,0,0,,,,,,,,,
1156664,2018,2018-09-02,Hazelaarweg,2,5.3,Spain,Belgium,Yasir Ali,R Panchal,R Ravindran,0,0,,,,,,,,,
1156664,2018,2018-09-02,Hazelaarweg,2,5.4,Spain,Belgium,Yasir Ali,R Panchal,R Ravindran,0,0,,,,,,,,,
1156664,2018,2018-09-02,Hazelaarweg,2,5.5,Spain,Belgium,Yasir Ali,R Panchal,R Ravindran,4,0,,,,,,,,,
1156664,2018,2018-09-02,Hazelaarweg,2,5.6,Spain,Belgium,Yasir Ali,R Panchal,R Ravindran,1,0,,,,,,,,,
1156664,2018,2018-09-02,Hazelaarweg,2,6.1,Spain,Belgium,Yasir Ali,R Panchal,Sheraz Sheikh,1,0,,,,,,,,,
1156664,2018,2018-09-02,Hazelaarweg,2,6.2,Spain,Belgium,R Panchal,Yasir Ali,Sheraz Sheikh,1,0,,,,,,,,,
1156664,2018,2018-09-02,Hazelaarweg,2,6.3,Spain,Belgium,Yasir Ali,R Panchal,Sheraz Sheikh,0,0,,,,,,,,,
1156664,2018,2018-09-02,Hazelaarweg,2,6.4,Spain,Belgium,Yasir Ali,R Panchal,Sheraz Sheikh,0,0,,,,,,,,,
1156664,2018,2018-09-02,Hazelaarweg,2,6.5,Spain,Belgium,Yasir Ali,R Panchal,Sheraz Sheikh,1,0,,,,,,,,,
1156664,2018,2018-09-02,Hazelaarweg,2,6.6,Spain,Belgium,R Panchal,Yasir Ali,Sheraz Sheikh,0,0,,,,,,,,,
1156664,2018,2018-09-02,Hazelaarweg,2,7.1,Spain,Belgium,Yasir Ali,R Panchal,Reyhan Faiz,0,1,1,,,,,,,,
1156664,2018,2018-09-02,Hazelaarweg,2,7.2,Spain,Belgium,Yasir Ali,R Panchal,Reyhan Faiz,1,0,,,,,,,,,
1156664,2018,2018-09-02,Hazelaarweg,2,7.3,Spain,Belgium,R Panchal,Yasir Ali,Reyhan Faiz,0,1,,,,1,,,,,
1156664,2018,2018-09-02,Hazelaarweg,2,7.4,Spain,Belgium,Yasir Ali,R Panchal,Reyhan Faiz,0,0,,,,,,,,,
1156664,2018,2018-09-02,Hazelaarweg,2,7.5,Spain,Belgium,Yasir Ali,R Panchal,Reyhan Faiz,1,0,,,,,,,,,
1156664,2018,2018-09-02,Hazelaarweg,2,7.6,Spain,Belgium,R Panchal,Yasir Ali,Reyhan Faiz,1,0,,,,,,,,,
1156664,2018,2018-09-02,Hazelaarweg,2,7.7,Spain,Belgium,Yasir Ali,R Panchal,Reyhan Faiz,1,0,,,,,,,,,
1156664,2018,2018-09-02,Hazelaarweg,2,8.1,Spain,Belgium,Yasir Ali,R Panchal,Sheraz Sheikh,1,0,,,,,,,,,
1156664,2018,2018-09-02,Hazelaarweg,2,8.2,Spain,Belgium,R Panchal,Yasir Ali,Sheraz Sheikh,1,0,,,,,,,,,
1156664,2018,2018-09-02,Hazelaarweg,2,8.3,Spain,Belgium,Yasir Ali,R Panchal,Sheraz Sheikh,0,0,,,,,,,,,
1156664,2018,2018-09-02,Hazelaarweg,2,8.4,Spain,Belgium,Yasir Ali,R Panchal,Sheraz Sheikh,1,0,,,,,,,,,
1156664,2018,2018-09-02,Hazelaarweg,2,8.5,Spain,Belgium,R Panchal,Yasir Ali,Sheraz Sheikh,1,0,,,,,,,,,
1156664,2018,2018-09-02,Hazelaarweg,2,8.6,Spain,Belgium,Yasir Ali,R Panchal,Sheraz Sheikh,1,0,,,,,,,,,
1156664,2018,2018-09-02,Hazelaarweg,2,9.1,Spain,Belgium,Yasir Ali,R Panchal,Reyhan Faiz,1,0,,,,,,,,,
1156664,2018,2018-09-02,Hazelaarweg,2,9.2,Spain,Belgium,R Panchal,Yasir Ali,Reyhan Faiz,0,0,,,,,,,,,
1156664,2018,2018-09-02,Hazelaarweg,2,9.3,Spain,Belgium,R Panchal,Yasir Ali,Reyhan Faiz,1,0,,,,,,,,,
1156664,2018,2018-09-02,Hazelaarweg,2,9.4,Spain,Belgium,Yasir Ali,R Panchal,Reyhan Faiz,1,0,,,,,,,,,
1156664,2018,2018-09-02,Hazelaarweg,2,9.5,Spain,Belgium,R Panchal,Yasir Ali,Reyhan Faiz,1,0,,,,,,,,,
1156664,2018,2018-09-02,Hazelaarweg,2,9.6,Spain,Belgium,Yasir Ali,R Panchal,Reyhan Faiz,1,0,,,,,,,,,
1156664,2018,2018-09-02,Hazelaarweg,2,10.1,Spain,Belgium,Yasir Ali,R Panchal,Sheraz Sheikh,1,0,,,,,,,,,
1156664,2018,2018-09-02,Hazelaarweg,2,10.2,Spain,Belgium,R Panchal,Yasir Ali,Sheraz Sheikh,1,0,,,,,,,,,
1156664,2018,2018-09-02,Hazelaarweg,2,10.3,Spain,Belgium,Yasir Ali,R Panchal,Sheraz Sheikh,1,0,,,,,,,,,
1156664,2018,2018-09-02,Hazelaarweg,2,10.4,Spain,Belgium,R Panchal,Yasir Ali,Sheraz Sheikh,4,0,,,,,,,,,
1156664,2018,2018-09-02,Hazelaarweg,2,10.5,Spain,Belgium,R Panchal,Yasir Ali,Sheraz Sheikh,1,0,,,,,,,,,
1156664,2018,2018-09-02,Hazelaarweg,2,10.6,Spain,Belgium,Yasir Ali,R Panchal,Sheraz Sheikh,1,0,,,,,,,,,
1156664,2018,2018-09-02,Hazelaarweg,2,11.1,Spain,Belgium,Yasir Ali,R Panchal,Reyhan Faiz,2,0,,,,,,,,,
1156664,2018,2018-09-02,Hazelaarweg,2,11.2,Spain,Belgium,Yasir Ali,R Panchal,Reyhan Faiz,0,0,,,,,,,,,
1156664,2018,2018-09-02,Hazelaarweg,2,11.3,Spain,Belgium,Yasir Ali,R Panchal,Reyhan Faiz,2,0,,,,,,,,,
1156664,2018,2018-09-02,Hazelaarweg,2,11.4,Spain,Belgium,Yasir Ali,R Panchal,Reyhan Faiz,1,0,,,,,,,,,
1156664,2018,2018-09-02,Hazelaarweg,2,11.5,Spain,Belgium,R Panchal,Yasir Ali,Reyhan Faiz,0,0,,,,,,,,,
1156664,2018,2018-09-02,Hazelaarweg,2,11.6,Spain,Belgium,R Panchal,Yasir Ali,Reyhan Faiz,1,0,,,,,,,,,
1156664,2018,2018-09-02,Hazelaarweg,2,12.1,Spain,Belgium,R Panchal,Yasir Ali,Shaheryar Butt,0,1,,,,1,,,,,
1156664,2018,2018-09-02,Hazelaarweg,2,12.2,Spain,Belgium,Yasir Ali,R Panchal,Shaheryar Butt,0,0,,,,,,,,,
1156664,2018,2018-09-02,Hazelaarweg,2,12.3,Spain,Belgium,Yasir Ali,R Panchal,Shaheryar Butt,1,0,,,,,,,,,
1156664,2018,2018-09-02,Hazelaarweg,2,12.4,Spain,Belgium,R Panchal,Yasir Ali,Shaheryar Butt,0,0,,,,,,,,,
1156664,2018,2018-09-02,Hazelaarweg,2,12.5,Spain,Belgium,R Panchal,Yasir Ali,Shaheryar Butt,1,0,,,,,,,,,
1156664,2018,2018-09-02,Hazelaarweg,2,12.6,Spain,Belgium,Yasir Ali,R Panchal,Shaheryar Butt,1,0,,,,,,,,,
1156664,2018,2018-09-02,Hazelaarweg,2,13.1,Spain,Belgium,Yasir Ali,R Panchal,Reyhan Faiz,1,0,,,,,,,,,
1156664,2018,2018-09-02,Hazelaarweg,2,13.2,Spain,Belgium,R Panchal,Yasir Ali,Reyhan Faiz,0,0,,,,,,,,,
1156664,2018,2018-09-02,Hazelaarweg,2,13.3,Spain,Belgium,R Panchal,Yasir Ali,Reyhan Faiz,1,0,,,,,,,,,
1156664,2018,2018-09-02,Hazelaarweg,2,13.4,Spain,Belgium,Yasir Ali,R Panchal,Reyhan Faiz,6,0,,,,,,,,,
1156664,2018,2018-09-02,Hazelaarweg,2,13.5,Spain,Belgium,Yasir Ali,R Panchal,Reyhan Faiz,1,0,,,,,,,,,
1156664,2018,2018-09-02,Hazelaarweg,2,13.6,Spain,Belgium,R Panchal,Yasir Ali,Reyhan Faiz,1,0,,,,,,,,,
1156664,2018,2018-09-02,Hazelaarweg,2,14.1,Spain,Belgium,R Panchal,Yasir Ali,Shaheryar Butt,0,0,,,,,,caught,R Panchal,,
1156664,2018,2018-09-02,Hazelaarweg,2,14.2,Spain,Belgium,Yasir Ali,PD Hennessy,Shaheryar Butt,1,0,,,,,,,,,
1156664,2018,2018-09-02,Hazelaarweg,2,14.3,Spain,Belgium,PD Hennessy,Yasir Ali,Shaheryar Butt,1,0,,,,,,,,,
1156664,2018,2018-09-02,Hazelaarweg,2,14.4,Spain,Belgium,Yasir Ali,PD Hennessy,Shaheryar Butt,1,0,,,,,,,,,
1156664,2018,2018-09-02,Hazelaarweg,2,14.5,Spain,Belgium,PD Hennessy,Yasir Ali,Shaheryar Butt,1,0,,,,,,,,,
1156664,2018,2018-09-02,Hazelaarweg,2,14.6,Spain,Belgium,Yasir Ali,PD Hennessy,Shaheryar Butt,0,0,,,,,,caught,Yasir Ali,,
1156664,2018,2018-09-02,Hazelaarweg,2,15.1,Spain,Belgium,C Munoz-Mills,PD Hennessy,Reyhan Faiz,6,0,,,,,,,,,
1156664,2018,2018-09-02,Hazelaarweg,2,15.2,Spain,Belgium,C Munoz-Mills,PD Hennessy,Reyhan Faiz,4,0,,,,,,,,,
1156664,2018,2018-09-02,Hazelaarweg,2,15.3,Spain,Belgium,C Munoz-Mills,PD Hennessy,Reyhan Faiz,1,0,,,,,,,,,
1156664,2018,2018-09-02,Hazelaarweg,2,15.4,Spain,Belgium,PD Hennessy,C Munoz-Mills,Reyhan Faiz,0,0,,,,,,,,,
1156664,2018,2018-09-02,Hazelaarweg,2,15.5,Spain,Belgium,PD Hennessy,C Munoz-Mills,Reyhan Faiz,0,0,,,,,,,,,
1156664,2018,2018-09-02,Hazelaarweg,2,15.6,Spain,Belgium,PD Hennessy,C Munoz-Mills,Reyhan Faiz,0,0,,,,,,bowled,PD Hennessy,,
1156664,2018,2018-09-02,Hazelaarweg,2,16.1,Spain,Belgium,C Munoz-Mills,KTJD Perman,Shaheryar Butt,0,0,,,,,,,,,
1156664,2018,2018-09-02,Hazelaarweg,2,16.2,Spain,Belgium,C Munoz-Mills,KTJD Perman,Shaheryar Butt,6,0,,,,,,,,,
1156664,2018,2018-09-02,Hazelaarweg,2,16.3,Spain,Belgium,C Munoz-Mills,KTJD Perman,Shaheryar Butt,0,0,,,,,,,,,
1156664,2018,2018-09-02,Hazelaarweg,2,16.4,Spain,Belgium,C Munoz-Mills,KTJD Perman,Shaheryar Butt,1,0,,,,,,,,,
1156664,2018,2018-09-02,Hazelaarweg,2,16.5,Spain,Belgium,KTJD Perman,C Munoz-Mills,Shaheryar Butt,0,1,1,,,,,,,,
1156664,2018,2018-09-02,Hazelaarweg,2,16.6,Spain,Belgium,KTJD Perman,C Munoz-Mills,Shaheryar Butt,0,0,,,,,,,,,
1156664,2018,2018-09-02,Hazelaarweg,2,16.7,Spain,Belgium,KTJD Perman,C Munoz-Mills,Shaheryar Butt,0,0,,,,,,,,,
1156664,2018,2018-09-02,Hazelaarweg,2,17.1,Spain,Belgium,C Munoz-Mills,KTJD Perman,Shaheryar Butt,0,1,,1,,,,,,,
1156664,2018,2018-09-02,Hazelaarweg,2,17.2,Spain,Belgium,C Munoz-Mills,KTJD Perman,Shaheryar Butt,2,0,,,,,,,,,
1156664,2018,2018-09-02,Hazelaarweg,2,17.3,Spain,Belgium,C Munoz-Mills,KTJD Perman,Shaheryar Butt,6,0,,,,,,,,,
1156664,2018,2018-09-02,Hazelaarweg,2,17.4,Spain,Belgium,C Munoz-Mills,KTJD Perman,Shaheryar Butt,0,0,,,,,,,,,
1156664,2018,2018-09-02,Hazelaarweg,2,17.5,Spain,Belgium,C Munoz-Mills,KTJD Perman,Shaheryar Butt,1,0,,,,,,,,,
1156664,2018,2018-09-02,Hazelaarweg,2,17.6,Spain,Belgium,KTJD Perman,C Munoz-Mills,Shaheryar Butt,0,0,,,,,,,,,
1156664,2018,2018-09-02,Hazelaarweg,2,17.7,Spain,Belgium,KTJD Perman,C Munoz-Mills,Shaheryar Butt,1,0,,,,,,,,,
1156664,2018,2018-09-02,Hazelaarweg,2,18.1,Spain,Belgium,KTJD Perman,C Munoz-Mills,F Khaliq,1,0,,,,,,,,,
1156664,2018,2018-09-02,Hazelaarweg,2,18.2,Spain,Belgium,C Munoz-Mills,KTJD Perman,F Khaliq,0,0,,,,,,,,,
1156664,2018,2018-09-02,Hazelaarweg,2,18.3,Spain,Belgium,C Munoz-Mills,KTJD Perman,F Khaliq,1,0,,,,,,,,,
1156664,2018,2018-09-02,Hazelaarweg,2,18.4,Spain,Belgium,C Munoz-Mills,KTJD Perman,F Khaliq,0,0,,,,,,,,,
1156664,2018,2018-09-02,Hazelaarweg,2,18.5,Spain,Belgium,C Munoz-Mills,V Vini,F Khaliq,0,0,,,,,,,,,
1156664,2018,2018-09-02,Hazelaarweg,2,18.6,Spain,Belgium,J Roper,V Vini,F Khaliq,0,0,,,,,,,,,
1156664,2018,2018-09-02,Hazelaarweg,2,19.1,Spain,Belgium,V Vini,J Roper,R Ravindran,4,0,,,,,,,,,
