match_id,season,start_date,venue,innings,ball,batting_team,bowling_team,striker,non_striker,bowler,runs_off_bat,extras,wides,noballs,byes,legbyes,penalty,wicket_type,player_dismissed,other_wicket_type,other_player_dismissed
1182643,2019,2019-05-05,Takashinga Sports Club,1,0.1,Namibia,Kenya,Adri van der Merwe,KA Green,V Ooko,0,0,,,,,,,,,
1182643,2019,2019-05-05,Takashinga Sports Club,1,0.2,Namibia,Kenya,Adri van der Merwe,KA Green,V Ooko,0,1,1,,,,,,,,
1182643,2019,2019-05-05,Takashinga Sports Club,1,0.3,Namibia,Kenya,Adri van der Merwe,KA Green,V Ooko,0,1,1,,,,,,,,
1182643,2019,2019-05-05,Takashinga Sports Club,1,0.4,Namibia,Kenya,Adri van der Merwe,KA Green,V Ooko,0,1,1,,,,,,,,
1182643,2019,2019-05-05,Takashinga Sports Club,1,0.5,Namibia,Kenya,Adri van der Merwe,KA Green,V Ooko,0,0,,,,,,,,,
1182643,2019,2019-05-05,Takashinga Sports Club,1,0.6,Namibia,Kenya,Adri van der Merwe,KA Green,V Ooko,4,0,,,,,,,,,
1182643,2019,2019-05-05,Takashinga Sports Club,1,0.7,Namibia,Kenya,Adri van der Merwe,KA Green,V Ooko,0,0,,,,,,,,,
1182643,2019,2019-05-05,Takashinga Sports Club,1,0.8,Namibia,Kenya,Adri van der Merwe,KA Green,V Ooko,2,0,,,,,,,,,
1182643,2019,2019-05-05,Takashinga Sports Club,1,0.9,Namibia,Kenya,Adri van der Merwe,KA Green,V Ooko,0,1,1,,,,,,,,
1182643,2019,2019-05-05,Takashinga Sports Club,1,0.1,Namibia,Kenya,Adri van der Merwe,KA Green,V Ooko,2,0,,,,,,,,,
1182643,2019,2019-05-05,Takashinga Sports Club,1,1.1,Namibia,Kenya,KA Green,Adri van der Merwe,M Ngoche,4,0,,,,,,,,,
1182643,2019,2019-05-05,Takashinga Sports Club,1,1.2,Namibia,Kenya,KA Green,Adri van der Merwe,M Ngoche,1,0,,,,,,,,,
1182643,2019,2019-05-05,Takashinga Sports Club,1,1.3,Namibia,Kenya,Adri van der Merwe,KA Green,M Ngoche,0,0,,,,,,,,,
1182643,2019,2019-05-05,Takashinga Sports Club,1,1.4,Namibia,Kenya,Adri van der Merwe,KA Green,M Ngoche,1,0,,,,,,,,,
1182643,2019,2019-05-05,Takashinga Sports Club,1,1.5,Namibia,Kenya,KA Green,Adri van der Merwe,M Ngoche,0,0,,,,,,,,,
1182643,2019,2019-05-05,Takashinga Sports Club,1,1.6,Namibia,Kenya,KA Green,Adri van der Merwe,M Ngoche,0,0,,,,,,,,,
1182643,2019,2019-05-05,Takashinga Sports Club,1,2.1,Namibia,Kenya,Adri van der Merwe,KA Green,M Mwangi,0,0,,,,,,,,,
1182643,2019,2019-05-05,Takashinga Sports Club,1,2.2,Namibia,Kenya,Adri van der Merwe,KA Green,M Mwangi,0,1,1,,,,,,,,
1182643,2019,2019-05-05,Takashinga Sports Club,1,2.3,Namibia,Kenya,Adri van der Merwe,KA Green,M Mwangi,0,1,1,,,,,,,,
1182643,2019,2019-05-05,Takashinga Sports Club,1,2.4,Namibia,Kenya,Adri van der Merwe,KA Green,M Mwangi,0,0,,,,,,,,,
1182643,2019,2019-05-05,Takashinga Sports Club,1,2.5,Namibia,Kenya,Adri van der Merwe,KA Green,M Mwangi,0,0,,,,,,,,,
1182643,2019,2019-05-05,Takashinga Sports Club,1,2.6,Namibia,Kenya,Adri van der Merwe,KA Green,M Mwangi,0,0,,,,,,,,,
1182643,2019,2019-05-05,Takashinga Sports Club,1,2.7,Namibia,Kenya,Adri van der Merwe,KA Green,M Mwangi,1,0,,,,,,,,,
1182643,2019,2019-05-05,Takashinga Sports Club,1,2.8,Namibia,Kenya,KA Green,Adri van der Merwe,M Mwangi,0,0,,,,,,,,,
1182643,2019,2019-05-05,Takashinga Sports Club,1,3.1,Namibia,Kenya,Adri van der Merwe,KA Green,M Ngoche,0,0,,,,,,,,,
1182643,2019,2019-05-05,Takashinga Sports Club,1,3.2,Namibia,Kenya,Adri van der Merwe,KA Green,M Ngoche,3,0,,,,,,,,,
1182643,2019,2019-05-05,Takashinga Sports Club,1,3.3,Namibia,Kenya,KA Green,Adri van der Merwe,M Ngoche,0,0,,,,,,,,,
1182643,2019,2019-05-05,Takashinga Sports Club,1,3.4,Namibia,Kenya,KA Green,Adri van der Merwe,M Ngoche,0,0,,,,,,,,,
1182643,2019,2019-05-05,Takashinga Sports Club,1,3.5,Namibia,Kenya,KA Green,Adri van der Merwe,M Ngoche,2,0,,,,,,,,,
1182643,2019,2019-05-05,Takashinga Sports Club,1,3.6,Namibia,Kenya,KA Green,Adri van der Merwe,M Ngoche,2,0,,,,,,,,,
1182643,2019,2019-05-05,Takashinga Sports Club,1,4.1,Namibia,Kenya,Adri van der Merwe,KA Green,M Mwangi,1,0,,,,,,,,,
1182643,2019,2019-05-05,Takashinga Sports Club,1,4.2,Namibia,Kenya,KA Green,Adri van der Merwe,M Mwangi,1,0,,,,,,,,,
1182643,2019,2019-05-05,Takashinga Sports Club,1,4.3,Namibia,Kenya,Adri van der Merwe,KA Green,M Mwangi,0,0,,,,,,,,,
1182643,2019,2019-05-05,Takashinga Sports Club,1,4.4,Namibia,Kenya,Adri van der Merwe,KA Green,M Mwangi,0,0,,,,,,,,,
1182643,2019,2019-05-05,Takashinga Sports Club,1,4.5,Namibia,Kenya,Adri van der Merwe,KA Green,M Mwangi,0,1,1,,,,,,,,
1182643,2019,2019-05-05,Takashinga Sports Club,1,4.6,Namibia,Kenya,Adri van der Merwe,KA Green,M Mwangi,0,0,,,,,,,,,
1182643,2019,2019-05-05,Takashinga Sports Club,1,4.7,Namibia,Kenya,Adri van der Merwe,KA Green,M Mwangi,1,0,,,,,,,,,
1182643,2019,2019-05-05,Takashinga Sports Club,1,5.1,Namibia,Kenya,Adri van der Merwe,KA Green,M Ngoche,0,0,,,,,,,,,
1182643,2019,2019-05-05,Takashinga Sports Club,1,5.2,Namibia,Kenya,Adri van der Merwe,KA Green,M Ngoche,1,0,,,,,,,,,
1182643,2019,2019-05-05,Takashinga Sports Club,1,5.3,Namibia,Kenya,KA Green,Adri van der Merwe,M Ngoche,4,0,,,,,,,,,
1182643,2019,2019-05-05,Takashinga Sports Club,1,5.4,Namibia,Kenya,KA Green,Adri van der Merwe,M Ngoche,0,0,,,,,,,,,
1182643,2019,2019-05-05,Takashinga Sports Club,1,5.5,Namibia,Kenya,KA Green,Adri van der Merwe,M Ngoche,0,0,,,,,,,,,
1182643,2019,2019-05-05,Takashinga Sports Club,1,5.6,Namibia,Kenya,KA Green,Adri van der Merwe,M Ngoche,0,0,,,,,,,,,
1182643,2019,2019-05-05,Takashinga Sports Club,1,6.1,Namibia,Kenya,Adri van der Merwe,KA Green,M Mwangi,0,0,,,,,,,,,
1182643,2019,2019-05-05,Takashinga Sports Club,1,6.2,Namibia,Kenya,Adri van der Merwe,KA Green,M Mwangi,0,0,,,,,,,,,
1182643,2019,2019-05-05,Takashinga Sports Club,1,6.3,Namibia,Kenya,Adri van der Merwe,KA Green,M Mwangi,1,0,,,,,,,,,
1182643,2019,2019-05-05,Takashinga Sports Club,1,6.4,Namibia,Kenya,KA Green,Adri van der Merwe,M Mwangi,0,1,1,,,,,,,,
1182643,2019,2019-05-05,Takashinga Sports Club,1,6.5,Namibia,Kenya,KA Green,Adri van der Merwe,M Mwangi,0,0,,,,,,,,,
1182643,2019,2019-05-05,Takashinga Sports Club,1,6.6,Namibia,Kenya,KA Green,Adri van der Merwe,M Mwangi,0,1,1,,,,,,,,
1182643,2019,2019-05-05,Takashinga Sports Club,1,6.7,Namibia,Kenya,KA Green,Adri van der Merwe,M Mwangi,0,1,1,,,,,,,,
1182643,2019,2019-05-05,Takashinga Sports Club,1,6.8,Namibia,Kenya,KA Green,Adri van der Merwe,M Mwangi,4,0,,,,,,,,,
1182643,2019,2019-05-05,Takashinga Sports Club,1,6.9,Namibia,Kenya,KA Green,Adri van der Merwe,M Mwangi,1,0,,,,,,,,,
1182643,2019,2019-05-05,Takashinga Sports Club,1,7.1,Namibia,Kenya,KA Green,Adri van der Merwe,E Waithaka,1,0,,,,,,,,,
1182643,2019,2019-05-05,Takashinga Sports Club,1,7.2,Namibia,Kenya,Adri van der Merwe,KA Green,E Waithaka,1,0,,,,,,,,,
1182643,2019,2019-05-05,Takashinga Sports Club,1,7.3,Namibia,Kenya,KA Green,Adri van der Merwe,E Waithaka,0,1,,1,,,,,,,
1182643,2019,2019-05-05,Takashinga Sports Club,1,7.4,Namibia,Kenya,KA Green,Adri van der Merwe,E Waithaka,0,0,,,,,,,,,
1182643,2019,2019-05-05,Takashinga Sports Club,1,7.5,Namibia,Kenya,KA Green,Adri van der Merwe,E Waithaka,0,0,,,,,,,,,
1182643,2019,2019-05-05,Takashinga Sports Club,1,7.6,Namibia,Kenya,KA Green,Adri van der Merwe,E Waithaka,0,0,,,,,,,,,
1182643,2019,2019-05-05,Takashinga Sports Club,1,7.7,Namibia,Kenya,KA Green,Adri van der Merwe,E Waithaka,0,1,,,,1,,,,,
1182643,2019,2019-05-05,Takashinga Sports Club,1,8.1,Namibia,Kenya,KA Green,Adri van der Merwe,M Ochieng,0,1,1,,,,,,,,
1182643,2019,2019-05-05,Takashinga Sports Club,1,8.2,Namibia,Kenya,KA Green,Adri van der Merwe,M Ochieng,0,0,,,,,,,,,
1182643,2019,2019-05-05,Takashinga Sports Club,1,8.3,Namibia,Kenya,KA Green,Adri van der Merwe,M Ochieng,1,0,,,,,,,,,
1182643,2019,2019-05-05,Takashinga Sports Club,1,8.4,Namibia,Kenya,Adri van der Merwe,KA Green,M Ochieng,2,0,,,,,,,,,
1182643,2019,2019-05-05,Takashinga Sports Club,1,8.5,Namibia,Kenya,Adri van der Merwe,KA Green,M Ochieng,1,0,,,,,,,,,
1182643,2019,2019-05-05,Takashinga Sports Club,1,8.6,Namibia,Kenya,KA Green,Adri van der Merwe,M Ochieng,0,0,,,,,,caught,KA Green,,
1182643,2019,2019-05-05,Takashinga Sports Club,1,8.7,Namibia,Kenya,Reehana Khan,Adri van der Merwe,M Ochieng,0,0,,,,,,,,,
1182643,2019,2019-05-05,Takashinga Sports Club,1,9.1,Namibia,Kenya,Adri van der Merwe,Reehana Khan,E Waithaka,1,0,,,,,,,,,
1182643,2019,2019-05-05,Takashinga Sports Club,1,9.2,Namibia,Kenya,Reehana Khan,Adri van der Merwe,E Waithaka,1,0,,,,,,,,,
1182643,2019,2019-05-05,Takashinga Sports Club,1,9.3,Namibia,Kenya,Adri van der Merwe,Reehana Khan,E Waithaka,2,0,,,,,,,,,
1182643,2019,2019-05-05,Takashinga Sports Club,1,9.4,Namibia,Kenya,Adri van der Merwe,Reehana Khan,E Waithaka,1,0,,,,,,,,,
1182643,2019,2019-05-05,Takashinga Sports Club,1,9.5,Namibia,Kenya,Reehana Khan,Adri van der Merwe,E Waithaka,0,0,,,,,,,,,
1182643,2019,2019-05-05,Takashinga Sports Club,1,9.6,Namibia,Kenya,Reehana Khan,Adri van der Merwe,E Waithaka,0,0,,,,,,,,,
1182643,2019,2019-05-05,Takashinga Sports Club,1,10.1,Namibia,Kenya,Adri van der Merwe,Reehana Khan,M Ochieng,0,0,,,,,,bowled,Adri van der Merwe,,
1182643,2019,2019-05-05,Takashinga Sports Club,1,10.2,Namibia,Kenya,SA Wittmann,Reehana Khan,M Ochieng,0,0,,,,,,,,,
1182643,2019,2019-05-05,Takashinga Sports Club,1,10.3,Namibia,Kenya,SA Wittmann,Reehana Khan,M Ochieng,1,0,,,,,,,,,
1182643,2019,2019-05-05,Takashinga Sports Club,1,10.4,Namibia,Kenya,Reehana Khan,SA Wittmann,M Ochieng,0,0,,,,,,,,,
1182643,2019,2019-05-05,Takashinga Sports Club,1,10.5,Namibia,Kenya,Reehana Khan,SA Wittmann,M Ochieng,0,0,,,,,,lbw,Reehana Khan,,
1182643,2019,2019-05-05,Takashinga Sports Club,1,10.6,Namibia,Kenya,I van Zyl,SA Wittmann,M Ochieng,0,0,,,,,,,,,
1182643,2019,2019-05-05,Takashinga Sports Club,1,11.1,Namibia,Kenya,SA Wittmann,I van Zyl,E Waithaka,1,0,,,,,,,,,
1182643,2019,2019-05-05,Takashinga Sports Club,1,11.2,Namibia,Kenya,I van Zyl,SA Wittmann,E Waithaka,0,0,,,,,,,,,
1182643,2019,2019-05-05,Takashinga Sports Club,1,11.3,Namibia,Kenya,I van Zyl,SA Wittmann,E Waithaka,1,0,,,,,,,,,
1182643,2019,2019-05-05,Takashinga Sports Club,1,11.4,Namibia,Kenya,SA Wittmann,I van Zyl,E Waithaka,4,0,,,,,,,,,
1182643,2019,2019-05-05,Takashinga Sports Club,1,11.5,Namibia,Kenya,SA Wittmann,I van Zyl,E Waithaka,0,0,,,,,,,,,
1182643,2019,2019-05-05,Takashinga Sports Club,1,11.6,Namibia,Kenya,SA Wittmann,I van Zyl,E Waithaka,2,0,,,,,,,,,
1182643,2019,2019-05-05,Takashinga Sports Club,1,12.1,Namibia,Kenya,I van Zyl,SA Wittmann,M Ochieng,0,0,,,,,,,,,
1182643,2019,2019-05-05,Takashinga Sports Club,1,12.2,Namibia,Kenya,I van Zyl,SA Wittmann,M Ochieng,1,0,,,,,,,,,
1182643,2019,2019-05-05,Takashinga Sports Club,1,12.3,Namibia,Kenya,SA Wittmann,I van Zyl,M Ochieng,1,0,,,,,,,,,
1182643,2019,2019-05-05,Takashinga Sports Club,1,12.4,Namibia,Kenya,I van Zyl,SA Wittmann,M Ochieng,0,0,,,,,,,,,
1182643,2019,2019-05-05,Takashinga Sports Club,1,12.5,Namibia,Kenya,I van Zyl,SA Wittmann,M Ochieng,0,1,1,,,,,,,,
1182643,2019,2019-05-05,Takashinga Sports Club,1,12.6,Namibia,Kenya,I van Zyl,SA Wittmann,M Ochieng,0,0,,,,,,,,,
1182643,2019,2019-05-05,Takashinga Sports Club,1,12.7,Namibia,Kenya,I van Zyl,SA Wittmann,M Ochieng,0,0,,,,,,,,,
1182643,2019,2019-05-05,Takashinga Sports Club,1,13.1,Namibia,Kenya,SA Wittmann,I van Zyl,E Waithaka,1,0,,,,,,,,,
1182643,2019,2019-05-05,Takashinga Sports Club,1,13.2,Namibia,Kenya,I van Zyl,SA Wittmann,E Waithaka,0,1,,1,,,,,,,
1182643,2019,2019-05-05,Takashinga Sports Club,1,13.3,Namibia,Kenya,I van Zyl,SA Wittmann,E Waithaka,2,0,,,,,,,,,
1182643,2019,2019-05-05,Takashinga Sports Club,1,13.4,Namibia,Kenya,I van Zyl,SA Wittmann,E Waithaka,1,0,,,,,,,,,
1182643,2019,2019-05-05,Takashinga Sports Club,1,13.5,Namibia,Kenya,SA Wittmann,I van Zyl,E Waithaka,0,1,1,,,,,,,,
1182643,2019,2019-05-05,Takashinga Sports Club,1,13.6,Namibia,Kenya,SA Wittmann,I van Zyl,E Waithaka,1,0,,,,,,,,,
1182643,2019,2019-05-05,Takashinga Sports Club,1,13.7,Namibia,Kenya,I van Zyl,SA Wittmann,E Waithaka,0,0,,,,,,,,,
1182643,2019,2019-05-05,Takashinga Sports Club,1,13.8,Namibia,Kenya,I van Zyl,SA Wittmann,E Waithaka,1,0,,,,,,,,,
1182643,2019,2019-05-05,Takashinga Sports Club,1,14.1,Namibia,Kenya,I van Zyl,SA Wittmann,M Ochieng,0,0,,,,,,,,,
1182643,2019,2019-05-05,Takashinga Sports Club,1,14.2,Namibia,Kenya,I van Zyl,SA Wittmann,M Ochieng,0,0,,,,,,,,,
1182643,2019,2019-05-05,Takashinga Sports Club,1,14.3,Namibia,Kenya,I van Zyl,SA Wittmann,M Ochieng,1,0,,,,,,,,,
1182643,2019,2019-05-05,Takashinga Sports Club,1,14.4,Namibia,Kenya,SA Wittmann,I van Zyl,M Ochieng,0,0,,,,,,,,,
1182643,2019,2019-05-05,Takashinga Sports Club,1,14.5,Namibia,Kenya,SA Wittmann,I van Zyl,M Ochieng,1,0,,,,,,,,,
1182643,2019,2019-05-05,Takashinga Sports Club,1,14.6,Namibia,Kenya,I van Zyl,SA Wittmann,M Ochieng,0,0,,,,,,,,,
1182643,2019,2019-05-05,Takashinga Sports Club,1,15.1,Namibia,Kenya,SA Wittmann,I van Zyl,E Wachira,1,0,,,,,,,,,
1182643,2019,2019-05-05,Takashinga Sports Club,1,15.2,Namibia,Kenya,I van Zyl,SA Wittmann,E Wachira,0,0,,,,,,,,,
1182643,2019,2019-05-05,Takashinga Sports Club,1,15.3,Namibia,Kenya,I van Zyl,SA Wittmann,E Wachira,0,1,1,,,,,,,,
1182643,2019,2019-05-05,Takashinga Sports Club,1,15.4,Namibia,Kenya,I van Zyl,SA Wittmann,E Wachira,0,0,,,,,,,,,
1182643,2019,2019-05-05,Takashinga Sports Club,1,15.5,Namibia,Kenya,I van Zyl,SA Wittmann,E Wachira,1,0,,,,,,,,,
1182643,2019,2019-05-05,Takashinga Sports Club,1,15.6,Namibia,Kenya,SA Wittmann,I van Zyl,E Wachira,0,0,,,,,,,,,
1182643,2019,2019-05-05,Takashinga Sports Club,1,15.7,Namibia,Kenya,SA Wittmann,I van Zyl,E Wachira,1,0,,,,,,,,,
1182643,2019,2019-05-05,Takashinga Sports Club,1,16.1,Namibia,Kenya,SA Wittmann,I van Zyl,D Njoroge,6,0,,,,,,,,,
1182643,2019,2019-05-05,Takashinga Sports Club,1,16.2,Namibia,Kenya,SA Wittmann,I van Zyl,D Njoroge,4,0,,,,,,,,,
1182643,2019,2019-05-05,Takashinga Sports Club,1,16.3,Namibia,Kenya,SA Wittmann,I van Zyl,D Njoroge,1,0,,,,,,,,,
1182643,2019,2019-05-05,Takashinga Sports Club,1,16.4,Namibia,Kenya,I van Zyl,SA Wittmann,D Njoroge,0,0,,,,,,,,,
1182643,2019,2019-05-05,Takashinga Sports Club,1,16.5,Namibia,Kenya,I van Zyl,SA Wittmann,D Njoroge,2,0,,,,,,,,,
1182643,2019,2019-05-05,Takashinga Sports Club,1,16.6,Namibia,Kenya,I van Zyl,SA Wittmann,D Njoroge,0,1,1,,,,,,,,
1182643,2019,2019-05-05,Takashinga Sports Club,1,16.7,Namibia,Kenya,I van Zyl,SA Wittmann,D Njoroge,0,1,1,,,,,,,,
1182643,2019,2019-05-05,Takashinga Sports Club,1,16.8,Namibia,Kenya,I van Zyl,SA Wittmann,D Njoroge,0,0,,,,,,,,,
1182643,2019,2019-05-05,Takashinga Sports Club,1,17.1,Namibia,Kenya,SA Wittmann,I van Zyl,E Wachira,0,0,,,,,,,,,
1182643,2019,2019-05-05,Takashinga Sports Club,1,17.2,Namibia,Kenya,SA Wittmann,I van Zyl,E Wachira,0,0,,,,,,caught,SA Wittmann,,
1182643,2019,2019-05-05,Takashinga Sports Club,1,17.3,Namibia,Kenya,I van Zyl,M Short,E Wachira,1,0,,,,,,,,,
1182643,2019,2019-05-05,Takashinga Sports Club,1,17.4,Namibia,Kenya,M Short,I van Zyl,E Wachira,2,0,,,,,,,,,
1182643,2019,2019-05-05,Takashinga Sports Club,1,17.5,Namibia,Kenya,M Short,I van Zyl,E Wachira,1,0,,,,,,,,,
1182643,2019,2019-05-05,Takashinga Sports Club,1,17.6,Namibia,Kenya,I van Zyl,M Short,E Wachira,1,0,,,,,,,,,
1182643,2019,2019-05-05,Takashinga Sports Club,1,18.1,Namibia,Kenya,I van Zyl,M Short,M Mwangi,1,0,,,,,,,,,
1182643,2019,2019-05-05,Takashinga Sports Club,1,18.2,Namibia,Kenya,M Short,I van Zyl,M Mwangi,1,0,,,,,,,,,
1182643,2019,2019-05-05,Takashinga Sports Club,1,18.3,Namibia,Kenya,I van Zyl,M Short,M Mwangi,1,0,,,,,,,,,
1182643,2019,2019-05-05,Takashinga Sports Club,1,18.4,Namibia,Kenya,M Short,I van Zyl,M Mwangi,1,0,,,,,,,,,
1182643,2019,2019-05-05,Takashinga Sports Club,1,18.5,Namibia,Kenya,I van Zyl,M Short,M Mwangi,1,0,,,,,,,,,
1182643,2019,2019-05-05,Takashinga Sports Club,1,18.6,Namibia,Kenya,M Short,I van Zyl,M Mwangi,0,0,,,,,,run out,M Short,,
1182643,2019,2019-05-05,Takashinga Sports Club,1,19.1,Namibia,Kenya,JA Diergaardt,I van Zyl,E Wachira,0,0,,,,,,,,,
1182643,2019,2019-05-05,Takashinga Sports Club,1,19.2,Namibia,Kenya,JA Diergaardt,I van Zyl,E Wachira,0,1,1,,,,,,,,
1182643,2019,2019-05-05,Takashinga Sports Club,1,19.3,Namibia,Kenya,JA Diergaardt,I van Zyl,E Wachira,0,0,,,,,,caught,JA Diergaardt,,
1182643,2019,2019-05-05,Takashinga Sports Club,1,19.4,Namibia,Kenya,I van Zyl,Yasmeen Khan,E Wachira,2,0,,,,,,,,,
1182643,2019,2019-05-05,Takashinga Sports Club,1,19.5,Namibia,Kenya,I van Zyl,Yasmeen Khan,E Wachira,2,0,,,,,,,,,
1182643,2019,2019-05-05,Takashinga Sports Club,1,19.6,Namibia,Kenya,I van Zyl,Yasmeen Khan,E Wachira,0,0,,,,,,,,,
1182643,2019,2019-05-05,Takashinga Sports Club,1,19.7,Namibia,Kenya,I van Zyl,Yasmeen Khan,E Wachira,1,0,,,,,,,,,
1182643,2019,2019-05-05,Takashinga Sports Club,2,0.1,Kenya,Namibia,M Mwangi,V Abuga,SN Shihepo,0,0,,,,,,,,,
1182643,2019,2019-05-05,Takashinga Sports Club,2,0.2,Kenya,Namibia,M Mwangi,V Abuga,SN Shihepo,0,0,,,,,,,,,
1182643,2019,2019-05-05,Takashinga Sports Club,2,0.3,Kenya,Namibia,M Mwangi,V Abuga,SN Shihepo,0,0,,,,,,,,,
1182643,2019,2019-05-05,Takashinga Sports Club,2,0.4,Kenya,Namibia,M Mwangi,V Abuga,SN Shihepo,0,0,,,,,,,,,
1182643,2019,2019-05-05,Takashinga Sports Club,2,0.5,Kenya,Namibia,M Mwangi,V Abuga,SN Shihepo,4,0,,,,,,,,,
1182643,2019,2019-05-05,Takashinga Sports Club,2,0.6,Kenya,Namibia,M Mwangi,V Abuga,SN Shihepo,0,0,,,,,,,,,
1182643,2019,2019-05-05,Takashinga Sports Club,2,1.1,Kenya,Namibia,V Abuga,M Mwangi,SA Wittmann,1,0,,,,,,,,,
1182643,2019,2019-05-05,Takashinga Sports Club,2,1.2,Kenya,Namibia,M Mwangi,V Abuga,SA Wittmann,0,0,,,,,,,,,
1182643,2019,2019-05-05,Takashinga Sports Club,2,1.3,Kenya,Namibia,M Mwangi,V Abuga,SA Wittmann,0,0,,,,,,,,,
1182643,2019,2019-05-05,Takashinga Sports Club,2,1.4,Kenya,Namibia,M Mwangi,V Abuga,SA Wittmann,1,0,,,,,,,,,
1182643,2019,2019-05-05,Takashinga Sports Club,2,1.5,Kenya,Namibia,V Abuga,M Mwangi,SA Wittmann,0,0,,,,,,,,,
1182643,2019,2019-05-05,Takashinga Sports Club,2,1.6,Kenya,Namibia,V Abuga,M Mwangi,SA Wittmann,0,1,1,,,,,,,,
1182643,2019,2019-05-05,Takashinga Sports Club,2,1.7,Kenya,Namibia,V Abuga,M Mwangi,SA Wittmann,0,1,1,,,,,,,,
1182643,2019,2019-05-05,Takashinga Sports Club,2,1.8,Kenya,Namibia,V Abuga,M Mwangi,SA Wittmann,0,0,,,,,,,,,
1182643,2019,2019-05-05,Takashinga Sports Club,2,2.1,Kenya,Namibia,M Mwangi,V Abuga,SN Shihepo,0,0,,,,,,,,,
1182643,2019,2019-05-05,Takashinga Sports Club,2,2.2,Kenya,Namibia,M Mwangi,V Abuga,SN Shihepo,0,1,1,,,,,,,,
1182643,2019,2019-05-05,Takashinga Sports Club,2,2.3,Kenya,Namibia,M Mwangi,V Abuga,SN Shihepo,0,0,,,,,,,,,
1182643,2019,2019-05-05,Takashinga Sports Club,2,2.4,Kenya,Namibia,M Mwangi,V Abuga,SN Shihepo,4,0,,,,,,,,,
1182643,2019,2019-05-05,Takashinga Sports Club,2,2.5,Kenya,Namibia,M Mwangi,V Abuga,SN Shihepo,0,0,,,,,,,,,
1182643,2019,2019-05-05,Takashinga Sports Club,2,2.6,Kenya,Namibia,M Mwangi,V Abuga,SN Shihepo,1,0,,,,,,,,,
1182643,2019,2019-05-05,Takashinga Sports Club,2,2.7,Kenya,Namibia,V Abuga,M Mwangi,SN Shihepo,0,0,,,,,,,,,
1182643,2019,2019-05-05,Takashinga Sports Club,2,3.1,Kenya,Namibia,M Mwangi,V Abuga,SA Wittmann,0,0,,,,,,,,,
1182643,2019,2019-05-05,Takashinga Sports Club,2,3.2,Kenya,Namibia,M Mwangi,V Abuga,SA Wittmann,0,0,,,,,,caught,M Mwangi,,
1182643,2019,2019-05-05,Takashinga Sports Club,2,3.3,Kenya,Namibia,V Abuga,S Juma,SA Wittmann,2,0,,,,,,,,,
1182643,2019,2019-05-05,Takashinga Sports Club,2,3.4,Kenya,Namibia,V Abuga,S Juma,SA Wittmann,0,0,,,,,,,,,
1182643,2019,2019-05-05,Takashinga Sports Club,2,3.5,Kenya,Namibia,V Abuga,S Juma,SA Wittmann,1,0,,,,,,,,,
1182643,2019,2019-05-05,Takashinga Sports Club,2,3.6,Kenya,Namibia,S Juma,V Abuga,SA Wittmann,0,0,,,,,,,,,
1182643,2019,2019-05-05,Takashinga Sports Club,2,4.1,Kenya,Namibia,V Abuga,S Juma,M Short,0,0,,,,,,,,,
1182643,2019,2019-05-05,Takashinga Sports Club,2,4.2,Kenya,Namibia,V Abuga,S Juma,M Short,0,0,,,,,,,,,
1182643,2019,2019-05-05,Takashinga Sports Club,2,4.3,Kenya,Namibia,V Abuga,S Juma,M Short,0,1,1,,,,,,,,
1182643,2019,2019-05-05,Takashinga Sports Club,2,4.4,Kenya,Namibia,V Abuga,S Juma,M Short,0,0,,,,,,,,,
1182643,2019,2019-05-05,Takashinga Sports Club,2,4.5,Kenya,Namibia,V Abuga,S Juma,M Short,1,0,,,,,,,,,
1182643,2019,2019-05-05,Takashinga Sports Club,2,4.6,Kenya,Namibia,S Juma,V Abuga,M Short,1,0,,,,,,,,,
1182643,2019,2019-05-05,Takashinga Sports Club,2,4.7,Kenya,Namibia,V Abuga,S Juma,M Short,0,0,,,,,,,,,
1182643,2019,2019-05-05,Takashinga Sports Club,2,5.1,Kenya,Namibia,S Juma,V Abuga,SA Wittmann,0,0,,,,,,,,,
1182643,2019,2019-05-05,Takashinga Sports Club,2,5.2,Kenya,Namibia,S Juma,V Abuga,SA Wittmann,1,0,,,,,,,,,
1182643,2019,2019-05-05,Takashinga Sports Club,2,5.3,Kenya,Namibia,V Abuga,S Juma,SA Wittmann,0,0,,,,,,,,,
1182643,2019,2019-05-05,Takashinga Sports Club,2,5.4,Kenya,Namibia,V Abuga,S Juma,SA Wittmann,0,0,,,,,,,,,
1182643,2019,2019-05-05,Takashinga Sports Club,2,5.5,Kenya,Namibia,V Abuga,S Juma,SA Wittmann,0,0,,,,,,caught,V Abuga,,
1182643,2019,2019-05-05,Takashinga Sports Club,2,5.6,Kenya,Namibia,SW Kinyua,S Juma,SA Wittmann,0,0,,,,,,,,,
1182643,2019,2019-05-05,Takashinga Sports Club,2,6.1,Kenya,Namibia,S Juma,SW Kinyua,M Short,2,0,,,,,,,,,
1182643,2019,2019-05-05,Takashinga Sports Club,2,6.2,Kenya,Namibia,S Juma,SW Kinyua,M Short,0,0,,,,,,,,,
1182643,2019,2019-05-05,Takashinga Sports Club,2,6.3,Kenya,Namibia,S Juma,SW Kinyua,M Short,0,0,,,,,,,,,
1182643,2019,2019-05-05,Takashinga Sports Club,2,6.4,Kenya,Namibia,S Juma,SW Kinyua,M Short,0,0,,,,,,,,,
1182643,2019,2019-05-05,Takashinga Sports Club,2,6.5,Kenya,Namibia,S Juma,SW Kinyua,M Short,0,0,,,,,,,,,
1182643,2019,2019-05-05,Takashinga Sports Club,2,6.6,Kenya,Namibia,S Juma,SW Kinyua,M Short,4,0,,,,,,,,,
1182643,2019,2019-05-05,Takashinga Sports Club,2,7.1,Kenya,Namibia,SW Kinyua,S Juma,W Mwatile,0,0,,,,,,,,,
1182643,2019,2019-05-05,Takashinga Sports Club,2,7.2,Kenya,Namibia,SW Kinyua,S Juma,W Mwatile,0,0,,,,,,,,,
1182643,2019,2019-05-05,Takashinga Sports Club,2,7.3,Kenya,Namibia,SW Kinyua,S Juma,W Mwatile,0,0,,,,,,,,,
1182643,2019,2019-05-05,Takashinga Sports Club,2,7.4,Kenya,Namibia,SW Kinyua,S Juma,W Mwatile,0,0,,,,,,,,,
1182643,2019,2019-05-05,Takashinga Sports Club,2,7.5,Kenya,Namibia,SW Kinyua,S Juma,W Mwatile,0,0,,,,,,,,,
1182643,2019,2019-05-05,Takashinga Sports Club,2,7.6,Kenya,Namibia,SW Kinyua,S Juma,W Mwatile,0,0,,,,,,,,,
1182643,2019,2019-05-05,Takashinga Sports Club,2,8.1,Kenya,Namibia,S Juma,SW Kinyua,I van Zyl,0,0,,,,,,,,,
1182643,2019,2019-05-05,Takashinga Sports Club,2,8.2,Kenya,Namibia,S Juma,SW Kinyua,I van Zyl,0,0,,,,,,caught,S Juma,,
1182643,2019,2019-05-05,Takashinga Sports Club,2,8.3,Kenya,Namibia,SW Kinyua,M Ngoche,I van Zyl,0,0,,,,,,,,,
1182643,2019,2019-05-05,Takashinga Sports Club,2,8.4,Kenya,Namibia,SW Kinyua,M Ngoche,I van Zyl,0,1,1,,,,,,,,
1182643,2019,2019-05-05,Takashinga Sports Club,2,8.5,Kenya,Namibia,SW Kinyua,M Ngoche,I van Zyl,0,1,1,,,,,,,,
1182643,2019,2019-05-05,Takashinga Sports Club,2,8.6,Kenya,Namibia,SW Kinyua,M Ngoche,I van Zyl,0,0,,,,,,run out,SW Kinyua,,
1182643,2019,2019-05-05,Takashinga Sports Club,2,8.7,Kenya,Namibia,M Ngoche,E Wachira,I van Zyl,0,0,,,,,,,,,
1182643,2019,2019-05-05,Takashinga Sports Club,2,8.8,Kenya,Namibia,M Ngoche,E Wachira,I van Zyl,2,0,,,,,,,,,
1182643,2019,2019-05-05,Takashinga Sports Club,2,9.1,Kenya,Namibia,E Wachira,M Ngoche,W Mwatile,0,1,,,,1,,,,,
1182643,2019,2019-05-05,Takashinga Sports Club,2,9.2,Kenya,Namibia,M Ngoche,E Wachira,W Mwatile,0,0,,,,,,,,,
1182643,2019,2019-05-05,Takashinga Sports Club,2,9.3,Kenya,Namibia,M Ngoche,E Wachira,W Mwatile,2,0,,,,,,,,,
1182643,2019,2019-05-05,Takashinga Sports Club,2,9.4,Kenya,Namibia,M Ngoche,E Wachira,W Mwatile,2,0,,,,,,,,,
1182643,2019,2019-05-05,Takashinga Sports Club,2,9.5,Kenya,Namibia,M Ngoche,E Wachira,W Mwatile,0,0,,,,,,,,,
1182643,2019,2019-05-05,Takashinga Sports Club,2,9.6,Kenya,Namibia,M Ngoche,E Wachira,W Mwatile,2,0,,,,,,,,,
1182643,2019,2019-05-05,Takashinga Sports Club,2,10.1,Kenya,Namibia,E Wachira,M Ngoche,I van Zyl,1,0,,,,,,,,,
1182643,2019,2019-05-05,Takashinga Sports Club,2,10.2,Kenya,Namibia,M Ngoche,E Wachira,I van Zyl,0,1,1,,,,,,,,
1182643,2019,2019-05-05,Takashinga Sports Club,2,10.3,Kenya,Namibia,M Ngoche,E Wachira,I van Zyl,0,0,,,,,,run out,M Ngoche,,
1182643,2019,2019-05-05,Takashinga Sports Club,2,10.4,Kenya,Namibia,V Ooko,E Wachira,I van Zyl,0,0,,,,,,run out,V Ooko,,
1182643,2019,2019-05-05,Takashinga Sports Club,2,10.5,Kenya,Namibia,M Ochieng,E Wachira,I van Zyl,0,0,,,,,,,,,
1182643,2019,2019-05-05,Takashinga Sports Club,2,10.6,Kenya,Namibia,M Ochieng,E Wachira,I van Zyl,0,0,,,,,,,,,
1182643,2019,2019-05-05,Takashinga Sports Club,2,10.7,Kenya,Namibia,M Ochieng,E Wachira,I van Zyl,0,0,,,,,,,,,
1182643,2019,2019-05-05,Takashinga Sports Club,2,11.1,Kenya,Namibia,E Wachira,M Ochieng,W Mwatile,0,0,,,,,,,,,
1182643,2019,2019-05-05,Takashinga Sports Club,2,11.2,Kenya,Namibia,E Wachira,M Ochieng,W Mwatile,1,0,,,,,,,,,
1182643,2019,2019-05-05,Takashinga Sports Club,2,11.3,Kenya,Namibia,M Ochieng,E Wachira,W Mwatile,0,0,,,,,,,,,
1182643,2019,2019-05-05,Takashinga Sports Club,2,11.4,Kenya,Namibia,M Ochieng,E Wachira,W Mwatile,0,1,1,,,,,,,,
1182643,2019,2019-05-05,Takashinga Sports Club,2,11.5,Kenya,Namibia,M Ochieng,E Wachira,W Mwatile,0,1,,,1,,,,,,
1182643,2019,2019-05-05,Takashinga Sports Club,2,11.6,Kenya,Namibia,E Wachira,M Ochieng,W Mwatile,0,0,,,,,,,,,
1182643,2019,2019-05-05,Takashinga Sports Club,2,11.7,Kenya,Namibia,E Wachira,M Ochieng,W Mwatile,2,0,,,,,,,,,
1182643,2019,2019-05-05,Takashinga Sports Club,2,12.1,Kenya,Namibia,M Ochieng,E Wachira,D Foerster,0,1,1,,,,,,,,
1182643,2019,2019-05-05,Takashinga Sports Club,2,12.2,Kenya,Namibia,M Ochieng,E Wachira,D Foerster,0,0,,,,,,run out,E Wachira,,
1182643,2019,2019-05-05,Takashinga Sports Club,2,12.3,Kenya,Namibia,M Ochieng,D Njoroge,D Foerster,1,0,,,,,,,,,
1182643,2019,2019-05-05,Takashinga Sports Club,2,12.4,Kenya,Namibia,D Njoroge,M Ochieng,D Foerster,2,0,,,,,,,,,
1182643,2019,2019-05-05,Takashinga Sports Club,2,12.5,Kenya,Namibia,D Njoroge,M Ochieng,D Foerster,1,0,,,,,,,,,
1182643,2019,2019-05-05,Takashinga Sports Club,2,12.6,Kenya,Namibia,M Ochieng,D Njoroge,D Foerster,0,0,,,,,,,,,
1182643,2019,2019-05-05,Takashinga Sports Club,2,12.7,Kenya,Namibia,M Ochieng,D Njoroge,D Foerster,4,0,,,,,,,,,
1182643,2019,2019-05-05,Takashinga Sports Club,2,13.1,Kenya,Namibia,D Njoroge,M Ochieng,M Short,0,0,,,,,,,,,
1182643,2019,2019-05-05,Takashinga Sports Club,2,13.2,Kenya,Namibia,D Njoroge,M Ochieng,M Short,0,0,,,,,,,,,
1182643,2019,2019-05-05,Takashinga Sports Club,2,13.3,Kenya,Namibia,D Njoroge,M Ochieng,M Short,0,0,,,,,,,,,
1182643,2019,2019-05-05,Takashinga Sports Club,2,13.4,Kenya,Namibia,D Njoroge,M Ochieng,M Short,0,0,,,,,,,,,
1182643,2019,2019-05-05,Takashinga Sports Club,2,13.5,Kenya,Namibia,D Njoroge,M Ochieng,M Short,0,0,,,,,,,,,
1182643,2019,2019-05-05,Takashinga Sports Club,2,13.6,Kenya,Namibia,D Njoroge,M Ochieng,M Short,0,0,,,,,,,,,
1182643,2019,2019-05-05,Takashinga Sports Club,2,14.1,Kenya,Namibia,M Ochieng,D Njoroge,I van Zyl,0,0,,,,,,,,,
1182643,2019,2019-05-05,Takashinga Sports Club,2,14.2,Kenya,Namibia,M Ochieng,D Njoroge,I van Zyl,0,0,,,,,,,,,
1182643,2019,2019-05-05,Takashinga Sports Club,2,14.3,Kenya,Namibia,M Ochieng,D Njoroge,I van Zyl,0,0,,,,,,,,,
1182643,2019,2019-05-05,Takashinga Sports Club,2,14.4,Kenya,Namibia,M Ochieng,D Njoroge,I van Zyl,0,0,,,,,,,,,
1182643,2019,2019-05-05,Takashinga Sports Club,2,14.5,Kenya,Namibia,M Ochieng,D Njoroge,I van Zyl,0,0,,,,,,,,,
1182643,2019,2019-05-05,Takashinga Sports Club,2,14.6,Kenya,Namibia,M Ochieng,D Njoroge,I van Zyl,1,0,,,,,,,,,
1182643,2019,2019-05-05,Takashinga Sports Club,2,15.1,Kenya,Namibia,M Ochieng,D Njoroge,M Short,0,0,,,,,,,,,
1182643,2019,2019-05-05,Takashinga Sports Club,2,15.2,Kenya,Namibia,M Ochieng,D Njoroge,M Short,0,1,,,,1,,,,,
1182643,2019,2019-05-05,Takashinga Sports Club,2,15.3,Kenya,Namibia,D Njoroge,M Ochieng,M Short,1,0,,,,,,,,,
1182643,2019,2019-05-05,Takashinga Sports Club,2,15.4,Kenya,Namibia,M Ochieng,D Njoroge,M Short,0,0,,,,,,,,,
1182643,2019,2019-05-05,Takashinga Sports Club,2,15.5,Kenya,Namibia,M Ochieng,D Njoroge,M Short,0,0,,,,,,,,,
1182643,2019,2019-05-05,Takashinga Sports Club,2,15.6,Kenya,Namibia,M Ochieng,D Njoroge,M Short,0,0,,,,,,,,,
1182643,2019,2019-05-05,Takashinga Sports Club,2,16.1,Kenya,Namibia,D Njoroge,M Ochieng,SN Shihepo,4,0,,,,,,,,,
1182643,2019,2019-05-05,Takashinga Sports Club,2,16.2,Kenya,Namibia,D Njoroge,M Ochieng,SN Shihepo,2,0,,,,,,,,,
1182643,2019,2019-05-05,Takashinga Sports Club,2,16.3,Kenya,Namibia,D Njoroge,M Ochieng,SN Shihepo,1,0,,,,,,,,,
1182643,2019,2019-05-05,Takashinga Sports Club,2,16.4,Kenya,Namibia,M Ochieng,D Njoroge,SN Shihepo,1,0,,,,,,,,,
1182643,2019,2019-05-05,Takashinga Sports Club,2,16.5,Kenya,Namibia,D Njoroge,M Ochieng,SN Shihepo,3,0,,,,,,,,,
1182643,2019,2019-05-05,Takashinga Sports Club,2,16.6,Kenya,Namibia,M Ochieng,D Njoroge,SN Shihepo,1,0,,,,,,,,,
1182643,2019,2019-05-05,Takashinga Sports Club,2,17.1,Kenya,Namibia,M Ochieng,D Njoroge,SA Wittmann,1,0,,,,,,,,,
1182643,2019,2019-05-05,Takashinga Sports Club,2,17.2,Kenya,Namibia,D Njoroge,M Ochieng,SA Wittmann,1,0,,,,,,,,,
1182643,2019,2019-05-05,Takashinga Sports Club,2,17.3,Kenya,Namibia,M Ochieng,D Njoroge,SA Wittmann,1,0,,,,,,,,,
1182643,2019,2019-05-05,Takashinga Sports Club,2,17.4,Kenya,Namibia,D Njoroge,M Ochieng,SA Wittmann,1,0,,,,,,,,,
1182643,2019,2019-05-05,Takashinga Sports Club,2,17.5,Kenya,Namibia,M Ochieng,D Njoroge,SA Wittmann,0,0,,,,,,,,,
1182643,2019,2019-05-05,Takashinga Sports Club,2,17.6,Kenya,Namibia,M Ochieng,D Njoroge,SA Wittmann,1,0,,,,,,,,,
1182643,2019,2019-05-05,Takashinga Sports Club,2,18.1,Kenya,Namibia,M Ochieng,D Njoroge,W Mwatile,0,0,,,,,,,,,
1182643,2019,2019-05-05,Takashinga Sports Club,2,18.2,Kenya,Namibia,M Ochieng,D Njoroge,W Mwatile,1,0,,,,,,,,,
1182643,2019,2019-05-05,Takashinga Sports Club,2,18.3,Kenya,Namibia,D Njoroge,M Ochieng,W Mwatile,1,0,,,,,,,,,
1182643,2019,2019-05-05,Takashinga Sports Club,2,18.4,Kenya,Namibia,M Ochieng,D Njoroge,W Mwatile,0,0,,,,,,caught,M Ochieng,,
1182643,2019,2019-05-05,Takashinga Sports Club,2,18.5,Kenya,Namibia,D Njoroge,M Ndhambi,W Mwatile,0,0,,,,,,,,,
1182643,2019,2019-05-05,Takashinga Sports Club,2,18.6,Kenya,Namibia,D Njoroge,M Ndhambi,W Mwatile,0,0,,,,,,,,,
1182643,2019,2019-05-05,Takashinga Sports Club,2,19.1,Kenya,Namibia,M Ndhambi,D Njoroge,I van Zyl,0,0,,,,,,,,,
1182643,2019,2019-05-05,Takashinga Sports Club,2,19.2,Kenya,Namibia,M Ndhambi,D Njoroge,I van Zyl,0,0,,,,,,,,,
1182643,2019,2019-05-05,Takashinga Sports Club,2,19.3,Kenya,Namibia,M Ndhambi,D Njoroge,I van Zyl,1,0,,,,,,,,,
1182643,2019,2019-05-05,Takashinga Sports Club,2,19.4,Kenya,Namibia,D Njoroge,M Ndhambi,I van Zyl,1,0,,,,,,,,,
1182643,2019,2019-05-05,Takashinga Sports Club,2,19.5,Kenya,Namibia,M Ndhambi,D Njoroge,I van Zyl,0,0,,,,,,run out,D Njoroge,,
1182643,2019,2019-05-05,Takashinga Sports Club,2,19.6,Kenya,Namibia,E Waithaka,M Ndhambi,I van Zyl,0,0,,,,,,bowled,E Waithaka,,
